run_id,phase,config,payload_bytes,reply_bytes,connections,arrival,rate_index,offered_rps,reported_offered_rps,rep,duration_s,achieved_rps,gbps,p50_us,p95_us,p99_us,p999_us,p9999_us,avg_us,min_us,max_us,ok,scheduled,pending,fail,generator_drops,overflow,reorder,client_app_cores,client_app_user_cores,client_app_system_cores,server_app_cores,server_app_user_cores,server_app_system_cores,client_sidecar_cores,client_sidecar_user_cores,client_sidecar_system_cores,server_sidecar_cores,server_sidecar_user_cores,server_sidecar_system_cores,host_cgroup_cores,host_cgroup_user_cores,host_cgroup_system_cores,host_busy_cores,host_user_cores,host_system_cores,host_irq_cores,host_softirq_cores,system_softirq_cores,dpu_arm_cores,nr_throttled,throttled_seconds,core_list,mpstat_file,perf_data,validation_status,sla_clean,achieved_ratio,schedule_ratio,generator_drop_ratio,clean_reason
idle-0-q0-envoy-permissive-r1,idle,envoy-permissive,0,8,4,none,0,0,0,1,5,0.000,0,0,0,0,0,0,0,0,0,0,0,0,0,0,0,0,0.000000,0.000000,0.000000,0.000000,0.000000,0.000000,0.003690,0.000874,0.002816,0.003730,0.001296,0.002434,0.007420,0.002170,0.005250,0.015992,0.005997,0.009995,0.000000,0.000000,0.009995,NA,0.000000,0.000000,22;23,/home/jukebox/DPUmesh/bench/report/data/l4-20260728-113431/raw/mpstat/idle-0-q0-envoy-permissive-r1.txt,NA,ok,NA,NA,NA,NA,idle
idle-0-q0-envoy-strict-r1,idle,envoy-strict,0,8,4,none,0,0,0,1,5,0.000,0,0,0,0,0,0,0,0,0,0,0,0,0,0,0,0,0.000000,0.000000,0.000000,0.000000,0.000000,0.000000,0.003939,0.001235,0.002704,0.003466,0.001166,0.002300,0.007405,0.002401,0.005004,0.017991,0.015992,0.001999,0.000000,0.000000,0.009995,NA,0.000000,0.000000,24;25,/home/jukebox/DPUmesh/bench/report/data/l4-20260728-113431/raw/mpstat/idle-0-q0-envoy-strict-r1.txt,NA,ok,NA,NA,NA,NA,idle
idle-0-q0-dpumesh-preload-r1,idle,dpumesh-preload,0,8,4,none,0,0,0,1,5,0.000,0,0,0,0,0,0,0,0,0,0,0,0,0,0,0,0,0.000080,0.000000,0.000080,0.000082,0.000082,0.000000,0.000000,0.000000,0.000000,0.000000,0.000000,0.000000,0.000162,0.000082,0.000080,0.011994,0.007996,0.001999,0.000000,0.001999,0.005997,0.133581,0.000000,0.000000,18;19,/home/jukebox/DPUmesh/bench/report/data/l4-20260728-113431/raw/mpstat/idle-0-q0-dpumesh-preload-r1.txt,NA,ok,NA,NA,NA,NA,idle
idle-0-q0-dpumesh-native-r1,idle,dpumesh-native,0,8,4,none,0,0,0,1,5,0.000,0,0,0,0,0,0,0,0,0,0,0,0,0,0,0,0,0.000080,0.000048,0.000032,0.000076,0.000000,0.000076,0.000000,0.000000,0.000000,0.000000,0.000000,0.000000,0.000156,0.000048,0.000108,0.011994,0.007996,0.003998,0.000000,0.000000,0.005997,0.137291,0.000000,0.000000,26;27,/home/jukebox/DPUmesh/bench/report/data/l4-20260728-113431/raw/mpstat/idle-0-q0-dpumesh-native-r1.txt,NA,ok,NA,NA,NA,NA,idle
idle-0-q0-plain-r1,idle,plain,0,8,4,none,0,0,0,1,5,0.000,0,0,0,0,0,0,0,0,0,0,0,0,0,0,0,0,0.000000,0.000000,0.000000,0.000000,0.000000,0.000000,0.000000,0.000000,0.000000,0.000000,0.000000,0.000000,0.000000,0.000000,0.000000,0.017991,0.013993,0.003998,0.000000,0.000000,0.009995,NA,0.000000,0.000000,20;21,/home/jukebox/DPUmesh/bench/report/data/l4-20260728-113431/raw/mpstat/idle-0-q0-plain-r1.txt,NA,ok,NA,NA,NA,NA,idle
idle-0-q0-envoy-strict-r2,idle,envoy-strict,0,8,4,none,0,0,0,2,5,0.000,0,0,0,0,0,0,0,0,0,0,0,0,0,0,0,0,0.000000,0.000000,0.000000,0.000000,0.000000,0.000000,0.004011,0.000269,0.003742,0.004065,0.000288,0.003777,0.008076,0.000557,0.007519,0.013993,0.005997,0.007996,0.000000,0.000000,0.005997,NA,0.000000,0.000000,24;25,/home/jukebox/DPUmesh/bench/report/data/l4-20260728-113431/raw/mpstat/idle-0-q0-envoy-strict-r2.txt,NA,ok,NA,NA,NA,NA,idle
idle-0-q0-dpumesh-preload-r2,idle,dpumesh-preload,0,8,4,none,0,0,0,2,5,0.000,0,0,0,0,0,0,0,0,0,0,0,0,0,0,0,0,0.000081,0.000021,0.000061,0.000077,0.000018,0.000059,0.000000,0.000000,0.000000,0.000000,0.000000,0.000000,0.000158,0.000039,0.000120,0.015993,0.009995,0.005997,0.000000,0.000000,0.007996,0.131725,0.000000,0.000000,18;19,/home/jukebox/DPUmesh/bench/report/data/l4-20260728-113431/raw/mpstat/idle-0-q0-dpumesh-preload-r2.txt,NA,ok,NA,NA,NA,NA,idle
idle-0-q0-dpumesh-native-r2,idle,dpumesh-native,0,8,4,none,0,0,0,2,5,0.000,0,0,0,0,0,0,0,0,0,0,0,0,0,0,0,0,0.000075,0.000045,0.000030,0.000082,0.000000,0.000082,0.000000,0.000000,0.000000,0.000000,0.000000,0.000000,0.000157,0.000045,0.000112,0.023988,0.015992,0.007996,0.000000,0.000000,0.005997,0.129870,0.000000,0.000000,26;27,/home/jukebox/DPUmesh/bench/report/data/l4-20260728-113431/raw/mpstat/idle-0-q0-dpumesh-native-r2.txt,NA,ok,NA,NA,NA,NA,idle
idle-0-q0-plain-r2,idle,plain,0,8,4,none,0,0,0,2,5,0.000,0,0,0,0,0,0,0,0,0,0,0,0,0,0,0,0,0.000000,0.000000,0.000000,0.000000,0.000000,0.000000,0.000000,0.000000,0.000000,0.000000,0.000000,0.000000,0.000000,0.000000,0.000000,0.015993,0.011995,0.001999,0.000000,0.001999,0.007996,NA,0.000000,0.000000,20;21,/home/jukebox/DPUmesh/bench/report/data/l4-20260728-113431/raw/mpstat/idle-0-q0-plain-r2.txt,NA,ok,NA,NA,NA,NA,idle
idle-0-q0-envoy-permissive-r2,idle,envoy-permissive,0,8,4,none,0,0,0,2,5,0.000,0,0,0,0,0,0,0,0,0,0,0,0,0,0,0,0,0.000000,0.000000,0.000000,0.000000,0.000000,0.000000,0.004216,0.001629,0.002587,0.003638,0.000339,0.003299,0.007854,0.001968,0.005886,0.039979,0.023988,0.015992,0.000000,0.000000,0.005997,NA,0.000000,0.000000,22;23,/home/jukebox/DPUmesh/bench/report/data/l4-20260728-113431/raw/mpstat/idle-0-q0-envoy-permissive-r2.txt,NA,ok,NA,NA,NA,NA,idle
idle-0-q0-dpumesh-preload-r3,idle,dpumesh-preload,0,8,4,none,0,0,0,3,5,0.000,0,0,0,0,0,0,0,0,0,0,0,0,0,0,0,0,0.000077,0.000019,0.000057,0.000069,0.000016,0.000053,0.000000,0.000000,0.000000,0.000000,0.000000,0.000000,0.000146,0.000035,0.000110,0.019990,0.017991,0.001999,0.000000,0.000000,0.009995,0.132472,0.000000,0.000000,18;19,/home/jukebox/DPUmesh/bench/report/data/l4-20260728-113431/raw/mpstat/idle-0-q0-dpumesh-preload-r3.txt,NA,ok,NA,NA,NA,NA,idle
idle-0-q0-dpumesh-native-r3,idle,dpumesh-native,0,8,4,none,0,0,0,3,5,0.000,0,0,0,0,0,0,0,0,0,0,0,0,0,0,0,0,0.000080,0.000048,0.000032,0.000077,0.000000,0.000077,0.000000,0.000000,0.000000,0.000000,0.000000,0.000000,0.000157,0.000048,0.000109,0.013993,0.009995,0.003998,0.000000,0.000000,0.009995,0.133333,0.000000,0.000000,26;27,/home/jukebox/DPUmesh/bench/report/data/l4-20260728-113431/raw/mpstat/idle-0-q0-dpumesh-native-r3.txt,NA,ok,NA,NA,NA,NA,idle
idle-0-q0-plain-r3,idle,plain,0,8,4,none,0,0,0,3,5,0.000,0,0,0,0,0,0,0,0,0,0,0,0,0,0,0,0,0.000000,0.000000,0.000000,0.000000,0.000000,0.000000,0.000000,0.000000,0.000000,0.000000,0.000000,0.000000,0.000000,0.000000,0.000000,0.025986,0.015991,0.009995,0.000000,0.000000,0.007996,NA,0.000000,0.000000,20;21,/home/jukebox/DPUmesh/bench/report/data/l4-20260728-113431/raw/mpstat/idle-0-q0-plain-r3.txt,NA,ok,NA,NA,NA,NA,idle
idle-0-q0-envoy-permissive-r3,idle,envoy-permissive,0,8,4,none,0,0,0,3,5,0.000,0,0,0,0,0,0,0,0,0,0,0,0,0,0,0,0,0.000000,0.000000,0.000000,0.000000,0.000000,0.000000,0.003807,0.000142,0.003665,0.003732,0.000896,0.002836,0.007539,0.001038,0.006501,0.023988,0.013993,0.009995,0.000000,0.000000,0.007996,NA,0.000000,0.000000,22;23,/home/jukebox/DPUmesh/bench/report/data/l4-20260728-113431/raw/mpstat/idle-0-q0-envoy-permissive-r3.txt,NA,ok,NA,NA,NA,NA,idle
idle-0-q0-envoy-strict-r3,idle,envoy-strict,0,8,4,none,0,0,0,3,5,0.000,0,0,0,0,0,0,0,0,0,0,0,0,0,0,0,0,0.000000,0.000000,0.000000,0.000000,0.000000,0.000000,0.003853,0.002042,0.001811,0.004017,0.001862,0.002156,0.007870,0.003904,0.003967,0.017992,0.011994,0.005997,0.000000,0.000000,0.003998,NA,0.000000,0.000000,24;25,/home/jukebox/DPUmesh/bench/report/data/l4-20260728-113431/raw/mpstat/idle-0-q0-envoy-strict-r3.txt,NA,ok,NA,NA,NA,NA,idle
load-64-q1-envoy-permissive-r1,load,envoy-permissive,64,8,4,const,1,30896,30896,1,10.000,30895.000,0.0158,168.00,268.00,320.00,450.00,597.00,176.39,63.79,1092.64,308154,308960,6,0,0,0,0,0.234364,0.026095,0.208269,0.178342,0.014051,0.164290,0.724179,0.170503,0.553676,0.693507,0.165224,0.528283,1.830392,0.375873,1.454518,1.824895,0.374817,0.905069,0.000000,0.545009,0.620759,NA,0.000000,0.000000,22;23,/home/jukebox/DPUmesh/bench/report/data/l4-20260728-113431/raw/mpstat/load-64-q1-envoy-permissive-r1.txt,NA,ok,1,0.999968,1.000000,0.000000,clean
load-64-q1-envoy-strict-r1,load,envoy-strict,64,8,4,const,1,30896,30896,1,10.000,30896.000,0.0158,228.00,316.00,360.00,512.00,2151.00,227.81,68.21,3143.17,308157,308960,3,0,0,0,0,0.234527,0.020630,0.213897,0.175784,0.007118,0.168667,0.744021,0.190090,0.553931,0.716167,0.192109,0.524059,1.870499,0.409947,1.460554,1.877126,0.416921,0.924305,0.000000,0.535900,0.607682,NA,0.000000,0.000000,24;25,/home/jukebox/DPUmesh/bench/report/data/l4-20260728-113431/raw/mpstat/load-64-q1-envoy-strict-r1.txt,NA,ok,1,1.000000,1.000000,0.000000,clean
load-64-q1-dpumesh-preload-r1,load,dpumesh-preload,64,8,4,const,1,30896,30896,1,10.000,30896.000,0.0158,213.00,245.00,475.00,14665.00,18694.00,271.32,71.77,20430.22,308156,308960,4,0,0,0,0,0.429927,0.111344,0.318583,0.326317,0.080530,0.245787,0.000000,0.000000,0.000000,0.000000,0.000000,0.000000,0.756244,0.191874,0.564370,0.709066,0.183905,0.525161,0.000000,0.000000,0.027537,2.177083,0.000000,0.000000,18;19,/home/jukebox/DPUmesh/bench/report/data/l4-20260728-113431/raw/mpstat/load-64-q1-dpumesh-preload-r1.txt,NA,ok,1,1.000000,1.000000,0.000000,clean
load-64-q1-dpumesh-native-r1,load,dpumesh-native,64,8,4,const,1,30896,30896,1,10.000,30896.000,0.0158,210.00,415.00,516.00,864.00,2589.00,235.99,58.92,3397.11,308156,308960,4,0,0,0,0,0.183040,0.065240,0.117800,0.167159,0.051277,0.115881,0.000000,0.000000,0.000000,0.000000,0.000000,0.000000,0.350199,0.116517,0.233681,0.305948,0.102311,0.203637,0.000000,0.000000,0.016724,1.900353,0.000000,0.000000,26;27,/home/jukebox/DPUmesh/bench/report/data/l4-20260728-113431/raw/mpstat/load-64-q1-dpumesh-native-r1.txt,NA,ok,1,1.000000,1.000000,0.000000,clean
load-64-q1-plain-r1,load,plain,64,8,4,const,1,30896,30896,1,10.000,30896.000,0.0158,78.00,82.00,92.00,501.00,2078.00,75.92,17.89,2725.90,308160,308960,0,0,0,0,0,0.506428,0.044530,0.461898,0.323911,0.017795,0.306116,0.000000,0.000000,0.000000,0.000000,0.000000,0.000000,0.830339,0.062325,0.768014,0.679976,0.053139,0.368034,0.000000,0.258804,0.299150,NA,0.000000,0.000000,20;21,/home/jukebox/DPUmesh/bench/report/data/l4-20260728-113431/raw/mpstat/load-64-q1-plain-r1.txt,NA,ok,1,1.000000,1.000000,0.000000,clean
load-64-q2-envoy-strict-r1,load,envoy-strict,64,8,4,const,2,61792,61792,1,10.000,61791.000,0.0316,276.00,368.00,400.00,492.00,673.00,270.35,85.50,926.22,617105,617918,13,0,0,0,0,0.234137,0.017135,0.217002,0.180176,0.012214,0.167961,0.750205,0.201877,0.548328,0.721463,0.197471,0.523992,1.885981,0.428697,1.457283,1.882221,0.432695,0.901775,0.000000,0.547752,0.632324,NA,0.000000,0.000000,24;25,/home/jukebox/DPUmesh/bench/report/data/l4-20260728-113431/raw/mpstat/load-64-q2-envoy-strict-r1.txt,NA,ok,1,0.999984,0.999997,0.000000,clean
load-64-q2-dpumesh-preload-r1,load,dpumesh-preload,64,8,4,const,2,61792,61792,1,10.000,61777.000,0.0316,167.00,262.00,307.00,1813.00,8722.00,180.96,65.43,9550.65,616970,617920,8,0,142,0,0,0.764322,0.186442,0.577880,0.664686,0.165432,0.499254,0.000000,0.000000,0.000000,0.000000,0.000000,0.000000,1.429008,0.351874,1.077134,1.411616,0.348231,1.063385,0.000000,0.000000,0.081647,3.285579,0.000000,0.000000,18;19,/home/jukebox/DPUmesh/bench/report/data/l4-20260728-113431/raw/mpstat/load-64-q2-dpumesh-preload-r1.txt,NA,ok,1,0.999757,1.000000,0.000230,clean
load-64-q2-dpumesh-native-r1,load,dpumesh-native,64,8,4,const,2,61792,61792,1,10.000,61792.000,0.0316,222.00,450.00,567.00,750.00,1966.00,256.13,56.09,3050.53,617110,617920,10,0,0,0,0,0.201317,0.079365,0.121952,0.272246,0.064578,0.207668,0.000000,0.000000,0.000000,0.000000,0.000000,0.000000,0.473563,0.143943,0.329620,0.434852,0.129865,0.304987,0.000000,0.000000,0.021644,2.926066,0.000000,0.000000,26;27,/home/jukebox/DPUmesh/bench/report/data/l4-20260728-113431/raw/mpstat/load-64-q2-dpumesh-native-r1.txt,NA,ok,1,1.000000,1.000000,0.000000,clean
load-64-q2-plain-r1,load,plain,64,8,4,const,2,61792,61792,1,10.000,61791.000,0.0316,61.00,92.00,103.00,365.00,7707.00,61.76,10.05,8742.93,617115,617918,3,0,0,0,0,0.672785,0.054208,0.618577,0.465085,0.017651,0.447434,0.000000,0.000000,0.000000,0.000000,0.000000,0.000000,1.137870,0.071859,1.066011,0.927006,0.061997,0.457598,0.000000,0.407410,0.467439,NA,0.000000,0.000000,20;21,/home/jukebox/DPUmesh/bench/report/data/l4-20260728-113431/raw/mpstat/load-64-q2-plain-r1.txt,NA,ok,1,0.999984,0.999997,0.000000,clean
load-64-q2-envoy-permissive-r1,load,envoy-permissive,64,8,4,const,2,61792,61792,1,10.000,61791.000,0.0316,252.00,354.00,393.00,458.00,567.00,256.60,80.95,816.99,617108,617920,12,0,0,0,0,0.248077,0.022082,0.225994,0.210499,0.015570,0.194929,0.736044,0.167268,0.568776,0.768713,0.187257,0.581457,1.963333,0.392177,1.571156,1.961225,0.392442,0.988481,0.000000,0.580302,0.665872,NA,0.000000,0.000000,22;23,/home/jukebox/DPUmesh/bench/report/data/l4-20260728-113431/raw/mpstat/load-64-q2-envoy-permissive-r1.txt,NA,ok,1,0.999984,1.000000,0.000000,clean
load-64-q3-dpumesh-preload-r1,load,dpumesh-preload,64,8,4,const,3,92687,92687,1,10.000,92686.000,0.0475,163.00,216.00,246.00,350.00,1499.00,166.43,65.77,2039.75,926055,926871,16,0,0,0,0,0.890716,0.211779,0.678937,0.766581,0.195858,0.570723,0.000000,0.000000,0.000000,0.000000,0.000000,0.000000,1.657297,0.407637,1.249660,1.621074,0.398383,1.222691,0.000000,0.000000,0.116072,3.265403,0.000000,0.000000,18;19,/home/jukebox/DPUmesh/bench/report/data/l4-20260728-113431/raw/mpstat/load-64-q3-dpumesh-preload-r1.txt,NA,ok,1,0.999989,1.000001,0.000000,clean
load-64-q3-dpumesh-native-r1,load,dpumesh-native,64,8,4,const,3,92687,92687,1,10.000,92686.000,0.0475,209.00,359.00,471.00,1166.00,3130.00,223.77,57.04,3881.57,926052,926870,18,0,0,0,0,0.211181,0.066476,0.144705,0.298401,0.078446,0.219955,0.000000,0.000000,0.000000,0.000000,0.000000,0.000000,0.509582,0.144922,0.364660,0.570560,0.182973,0.387587,0.000000,0.000000,0.037382,2.861611,0.000000,0.000000,26;27,/home/jukebox/DPUmesh/bench/report/data/l4-20260728-113431/raw/mpstat/load-64-q3-dpumesh-native-r1.txt,NA,ok,1,0.999989,1.000000,0.000000,clean
load-64-q3-plain-r1,load,plain,64,8,4,const,3,92687,92687,1,10.000,92686.000,0.0475,57.00,99.00,123.00,168.00,356.00,59.74,13.48,598.10,926067,926867,0,0,0,0,0,0.870296,0.063242,0.807053,0.760199,0.025990,0.734210,0.000000,0.000000,0.000000,0.000000,0.000000,0.000000,1.630495,0.089232,1.541263,1.546849,0.084624,0.755712,0.000000,0.706512,0.822624,NA,0.000000,0.000000,20;21,/home/jukebox/DPUmesh/bench/report/data/l4-20260728-113431/raw/mpstat/load-64-q3-plain-r1.txt,NA,ok,1,0.999989,0.999997,0.000000,clean
load-64-q3-envoy-permissive-r1,load,envoy-permissive,64,8,4,const,3,92687,92687,1,10.000,92685.000,0.0475,261.00,348.00,373.00,455.00,575.00,255.41,88.64,793.78,926043,926865,22,0,0,0,0,0.238786,0.028918,0.209868,0.175647,0.013745,0.161902,0.745579,0.175897,0.569682,0.689238,0.157205,0.532033,1.849250,0.375765,1.473485,1.847142,0.374740,0.908817,0.000000,0.563585,0.652106,NA,0.000000,0.000000,22;23,/home/jukebox/DPUmesh/bench/report/data/l4-20260728-113431/raw/mpstat/load-64-q3-envoy-permissive-r1.txt,NA,ok,1,0.999978,0.999995,0.000000,clean
load-64-q3-envoy-strict-r1,load,envoy-strict,64,8,4,const,3,92687,92687,1,10.000,92687.000,0.0475,254.00,324.00,354.00,441.00,583.00,248.25,75.78,784.17,926052,926867,15,0,0,0,0,0.230413,0.023910,0.206504,0.191097,0.013801,0.177297,0.753832,0.198976,0.554856,0.763785,0.212726,0.551058,1.939127,0.449413,1.489715,1.939209,0.452351,0.924369,0.000000,0.562489,0.650992,NA,0.000000,0.000000,24;25,/home/jukebox/DPUmesh/bench/report/data/l4-20260728-113431/raw/mpstat/load-64-q3-envoy-strict-r1.txt,NA,ok,1,1.000000,0.999997,0.000000,clean
load-64-q4-dpumesh-native-r1,load,dpumesh-native,64,8,4,const,4,111225,111225,1,10.000,111225.000,0.0569,206.00,353.00,487.00,2355.00,8910.00,223.02,57.17,9570.85,1111427,1112250,23,0,0,0,0,0.223624,0.080962,0.142662,0.302987,0.072388,0.230598,0.000000,0.000000,0.000000,0.000000,0.000000,0.000000,0.526611,0.153350,0.373260,0.541083,0.167244,0.373839,0.000000,0.000000,0.035416,2.892511,0.000000,0.000000,26;27,/home/jukebox/DPUmesh/bench/report/data/l4-20260728-113431/raw/mpstat/load-64-q4-dpumesh-native-r1.txt,NA,ok,1,1.000000,1.000000,0.000000,clean
load-64-q4-plain-r1,load,plain,64,8,4,const,4,111225,111225,1,10.000,111224.000,0.0569,70.00,110.00,127.00,156.00,672.00,72.90,9.08,1785.06,1111438,1112245,7,0,0,0,0,0.981308,0.050647,0.930661,0.860781,0.030511,0.830270,0.000000,0.000000,0.000000,0.000000,0.000000,0.000000,1.842089,0.081158,1.760931,1.813162,0.081656,0.853947,0.000000,0.877559,1.043822,NA,0.000000,0.000000,20;21,/home/jukebox/DPUmesh/bench/report/data/l4-20260728-113431/raw/mpstat/load-64-q4-plain-r1.txt,NA,ok,1,0.999991,0.999996,0.000000,clean
load-64-q4-envoy-permissive-r1,load,envoy-permissive,64,8,4,const,4,111225,111225,1,10.000,111224.000,0.0569,266.00,349.00,376.00,473.00,618.00,258.75,81.76,1060.72,1111419,1112242,23,0,0,0,0,0.247475,0.025688,0.221788,0.198126,0.013504,0.184622,0.736757,0.174573,0.562184,0.725888,0.192194,0.533694,1.908246,0.405959,1.502288,1.903849,0.405158,0.937174,0.000000,0.561518,0.651006,NA,0.000000,0.000000,22;23,/home/jukebox/DPUmesh/bench/report/data/l4-20260728-113431/raw/mpstat/load-64-q4-envoy-permissive-r1.txt,NA,ok,1,0.999991,0.999993,0.000000,clean
load-64-q4-envoy-strict-r1,load,envoy-strict,64,8,4,const,4,111225,111225,1,10.000,111224.000,0.0569,255.00,328.00,356.00,449.00,584.00,248.38,81.81,904.54,1111422,1112246,24,0,0,0,0,0.232045,0.022825,0.209220,0.188054,0.011342,0.176712,0.752160,0.193795,0.558366,0.755130,0.199718,0.555412,1.927389,0.427680,1.499710,1.923343,0.423804,0.943972,0.000000,0.555567,0.631281,NA,0.000000,0.000000,24;25,/home/jukebox/DPUmesh/bench/report/data/l4-20260728-113431/raw/mpstat/load-64-q4-envoy-strict-r1.txt,NA,ok,1,0.999991,0.999996,0.000000,clean
load-64-q4-dpumesh-preload-r1,load,dpumesh-preload,64,8,4,const,4,105046,105046,1,10.000,105045.000,0.0538,175.00,287.00,341.00,742.00,1881.00,187.22,70.04,2727.82,1049644,1050460,16,0,0,0,0,0.927111,0.210183,0.716928,0.814057,0.170012,0.644045,0.000000,0.000000,0.000000,0.000000,0.000000,0.000000,1.741168,0.380195,1.360973,1.722620,0.376792,1.345827,0.000000,0.000000,0.098379,3.543561,0.000000,0.000000,18;19,/home/jukebox/DPUmesh/bench/report/data/l4-20260728-113431/raw/mpstat/load-64-q4-dpumesh-preload-r1.txt,NA,ok,1,0.999990,1.000000,0.000000,clean
load-64-q5-plain-r1,load,plain,64,8,4,const,5,405396,405396,1,10.000,405403.000,0.2076,99.00,226.00,291.00,369.00,1135.00,108.09,6.25,5089.25,4051607,4053933,15,0,1511,0,0,0.984515,0.067998,0.916517,0.797688,0.040954,0.756734,0.000000,0.000000,0.000000,0.000000,0.000000,0.000000,1.782203,0.108952,1.673251,1.770985,0.110195,0.838266,0.000000,0.822524,1.036026,NA,0.000000,0.000000,20;21,/home/jukebox/DPUmesh/bench/report/data/l4-20260728-113431/raw/mpstat/load-64-q5-plain-r1.txt,NA,ok,1,1.000017,0.999993,0.000373,clean
load-64-q5-envoy-permissive-r1,load,envoy-permissive,64,8,4,const,5,1203205,1203205,1,10.000,1181771.000,0.6051,1030.00,2540.00,3743.00,5269.00,6697.00,1187.53,111.46,7349.60,11816045,12031909,1403,0,213661,0,0,0.761255,0.109938,0.651316,0.067502,0.024664,0.042838,0.223262,0.036288,0.186974,0.242682,0.045929,0.196753,1.294701,0.216819,1.077881,1.254098,0.210492,0.769180,0.000000,0.274426,0.290164,NA,0.000000,0.000000,22;23,/home/jukebox/DPUmesh/bench/report/data/l4-20260728-113431/raw/mpstat/load-64-q5-envoy-permissive-r1.txt,NA,ok,0,0.982186,0.999988,0.017758,generator_drop
load-64-q5-envoy-strict-r1,load,envoy-strict,64,8,4,const,5,1180847,1180847,1,10.000,1156975.000,0.5924,950.00,2336.00,3585.00,5340.00,6568.00,1104.07,108.70,7899.28,11567200,11808269,725,0,239544,0,0,0.695932,0.100343,0.595590,0.069370,0.027916,0.041453,0.288344,0.073156,0.215189,0.298989,0.091858,0.207131,1.352635,0.293273,1.059363,1.319601,0.285160,0.747315,0.000000,0.287126,0.298926,NA,0.000000,0.000000,24;25,/home/jukebox/DPUmesh/bench/report/data/l4-20260728-113431/raw/mpstat/load-64-q5-envoy-strict-r1.txt,NA,ok,0,0.979784,0.999983,0.020286,achieved+generator_drop
load-64-q5-dpumesh-preload-r1,load,dpumesh-preload,64,8,4,const,5,111225,111225,1,10.000,111223.000,0.0569,267.00,420.00,498.00,4327.00,9252.00,283.92,67.21,11762.43,1111418,1112249,31,0,0,0,0,0.971587,0.243473,0.728114,0.814836,0.186328,0.628507,0.000000,0.000000,0.000000,0.000000,0.000000,0.000000,1.786423,0.429801,1.356621,1.766858,0.425974,1.340884,0.000000,0.000000,0.121988,3.357008,0.000000,0.000000,18;19,/home/jukebox/DPUmesh/bench/report/data/l4-20260728-113431/raw/mpstat/load-64-q5-dpumesh-preload-r1.txt,NA,ok,1,0.999982,0.999999,0.000000,clean
load-64-q5-dpumesh-native-r1,load,dpumesh-native,64,8,4,const,5,2550000,2550000,1,10.000,2550002.000,1.3056,196.00,257.00,454.00,947.00,2218.00,201.92,61.56,3070.76,25498447,25499738,491,0,0,0,0,0.468891,0.318850,0.150041,0.343983,0.223901,0.120083,0.000000,0.000000,0.000000,0.000000,0.000000,0.000000,0.812874,0.542751,0.270124,0.793994,0.528345,0.265648,0.000000,0.000000,0.050178,3.048341,0.000000,0.000000,26;27,/home/jukebox/DPUmesh/bench/report/data/l4-20260728-113431/raw/mpstat/load-64-q5-dpumesh-native-r1.txt,NA,ok,1,1.000001,0.999990,0.000000,clean
load-64-q6-envoy-permissive-r1,load,envoy-permissive,64,8,4,const,6,1415535,1415535,1,10.000,1414934.000,0.7244,467.00,715.00,867.00,1167.00,2066.00,468.23,95.57,2899.75,14148045,14155207,432,0,5930,0,0,0.560650,0.098519,0.462132,0.119680,0.035509,0.084171,0.423572,0.081615,0.341957,0.435757,0.081179,0.354578,1.539659,0.296822,1.242838,1.539894,0.298932,0.805347,0.000000,0.435615,0.457248,NA,0.000000,0.000000,22;23,/home/jukebox/DPUmesh/bench/report/data/l4-20260728-113431/raw/mpstat/load-64-q6-envoy-permissive-r1.txt,NA,ok,1,0.999575,0.999990,0.000419,clean
load-64-q6-envoy-strict-r1,load,envoy-strict,64,8,4,const,6,1389232,1389232,1,10.000,1177850.000,0.6031,3512.00,8122.00,10190.00,12033.00,13309.00,3936.11,3.94,14560.96,11775939,13891517,7799,0,2106979,0,0,0.789242,0.113517,0.675725,0.044290,0.029561,0.014729,0.194888,0.107405,0.087483,0.168233,0.066957,0.101276,1.196653,0.317440,0.879213,1.223136,0.279237,0.719723,0.000000,0.224176,0.234992,NA,0.000000,0.000000,24;25,/home/jukebox/DPUmesh/bench/report/data/l4-20260728-113431/raw/mpstat/load-64-q6-envoy-strict-r1.txt,NA,ok,0,0.847843,0.999942,0.151674,achieved+generator_drop+p99
load-64-q6-dpumesh-preload-r1,load,dpumesh-preload,64,8,4,const,6,123583,123583,1,10.000,123580.000,0.0633,324.00,506.00,591.00,745.00,1578.00,334.81,57.42,2621.55,1234990,1235830,40,0,0,0,0,0.978851,0.232024,0.746828,0.836407,0.193448,0.642959,0.000000,0.000000,0.000000,0.000000,0.000000,0.000000,1.815258,0.425472,1.389787,1.799119,0.421991,1.377128,0.000000,0.000000,0.118040,3.564929,0.000000,0.000000,18;19,/home/jukebox/DPUmesh/bench/report/data/l4-20260728-113431/raw/mpstat/load-64-q6-dpumesh-preload-r1.txt,NA,ok,1,0.999976,1.000000,0.000000,clean
load-64-q6-dpumesh-native-r1,load,dpumesh-native,64,8,4,const,6,3000000,3000000,1,10.000,3000042.000,1.5360,198.00,256.00,365.00,854.00,2921.00,200.53,61.98,3997.67,29998598,29999957,559,0,0,0,0,0.541176,0.382006,0.159170,0.399641,0.265849,0.133793,0.000000,0.000000,0.000000,0.000000,0.000000,0.000000,0.940817,0.647855,0.292963,0.904045,0.625651,0.278395,0.000000,0.000000,0.049186,3.128092,0.000000,0.000000,26;27,/home/jukebox/DPUmesh/bench/report/data/l4-20260728-113431/raw/mpstat/load-64-q6-dpumesh-native-r1.txt,NA,ok,1,1.000014,0.999999,0.000000,clean
load-64-q6-plain-r1,load,plain,64,8,4,const,6,476937,476937,1,10.000,301719.000,0.1545,144.00,3908.00,9924.00,20960.00,27602.00,774.09,6.11,30220.27,3015675,4769286,5,0,1752806,0,0,0.984685,0.058042,0.926643,0.803425,0.032678,0.770747,0.000000,0.000000,0.000000,0.000000,0.000000,0.000000,1.788110,0.090720,1.697390,1.749210,0.090510,0.893298,0.000000,0.765403,1.045788,NA,0.000000,0.000000,20;21,/home/jukebox/DPUmesh/bench/report/data/l4-20260728-113431/raw/mpstat/load-64-q6-plain-r1.txt,NA,ok,0,0.632618,0.999982,0.367520,achieved+generator_drop
load-64-q7-envoy-strict-r1,load,envoy-strict,64,8,4,const,7,1458694,1458694,1,10.000,800261.000,0.4097,5075.00,11508.00,13452.00,15158.00,16586.00,5789.56,3.20,18640.45,8000488,14585588,5155,0,6579145,0,0,0.829037,0.124053,0.704984,0.028251,0.015173,0.013078,0.154682,0.029682,0.125000,0.097632,0.036232,0.061400,1.109602,0.205140,0.904462,1.126281,0.216215,0.719405,0.000000,0.190662,0.206387,NA,0.000000,0.000000,24;25,/home/jukebox/DPUmesh/bench/report/data/l4-20260728-113431/raw/mpstat/load-64-q7-envoy-strict-r1.txt,NA,ok,0,0.548615,0.999907,0.451072,achieved+generator_drop+p99
load-64-q7-dpumesh-preload-r1,load,dpumesh-preload,64,8,4,const,7,129762,129762,1,10.000,129752.000,0.0664,1007.00,1951.00,2754.00,3147.00,3934.00,1075.69,72.46,4466.01,1296706,1297618,112,0,0,0,0,0.975776,0.235075,0.740701,0.851383,0.189375,0.662008,0.000000,0.000000,0.000000,0.000000,0.000000,0.000000,1.827159,0.424450,1.402709,1.810245,0.422062,1.388182,0.000000,0.000000,0.133801,3.435606,0.000000,0.000000,18;19,/home/jukebox/DPUmesh/bench/report/data/l4-20260728-113431/raw/mpstat/load-64-q7-dpumesh-preload-r1.txt,NA,ok,1,0.999923,0.999998,0.000000,clean
load-64-q7-dpumesh-native-r1,load,dpumesh-native,64,8,4,const,7,3150000,3150000,1,10.000,3150128.000,1.6129,187.00,253.00,454.00,2930.00,10042.00,202.02,63.41,12461.83,31498884,31500180,496,0,0,0,0,0.535439,0.375214,0.160224,0.389634,0.265012,0.124621,0.000000,0.000000,0.000000,0.000000,0.000000,0.000000,0.925073,0.640226,0.284845,0.916952,0.629667,0.287285,0.000000,0.000000,0.047225,3.084360,0.000000,0.000000,26;27,/home/jukebox/DPUmesh/bench/report/data/l4-20260728-113431/raw/mpstat/load-64-q7-dpumesh-native-r1.txt,NA,ok,1,1.000041,1.000006,0.000000,clean
load-64-q7-plain-r1,load,plain,64,8,4,const,7,500784,500784,1,10.000,240742.000,0.1233,39.00,5724.00,13835.00,23691.00,31395.00,1222.08,6.90,32063.90,2406227,5007415,83,0,2600305,0,0,0.976035,0.064518,0.911516,0.856138,0.042468,0.813671,0.000000,0.000000,0.000000,0.000000,0.000000,0.000000,1.832173,0.106986,1.725187,1.812932,0.108133,0.954687,0.000000,0.750111,1.024828,NA,0.000000,0.000000,20;21,/home/jukebox/DPUmesh/bench/report/data/l4-20260728-113431/raw/mpstat/load-64-q7-plain-r1.txt,NA,ok,0,0.480730,0.999915,0.519291,achieved+generator_drop+p99
load-64-q7-envoy-permissive-r1,load,envoy-permissive,64,8,4,const,7,1486312,1486312,1,10.000,691888.000,0.3542,6521.00,9872.00,12447.00,16400.00,20031.00,6529.63,4.00,24133.42,6917606,14862811,2592,0,7941813,0,0,0.875085,0.112715,0.762370,0.026052,0.017045,0.009007,0.109310,0.010261,0.099050,0.067839,0.016445,0.051394,1.078286,0.156466,0.921821,1.088645,0.162264,0.736581,0.000000,0.189800,0.202584,NA,0.000000,0.000000,22;23,/home/jukebox/DPUmesh/bench/report/data/l4-20260728-113431/raw/mpstat/load-64-q7-envoy-permissive-r1.txt,NA,ok,0,0.465507,0.999979,0.534341,achieved+generator_drop+p99
load-64-q7-dpumesh-preload-r2,load,dpumesh-preload,64,8,4,const,7,129762,129762,2,10.000,128876.000,0.0660,59430.00,131556.00,139387.00,196527.00,224003.00,62964.12,25.45,227089.90,1287953,1297620,8867,0,0,0,0,0.980357,0.232623,0.747734,0.830170,0.184796,0.645373,0.000000,0.000000,0.000000,0.000000,0.000000,0.000000,1.810527,0.417419,1.393107,1.759482,0.406186,1.353296,0.000000,0.000000,0.088515,3.714421,0.000000,0.000000,18;19,/home/jukebox/DPUmesh/bench/report/data/l4-20260728-113431/raw/mpstat/load-64-q7-dpumesh-preload-r2.txt,NA,ok,0,0.993172,1.000000,0.000000,p99
load-64-q7-dpumesh-native-r2,load,dpumesh-native,64,8,4,const,7,3150000,3150000,2,10.000,3150096.000,1.6128,197.00,272.00,344.00,1275.00,13032.00,205.32,61.67,16757.08,31498899,31500182,483,0,0,0,0,0.540578,0.378378,0.162199,0.412837,0.262348,0.150489,0.000000,0.000000,0.000000,0.000000,0.000000,0.000000,0.953415,0.640726,0.312688,0.899064,0.608885,0.290179,0.000000,0.000000,0.042297,3.347538,0.000000,0.000000,26;27,/home/jukebox/DPUmesh/bench/report/data/l4-20260728-113431/raw/mpstat/load-64-q7-dpumesh-native-r2.txt,NA,ok,1,1.000030,1.000006,0.000000,clean
load-64-q7-plain-r2,load,plain,64,8,4,const,7,500784,500784,2,10.000,469908.000,0.2406,121.00,398.00,624.00,15835.00,25060.00,210.74,5.42,29580.50,4697831,5007141,109,0,308401,0,0,0.976322,0.058301,0.918021,0.889682,0.037276,0.852406,0.000000,0.000000,0.000000,0.000000,0.000000,0.000000,1.866004,0.095577,1.770427,1.853129,0.095482,0.917796,0.000000,0.839851,1.023021,NA,0.000000,0.000000,20;21,/home/jukebox/DPUmesh/bench/report/data/l4-20260728-113431/raw/mpstat/load-64-q7-plain-r2.txt,NA,ok,0,0.938345,0.999860,0.061592,achieved+generator_drop
load-64-q7-envoy-permissive-r2,load,envoy-permissive,64,8,4,const,7,1486312,1486312,2,10.000,706449.000,0.3617,6453.00,9706.00,12240.00,19121.00,26345.00,6453.92,2.99,29848.27,7063724,14862824,5419,0,7792881,0,0,0.874726,0.110490,0.764236,0.026436,0.015554,0.010882,0.109656,0.008337,0.101320,0.068252,0.017127,0.051125,1.079070,0.151508,0.927563,1.090640,0.156368,0.745451,0.000000,0.188821,0.200623,NA,0.000000,0.000000,22;23,/home/jukebox/DPUmesh/bench/report/data/l4-20260728-113431/raw/mpstat/load-64-q7-envoy-permissive-r2.txt,NA,ok,0,0.475303,0.999980,0.524320,achieved+generator_drop+p99
load-64-q7-envoy-strict-r2,load,envoy-strict,64,8,4,const,7,1458694,1458694,2,10.000,1408889.000,0.7214,775.00,1751.00,2558.00,3970.00,5046.00,872.27,107.82,6580.27,14087229,14586683,1242,0,497412,0,0,0.666634,0.096606,0.570028,0.082745,0.033064,0.049681,0.318039,0.081698,0.236341,0.328046,0.102093,0.225954,1.395464,0.313461,1.082004,1.358542,0.304959,0.748624,0.000000,0.304959,0.317747,NA,0.000000,0.000000,24;25,/home/jukebox/DPUmesh/bench/report/data/l4-20260728-113431/raw/mpstat/load-64-q7-envoy-strict-r2.txt,NA,ok,0,0.965856,0.999982,0.034100,achieved+generator_drop
load-64-q6-envoy-strict-r2,load,envoy-strict,64,8,4,const,6,1389232,1389232,2,10.000,1388863.000,0.7111,463.00,687.00,824.00,1064.00,2732.00,461.59,108.16,3972.46,13887168,13892166,433,0,3765,0,0,0.491562,0.085088,0.406474,0.125101,0.030255,0.094846,0.492794,0.123890,0.368903,0.518510,0.134771,0.383739,1.627967,0.374004,1.253962,1.626597,0.375671,0.813298,0.000000,0.437627,0.452379,NA,0.000000,0.000000,24;25,/home/jukebox/DPUmesh/bench/report/data/l4-20260728-113431/raw/mpstat/load-64-q6-envoy-strict-r2.txt,NA,ok,1,0.999734,0.999989,0.000271,clean
load-64-q6-dpumesh-preload-r2,load,dpumesh-preload,64,8,4,const,6,123583,123583,2,10.000,123569.000,0.0633,1082.00,1830.00,2158.00,2866.00,3061.00,1108.59,67.99,3417.36,1234879,1235831,152,0,0,0,0,0.979811,0.224215,0.755596,0.805873,0.198664,0.607209,0.000000,0.000000,0.000000,0.000000,0.000000,0.000000,1.785684,0.422879,1.362805,1.754161,0.417142,1.337019,0.000000,0.000000,0.100350,3.467742,0.000000,0.000000,18;19,/home/jukebox/DPUmesh/bench/report/data/l4-20260728-113431/raw/mpstat/load-64-q6-dpumesh-preload-r2.txt,NA,ok,1,0.999887,1.000001,0.000000,clean
load-64-q6-dpumesh-native-r2,load,dpumesh-native,64,8,4,const,6,3000000,3000000,2,10.000,3000021.000,1.5360,189.00,345.00,529.00,792.00,2649.00,204.14,62.84,3771.24,29998554,29999927,573,0,0,0,0,0.517528,0.342529,0.174999,0.369890,0.256249,0.113641,0.000000,0.000000,0.000000,0.000000,0.000000,0.000000,0.887418,0.598778,0.288640,0.846107,0.569647,0.276461,0.000000,0.000000,0.035418,3.053131,0.000000,0.000000,26;27,/home/jukebox/DPUmesh/bench/report/data/l4-20260728-113431/raw/mpstat/load-64-q6-dpumesh-native-r2.txt,NA,ok,1,1.000007,0.999998,0.000000,clean
load-64-q6-plain-r2,load,plain,64,8,4,const,6,476937,476937,2,10.000,476937.000,0.2442,106.00,311.00,409.00,592.00,6150.00,128.83,5.34,9322.68,4767131,4769355,18,0,1406,0,0,0.975142,0.067755,0.907387,0.851001,0.038894,0.812107,0.000000,0.000000,0.000000,0.000000,0.000000,0.000000,1.826143,0.106649,1.719494,1.806599,0.107188,0.851655,0.000000,0.847757,1.017308,NA,0.000000,0.000000,20;21,/home/jukebox/DPUmesh/bench/report/data/l4-20260728-113431/raw/mpstat/load-64-q6-plain-r2.txt,NA,ok,1,1.000000,0.999997,0.000295,clean
load-64-q6-envoy-permissive-r2,load,envoy-permissive,64,8,4,const,6,1415535,1415535,2,10.000,1415056.000,0.7245,478.00,769.00,943.00,1222.00,1594.00,484.80,97.50,2229.51,14148994,14155223,593,0,4836,0,0,0.569541,0.097957,0.471585,0.118713,0.033377,0.085336,0.415002,0.071722,0.343280,0.426621,0.076423,0.350199,1.529877,0.279479,1.250400,1.509967,0.276417,0.822366,0.000000,0.411183,0.423971,NA,0.000000,0.000000,22;23,/home/jukebox/DPUmesh/bench/report/data/l4-20260728-113431/raw/mpstat/load-64-q6-envoy-permissive-r2.txt,NA,ok,1,0.999662,0.999991,0.000342,clean
load-64-q5-envoy-permissive-r2,load,envoy-permissive,64,8,4,const,5,1203205,1203205,2,10.000,1203156.000,0.6160,321.00,410.00,458.00,588.00,1316.00,313.67,94.35,2371.85,12030419,12032033,365,0,449,0,0,0.376746,0.068848,0.307898,0.173105,0.028889,0.144217,0.607569,0.111585,0.495984,0.674236,0.125145,0.549091,1.831656,0.334467,1.497190,1.838968,0.338291,0.947019,0.000000,0.553657,0.611678,NA,0.000000,0.000000,22;23,/home/jukebox/DPUmesh/bench/report/data/l4-20260728-113431/raw/mpstat/load-64-q5-envoy-permissive-r2.txt,NA,ok,1,0.999959,0.999999,0.000037,clean
load-64-q5-envoy-strict-r2,load,envoy-strict,64,8,4,const,5,1180847,1180847,2,10.000,1180808.000,0.6046,343.00,438.00,490.00,591.00,844.00,334.09,101.32,1085.26,11806802,11808398,370,0,426,0,0,0.351016,0.060720,0.290296,0.163499,0.029736,0.133763,0.633356,0.178850,0.454507,0.694902,0.187752,0.507151,1.842773,0.457058,1.385717,1.855706,0.461222,0.871307,0.000000,0.523177,0.567431,NA,0.000000,0.000000,24;25,/home/jukebox/DPUmesh/bench/report/data/l4-20260728-113431/raw/mpstat/load-64-q5-envoy-strict-r2.txt,NA,ok,1,0.999967,0.999994,0.000036,clean
load-64-q5-dpumesh-preload-r2,load,dpumesh-preload,64,8,4,const,5,111225,111225,2,10.000,111223.000,0.0569,286.00,415.00,478.00,1150.00,2313.00,291.63,70.35,3560.67,1111423,1112251,28,0,0,0,0,0.974533,0.232190,0.742343,0.829230,0.194346,0.634884,0.000000,0.000000,0.000000,0.000000,0.000000,0.000000,1.803763,0.426536,1.377227,1.796045,0.425897,1.370148,0.000000,0.000000,0.125900,3.318786,0.000000,0.000000,18;19,/home/jukebox/DPUmesh/bench/report/data/l4-20260728-113431/raw/mpstat/load-64-q5-dpumesh-preload-r2.txt,NA,ok,1,0.999982,1.000001,0.000000,clean
load-64-q5-dpumesh-native-r2,load,dpumesh-native,64,8,4,const,5,2550000,2550000,2,10.000,2550047.000,1.3056,209.00,283.00,344.00,955.00,3013.00,211.27,62.90,3994.60,25498499,25499735,436,0,0,0,0,0.471307,0.321038,0.150269,0.371142,0.239385,0.131757,0.000000,0.000000,0.000000,0.000000,0.000000,0.000000,0.842449,0.560423,0.282026,0.867598,0.569545,0.298052,0.000000,0.000000,0.033445,3.339640,0.000000,0.000000,26;27,/home/jukebox/DPUmesh/bench/report/data/l4-20260728-113431/raw/mpstat/load-64-q5-dpumesh-native-r2.txt,NA,ok,1,1.000018,0.999990,0.000000,clean
load-64-q5-plain-r2,load,plain,64,8,4,const,5,405396,405396,2,10.000,405306.000,0.2075,109.00,270.00,341.00,436.00,3094.00,121.82,6.94,6371.03,4050708,4053951,12,0,2431,0,0,0.984305,0.058783,0.925522,0.809634,0.036412,0.773222,0.000000,0.000000,0.000000,0.000000,0.000000,0.000000,1.793939,0.095195,1.698744,1.784970,0.095448,0.874773,0.000000,0.814749,0.836397,NA,0.000000,0.000000,20;21,/home/jukebox/DPUmesh/bench/report/data/l4-20260728-113431/raw/mpstat/load-64-q5-plain-r2.txt,NA,ok,1,0.999778,0.999998,0.000600,clean
load-64-q4-plain-r2,load,plain,64,8,4,const,4,111225,111225,2,10.000,111224.000,0.0569,72.00,112.00,126.00,149.00,189.00,74.23,7.97,335.33,1111443,1112250,7,0,0,0,0,0.983064,0.047075,0.935988,0.874233,0.029928,0.844305,0.000000,0.000000,0.000000,0.000000,0.000000,0.000000,1.857297,0.077003,1.780293,1.831927,0.075756,0.875626,0.000000,0.880545,1.002542,NA,0.000000,0.000000,20;21,/home/jukebox/DPUmesh/bench/report/data/l4-20260728-113431/raw/mpstat/load-64-q4-plain-r2.txt,NA,ok,1,0.999991,1.000000,0.000000,clean
load-64-q4-envoy-permissive-r2,load,envoy-permissive,64,8,4,const,4,111225,111225,2,10.000,111227.000,0.0569,265.00,345.00,372.00,473.00,884.00,258.79,83.01,1520.56,1111428,1112250,22,0,0,0,0,0.251821,0.023882,0.227939,0.191404,0.014245,0.177159,0.732399,0.171191,0.561208,0.714081,0.175021,0.539059,1.889705,0.384339,1.505365,1.884184,0.384507,0.933242,0.000000,0.566435,0.666742,NA,0.000000,0.000000,22;23,/home/jukebox/DPUmesh/bench/report/data/l4-20260728-113431/raw/mpstat/load-64-q4-envoy-permissive-r2.txt,NA,ok,1,1.000018,1.000000,0.000000,clean
load-64-q4-envoy-strict-r2,load,envoy-strict,64,8,4,const,4,111225,111225,2,10.000,111223.000,0.0569,254.00,320.00,347.00,430.00,614.00,249.42,79.86,977.17,1111426,1112249,23,0,0,0,0,0.237145,0.021870,0.215274,0.186090,0.010588,0.175503,0.747112,0.193599,0.553513,0.759793,0.199342,0.560451,1.930140,0.425399,1.504741,1.935217,0.429721,0.945975,0.000000,0.559522,0.638189,NA,0.000000,0.000000,24;25,/home/jukebox/DPUmesh/bench/report/data/l4-20260728-113431/raw/mpstat/load-64-q4-envoy-strict-r2.txt,NA,ok,1,0.999982,0.999999,0.000000,clean
load-64-q4-dpumesh-preload-r2,load,dpumesh-preload,64,8,4,const,4,105046,105046,2,10.000,105045.000,0.0538,204.00,347.00,419.00,767.00,1943.00,220.69,70.44,2635.89,1049638,1050459,21,0,0,0,0,0.959896,0.230740,0.729156,0.811019,0.192421,0.618597,0.000000,0.000000,0.000000,0.000000,0.000000,0.000000,1.770915,0.423161,1.347753,1.759857,0.421028,1.338829,0.000000,0.000000,0.104273,3.559659,0.000000,0.000000,18;19,/home/jukebox/DPUmesh/bench/report/data/l4-20260728-113431/raw/mpstat/load-64-q4-dpumesh-preload-r2.txt,NA,ok,1,0.999990,0.999999,0.000000,clean
load-64-q4-dpumesh-native-r2,load,dpumesh-native,64,8,4,const,4,111225,111225,2,10.000,111224.000,0.0569,215.00,420.00,532.00,1027.00,2356.00,242.61,55.70,2902.90,1111430,1112250,20,0,0,0,0,0.205648,0.072080,0.133568,0.287959,0.069745,0.218214,0.000000,0.000000,0.000000,0.000000,0.000000,0.000000,0.493607,0.141825,0.351782,0.470141,0.135731,0.334410,0.000000,0.000000,0.023605,2.821970,0.000000,0.000000,26;27,/home/jukebox/DPUmesh/bench/report/data/l4-20260728-113431/raw/mpstat/load-64-q4-dpumesh-native-r2.txt,NA,ok,1,0.999991,1.000000,0.000000,clean
load-64-q3-dpumesh-native-r2,load,dpumesh-native,64,8,4,const,3,92687,92687,2,10.000,92686.000,0.0475,206.00,363.00,486.00,706.00,2474.00,219.27,57.36,3341.67,926052,926869,17,0,0,0,0,0.219010,0.086289,0.132720,0.303348,0.074557,0.228791,0.000000,0.000000,0.000000,0.000000,0.000000,0.000000,0.522358,0.160846,0.361511,0.511524,0.162311,0.349214,0.000000,0.000000,0.040332,3.090995,0.000000,0.000000,26;27,/home/jukebox/DPUmesh/bench/report/data/l4-20260728-113431/raw/mpstat/load-64-q3-dpumesh-native-r2.txt,NA,ok,1,0.999989,0.999999,0.000000,clean
load-64-q3-plain-r2,load,plain,64,8,4,const,3,92687,92687,2,10.000,92686.000,0.0475,55.00,98.00,126.00,175.00,510.00,58.08,13.36,1097.50,926066,926869,3,0,0,0,0,0.863991,0.058028,0.805963,0.697549,0.029548,0.668001,0.000000,0.000000,0.000000,0.000000,0.000000,0.000000,1.561540,0.087576,1.473964,1.436447,0.079693,0.708385,0.000000,0.648369,0.756594,NA,0.000000,0.000000,20;21,/home/jukebox/DPUmesh/bench/report/data/l4-20260728-113431/raw/mpstat/load-64-q3-plain-r2.txt,NA,ok,1,0.999989,0.999999,0.000000,clean
load-64-q3-envoy-permissive-r2,load,envoy-permissive,64,8,4,const,3,92687,92687,2,10.000,92686.000,0.0475,241.00,302.00,326.00,400.00,531.00,237.41,78.64,720.88,926049,926865,16,0,0,0,0,0.248360,0.023013,0.225347,0.196255,0.013566,0.182689,0.735856,0.149087,0.586769,0.751816,0.167037,0.584779,1.932287,0.352703,1.579584,1.924747,0.352100,0.970734,0.000000,0.601914,0.699282,NA,0.000000,0.000000,22;23,/home/jukebox/DPUmesh/bench/report/data/l4-20260728-113431/raw/mpstat/load-64-q3-envoy-permissive-r2.txt,NA,ok,1,0.999989,0.999995,0.000000,clean
load-64-q3-envoy-strict-r2,load,envoy-strict,64,8,4,const,3,92687,92687,2,10.000,92686.000,0.0475,255.00,327.00,359.00,2769.00,11085.00,256.16,79.59,12187.72,926043,926862,19,0,0,0,0,0.231595,0.022151,0.209444,0.189147,0.010987,0.178160,0.752211,0.206516,0.545695,0.760596,0.200160,0.560436,1.933549,0.439814,1.493735,1.940309,0.445494,0.910657,0.000000,0.584158,0.674634,NA,0.000000,0.000000,24;25,/home/jukebox/DPUmesh/bench/report/data/l4-20260728-113431/raw/mpstat/load-64-q3-envoy-strict-r2.txt,NA,ok,1,0.999989,0.999991,0.000000,clean
load-64-q3-dpumesh-preload-r2,load,dpumesh-preload,64,8,4,const,3,92687,92687,2,10.000,92686.000,0.0475,163.00,212.00,242.00,1355.00,4054.00,168.50,64.65,5885.86,926056,926870,14,0,0,0,0,0.878065,0.215612,0.662452,0.751947,0.166606,0.585342,0.000000,0.000000,0.000000,0.000000,0.000000,0.000000,1.630012,0.382218,1.247794,1.592482,0.373776,1.218706,0.000000,0.000000,0.091477,3.163981,0.000000,0.000000,18;19,/home/jukebox/DPUmesh/bench/report/data/l4-20260728-113431/raw/mpstat/load-64-q3-dpumesh-preload-r2.txt,NA,ok,1,0.999989,1.000000,0.000000,clean
load-64-q2-dpumesh-preload-r2,load,dpumesh-preload,64,8,4,const,2,61792,61792,2,10.000,61791.000,0.0316,172.00,275.00,327.00,680.00,2085.00,182.53,65.97,3442.45,617109,617920,11,0,0,0,0,0.772370,0.193618,0.578752,0.671072,0.162404,0.508668,0.000000,0.000000,0.000000,0.000000,0.000000,0.000000,1.443442,0.356022,1.087420,1.383919,0.341308,1.042611,0.000000,0.000000,0.093442,3.325427,0.000000,0.000000,18;19,/home/jukebox/DPUmesh/bench/report/data/l4-20260728-113431/raw/mpstat/load-64-q2-dpumesh-preload-r2.txt,NA,ok,1,0.999984,1.000000,0.000000,clean
load-64-q2-dpumesh-native-r2,load,dpumesh-native,64,8,4,const,2,61792,61792,2,10.000,61791.000,0.0316,213.00,396.00,510.00,1023.00,9764.00,235.23,56.85,13471.30,617111,617920,9,0,0,0,0,0.204541,0.053855,0.150686,0.276916,0.053962,0.222954,0.000000,0.000000,0.000000,0.000000,0.000000,0.000000,0.481457,0.107817,0.373640,0.567630,0.161337,0.406294,0.000000,0.000000,0.033448,2.767552,0.000000,0.000000,26;27,/home/jukebox/DPUmesh/bench/report/data/l4-20260728-113431/raw/mpstat/load-64-q2-dpumesh-native-r2.txt,NA,ok,1,0.999984,1.000000,0.000000,clean
load-64-q2-plain-r2,load,plain,64,8,4,const,2,61792,61792,2,10.000,61791.000,0.0316,66.00,99.00,173.00,387.00,2880.00,61.19,8.64,3896.08,617119,617920,1,0,0,0,0,0.659030,0.044002,0.615028,0.459384,0.014868,0.444516,0.000000,0.000000,0.000000,0.000000,0.000000,0.000000,1.118414,0.058870,1.059544,0.924045,0.049204,0.459562,0.000000,0.415279,0.447753,NA,0.000000,0.000000,20;21,/home/jukebox/DPUmesh/bench/report/data/l4-20260728-113431/raw/mpstat/load-64-q2-plain-r2.txt,NA,ok,1,0.999984,1.000000,0.000000,clean
load-64-q2-envoy-permissive-r2,load,envoy-permissive,64,8,4,const,2,61792,61792,2,10.000,61791.000,0.0316,255.00,345.00,373.00,454.00,1116.00,249.33,80.16,2106.87,617109,617921,12,0,0,0,0,0.246265,0.019823,0.226443,0.179205,0.016125,0.163080,0.737797,0.167840,0.569957,0.681526,0.155099,0.526427,1.844793,0.358887,1.485907,1.841956,0.358950,0.901801,0.000000,0.581205,0.664796,NA,0.000000,0.000000,22;23,/home/jukebox/DPUmesh/bench/report/data/l4-20260728-113431/raw/mpstat/load-64-q2-envoy-permissive-r2.txt,NA,ok,1,0.999984,1.000002,0.000000,clean
load-64-q2-envoy-strict-r2,load,envoy-strict,64,8,4,const,2,61792,61792,2,10.000,61791.000,0.0316,254.00,311.00,341.00,434.00,562.00,254.40,90.67,824.90,617105,617917,12,0,0,0,0,0.224829,0.021663,0.203166,0.191881,0.016567,0.175315,0.759236,0.189852,0.569384,0.778428,0.212729,0.565699,1.954374,0.440811,1.513564,1.955097,0.442552,0.940177,0.000000,0.572367,0.635308,NA,0.000000,0.000000,24;25,/home/jukebox/DPUmesh/bench/report/data/l4-20260728-113431/raw/mpstat/load-64-q2-envoy-strict-r2.txt,NA,ok,1,0.999984,0.999995,0.000000,clean
load-64-q1-envoy-strict-r2,load,envoy-strict,64,8,4,const,1,30896,30896,2,10.000,30896.000,0.0158,196.00,308.00,339.00,418.00,577.00,209.58,72.32,832.17,308154,308960,6,0,0,0,0,0.233065,0.020327,0.212737,0.160768,0.010354,0.150414,0.738893,0.199875,0.539018,0.687279,0.171628,0.515651,1.820005,0.402184,1.417820,1.833246,0.409136,0.889085,0.000000,0.535024,0.592068,NA,0.000000,0.000000,24;25,/home/jukebox/DPUmesh/bench/report/data/l4-20260728-113431/raw/mpstat/load-64-q1-envoy-strict-r2.txt,NA,ok,1,1.000000,1.000000,0.000000,clean
load-64-q1-dpumesh-preload-r2,load,dpumesh-preload,64,8,4,const,1,30896,30896,2,10.000,30896.000,0.0158,214.00,242.00,378.00,1636.00,11117.00,218.19,61.97,14638.78,308156,308960,4,0,0,0,0,0.425939,0.110267,0.315672,0.325661,0.072732,0.252929,0.000000,0.000000,0.000000,0.000000,0.000000,0.000000,0.751600,0.182999,0.568601,0.717075,0.177056,0.540019,0.000000,0.000000,0.037378,2.188805,0.000000,0.000000,18;19,/home/jukebox/DPUmesh/bench/report/data/l4-20260728-113431/raw/mpstat/load-64-q1-dpumesh-preload-r2.txt,NA,ok,1,1.000000,1.000000,0.000000,clean
load-64-q1-dpumesh-native-r2,load,dpumesh-native,64,8,4,const,1,30896,30896,2,10.000,30896.000,0.0158,211.00,432.00,535.00,1534.00,8794.00,239.78,56.65,12631.42,308156,308960,4,0,0,0,0,0.192679,0.045950,0.146729,0.174082,0.059259,0.114823,0.000000,0.000000,0.000000,0.000000,0.000000,0.000000,0.366761,0.105209,0.261552,0.366930,0.117063,0.249867,0.000000,0.000000,0.016723,2.210427,0.000000,0.000000,26;27,/home/jukebox/DPUmesh/bench/report/data/l4-20260728-113431/raw/mpstat/load-64-q1-dpumesh-native-r2.txt,NA,ok,1,1.000000,1.000000,0.000000,clean
load-64-q1-plain-r2,load,plain,64,8,4,const,1,30896,30896,2,10.000,30896.000,0.0158,77.00,101.00,226.00,366.00,2122.00,73.24,16.65,3002.88,308160,308960,0,0,0,0,0,0.451522,0.043610,0.407912,0.324987,0.010493,0.314494,0.000000,0.000000,0.000000,0.000000,0.000000,0.000000,0.776509,0.054103,0.722406,0.496119,0.042328,0.240185,0.000000,0.213607,0.251997,NA,0.000000,0.000000,20;21,/home/jukebox/DPUmesh/bench/report/data/l4-20260728-113431/raw/mpstat/load-64-q1-plain-r2.txt,NA,ok,1,1.000000,1.000000,0.000000,clean
load-64-q1-envoy-permissive-r2,load,envoy-permissive,64,8,4,const,1,30896,30896,2,10.000,30896.000,0.0158,168.00,272.00,317.00,403.00,656.00,176.95,63.65,1299.80,308156,308960,4,0,0,0,0,0.237575,0.021694,0.215881,0.163897,0.010091,0.153806,0.725223,0.159017,0.566206,0.661231,0.127518,0.533713,1.787926,0.318320,1.469606,1.794191,0.321656,0.908899,0.000000,0.563636,0.668887,NA,0.000000,0.000000,22;23,/home/jukebox/DPUmesh/bench/report/data/l4-20260728-113431/raw/mpstat/load-64-q1-envoy-permissive-r2.txt,NA,ok,1,1.000000,1.000000,0.000000,clean
load-64-q1-dpumesh-preload-r3,load,dpumesh-preload,64,8,4,const,1,30896,30896,3,10.000,30896.000,0.0158,209.00,264.00,362.00,1551.00,7833.00,212.18,72.29,8827.64,308156,308960,4,0,0,0,0,0.444469,0.113466,0.331003,0.346386,0.087492,0.258894,0.000000,0.000000,0.000000,0.000000,0.000000,0.000000,0.790855,0.200958,0.589897,0.743563,0.192776,0.550788,0.000000,0.000000,0.039342,2.482922,0.000000,0.000000,18;19,/home/jukebox/DPUmesh/bench/report/data/l4-20260728-113431/raw/mpstat/load-64-q1-dpumesh-preload-r3.txt,NA,ok,1,1.000000,1.000000,0.000000,clean
load-64-q1-dpumesh-native-r3,load,dpumesh-native,64,8,4,const,1,30896,30896,3,10.000,30896.000,0.0158,211.00,423.00,523.00,1098.00,2235.00,238.42,57.03,2957.64,308156,308960,4,0,0,0,0,0.182568,0.051470,0.131098,0.170964,0.053400,0.117564,0.000000,0.000000,0.000000,0.000000,0.000000,0.000000,0.353532,0.104870,0.248662,0.356127,0.115102,0.241025,0.000000,0.000000,0.019676,1.892321,0.000000,0.000000,26;27,/home/jukebox/DPUmesh/bench/report/data/l4-20260728-113431/raw/mpstat/load-64-q1-dpumesh-native-r3.txt,NA,ok,1,1.000000,1.000000,0.000000,clean
load-64-q1-plain-r3,load,plain,64,8,4,const,1,30896,30896,3,10.000,30896.000,0.0158,76.00,101.00,164.00,349.00,1620.00,70.68,18.87,2549.92,308160,308960,0,0,0,0,0,0.460376,0.042031,0.418346,0.330389,0.012443,0.317947,0.000000,0.000000,0.000000,0.000000,0.000000,0.000000,0.790765,0.054474,0.736293,0.478216,0.038375,0.240092,0.000000,0.199749,0.222380,NA,0.000000,0.000000,20;21,/home/jukebox/DPUmesh/bench/report/data/l4-20260728-113431/raw/mpstat/load-64-q1-plain-r3.txt,NA,ok,1,1.000000,1.000000,0.000000,clean
load-64-q1-envoy-permissive-r3,load,envoy-permissive,64,8,4,const,1,30896,30896,3,10.000,30895.000,0.0158,179.00,292.00,324.00,453.00,2852.00,192.14,51.92,3656.01,308156,308960,4,0,0,0,0,0.237159,0.025245,0.211914,0.172582,0.007736,0.164846,0.703722,0.155964,0.547758,0.670831,0.156795,0.514035,1.784294,0.345740,1.438553,1.792231,0.347232,0.915788,0.000000,0.529210,0.629543,NA,0.000000,0.000000,22;23,/home/jukebox/DPUmesh/bench/report/data/l4-20260728-113431/raw/mpstat/load-64-q1-envoy-permissive-r3.txt,NA,ok,1,0.999968,1.000000,0.000000,clean
load-64-q1-envoy-strict-r3,load,envoy-strict,64,8,4,const,1,30896,30896,3,10.000,30895.000,0.0158,224.00,309.00,343.00,435.00,591.00,224.71,72.32,835.18,308153,308960,7,0,0,0,0,0.233189,0.027046,0.206143,0.177594,0.010487,0.167107,0.745250,0.210326,0.534924,0.722327,0.198099,0.524229,1.878360,0.445958,1.432403,1.881435,0.448476,0.902853,0.000000,0.530106,0.591083,NA,0.000000,0.000000,24;25,/home/jukebox/DPUmesh/bench/report/data/l4-20260728-113431/raw/mpstat/load-64-q1-envoy-strict-r3.txt,NA,ok,1,0.999968,1.000000,0.000000,clean
load-64-q2-dpumesh-native-r3,load,dpumesh-native,64,8,4,const,2,61792,61792,3,10.000,61792.000,0.0316,210.00,400.00,537.00,2277.00,8504.00,234.60,57.06,9370.47,617114,617920,6,0,0,0,0,0.212260,0.068092,0.144168,0.277499,0.059455,0.218044,0.000000,0.000000,0.000000,0.000000,0.000000,0.000000,0.489759,0.127547,0.362212,0.513503,0.146575,0.366928,0.000000,0.000000,0.028528,3.001898,0.000000,0.000000,26;27,/home/jukebox/DPUmesh/bench/report/data/l4-20260728-113431/raw/mpstat/load-64-q2-dpumesh-native-r3.txt,NA,ok,1,1.000000,1.000000,0.000000,clean
load-64-q2-plain-r3,load,plain,64,8,4,const,2,61792,61792,3,10.000,61791.000,0.0316,61.00,95.00,128.00,350.00,1392.00,60.56,12.19,1762.47,617116,617917,1,0,0,0,0,0.682654,0.047933,0.634721,0.472095,0.013556,0.458539,0.000000,0.000000,0.000000,0.000000,0.000000,0.000000,1.154749,0.061489,1.093260,1.001738,0.053137,0.520550,0.000000,0.428051,0.467412,NA,0.000000,0.000000,20;21,/home/jukebox/DPUmesh/bench/report/data/l4-20260728-113431/raw/mpstat/load-64-q2-plain-r3.txt,NA,ok,1,0.999984,0.999995,0.000000,clean
load-64-q2-envoy-permissive-r3,load,envoy-permissive,64,8,4,const,2,61792,61792,3,10.000,61791.000,0.0316,238.00,321.00,374.00,417.00,529.00,238.85,78.09,737.14,617102,617917,15,0,0,0,0,0.244580,0.023163,0.221418,0.205387,0.014469,0.190918,0.739162,0.157781,0.581381,0.764608,0.171911,0.592697,1.953737,0.367324,1.586414,1.957190,0.368817,0.992364,0.000000,0.596009,0.701245,NA,0.000000,0.000000,22;23,/home/jukebox/DPUmesh/bench/report/data/l4-20260728-113431/raw/mpstat/load-64-q2-envoy-permissive-r3.txt,NA,ok,1,0.999984,0.999995,0.000000,clean
load-64-q2-envoy-strict-r3,load,envoy-strict,64,8,4,const,2,61792,61792,3,10.000,61791.000,0.0316,251.00,323.00,348.00,434.00,565.00,245.29,79.62,849.48,617105,617918,13,0,0,0,0,0.231361,0.022140,0.209221,0.188348,0.013575,0.174773,0.752793,0.208039,0.544754,0.764524,0.200756,0.563768,1.937026,0.444510,1.492516,1.948438,0.448505,0.932418,0.000000,0.567516,0.638332,NA,0.000000,0.000000,24;25,/home/jukebox/DPUmesh/bench/report/data/l4-20260728-113431/raw/mpstat/load-64-q2-envoy-strict-r3.txt,NA,ok,1,0.999984,0.999997,0.000000,clean
load-64-q2-dpumesh-preload-r3,load,dpumesh-preload,64,8,4,const,2,61792,61792,3,10.000,61792.000,0.0316,164.00,214.00,236.00,663.00,1826.00,167.45,70.72,2548.37,617112,617920,8,0,0,0,0,0.784745,0.199611,0.585135,0.666335,0.163317,0.503019,0.000000,0.000000,0.000000,0.000000,0.000000,0.000000,1.451080,0.362928,1.088154,1.437127,0.361003,1.076124,0.000000,0.000000,0.088529,3.010407,0.000000,0.000000,18;19,/home/jukebox/DPUmesh/bench/report/data/l4-20260728-113431/raw/mpstat/load-64-q2-dpumesh-preload-r3.txt,NA,ok,1,1.000000,1.000000,0.000000,clean
load-64-q3-plain-r3,load,plain,64,8,4,const,3,92687,92687,3,10.000,92686.000,0.0475,54.00,91.00,132.00,342.00,1816.00,57.73,7.77,2458.68,926063,926868,5,0,0,0,0,0.823983,0.059943,0.764040,0.647177,0.024603,0.622575,0.000000,0.000000,0.000000,0.000000,0.000000,0.000000,1.471160,0.084546,1.386615,1.342845,0.078702,0.690606,0.000000,0.573537,0.656174,NA,0.000000,0.000000,20;21,/home/jukebox/DPUmesh/bench/report/data/l4-20260728-113431/raw/mpstat/load-64-q3-plain-r3.txt,NA,ok,1,0.999989,0.999998,0.000000,clean
load-64-q3-envoy-permissive-r3,load,envoy-permissive,64,8,4,const,3,92687,92687,3,10.000,92686.000,0.0475,240.00,307.00,332.00,409.00,519.00,233.67,75.51,798.33,926053,926870,17,0,0,0,0,0.242068,0.021384,0.220684,0.199230,0.009767,0.189463,0.742014,0.154496,0.587518,0.748110,0.162495,0.585615,1.931422,0.348142,1.583280,1.928667,0.347180,0.976628,0.000000,0.604860,0.706162,NA,0.000000,0.000000,22;23,/home/jukebox/DPUmesh/bench/report/data/l4-20260728-113431/raw/mpstat/load-64-q3-envoy-permissive-r3.txt,NA,ok,1,0.999989,1.000000,0.000000,clean
load-64-q3-envoy-strict-r3,load,envoy-strict,64,8,4,const,3,92687,92687,3,10.000,92689.000,0.0475,256.00,312.00,342.00,435.00,596.00,255.86,92.08,881.62,926046,926865,19,0,0,0,0,0.227811,0.024245,0.203566,0.193421,0.014526,0.178895,0.755854,0.204315,0.551539,0.777238,0.201814,0.575423,1.954324,0.444900,1.509423,1.957961,0.451157,0.960305,0.000000,0.546499,0.645773,NA,0.000000,0.000000,24;25,/home/jukebox/DPUmesh/bench/report/data/l4-20260728-113431/raw/mpstat/load-64-q3-envoy-strict-r3.txt,NA,ok,1,1.000022,0.999995,0.000000,clean
load-64-q3-dpumesh-preload-r3,load,dpumesh-preload,64,8,4,const,3,92687,92687,3,10.000,92686.000,0.0475,172.00,289.00,343.00,743.00,2980.00,186.74,67.53,3878.10,926054,926870,16,0,0,0,0,0.891380,0.221062,0.670318,0.749617,0.194408,0.555210,0.000000,0.000000,0.000000,0.000000,0.000000,0.000000,1.640997,0.415470,1.225528,1.596466,0.405264,1.191201,0.000000,0.000000,0.102300,3.451613,0.000000,0.000000,18;19,/home/jukebox/DPUmesh/bench/report/data/l4-20260728-113431/raw/mpstat/load-64-q3-dpumesh-preload-r3.txt,NA,ok,1,0.999989,1.000000,0.000000,clean
load-64-q3-dpumesh-native-r3,load,dpumesh-native,64,8,4,const,3,92687,92687,3,10.000,92685.000,0.0475,211.00,385.00,497.00,718.00,2747.00,229.41,57.09,3934.59,926040,926872,32,0,0,0,0,0.207648,0.068645,0.139003,0.296978,0.080172,0.216806,0.000000,0.000000,0.000000,0.000000,0.000000,0.000000,0.504626,0.148817,0.355809,0.492931,0.147584,0.345347,0.000000,0.000000,0.032468,2.663428,0.000000,0.000000,26;27,/home/jukebox/DPUmesh/bench/report/data/l4-20260728-113431/raw/mpstat/load-64-q3-dpumesh-native-r3.txt,NA,ok,1,0.999978,1.000002,0.000000,clean
load-64-q4-envoy-permissive-r3,load,envoy-permissive,64,8,4,const,4,111225,111225,3,10.000,111224.000,0.0569,269.00,367.00,393.00,461.00,569.00,273.71,85.07,785.28,1111423,1112247,24,0,0,0,0,0.250284,0.026431,0.223853,0.212136,0.010669,0.201467,0.734201,0.163554,0.570648,0.767700,0.173053,0.594647,1.964321,0.373707,1.590615,1.967415,0.375776,1.003381,0.000000,0.588257,0.716139,NA,0.000000,0.000000,22;23,/home/jukebox/DPUmesh/bench/report/data/l4-20260728-113431/raw/mpstat/load-64-q4-envoy-permissive-r3.txt,NA,ok,1,0.999991,0.999997,0.000000,clean
load-64-q4-envoy-strict-r3,load,envoy-strict,64,8,4,const,4,111225,111225,3,10.000,111223.000,0.0569,275.00,378.00,408.00,488.00,620.00,275.98,80.15,906.32,1111412,1112244,32,0,0,0,0,0.236154,0.022219,0.213935,0.196536,0.013716,0.182820,0.748118,0.219717,0.528400,0.769545,0.220506,0.549039,1.950353,0.476158,1.474194,1.954100,0.477953,0.928369,0.000000,0.547777,0.630386,NA,0.000000,0.000000,24;25,/home/jukebox/DPUmesh/bench/report/data/l4-20260728-113431/raw/mpstat/load-64-q4-envoy-strict-r3.txt,NA,ok,1,0.999982,0.999995,0.000000,clean
load-64-q4-dpumesh-preload-r3,load,dpumesh-preload,64,8,4,const,4,105046,105046,3,10.000,105045.000,0.0538,176.00,302.00,355.00,514.00,1230.00,190.01,67.56,2020.48,1049643,1050462,19,0,0,0,0,0.917526,0.215944,0.701581,0.811331,0.181040,0.630291,0.000000,0.000000,0.000000,0.000000,0.000000,0.000000,1.728857,0.396984,1.331872,1.696222,0.389620,1.306603,0.000000,0.000000,0.087566,3.563981,0.000000,0.000000,18;19,/home/jukebox/DPUmesh/bench/report/data/l4-20260728-113431/raw/mpstat/load-64-q4-dpumesh-preload-r3.txt,NA,ok,1,0.999990,1.000002,0.000000,clean
load-64-q4-dpumesh-native-r3,load,dpumesh-native,64,8,4,const,4,111225,111225,3,10.000,111227.000,0.0569,210.00,407.00,534.00,1604.00,7429.00,235.76,56.69,8410.83,1111434,1112251,17,0,0,0,0,0.214869,0.089824,0.125045,0.300735,0.074784,0.225952,0.000000,0.000000,0.000000,0.000000,0.000000,0.000000,0.515604,0.164608,0.350997,0.536997,0.183917,0.353080,0.000000,0.000000,0.028522,3.068246,0.000000,0.000000,26;27,/home/jukebox/DPUmesh/bench/report/data/l4-20260728-113431/raw/mpstat/load-64-q4-dpumesh-native-r3.txt,NA,ok,1,1.000018,1.000001,0.000000,clean
load-64-q4-plain-r3,load,plain,64,8,4,const,4,111225,111225,3,10.000,111227.000,0.0569,60.00,99.00,115.00,149.00,1054.00,62.11,12.38,2116.30,1111444,1112248,4,0,0,0,0,0.963103,0.047748,0.915355,0.867521,0.027850,0.839671,0.000000,0.000000,0.000000,0.000000,0.000000,0.000000,1.830624,0.075598,1.755026,1.789247,0.073773,0.874459,0.000000,0.841015,1.009218,NA,0.000000,0.000000,20;21,/home/jukebox/DPUmesh/bench/report/data/l4-20260728-113431/raw/mpstat/load-64-q4-plain-r3.txt,NA,ok,1,1.000018,0.999998,0.000000,clean
load-64-q5-envoy-strict-r3,load,envoy-strict,64,8,4,const,5,1180847,1180847,3,10.000,1180813.000,0.6046,344.00,431.00,470.00,548.00,778.00,336.51,100.09,976.01,11806663,11808372,430,0,479,0,0,0.352398,0.052334,0.300063,0.170807,0.037160,0.133647,0.631758,0.165323,0.466435,0.719317,0.184644,0.534673,1.874280,0.439461,1.434818,1.885909,0.442471,0.901657,0.000000,0.541781,0.587011,NA,0.000000,0.000000,24;25,/home/jukebox/DPUmesh/bench/report/data/l4-20260728-113431/raw/mpstat/load-64-q5-envoy-strict-r3.txt,NA,ok,1,0.999971,0.999992,0.000041,clean
load-64-q5-dpumesh-preload-r3,load,dpumesh-preload,64,8,4,const,5,111225,111225,3,10.000,111223.000,0.0569,266.00,406.00,476.00,1128.00,1835.00,272.17,74.96,2693.25,1111421,1112250,29,0,0,0,0,0.970639,0.254866,0.715774,0.822664,0.184919,0.637745,0.000000,0.000000,0.000000,0.000000,0.000000,0.000000,1.793303,0.439785,1.353519,1.792349,0.439726,1.352624,0.000000,0.000000,0.084600,3.363292,0.000000,0.000000,18;19,/home/jukebox/DPUmesh/bench/report/data/l4-20260728-113431/raw/mpstat/load-64-q5-dpumesh-preload-r3.txt,NA,ok,1,0.999982,1.000000,0.000000,clean
load-64-q5-dpumesh-native-r3,load,dpumesh-native,64,8,4,const,5,2550000,2550000,3,10.000,2550045.000,1.3056,199.00,456.00,615.00,793.00,2169.00,228.03,58.24,3340.27,25498513,25499756,443,0,0,0,0,0.468140,0.313648,0.154492,0.327683,0.216790,0.110894,0.000000,0.000000,0.000000,0.000000,0.000000,0.000000,0.795823,0.530438,0.265386,0.716144,0.483987,0.232156,0.000000,0.000000,0.025577,3.005687,0.000000,0.000000,26;27,/home/jukebox/DPUmesh/bench/report/data/l4-20260728-113431/raw/mpstat/load-64-q5-dpumesh-native-r3.txt,NA,ok,1,1.000018,0.999990,0.000000,clean
load-64-q5-plain-r3,load,plain,64,8,4,const,5,405396,405396,3,10.000,405397.000,0.2076,90.00,183.00,237.00,321.00,1277.00,96.65,6.23,2137.18,4051554,4053955,18,0,1583,0,0,0.984562,0.058368,0.926194,0.817729,0.035132,0.782597,0.000000,0.000000,0.000000,0.000000,0.000000,0.000000,1.802291,0.093500,1.708791,1.783003,0.093480,0.827542,0.000000,0.861982,1.003677,NA,0.000000,0.000000,20;21,/home/jukebox/DPUmesh/bench/report/data/l4-20260728-113431/raw/mpstat/load-64-q5-plain-r3.txt,NA,ok,1,1.000002,0.999999,0.000390,clean
load-64-q5-envoy-permissive-r3,load,envoy-permissive,64,8,4,const,5,1203205,1203205,3,10.000,1203157.000,0.6160,317.00,402.00,439.00,510.00,1328.00,309.03,94.98,2272.19,12030427,12032020,403,0,390,0,0,0.375474,0.061184,0.314290,0.177065,0.036252,0.140813,0.608845,0.113215,0.495630,0.681587,0.139119,0.542467,1.842971,0.349770,1.493200,1.853799,0.352074,0.925424,0.000000,0.576300,0.637274,NA,0.000000,0.000000,22;23,/home/jukebox/DPUmesh/bench/report/data/l4-20260728-113431/raw/mpstat/load-64-q5-envoy-permissive-r3.txt,NA,ok,1,0.999960,0.999998,0.000032,clean
load-64-q6-dpumesh-preload-r3,load,dpumesh-preload,64,8,4,const,6,123583,123583,3,10.000,123565.000,0.0633,1142.00,1940.00,2246.00,2722.00,2978.00,1169.83,75.52,3249.65,1234839,1235827,188,0,0,0,0,0.979435,0.241126,0.738308,0.810375,0.190278,0.620097,0.000000,0.000000,0.000000,0.000000,0.000000,0.000000,1.789810,0.431404,1.358405,1.763158,0.425047,1.338111,0.000000,0.000000,0.090519,3.495735,0.000000,0.000000,18;19,/home/jukebox/DPUmesh/bench/report/data/l4-20260728-113431/raw/mpstat/load-64-q6-dpumesh-preload-r3.txt,NA,ok,1,0.999854,0.999998,0.000000,clean
load-64-q6-dpumesh-native-r3,load,dpumesh-native,64,8,4,const,6,3000000,3000000,3,10.000,3000067.000,1.5360,200.00,272.00,332.00,538.00,2270.00,202.01,62.79,3539.44,29998711,29999891,380,0,0,0,0,0.523126,0.371378,0.151748,0.402955,0.248082,0.154873,0.000000,0.000000,0.000000,0.000000,0.000000,0.000000,0.926081,0.619460,0.306621,0.933542,0.620722,0.312820,0.000000,0.000000,0.035414,3.130627,0.000000,0.000000,26;27,/home/jukebox/DPUmesh/bench/report/data/l4-20260728-113431/raw/mpstat/load-64-q6-dpumesh-native-r3.txt,NA,ok,1,1.000022,0.999996,0.000000,clean
load-64-q6-plain-r3,load,plain,64,8,4,const,6,476937,476937,3,10.000,322440.000,0.1651,170.00,3236.00,11800.00,23554.00,27937.00,695.65,6.42,30754.70,3221693,4769310,24,0,1546793,0,0,0.984314,0.063541,0.920773,0.830489,0.035875,0.794615,0.000000,0.000000,0.000000,0.000000,0.000000,0.000000,1.814803,0.099416,1.715388,1.798228,0.099355,0.930593,0.000000,0.768280,0.959120,NA,0.000000,0.000000,20;21,/home/jukebox/DPUmesh/bench/report/data/l4-20260728-113431/raw/mpstat/load-64-q6-plain-r3.txt,NA,ok,0,0.676064,0.999987,0.324322,achieved+generator_drop+p99
load-64-q6-envoy-permissive-r3,load,envoy-permissive,64,8,4,const,6,1415535,1415535,3,10.000,1182543.000,0.6055,4980.00,7310.00,7876.00,8339.00,8768.00,4877.94,6.86,9309.50,11823196,14155046,7020,0,2324030,0,0,0.861958,0.122400,0.739558,0.042916,0.019690,0.023226,0.122368,0.009154,0.113214,0.093053,0.017807,0.075247,1.120295,0.169051,0.951245,1.110339,0.171124,0.731703,0.000000,0.207512,0.226198,NA,0.000000,0.000000,22;23,/home/jukebox/DPUmesh/bench/report/data/l4-20260728-113431/raw/mpstat/load-64-q6-envoy-permissive-r3.txt,NA,ok,0,0.835404,0.999979,0.164184,achieved+generator_drop
load-64-q6-envoy-strict-r3,load,envoy-strict,64,8,4,const,6,1389232,1389232,3,10.000,1152388.000,0.5900,4069.00,8795.00,10914.00,12582.00,13452.00,4437.33,4.56,14196.15,11521683,13891832,2427,0,2366922,0,0,0.797388,0.118676,0.678711,0.042024,0.021639,0.020385,0.186744,0.051036,0.135708,0.153515,0.061571,0.091944,1.179671,0.252922,0.926748,1.195606,0.261539,0.715790,0.000000,0.218277,0.234008,NA,0.000000,0.000000,24;25,/home/jukebox/DPUmesh/bench/report/data/l4-20260728-113431/raw/mpstat/load-64-q6-envoy-strict-r3.txt,NA,ok,0,0.829514,0.999965,0.170382,achieved+generator_drop+p99
load-64-q7-dpumesh-native-r3,load,dpumesh-native,64,8,4,const,7,3150000,3150000,3,10.000,3150069.000,1.6128,186.00,247.00,264.00,649.00,2912.00,189.79,64.22,3923.58,31498976,31500145,369,0,0,0,0,0.536718,0.379343,0.157374,0.375528,0.247389,0.128138,0.000000,0.000000,0.000000,0.000000,0.000000,0.000000,0.912246,0.626732,0.285512,0.898194,0.615848,0.282346,0.000000,0.000000,0.043286,3.088152,0.000000,0.000000,26;27,/home/jukebox/DPUmesh/bench/report/data/l4-20260728-113431/raw/mpstat/load-64-q7-dpumesh-native-r3.txt,NA,ok,1,1.000022,1.000005,0.000000,clean
load-64-q7-plain-r3,load,plain,64,8,4,const,7,500784,500784,3,10.000,214278.000,0.1097,23.00,7772.00,17027.00,26904.00,32611.00,1418.12,7.04,34918.42,2141278,5007228,8,0,2865142,0,0,0.975515,0.064055,0.911460,0.851219,0.033475,0.817744,0.000000,0.000000,0.000000,0.000000,0.000000,0.000000,1.826734,0.097530,1.729204,1.798082,0.096430,0.943847,0.000000,0.757805,0.965276,NA,0.000000,0.000000,20;21,/home/jukebox/DPUmesh/bench/report/data/l4-20260728-113431/raw/mpstat/load-64-q7-plain-r3.txt,NA,ok,0,0.427885,0.999878,0.572201,achieved+generator_drop+p99
load-64-q7-envoy-permissive-r3,load,envoy-permissive,64,8,4,const,7,1486312,1486312,3,10.000,1316800.000,0.6742,2393.00,5572.00,6858.00,7729.00,8214.00,2699.70,100.92,9050.62,13166063,14862797,7135,0,1688799,0,0,0.831097,0.131764,0.699333,0.052799,0.029829,0.022970,0.153233,0.016445,0.136788,0.145572,0.030275,0.115297,1.182701,0.208313,0.974388,1.185099,0.210466,0.731713,0.000000,0.242921,0.260623,NA,0.000000,0.000000,22;23,/home/jukebox/DPUmesh/bench/report/data/l4-20260728-113431/raw/mpstat/load-64-q7-envoy-permissive-r3.txt,NA,ok,0,0.885951,0.999978,0.113626,achieved+generator_drop
load-64-q7-envoy-strict-r3,load,envoy-strict,64,8,4,const,7,1458694,1458694,3,10.000,1395630.000,0.7146,873.00,2146.00,3480.00,5710.00,6949.00,1014.95,114.70,7859.30,13954735,14586386,1102,0,629749,0,0,0.688753,0.108865,0.579888,0.076705,0.028654,0.048051,0.295767,0.076892,0.218875,0.301017,0.091670,0.209346,1.362242,0.306081,1.056160,1.330828,0.301969,0.731808,0.000000,0.297051,0.312789,NA,0.000000,0.000000,24;25,/home/jukebox/DPUmesh/bench/report/data/l4-20260728-113431/raw/mpstat/load-64-q7-envoy-strict-r3.txt,NA,ok,0,0.956767,0.999962,0.043174,achieved+generator_drop
load-64-q7-dpumesh-preload-r3,load,dpumesh-preload,64,8,4,const,7,129762,129762,3,10.000,129753.000,0.0664,878.00,1494.00,2026.00,2802.00,2964.00,908.64,71.73,3114.66,1296721,1297617,96,0,0,0,0,0.975849,0.220007,0.755842,0.847948,0.193889,0.654059,0.000000,0.000000,0.000000,0.000000,0.000000,0.000000,1.823797,0.413896,1.409901,1.800807,0.409140,1.391667,0.000000,0.000000,0.104252,3.427625,0.000000,0.000000,18;19,/home/jukebox/DPUmesh/bench/report/data/l4-20260728-113431/raw/mpstat/load-64-q7-dpumesh-preload-r3.txt,NA,ok,1,0.999931,0.999998,0.000000,clean
load-1024-q1-envoy-permissive-r1,load,envoy-permissive,1024,8,4,const,1,31481,31481,1,10.000,31480.000,0.2579,192.00,290.00,312.00,336.00,613.00,201.01,67.19,1262.51,314006,314811,5,0,0,0,0,0.241520,0.025244,0.216275,0.190051,0.012723,0.177328,0.727350,0.169330,0.558020,0.714458,0.181701,0.532757,1.873379,0.388998,1.484380,1.879878,0.391518,0.938463,0.000000,0.549896,0.653186,NA,0.000000,0.000000,22;23,/home/jukebox/DPUmesh/bench/report/data/l4-20260728-113431/raw/mpstat/load-1024-q1-envoy-permissive-r1.txt,NA,ok,1,0.999968,1.000003,0.000000,clean
load-1024-q1-envoy-strict-r1,load,envoy-strict,1024,8,4,const,1,31481,31481,1,10.000,31480.000,0.2579,187.00,285.00,307.00,341.00,573.00,196.60,65.72,851.65,314005,314811,6,0,0,0,0,0.219268,0.025004,0.194264,0.179727,0.010535,0.169192,0.712155,0.180871,0.531284,0.744458,0.217271,0.527188,1.855608,0.433681,1.421928,1.858717,0.437634,0.886087,0.000000,0.534996,0.633341,NA,0.000000,0.000000,24;25,/home/jukebox/DPUmesh/bench/report/data/l4-20260728-113431/raw/mpstat/load-1024-q1-envoy-strict-r1.txt,NA,ok,1,0.999968,1.000003,0.000000,clean
load-1024-q1-dpumesh-preload-r1,load,dpumesh-preload,1024,8,4,const,1,31481,31481,1,10.000,31481.000,0.2579,207.00,249.00,319.00,7965.00,16788.00,220.40,68.69,19432.32,314007,314812,5,0,0,0,0,0.461540,0.113403,0.348136,0.355554,0.079480,0.276074,0.000000,0.000000,0.000000,0.000000,0.000000,0.000000,0.817094,0.192883,0.624210,0.748617,0.178055,0.570563,0.000000,0.000000,0.051154,2.471090,0.000000,0.000000,18;19,/home/jukebox/DPUmesh/bench/report/data/l4-20260728-113431/raw/mpstat/load-1024-q1-dpumesh-preload-r1.txt,NA,ok,1,1.000000,1.000006,0.000000,clean
load-1024-q1-dpumesh-native-r1,load,dpumesh-native,1024,8,4,const,1,31481,31481,1,10.000,31481.000,0.2579,211.00,429.00,533.00,1182.00,2577.00,237.33,56.72,3532.21,314004,314812,8,0,0,0,0,0.196206,0.074025,0.122181,0.175246,0.058821,0.116425,0.000000,0.000000,0.000000,0.000000,0.000000,0.000000,0.371452,0.132846,0.238606,0.270520,0.085583,0.184937,0.000000,0.000000,0.014756,2.253321,0.000000,0.000000,26;27,/home/jukebox/DPUmesh/bench/report/data/l4-20260728-113431/raw/mpstat/load-1024-q1-dpumesh-native-r1.txt,NA,ok,1,1.000000,1.000006,0.000000,clean
load-1024-q1-plain-r1,load,plain,1024,8,4,const,1,31481,31481,1,10.000,31480.000,0.2579,77.00,93.00,114.00,436.00,1384.00,71.34,19.19,1811.58,314008,314810,2,0,0,0,0,0.471840,0.066137,0.405703,0.341638,0.012107,0.329530,0.000000,0.000000,0.000000,0.000000,0.000000,0.000000,0.813478,0.078244,0.735233,0.522494,0.042311,0.260755,0.000000,0.219428,0.261739,NA,0.000000,0.000000,20;21,/home/jukebox/DPUmesh/bench/report/data/l4-20260728-113431/raw/mpstat/load-1024-q1-plain-r1.txt,NA,ok,1,0.999968,1.000000,0.000000,clean
load-1024-q2-envoy-strict-r1,load,envoy-strict,1024,8,4,const,2,62962,62962,1,10.000,62961.000,0.5158,294.00,371.00,394.00,464.00,2937.00,289.01,96.21,3935.78,628806,629620,14,0,0,0,0,0.228064,0.024383,0.203681,0.166304,0.011099,0.155205,0.756024,0.211470,0.544554,0.775455,0.180443,0.595012,1.925847,0.427395,1.498452,1.925221,0.429684,0.911481,0.000000,0.584056,0.686315,NA,0.000000,0.000000,24;25,/home/jukebox/DPUmesh/bench/report/data/l4-20260728-113431/raw/mpstat/load-1024-q2-envoy-strict-r1.txt,NA,ok,1,0.999984,1.000000,0.000000,clean
load-1024-q2-dpumesh-preload-r1,load,dpumesh-preload,1024,8,4,const,2,62962,62962,1,10.000,62961.000,0.5158,162.00,217.00,240.00,1635.00,4004.00,169.88,62.82,5857.20,628812,629621,9,0,0,0,0,0.808901,0.213041,0.595860,0.687203,0.165801,0.521401,0.000000,0.000000,0.000000,0.000000,0.000000,0.000000,1.496104,0.378842,1.117261,1.481195,0.374725,1.106471,0.000000,0.000000,0.085567,3.140284,0.000000,0.000000,18;19,/home/jukebox/DPUmesh/bench/report/data/l4-20260728-113431/raw/mpstat/load-1024-q2-dpumesh-preload-r1.txt,NA,ok,1,0.999984,1.000002,0.000000,clean
load-1024-q2-dpumesh-native-r1,load,dpumesh-native,1024,8,4,const,2,62962,62962,1,10.000,62961.000,0.5158,210.00,347.00,472.00,1620.00,6840.00,224.63,56.68,7664.77,628800,629620,20,0,0,0,0,0.212417,0.069447,0.142970,0.281818,0.055475,0.226343,0.000000,0.000000,0.000000,0.000000,0.000000,0.000000,0.494235,0.124922,0.369313,0.554851,0.163307,0.391544,0.000000,0.000000,0.050173,2.811374,0.000000,0.000000,26;27,/home/jukebox/DPUmesh/bench/report/data/l4-20260728-113431/raw/mpstat/load-1024-q2-dpumesh-native-r1.txt,NA,ok,1,0.999984,1.000000,0.000000,clean
load-1024-q2-plain-r1,load,plain,1024,8,4,const,2,62962,62962,1,10.000,62961.000,0.5158,62.00,103.00,116.00,191.00,780.00,60.49,10.82,1184.72,628816,629618,2,0,0,0,0,0.782131,0.047335,0.734796,0.541540,0.021256,0.520284,0.000000,0.000000,0.000000,0.000000,0.000000,0.000000,1.323671,0.068591,1.255080,1.281023,0.066904,0.619850,0.000000,0.594269,0.652318,NA,0.000000,0.000000,20;21,/home/jukebox/DPUmesh/bench/report/data/l4-20260728-113431/raw/mpstat/load-1024-q2-plain-r1.txt,NA,ok,1,0.999984,0.999997,0.000000,clean
load-1024-q2-envoy-permissive-r1,load,envoy-permissive,1024,8,4,const,2,62962,62962,1,10.000,62961.000,0.5158,251.00,314.00,373.00,399.00,535.00,254.69,91.05,798.54,628805,629617,12,0,0,0,0,0.241518,0.025486,0.216032,0.191046,0.018094,0.172952,0.742746,0.166019,0.576727,0.791882,0.166990,0.624892,1.967192,0.376589,1.590603,1.968820,0.378619,0.965725,0.000000,0.624476,0.700200,NA,0.000000,0.000000,22;23,/home/jukebox/DPUmesh/bench/report/data/l4-20260728-113431/raw/mpstat/load-1024-q2-envoy-permissive-r1.txt,NA,ok,1,0.999984,0.999995,0.000000,clean
load-1024-q3-dpumesh-preload-r1,load,dpumesh-preload,1024,8,4,const,3,94442,94442,1,10.000,94441.000,0.7737,174.00,280.00,323.00,419.00,1619.00,185.68,66.92,2828.70,943605,944419,14,0,0,0,0,0.932530,0.251755,0.680775,0.780568,0.179739,0.600829,0.000000,0.000000,0.000000,0.000000,0.000000,0.000000,1.713098,0.431494,1.281604,1.701879,0.427929,1.273950,0.000000,0.000000,0.094440,3.497159,0.000000,0.000000,18;19,/home/jukebox/DPUmesh/bench/report/data/l4-20260728-113431/raw/mpstat/load-1024-q3-dpumesh-preload-r1.txt,NA,ok,1,0.999989,0.999999,0.000000,clean
load-1024-q3-dpumesh-native-r1,load,dpumesh-native,1024,8,4,const,3,94442,94442,1,10.000,94441.000,0.7737,208.00,389.00,526.00,1768.00,14376.00,232.82,56.92,16585.74,943599,944417,18,0,0,0,0,0.221466,0.086241,0.135225,0.301478,0.078000,0.223478,0.000000,0.000000,0.000000,0.000000,0.000000,0.000000,0.522944,0.164241,0.358703,0.502644,0.159351,0.343293,0.000000,0.000000,0.029509,2.881834,0.000000,0.000000,26;27,/home/jukebox/DPUmesh/bench/report/data/l4-20260728-113431/raw/mpstat/load-1024-q3-dpumesh-native-r1.txt,NA,ok,1,0.999989,0.999997,0.000000,clean
load-1024-q3-plain-r1,load,plain,1024,8,4,const,3,94442,94442,1,10.000,94441.000,0.7737,60.00,103.00,129.00,161.00,205.00,62.92,8.04,434.32,943613,944416,3,0,0,0,0,0.946699,0.054990,0.891709,0.837070,0.027166,0.809904,0.000000,0.000000,0.000000,0.000000,0.000000,0.000000,1.783769,0.082156,1.701613,1.713899,0.078709,0.853998,0.000000,0.781192,0.906143,NA,0.000000,0.000000,20;21,/home/jukebox/DPUmesh/bench/report/data/l4-20260728-113431/raw/mpstat/load-1024-q3-plain-r1.txt,NA,ok,1,0.999989,0.999996,0.000000,clean
load-1024-q3-envoy-permissive-r1,load,envoy-permissive,1024,8,4,const,3,94442,94442,1,10.000,94440.000,0.7737,257.00,319.00,380.00,410.00,554.00,259.91,92.99,875.49,943598,944418,20,0,0,0,0,0.240953,0.025677,0.215277,0.185423,0.010019,0.175404,0.743345,0.164672,0.578673,0.796940,0.163385,0.633555,1.966661,0.363753,1.602909,1.964957,0.362897,0.979528,0.000000,0.622531,0.713993,NA,0.000000,0.000000,22;23,/home/jukebox/DPUmesh/bench/report/data/l4-20260728-113431/raw/mpstat/load-1024-q3-envoy-permissive-r1.txt,NA,ok,1,0.999979,0.999998,0.000000,clean
load-1024-q3-envoy-strict-r1,load,envoy-strict,1024,8,4,const,3,94442,94442,1,10.000,94441.000,0.7737,283.00,344.00,413.00,465.00,628.00,283.98,98.70,893.53,943588,944413,25,0,0,0,0,0.222021,0.022427,0.199594,0.172027,0.011020,0.161007,0.762215,0.207239,0.554976,0.810129,0.200841,0.609288,1.966392,0.441527,1.524865,1.966668,0.440534,0.925317,0.000000,0.600817,0.691284,NA,0.000000,0.000000,24;25,/home/jukebox/DPUmesh/bench/report/data/l4-20260728-113431/raw/mpstat/load-1024-q3-envoy-strict-r1.txt,NA,ok,1,0.999989,0.999993,0.000000,clean
load-1024-q4-dpumesh-native-r1,load,dpumesh-native,1024,8,4,const,4,113331,113331,1,10.000,113331.000,0.9284,217.00,425.00,540.00,948.00,2336.00,245.47,55.83,3286.31,1132489,1133310,21,0,0,0,0,0.209322,0.083584,0.125738,0.294171,0.081213,0.212958,0.000000,0.000000,0.000000,0.000000,0.000000,0.000000,0.503493,0.164797,0.338696,0.477156,0.157412,0.319743,0.000000,0.000000,0.027547,2.826540,0.000000,0.000000,26;27,/home/jukebox/DPUmesh/bench/report/data/l4-20260728-113431/raw/mpstat/load-1024-q4-dpumesh-native-r1.txt,NA,ok,1,1.000000,1.000000,0.000000,clean
load-1024-q4-plain-r1,load,plain,1024,8,4,const,4,113331,113331,1,10.000,113330.000,0.9284,75.00,116.00,137.00,163.00,218.00,77.16,9.14,398.50,1132499,1133306,7,0,0,0,0,0.983928,0.061531,0.922397,0.894659,0.023026,0.871633,0.000000,0.000000,0.000000,0.000000,0.000000,0.000000,1.878587,0.084557,1.794030,1.862517,0.084615,0.880588,0.000000,0.897314,1.051786,NA,0.000000,0.000000,20;21,/home/jukebox/DPUmesh/bench/report/data/l4-20260728-113431/raw/mpstat/load-1024-q4-plain-r1.txt,NA,ok,1,0.999991,0.999996,0.000000,clean
load-1024-q4-envoy-permissive-r1,load,envoy-permissive,1024,8,4,const,4,113331,113331,1,10.000,113330.000,0.9284,255.00,321.00,385.00,419.00,551.00,259.61,93.03,800.78,1132480,1133302,22,0,0,0,0,0.242128,0.027465,0.214662,0.185585,0.011960,0.173624,0.742113,0.155632,0.586481,0.797124,0.167928,0.629196,1.966950,0.362985,1.603963,1.968792,0.363863,0.950960,0.000000,0.653969,0.750344,NA,0.000000,0.000000,22;23,/home/jukebox/DPUmesh/bench/report/data/l4-20260728-113431/raw/mpstat/load-1024-q4-envoy-permissive-r1.txt,NA,ok,1,0.999991,0.999993,0.000000,clean
load-1024-q4-envoy-strict-r1,load,envoy-strict,1024,8,4,const,4,113331,113331,1,10.000,113331.000,0.9284,280.00,344.00,408.00,452.00,646.00,280.98,89.68,992.51,1132483,1133306,23,0,0,0,0,0.225233,0.024883,0.200350,0.166981,0.014224,0.152758,0.758944,0.227535,0.531409,0.814136,0.224414,0.589722,1.965294,0.491056,1.474239,1.964615,0.492629,0.891845,0.000000,0.580142,0.656838,NA,0.000000,0.000000,24;25,/home/jukebox/DPUmesh/bench/report/data/l4-20260728-113431/raw/mpstat/load-1024-q4-envoy-strict-r1.txt,NA,ok,1,1.000000,0.999996,0.000000,clean
load-1024-q4-dpumesh-preload-r1,load,dpumesh-preload,1024,8,4,const,4,107035,107035,1,10.000,107033.000,0.8768,183.00,325.00,390.00,483.00,1579.00,198.77,67.33,3012.01,1069524,1070353,29,0,0,0,0,0.936608,0.237190,0.699418,0.804823,0.189575,0.615248,0.000000,0.000000,0.000000,0.000000,0.000000,0.000000,1.741431,0.426765,1.314666,1.736041,0.425896,1.310146,0.000000,0.000000,0.091474,3.351659,0.000000,0.000000,18;19,/home/jukebox/DPUmesh/bench/report/data/l4-20260728-113431/raw/mpstat/load-1024-q4-dpumesh-preload-r1.txt,NA,ok,1,0.999981,1.000003,0.000000,clean
load-1024-q5-plain-r1,load,plain,1024,8,4,const,5,405396,405396,1,10.000,405392.000,3.3210,98.00,185.00,235.00,290.00,331.00,102.71,5.43,420.78,4051366,4053941,40,0,1735,0,0,0.984755,0.069526,0.915229,0.892559,0.032564,0.859995,0.000000,0.000000,0.000000,0.000000,0.000000,0.000000,1.877314,0.102090,1.775224,1.869616,0.102337,0.861008,0.000000,0.906272,1.063713,NA,0.000000,0.000000,20;21,/home/jukebox/DPUmesh/bench/report/data/l4-20260728-113431/raw/mpstat/load-1024-q5-plain-r1.txt,NA,ok,1,0.999990,0.999995,0.000428,clean
load-1024-q5-envoy-permissive-r1,load,envoy-permissive,1024,8,4,const,5,796398,796398,1,10.000,796368.000,6.5238,358.00,464.00,505.00,643.00,1020.00,353.44,108.51,1264.30,7962393,7963879,211,0,475,0,0,0.369636,0.067799,0.301836,0.175847,0.026149,0.149698,0.614620,0.109297,0.505323,0.691321,0.126546,0.564775,1.851424,0.329791,1.521632,1.849815,0.329446,1.011940,0.000000,0.508429,0.525147,NA,0.000000,0.000000,22;23,/home/jukebox/DPUmesh/bench/report/data/l4-20260728-113431/raw/mpstat/load-1024-q5-envoy-permissive-r1.txt,NA,ok,1,0.999962,0.999987,0.000060,clean
load-1024-q5-envoy-strict-r1,load,envoy-strict,1024,8,4,const,5,557647,557647,1,10.000,557556.000,4.5675,702.00,1037.00,1173.00,1603.00,3892.00,702.45,215.03,5025.43,5574310,5576397,307,0,980,0,0,0.252423,0.050256,0.202167,0.101269,0.013209,0.088060,0.731301,0.246724,0.484577,0.658845,0.247742,0.411103,1.743838,0.557931,1.185907,1.742657,0.563194,0.748959,0.000000,0.430504,0.446230,NA,0.000000,0.000000,24;25,/home/jukebox/DPUmesh/bench/report/data/l4-20260728-113431/raw/mpstat/load-1024-q5-envoy-strict-r1.txt,NA,ok,1,0.999837,0.999987,0.000176,clean
load-1024-q5-dpumesh-preload-r1,load,dpumesh-preload,1024,8,4,const,5,113331,113331,1,10.000,113328.000,0.9284,342.00,539.00,629.00,814.00,1648.00,354.08,71.40,2371.54,1132469,1133309,40,0,0,0,0,0.978829,0.261705,0.717125,0.808662,0.185567,0.623095,0.000000,0.000000,0.000000,0.000000,0.000000,0.000000,1.787491,0.447272,1.340220,1.776635,0.444651,1.331985,0.000000,0.000000,0.077715,3.527514,0.000000,0.000000,18;19,/home/jukebox/DPUmesh/bench/report/data/l4-20260728-113431/raw/mpstat/load-1024-q5-dpumesh-preload-r1.txt,NA,ok,1,0.999974,0.999999,0.000000,clean
load-1024-q5-dpumesh-native-r1,load,dpumesh-native,1024,8,4,const,5,2550000,2550000,1,10.000,2550569.000,20.8943,219.00,393.00,599.00,2536.00,23722.00,248.91,75.84,26583.28,25486269,25499750,491,0,12190,0,0,0.602244,0.432987,0.169257,0.430041,0.260266,0.169775,0.000000,0.000000,0.000000,0.000000,0.000000,0.000000,1.032285,0.693253,0.339032,1.012146,0.680666,0.331480,0.000000,0.000000,0.050165,3.692782,0.000000,0.000000,26;27,/home/jukebox/DPUmesh/bench/report/data/l4-20260728-113431/raw/mpstat/load-1024-q5-dpumesh-native-r1.txt,NA,ok,1,1.000223,0.999990,0.000478,clean
load-1024-q6-envoy-permissive-r1,load,envoy-permissive,1024,8,4,const,6,936939,936939,1,10.000,936902.000,7.6751,395.00,501.00,549.00,809.00,4197.00,391.93,111.26,5287.30,9367219,9369351,409,0,923,0,0,0.400703,0.069145,0.331558,0.182763,0.028227,0.154536,0.583603,0.097307,0.486296,0.703573,0.128468,0.575105,1.870642,0.323147,1.547495,1.879306,0.326494,1.066022,0.000000,0.486790,0.516293,NA,0.000000,0.000000,22;23,/home/jukebox/DPUmesh/bench/report/data/l4-20260728-113431/raw/mpstat/load-1024-q6-envoy-permissive-r1.txt,NA,ok,1,0.999961,0.999996,0.000099,clean
load-1024-q6-envoy-strict-r1,load,envoy-strict,1024,8,4,const,6,656055,656055,1,10.000,655971.000,5.3737,652.00,865.00,958.00,1127.00,1488.00,641.33,200.80,1936.67,6558236,6560446,301,0,1109,0,0,0.240503,0.048470,0.192033,0.116483,0.016752,0.099731,0.743320,0.250992,0.492327,0.766968,0.282153,0.484816,1.867274,0.598367,1.268907,1.869624,0.600599,0.790314,0.000000,0.478710,0.490506,NA,0.000000,0.000000,24;25,/home/jukebox/DPUmesh/bench/report/data/l4-20260728-113431/raw/mpstat/load-1024-q6-envoy-strict-r1.txt,NA,ok,1,0.999872,0.999984,0.000169,clean
load-1024-q6-dpumesh-preload-r1,load,dpumesh-preload,1024,8,4,const,6,125923,125923,1,10.000,125917.000,1.0315,541.00,862.00,1009.00,1382.00,2071.00,553.70,68.31,2894.74,1258368,1259229,61,0,0,0,0,0.978480,0.231377,0.747103,0.849118,0.199466,0.649652,0.000000,0.000000,0.000000,0.000000,0.000000,0.000000,1.827598,0.430843,1.396755,1.818821,0.429867,1.388954,0.000000,0.000000,0.099352,3.519924,0.000000,0.000000,18;19,/home/jukebox/DPUmesh/bench/report/data/l4-20260728-113431/raw/mpstat/load-1024-q6-dpumesh-preload-r1.txt,NA,ok,1,0.999952,0.999999,0.000000,clean
load-1024-q6-dpumesh-native-r1,load,dpumesh-native,1024,8,4,const,6,3000000,3000000,1,10.000,3000037.000,24.5763,205.00,272.00,312.00,933.00,2487.00,209.47,73.43,3746.66,29998628,29999841,413,0,0,0,0,0.675060,0.489144,0.185916,0.445176,0.255968,0.189208,0.000000,0.000000,0.000000,0.000000,0.000000,0.000000,1.120236,0.745112,0.375124,1.085979,0.721035,0.364944,0.000000,0.000000,0.047216,4.034156,0.000000,0.000000,26;27,/home/jukebox/DPUmesh/bench/report/data/l4-20260728-113431/raw/mpstat/load-1024-q6-dpumesh-native-r1.txt,NA,ok,1,1.000012,0.999995,0.000000,clean
load-1024-q6-plain-r1,load,plain,1024,8,4,const,6,476937,476937,1,10.000,476907.000,3.9068,121.00,312.00,414.00,541.00,667.00,137.34,5.63,2306.75,4766103,4769346,40,0,2403,0,0,0.984611,0.071923,0.912688,0.891771,0.032839,0.858932,0.000000,0.000000,0.000000,0.000000,0.000000,0.000000,1.876382,0.104762,1.771620,1.874429,0.105283,0.910156,0.000000,0.858991,1.000680,NA,0.000000,0.000000,20;21,/home/jukebox/DPUmesh/bench/report/data/l4-20260728-113431/raw/mpstat/load-1024-q6-plain-r1.txt,NA,ok,1,0.999937,0.999995,0.000504,clean
load-1024-q7-envoy-strict-r1,load,envoy-strict,1024,8,4,const,7,688858,688858,1,10.000,688761.000,5.6423,613.00,782.00,886.00,1086.00,1627.00,616.08,209.72,2171.62,6886119,6888543,355,0,1269,0,0,0.243399,0.062905,0.180494,0.132441,0.020925,0.111515,0.740395,0.263185,0.477210,0.828727,0.327572,0.501155,1.944962,0.674587,1.270374,1.949108,0.670344,0.826626,0.000000,0.452138,0.463933,NA,0.000000,0.000000,24;25,/home/jukebox/DPUmesh/bench/report/data/l4-20260728-113431/raw/mpstat/load-1024-q7-envoy-strict-r1.txt,NA,ok,1,0.999859,0.999995,0.000184,clean
load-1024-q7-dpumesh-preload-r1,load,dpumesh-preload,1024,8,4,const,7,132219,132219,1,10.000,131280.000,1.0754,66668.00,137509.00,145630.00,233433.00,251678.00,69098.41,20.14,254775.88,1311995,1322186,9391,0,0,0,0,0.977083,0.255857,0.721227,0.844277,0.208242,0.636035,0.000000,0.000000,0.000000,0.000000,0.000000,0.000000,1.821360,0.464099,1.357262,1.802370,0.461415,1.340956,0.000000,0.000000,0.076738,3.668561,0.000000,0.000000,18;19,/home/jukebox/DPUmesh/bench/report/data/l4-20260728-113431/raw/mpstat/load-1024-q7-dpumesh-preload-r1.txt,NA,ok,0,0.992898,0.999997,0.000000,p99
load-1024-q7-dpumesh-native-r1,load,dpumesh-native,1024,8,4,const,7,3150000,3150000,1,10.000,3150099.000,25.8056,226.00,425.00,662.00,1149.00,2776.00,250.11,78.01,4886.91,31498845,31500199,554,0,0,0,0,0.698617,0.492855,0.205762,0.441352,0.276301,0.165051,0.000000,0.000000,0.000000,0.000000,0.000000,0.000000,1.139969,0.769156,0.370813,1.066465,0.725078,0.341387,0.000000,0.000000,0.033450,3.949715,0.000000,0.000000,26;27,/home/jukebox/DPUmesh/bench/report/data/l4-20260728-113431/raw/mpstat/load-1024-q7-dpumesh-native-r1.txt,NA,ok,1,1.000031,1.000006,0.000000,clean
load-1024-q7-plain-r1,load,plain,1024,8,4,const,7,500784,500784,1,10.000,494633.000,4.0520,144.00,464.00,646.00,944.00,1424.00,178.62,5.29,3215.12,4943280,5007780,9,0,63691,0,0,0.984705,0.062745,0.921960,0.876411,0.032780,0.843631,0.000000,0.000000,0.000000,0.000000,0.000000,0.000000,1.861116,0.095525,1.765591,1.837040,0.094459,0.905236,0.000000,0.837344,0.870798,NA,0.000000,0.000000,20;21,/home/jukebox/DPUmesh/bench/report/data/l4-20260728-113431/raw/mpstat/load-1024-q7-plain-r1.txt,NA,ok,0,0.987717,0.999988,0.012718,generator_drop
load-1024-q7-envoy-permissive-r1,load,envoy-permissive,1024,8,4,const,7,983786,983786,1,10.000,983747.000,8.0589,415.00,544.00,600.00,970.00,2702.00,413.25,109.99,3921.79,9835491,9837810,376,0,1143,0,0,0.422795,0.080047,0.342748,0.174854,0.028901,0.145953,0.561268,0.094923,0.466344,0.659344,0.116492,0.542852,1.818261,0.320363,1.497897,1.831684,0.322486,1.045131,0.000000,0.464066,0.477831,NA,0.000000,0.000000,22;23,/home/jukebox/DPUmesh/bench/report/data/l4-20260728-113431/raw/mpstat/load-1024-q7-envoy-permissive-r1.txt,NA,ok,1,0.999960,0.999995,0.000116,clean
load-1024-q7-dpumesh-preload-r2,load,dpumesh-preload,1024,8,4,const,7,132219,132219,2,10.000,131147.000,1.0744,67161.00,160069.00,169442.00,224863.00,252814.00,73406.77,29.77,255974.28,1310659,1322188,10729,0,0,0,0,0.974527,0.236803,0.737724,0.841734,0.189608,0.652126,0.000000,0.000000,0.000000,0.000000,0.000000,0.000000,1.816261,0.426411,1.389850,1.797232,0.422994,1.374238,0.000000,0.000000,0.087550,3.691943,0.000000,0.000000,18;19,/home/jukebox/DPUmesh/bench/report/data/l4-20260728-113431/raw/mpstat/load-1024-q7-dpumesh-preload-r2.txt,NA,ok,0,0.991892,0.999998,0.000000,p99
load-1024-q7-dpumesh-native-r2,load,dpumesh-native,1024,8,4,const,7,3150000,3150000,2,10.000,3150087.000,25.8055,209.00,283.00,327.00,493.00,1975.00,213.27,75.58,3305.17,31498879,31500222,543,0,0,0,0,0.696733,0.502153,0.194580,0.477072,0.281744,0.195328,0.000000,0.000000,0.000000,0.000000,0.000000,0.000000,1.173805,0.783897,0.389908,1.116473,0.747594,0.368879,0.000000,0.000000,0.017706,4.020853,0.000000,0.000000,26;27,/home/jukebox/DPUmesh/bench/report/data/l4-20260728-113431/raw/mpstat/load-1024-q7-dpumesh-native-r2.txt,NA,ok,1,1.000028,1.000007,0.000000,clean
load-1024-q7-plain-r2,load,plain,1024,8,4,const,7,500784,500784,2,10.000,326147.000,2.6718,249.00,1850.00,3087.00,5099.00,8898.00,506.77,6.71,22399.42,3259461,5007731,19,0,1747451,0,0,0.975579,0.068036,0.907543,0.856807,0.040121,0.816686,0.000000,0.000000,0.000000,0.000000,0.000000,0.000000,1.832386,0.108157,1.724229,1.821612,0.108128,0.941978,0.000000,0.771506,0.794885,NA,0.000000,0.000000,20;21,/home/jukebox/DPUmesh/bench/report/data/l4-20260728-113431/raw/mpstat/load-1024-q7-plain-r2.txt,NA,ok,0,0.651273,0.999978,0.348951,achieved+generator_drop
load-1024-q7-envoy-permissive-r2,load,envoy-permissive,1024,8,4,const,7,983786,983786,2,10.000,968480.000,7.9338,732.00,1046.00,1221.00,1510.00,2602.00,723.89,155.42,3523.00,9682402,9837593,509,0,153882,0,0,0.521092,0.090820,0.430272,0.162700,0.028513,0.134186,0.463221,0.066421,0.396800,0.496404,0.062162,0.434241,1.643417,0.247916,1.395499,1.640441,0.247836,1.002164,0.000000,0.390441,0.406176,NA,0.000000,0.000000,22;23,/home/jukebox/DPUmesh/bench/report/data/l4-20260728-113431/raw/mpstat/load-1024-q7-envoy-permissive-r2.txt,NA,ok,0,0.984442,0.999973,0.015642,generator_drop
load-1024-q7-envoy-strict-r2,load,envoy-strict,1024,8,4,const,7,688858,688858,2,10.000,687715.000,5.6338,751.00,1066.00,1160.00,1327.00,1756.00,758.83,233.61,2209.65,6875723,6888485,438,0,11524,0,0,0.244849,0.049447,0.195402,0.126717,0.018355,0.108361,0.738802,0.266103,0.472699,0.792197,0.304135,0.488062,1.902565,0.638040,1.264524,1.903705,0.637844,0.806888,0.000000,0.458973,0.474698,NA,0.000000,0.000000,24;25,/home/jukebox/DPUmesh/bench/report/data/l4-20260728-113431/raw/mpstat/load-1024-q7-envoy-strict-r2.txt,NA,ok,0,0.998341,0.999986,0.001673,generator_drop
load-1024-q6-envoy-strict-r2,load,envoy-strict,1024,8,4,const,6,656055,656055,2,10.000,655970.000,5.3737,637.00,835.00,930.00,1342.00,3412.00,625.71,205.62,4625.56,6558505,6560495,309,0,881,0,0,0.242669,0.049428,0.193241,0.116403,0.017470,0.098933,0.741128,0.258775,0.482353,0.770109,0.273222,0.496887,1.870309,0.598895,1.271414,1.883307,0.633994,0.808957,0.000000,0.440356,0.454117,NA,0.000000,0.000000,24;25,/home/jukebox/DPUmesh/bench/report/data/l4-20260728-113431/raw/mpstat/load-1024-q6-envoy-strict-r2.txt,NA,ok,1,0.999870,0.999992,0.000134,clean
load-1024-q6-dpumesh-preload-r2,load,dpumesh-preload,1024,8,4,const,6,125923,125923,2,10.000,125050.000,1.0244,58449.00,133049.00,140292.00,173525.00,198089.00,62572.08,28.69,201262.95,1249699,1259226,8727,0,0,0,0,0.976299,0.247301,0.728998,0.811265,0.181321,0.629945,0.000000,0.000000,0.000000,0.000000,0.000000,0.000000,1.787564,0.428622,1.358943,1.704756,0.410204,1.294552,0.000000,0.000000,0.069843,3.592242,0.000000,0.000000,18;19,/home/jukebox/DPUmesh/bench/report/data/l4-20260728-113431/raw/mpstat/load-1024-q6-dpumesh-preload-r2.txt,NA,ok,0,0.993067,0.999997,0.000000,p99
load-1024-q6-dpumesh-native-r2,load,dpumesh-native,1024,8,4,const,6,3000000,3000000,2,10.000,3000044.000,24.5764,224.00,422.00,663.00,1481.00,3698.00,248.99,75.20,7128.88,29998444,29999938,694,0,0,0,0,0.674754,0.499979,0.174774,0.448405,0.281961,0.166444,0.000000,0.000000,0.000000,0.000000,0.000000,0.000000,1.123159,0.781940,0.341218,1.076293,0.751634,0.324659,0.000000,0.000000,0.033450,3.954459,0.000000,0.000000,26;27,/home/jukebox/DPUmesh/bench/report/data/l4-20260728-113431/raw/mpstat/load-1024-q6-dpumesh-native-r2.txt,NA,ok,1,1.000015,0.999998,0.000000,clean
load-1024-q6-plain-r2,load,plain,1024,8,4,const,6,476937,476937,2,10.000,258678.000,2.1191,167.00,3094.00,5361.00,9091.00,12722.00,699.14,7.11,18339.07,2584791,4768633,72,0,2182970,0,0,0.984414,0.068710,0.915704,0.852763,0.031920,0.820843,0.000000,0.000000,0.000000,0.000000,0.000000,0.000000,1.837177,0.100630,1.736547,1.826851,0.101328,0.963106,0.000000,0.762418,0.969008,NA,0.000000,0.000000,20;21,/home/jukebox/DPUmesh/bench/report/data/l4-20260728-113431/raw/mpstat/load-1024-q6-plain-r2.txt,NA,ok,0,0.542374,0.999845,0.457777,achieved+generator_drop
load-1024-q6-envoy-permissive-r2,load,envoy-permissive,1024,8,4,const,6,936939,936939,2,10.000,935765.000,7.6658,624.00,860.00,977.00,1326.00,6820.00,613.98,132.00,7968.95,9355180,9369257,734,0,12543,0,0,0.489218,0.085524,0.403695,0.164617,0.027134,0.137483,0.495265,0.091117,0.404148,0.521683,0.080823,0.440861,1.670783,0.284598,1.386187,1.670203,0.285253,1.005269,0.000000,0.379681,0.392468,NA,0.000000,0.000000,22;23,/home/jukebox/DPUmesh/bench/report/data/l4-20260728-113431/raw/mpstat/load-1024-q6-envoy-permissive-r2.txt,NA,ok,0,0.998747,0.999986,0.001339,generator_drop
load-1024-q5-envoy-permissive-r2,load,envoy-permissive,1024,8,4,const,5,796398,796398,2,10.000,796369.000,6.5239,462.00,637.00,914.00,1089.00,1234.00,463.14,116.05,1518.10,7962201,7963853,315,0,537,0,0,0.451754,0.082741,0.369012,0.146641,0.021372,0.125269,0.532496,0.094854,0.437643,0.557342,0.108334,0.449008,1.688233,0.307301,1.380932,1.674755,0.304859,0.961780,0.000000,0.408117,0.424835,NA,0.000000,0.000000,22;23,/home/jukebox/DPUmesh/bench/report/data/l4-20260728-113431/raw/mpstat/load-1024-q5-envoy-permissive-r2.txt,NA,ok,1,0.999964,0.999984,0.000067,clean
load-1024-q5-envoy-strict-r2,load,envoy-strict,1024,8,4,const,5,557647,557647,2,10.000,557640.000,4.5682,468.00,576.00,683.00,803.00,1300.00,470.89,156.87,1877.25,5575235,5576417,198,0,184,0,0,0.218801,0.044817,0.173984,0.143175,0.018997,0.124178,0.765164,0.266258,0.498906,0.836674,0.312015,0.524658,1.963814,0.642087,1.321726,1.965175,0.631137,0.840533,0.000000,0.493506,0.507269,NA,0.000000,0.000000,24;25,/home/jukebox/DPUmesh/bench/report/data/l4-20260728-113431/raw/mpstat/load-1024-q5-envoy-strict-r2.txt,NA,ok,1,0.999987,0.999990,0.000033,clean
load-1024-q5-dpumesh-preload-r2,load,dpumesh-preload,1024,8,4,const,5,113331,113331,2,10.000,113329.000,0.9284,353.00,531.00,627.00,1047.00,1786.00,360.03,80.40,2520.75,1132476,1133310,34,0,0,0,0,0.975042,0.228120,0.746922,0.809423,0.203524,0.605900,0.000000,0.000000,0.000000,0.000000,0.000000,0.000000,1.784465,0.431644,1.352822,1.781733,0.430922,1.350811,0.000000,0.000000,0.087562,3.319431,0.000000,0.000000,18;19,/home/jukebox/DPUmesh/bench/report/data/l4-20260728-113431/raw/mpstat/load-1024-q5-dpumesh-preload-r2.txt,NA,ok,1,0.999982,1.000000,0.000000,clean
load-1024-q5-dpumesh-native-r2,load,dpumesh-native,1024,8,4,const,5,2550000,2550000,2,10.000,2549983.000,20.8895,203.00,262.00,304.00,1533.00,4977.00,208.09,70.68,6992.10,25498141,25499746,450,0,355,0,0,0.599712,0.440799,0.158914,0.434663,0.257676,0.176987,0.000000,0.000000,0.000000,0.000000,0.000000,0.000000,1.034375,0.698475,0.335901,1.042700,0.702347,0.340353,0.000000,0.000000,0.052135,4.002838,0.000000,0.000000,26;27,/home/jukebox/DPUmesh/bench/report/data/l4-20260728-113431/raw/mpstat/load-1024-q5-dpumesh-native-r2.txt,NA,ok,1,0.999993,0.999990,0.000014,clean
load-1024-q5-plain-r2,load,plain,1024,8,4,const,5,405396,405396,2,10.000,405398.000,3.3210,121.00,304.00,386.00,489.00,585.00,136.62,7.04,3308.10,4051529,4053954,7,0,1618,0,0,0.984560,0.074701,0.909859,0.815151,0.038779,0.776372,0.000000,0.000000,0.000000,0.000000,0.000000,0.000000,1.799711,0.113480,1.686231,1.780745,0.113141,0.872663,0.000000,0.794940,0.967112,NA,0.000000,0.000000,20;21,/home/jukebox/DPUmesh/bench/report/data/l4-20260728-113431/raw/mpstat/load-1024-q5-plain-r2.txt,NA,ok,1,1.000005,0.999999,0.000399,clean
load-1024-q4-plain-r2,load,plain,1024,8,4,const,4,113331,113331,2,10.000,113330.000,0.9284,77.00,117.00,135.00,157.00,219.00,79.05,9.70,511.57,1132502,1133309,7,0,0,0,0,0.984157,0.051903,0.932254,0.910930,0.027032,0.883897,0.000000,0.000000,0.000000,0.000000,0.000000,0.000000,1.895087,0.078935,1.816151,1.881828,0.078696,0.908943,0.000000,0.894188,0.951243,NA,0.000000,0.000000,20;21,/home/jukebox/DPUmesh/bench/report/data/l4-20260728-113431/raw/mpstat/load-1024-q4-plain-r2.txt,NA,ok,1,0.999991,0.999999,0.000000,clean
load-1024-q4-envoy-permissive-r2,load,envoy-permissive,1024,8,4,const,4,113331,113331,2,10.000,113330.000,0.9284,256.00,322.00,384.00,418.00,574.00,260.21,93.26,889.40,1132482,1133306,24,0,0,0,0,0.241688,0.030827,0.210861,0.184872,0.014592,0.170280,0.742620,0.169478,0.573142,0.797721,0.161676,0.636044,1.966901,0.376573,1.590327,1.967936,0.376671,0.954956,0.000000,0.636309,0.723839,NA,0.000000,0.000000,22;23,/home/jukebox/DPUmesh/bench/report/data/l4-20260728-113431/raw/mpstat/load-1024-q4-envoy-permissive-r2.txt,NA,ok,1,0.999991,0.999996,0.000000,clean
load-1024-q4-envoy-strict-r2,load,envoy-strict,1024,8,4,const,4,113331,113331,2,10.000,113329.000,0.9284,285.00,345.00,410.00,453.00,641.00,286.91,96.49,982.03,1132475,1133302,27,0,0,0,0,0.221287,0.024365,0.196922,0.170332,0.010378,0.159954,0.762864,0.197000,0.565864,0.811670,0.220709,0.590961,1.966153,0.452452,1.513701,1.969487,0.457220,0.899691,0.000000,0.612576,0.668623,NA,0.000000,0.000000,24;25,/home/jukebox/DPUmesh/bench/report/data/l4-20260728-113431/raw/mpstat/load-1024-q4-envoy-strict-r2.txt,NA,ok,1,0.999982,0.999993,0.000000,clean
load-1024-q4-dpumesh-preload-r2,load,dpumesh-preload,1024,8,4,const,4,107035,107035,2,10.000,107032.000,0.8768,233.00,382.00,450.00,722.00,3154.00,246.08,73.08,4143.52,1069512,1070349,37,0,0,0,0,0.972166,0.262636,0.709530,0.807379,0.182826,0.624553,0.000000,0.000000,0.000000,0.000000,0.000000,0.000000,1.779545,0.445462,1.334083,1.773759,0.444670,1.329090,0.000000,0.000000,0.096411,3.528463,0.000000,0.000000,18;19,/home/jukebox/DPUmesh/bench/report/data/l4-20260728-113431/raw/mpstat/load-1024-q4-dpumesh-preload-r2.txt,NA,ok,1,0.999972,0.999999,0.000000,clean
load-1024-q4-dpumesh-native-r2,load,dpumesh-native,1024,8,4,const,4,113331,113331,2,10.000,113330.000,0.9284,212.00,411.00,536.00,940.00,2108.00,234.79,58.10,3100.09,1132486,1133308,22,0,0,0,0,0.220601,0.093738,0.126863,0.298868,0.082306,0.216562,0.000000,0.000000,0.000000,0.000000,0.000000,0.000000,0.519469,0.176044,0.343425,0.445638,0.142644,0.302995,0.000000,0.000000,0.023610,3.071090,0.000000,0.000000,26;27,/home/jukebox/DPUmesh/bench/report/data/l4-20260728-113431/raw/mpstat/load-1024-q4-dpumesh-native-r2.txt,NA,ok,1,0.999991,0.999998,0.000000,clean
load-1024-q3-dpumesh-native-r2,load,dpumesh-native,1024,8,4,const,3,94442,94442,2,10.000,94442.000,0.7737,212.00,390.00,504.00,693.00,2420.00,230.45,58.10,3308.21,943592,944419,27,0,0,0,0,0.211610,0.072159,0.139451,0.299385,0.073323,0.226062,0.000000,0.000000,0.000000,0.000000,0.000000,0.000000,0.510995,0.145482,0.365513,0.508591,0.150511,0.358079,0.000000,0.000000,0.028528,2.850520,0.000000,0.000000,26;27,/home/jukebox/DPUmesh/bench/report/data/l4-20260728-113431/raw/mpstat/load-1024-q3-dpumesh-native-r2.txt,NA,ok,1,1.000000,0.999999,0.000000,clean
load-1024-q3-plain-r2,load,plain,1024,8,4,const,3,94442,94442,2,10.000,94441.000,0.7737,59.00,102.00,124.00,158.00,253.00,61.85,12.36,483.80,943615,944419,4,0,0,0,0,0.928371,0.060690,0.867680,0.819981,0.022618,0.797363,0.000000,0.000000,0.000000,0.000000,0.000000,0.000000,1.748352,0.083308,1.665043,1.669451,0.079685,0.820461,0.000000,0.769305,0.874568,NA,0.000000,0.000000,20;21,/home/jukebox/DPUmesh/bench/report/data/l4-20260728-113431/raw/mpstat/load-1024-q3-plain-r2.txt,NA,ok,1,0.999989,0.999999,0.000000,clean
load-1024-q3-envoy-permissive-r2,load,envoy-permissive,1024,8,4,const,3,94442,94442,2,10.000,94443.000,0.7737,274.00,331.00,360.00,425.00,595.00,274.19,104.09,806.86,943597,944417,20,0,0,0,0,0.244522,0.029602,0.214920,0.177730,0.009931,0.167799,0.739793,0.174687,0.565106,0.792060,0.151997,0.640062,1.954105,0.366217,1.587887,1.957103,0.365850,0.960849,0.000000,0.630403,0.706131,NA,0.000000,0.000000,22;23,/home/jukebox/DPUmesh/bench/report/data/l4-20260728-113431/raw/mpstat/load-1024-q3-envoy-permissive-r2.txt,NA,ok,1,1.000011,0.999997,0.000000,clean
load-1024-q3-envoy-strict-r2,load,envoy-strict,1024,8,4,const,3,94442,94442,2,10.000,94441.000,0.7737,282.00,343.00,407.00,450.00,602.00,283.36,96.20,895.17,943592,944412,20,0,0,0,0,0.221733,0.027666,0.194067,0.171529,0.010058,0.161471,0.762546,0.207658,0.554888,0.810069,0.219895,0.590174,1.965877,0.465277,1.500600,1.965778,0.464156,0.909627,0.000000,0.591995,0.670666,NA,0.000000,0.000000,24;25,/home/jukebox/DPUmesh/bench/report/data/l4-20260728-113431/raw/mpstat/load-1024-q3-envoy-strict-r2.txt,NA,ok,1,0.999989,0.999992,0.000000,clean
load-1024-q3-dpumesh-preload-r2,load,dpumesh-preload,1024,8,4,const,3,94442,94442,2,10.000,94441.000,0.7737,167.00,228.00,276.00,472.00,1615.00,172.43,69.73,2820.96,943602,944420,18,0,0,0,0,0.912688,0.236935,0.675752,0.777836,0.185631,0.592205,0.000000,0.000000,0.000000,0.000000,0.000000,0.000000,1.690524,0.422566,1.267957,1.674824,0.418952,1.255872,0.000000,0.000000,0.086544,3.316588,0.000000,0.000000,18;19,/home/jukebox/DPUmesh/bench/report/data/l4-20260728-113431/raw/mpstat/load-1024-q3-dpumesh-preload-r2.txt,NA,ok,1,0.999989,1.000000,0.000000,clean
load-1024-q2-dpumesh-preload-r2,load,dpumesh-preload,1024,8,4,const,2,62962,62962,2,10.000,62961.000,0.5158,164.00,263.00,298.00,478.00,1417.00,175.79,70.40,2299.47,628811,629620,9,0,0,0,0,0.814052,0.218829,0.595224,0.682287,0.155440,0.526847,0.000000,0.000000,0.000000,0.000000,0.000000,0.000000,1.496339,0.374269,1.122071,1.466711,0.367907,1.097820,0.000000,0.000984,0.082632,3.305503,0.000000,0.000000,18;19,/home/jukebox/DPUmesh/bench/report/data/l4-20260728-113431/raw/mpstat/load-1024-q2-dpumesh-preload-r2.txt,NA,ok,1,0.999984,1.000000,0.000000,clean
load-1024-q2-dpumesh-native-r2,load,dpumesh-native,1024,8,4,const,2,62962,62962,2,10.000,62961.000,0.5158,213.00,418.00,556.00,2368.00,8869.00,242.24,56.73,9884.88,628807,629620,13,0,0,0,0,0.211975,0.076338,0.135637,0.278458,0.080019,0.198440,0.000000,0.000000,0.000000,0.000000,0.000000,0.000000,0.490433,0.156357,0.334077,0.475190,0.154461,0.320728,0.000000,0.000000,0.029515,3.000000,0.000000,0.000000,26;27,/home/jukebox/DPUmesh/bench/report/data/l4-20260728-113431/raw/mpstat/load-1024-q2-dpumesh-native-r2.txt,NA,ok,1,0.999984,1.000000,0.000000,clean
load-1024-q2-plain-r2,load,plain,1024,8,4,const,2,62962,62962,2,10.000,62961.000,0.5158,63.00,102.00,111.00,331.00,1403.00,61.23,12.66,1912.56,628819,629619,0,0,0,0,0,0.681781,0.054761,0.627020,0.519124,0.015084,0.504040,0.000000,0.000000,0.000000,0.000000,0.000000,0.000000,1.200905,0.069845,1.131060,1.168762,0.067883,0.591268,0.000000,0.509612,0.570608,NA,0.000000,0.000000,20;21,/home/jukebox/DPUmesh/bench/report/data/l4-20260728-113431/raw/mpstat/load-1024-q2-plain-r2.txt,NA,ok,1,0.999984,0.999998,0.000000,clean
load-1024-q2-envoy-permissive-r2,load,envoy-permissive,1024,8,4,const,2,62962,62962,2,10.000,62961.000,0.5158,252.00,315.00,371.00,403.00,532.00,255.74,91.42,796.04,628803,629617,14,0,0,0,0,0.242336,0.024459,0.217877,0.189309,0.010804,0.178505,0.741987,0.171181,0.570807,0.793118,0.178965,0.614152,1.966750,0.385409,1.581341,1.969073,0.386536,0.970767,0.000000,0.611770,0.708158,NA,0.000000,0.000000,22;23,/home/jukebox/DPUmesh/bench/report/data/l4-20260728-113431/raw/mpstat/load-1024-q2-envoy-permissive-r2.txt,NA,ok,1,0.999984,0.999995,0.000000,clean
load-1024-q2-envoy-strict-r2,load,envoy-strict,1024,8,4,const,2,62962,62962,2,10.000,62962.000,0.5158,270.00,333.00,389.00,438.00,626.00,270.96,93.11,892.65,628807,629620,13,0,0,0,0,0.226296,0.023505,0.202791,0.173800,0.012940,0.160860,0.758177,0.211276,0.546901,0.807018,0.218577,0.588441,1.965291,0.466298,1.498993,1.968170,0.472125,0.918676,0.000000,0.577369,0.655073,NA,0.000000,0.000000,24;25,/home/jukebox/DPUmesh/bench/report/data/l4-20260728-113431/raw/mpstat/load-1024-q2-envoy-strict-r2.txt,NA,ok,1,1.000000,1.000000,0.000000,clean
load-1024-q1-envoy-strict-r2,load,envoy-strict,1024,8,4,const,1,31481,31481,2,10.000,31480.000,0.2579,232.00,308.00,329.00,368.00,548.00,226.01,68.73,799.41,314005,314812,7,0,0,0,0,0.231934,0.027562,0.204372,0.180572,0.013328,0.167244,0.726932,0.199270,0.527663,0.739731,0.210758,0.528973,1.879169,0.450918,1.428252,1.870219,0.451330,0.901678,0.000000,0.517211,0.626356,NA,0.000000,0.000000,24;25,/home/jukebox/DPUmesh/bench/report/data/l4-20260728-113431/raw/mpstat/load-1024-q1-envoy-strict-r2.txt,NA,ok,1,0.999968,1.000006,0.000000,clean
load-1024-q1-dpumesh-preload-r2,load,dpumesh-preload,1024,8,4,const,1,31481,31481,2,10.000,31481.000,0.2579,211.00,245.00,377.00,1161.00,9088.00,216.96,71.93,12727.48,314004,314812,8,0,0,0,0,0.440337,0.105748,0.334588,0.335108,0.076623,0.258485,0.000000,0.000000,0.000000,0.000000,0.000000,0.000000,0.775445,0.182371,0.593073,0.732674,0.173088,0.559586,0.000000,0.000000,0.037371,2.208531,0.000000,0.000000,18;19,/home/jukebox/DPUmesh/bench/report/data/l4-20260728-113431/raw/mpstat/load-1024-q1-dpumesh-preload-r2.txt,NA,ok,1,1.000000,1.000006,0.000000,clean
load-1024-q1-dpumesh-native-r2,load,dpumesh-native,1024,8,4,const,1,31481,31481,2,10.000,31480.000,0.2579,219.00,454.00,540.00,751.00,1928.00,255.73,61.57,2896.01,314000,314812,12,0,0,0,0,0.181360,0.063979,0.117381,0.175210,0.059355,0.115856,0.000000,0.000000,0.000000,0.000000,0.000000,0.000000,0.356570,0.123334,0.233237,0.323623,0.114104,0.209519,0.000000,0.000000,0.009837,1.988615,0.000000,0.000000,26;27,/home/jukebox/DPUmesh/bench/report/data/l4-20260728-113431/raw/mpstat/load-1024-q1-dpumesh-native-r2.txt,NA,ok,1,0.999968,1.000006,0.000000,clean
load-1024-q1-plain-r2,load,plain,1024,8,4,const,1,31481,31481,2,10.000,31477.000,0.2579,77.00,99.00,228.00,2026.00,9069.00,79.92,17.80,10085.71,313969,314810,2,0,39,0,0,0.468753,0.049188,0.419564,0.329553,0.015072,0.314481,0.000000,0.000000,0.000000,0.000000,0.000000,0.000000,0.798306,0.064260,0.734045,0.529382,0.053135,0.268627,0.000000,0.207620,0.241076,NA,0.000000,0.000000,20;21,/home/jukebox/DPUmesh/bench/report/data/l4-20260728-113431/raw/mpstat/load-1024-q1-plain-r2.txt,NA,ok,1,0.999873,1.000000,0.000124,clean
load-1024-q1-envoy-permissive-r2,load,envoy-permissive,1024,8,4,const,1,31481,31481,2,10.000,31480.000,0.2579,170.00,256.00,290.00,347.00,516.00,173.51,58.11,695.31,314004,314809,5,0,0,0,0,0.233033,0.025547,0.207486,0.184016,0.014979,0.169037,0.720113,0.160658,0.559455,0.720231,0.165560,0.554671,1.857393,0.366744,1.490649,1.851183,0.366892,0.906903,0.000000,0.577388,0.671816,NA,0.000000,0.000000,22;23,/home/jukebox/DPUmesh/bench/report/data/l4-20260728-113431/raw/mpstat/load-1024-q1-envoy-permissive-r2.txt,NA,ok,1,0.999968,0.999997,0.000000,clean
load-1024-q1-dpumesh-preload-r3,load,dpumesh-preload,1024,8,4,const,1,31481,31481,3,10.000,31481.000,0.2579,210.00,243.00,271.00,586.00,1744.00,205.20,59.43,2025.73,314004,314812,8,0,0,0,0,0.461882,0.117311,0.344571,0.354505,0.083212,0.271292,0.000000,0.000000,0.000000,0.000000,0.000000,0.000000,0.816387,0.200523,0.615863,0.765160,0.189815,0.575345,0.000000,0.000000,0.033439,2.452133,0.000000,0.000000,18;19,/home/jukebox/DPUmesh/bench/report/data/l4-20260728-113431/raw/mpstat/load-1024-q1-dpumesh-preload-r3.txt,NA,ok,1,1.000000,1.000006,0.000000,clean
load-1024-q1-dpumesh-native-r3,load,dpumesh-native,1024,8,4,const,1,31481,31481,3,10.000,31481.000,0.2579,208.00,407.00,520.00,1193.00,3369.00,228.90,56.97,4157.47,314005,314812,7,0,0,0,0,0.199762,0.060267,0.139494,0.176793,0.059010,0.117783,0.000000,0.000000,0.000000,0.000000,0.000000,0.000000,0.376555,0.119277,0.257277,0.324616,0.100336,0.224280,0.000000,0.000000,0.014755,2.142101,0.000000,0.000000,26;27,/home/jukebox/DPUmesh/bench/report/data/l4-20260728-113431/raw/mpstat/load-1024-q1-dpumesh-native-r3.txt,NA,ok,1,1.000000,1.000006,0.000000,clean
load-1024-q1-plain-r3,load,plain,1024,8,4,const,1,31481,31481,3,10.000,31481.000,0.2579,73.00,101.00,107.00,400.00,1820.00,70.73,18.33,2463.08,314009,314810,1,0,0,0,0,0.473090,0.044261,0.428829,0.335100,0.015373,0.319727,0.000000,0.000000,0.000000,0.000000,0.000000,0.000000,0.808190,0.059634,0.748556,0.504670,0.044269,0.252827,0.000000,0.207574,0.240038,NA,0.000000,0.000000,20;21,/home/jukebox/DPUmesh/bench/report/data/l4-20260728-113431/raw/mpstat/load-1024-q1-plain-r3.txt,NA,ok,1,1.000000,1.000000,0.000000,clean
load-1024-q1-envoy-permissive-r3,load,envoy-permissive,1024,8,4,const,1,31481,31481,3,10.000,31480.000,0.2579,199.00,287.00,313.00,436.00,7064.00,206.81,65.44,8119.39,314006,314811,5,0,0,0,0,0.241939,0.026016,0.215923,0.184321,0.015167,0.169154,0.736745,0.170270,0.566476,0.708195,0.161607,0.546588,1.871200,0.373060,1.498141,1.871551,0.374704,0.931350,0.000000,0.565498,0.660895,NA,0.000000,0.000000,22;23,/home/jukebox/DPUmesh/bench/report/data/l4-20260728-113431/raw/mpstat/load-1024-q1-envoy-permissive-r3.txt,NA,ok,1,0.999968,1.000003,0.000000,clean
load-1024-q1-envoy-strict-r3,load,envoy-strict,1024,8,4,const,1,31481,31481,3,10.000,31481.000,0.2579,277.00,340.00,361.00,431.00,833.00,258.15,76.25,1347.52,314006,314811,5,0,0,0,0,0.228782,0.025273,0.203509,0.171059,0.013333,0.157726,0.754385,0.211726,0.542659,0.710907,0.199869,0.511038,1.865133,0.450201,1.414932,1.860743,0.451417,0.864478,0.000000,0.544848,0.634344,NA,0.000000,0.000000,24;25,/home/jukebox/DPUmesh/bench/report/data/l4-20260728-113431/raw/mpstat/load-1024-q1-envoy-strict-r3.txt,NA,ok,1,1.000000,1.000003,0.000000,clean
load-1024-q2-dpumesh-native-r3,load,dpumesh-native,1024,8,4,const,2,62962,62962,3,10.000,62961.000,0.5158,212.00,388.00,503.00,1532.00,6317.00,233.24,57.39,7294.52,628809,629620,11,0,0,0,0,0.209199,0.062033,0.147165,0.280766,0.071355,0.209411,0.000000,0.000000,0.000000,0.000000,0.000000,0.000000,0.489965,0.133388,0.356576,0.545021,0.168229,0.376793,0.000000,0.000000,0.036400,2.802657,0.000000,0.000000,26;27,/home/jukebox/DPUmesh/bench/report/data/l4-20260728-113431/raw/mpstat/load-1024-q2-dpumesh-native-r3.txt,NA,ok,1,0.999984,1.000000,0.000000,clean
load-1024-q2-plain-r3,load,plain,1024,8,4,const,2,62962,62962,3,10.000,62961.000,0.5158,63.00,103.00,116.00,566.00,2840.00,62.77,10.28,3416.48,628819,629620,1,0,0,0,0,0.701997,0.052023,0.649974,0.524362,0.017780,0.506582,0.000000,0.000000,0.000000,0.000000,0.000000,0.000000,1.226359,0.069803,1.156556,1.153917,0.066894,0.566629,0.000000,0.520394,0.573515,NA,0.000000,0.000000,20;21,/home/jukebox/DPUmesh/bench/report/data/l4-20260728-113431/raw/mpstat/load-1024-q2-plain-r3.txt,NA,ok,1,0.999984,1.000000,0.000000,clean
load-1024-q2-envoy-permissive-r3,load,envoy-permissive,1024,8,4,const,2,62962,62962,3,10.000,62961.000,0.5158,272.00,346.00,372.00,433.00,597.00,267.98,89.75,972.44,628804,629617,13,0,0,0,0,0.251352,0.020572,0.230781,0.170854,0.004612,0.166242,0.732808,0.164942,0.567866,0.743860,0.156702,0.587158,1.898874,0.346828,1.552047,1.902767,0.348103,0.941058,0.000000,0.613605,0.699156,NA,0.000000,0.000000,22;23,/home/jukebox/DPUmesh/bench/report/data/l4-20260728-113431/raw/mpstat/load-1024-q2-envoy-permissive-r3.txt,NA,ok,1,0.999984,0.999995,0.000000,clean
load-1024-q2-envoy-strict-r3,load,envoy-strict,1024,8,4,const,2,62962,62962,3,10.000,62961.000,0.5158,308.00,378.00,422.00,485.00,645.00,303.89,102.68,865.67,628803,629619,16,0,0,0,0,0.224127,0.033071,0.191057,0.171080,0.012692,0.158388,0.760181,0.222379,0.537802,0.788643,0.201146,0.587498,1.944031,0.469288,1.474745,1.943200,0.469082,0.886044,0.000000,0.588074,0.668713,NA,0.000000,0.000000,24;25,/home/jukebox/DPUmesh/bench/report/data/l4-20260728-113431/raw/mpstat/load-1024-q2-envoy-strict-r3.txt,NA,ok,1,0.999984,0.999998,0.000000,clean
load-1024-q2-dpumesh-preload-r3,load,dpumesh-preload,1024,8,4,const,2,62962,62962,3,10.000,62962.000,0.5158,164.00,219.00,256.00,488.00,2184.00,169.72,69.66,3063.08,628810,629619,9,0,0,0,0,0.802378,0.210078,0.592299,0.685589,0.175589,0.510000,0.000000,0.000000,0.000000,0.000000,0.000000,0.000000,1.487967,0.385667,1.102299,1.438155,0.373802,1.064353,0.000000,0.000000,0.076728,3.142992,0.000000,0.000000,18;19,/home/jukebox/DPUmesh/bench/report/data/l4-20260728-113431/raw/mpstat/load-1024-q2-dpumesh-preload-r3.txt,NA,ok,1,1.000000,0.999998,0.000000,clean
load-1024-q3-plain-r3,load,plain,1024,8,4,const,3,94442,94442,3,10.000,94386.000,0.7732,51.00,100.00,120.00,167.00,8247.00,58.72,13.17,9376.20,943063,944416,3,0,550,0,0,0.868167,0.059360,0.808807,0.790753,0.024625,0.766128,0.000000,0.000000,0.000000,0.000000,0.000000,0.000000,1.658920,0.083985,1.574935,1.514232,0.075761,0.748753,0.000000,0.689718,0.802868,NA,0.000000,0.000000,20;21,/home/jukebox/DPUmesh/bench/report/data/l4-20260728-113431/raw/mpstat/load-1024-q3-plain-r3.txt,NA,ok,1,0.999407,0.999996,0.000582,clean
load-1024-q3-envoy-permissive-r3,load,envoy-permissive,1024,8,4,const,3,94442,94442,3,10.000,94441.000,0.7737,287.00,356.00,426.00,477.00,599.00,287.67,108.14,952.20,943596,944418,22,0,0,0,0,0.240971,0.030313,0.210657,0.189569,0.015233,0.174335,0.743280,0.186973,0.556307,0.783245,0.159163,0.624082,1.957065,0.391682,1.565381,1.956976,0.391395,0.974554,0.000000,0.591026,0.679533,NA,0.000000,0.000000,22;23,/home/jukebox/DPUmesh/bench/report/data/l4-20260728-113431/raw/mpstat/load-1024-q3-envoy-permissive-r3.txt,NA,ok,1,0.999989,0.999998,0.000000,clean
load-1024-q3-envoy-strict-r3,load,envoy-strict,1024,8,4,const,3,94442,94442,3,10.000,94441.000,0.7737,303.00,381.00,404.00,454.00,734.00,296.07,99.33,1102.79,943589,944410,21,0,0,0,0,0.229808,0.029410,0.200398,0.163470,0.006665,0.156805,0.754469,0.220208,0.534261,0.777758,0.212884,0.564874,1.925505,0.469167,1.456338,1.923545,0.471052,0.864415,0.000000,0.588078,0.641182,NA,0.000000,0.000000,24;25,/home/jukebox/DPUmesh/bench/report/data/l4-20260728-113431/raw/mpstat/load-1024-q3-envoy-strict-r3.txt,NA,ok,1,0.999989,0.999989,0.000000,clean
load-1024-q3-dpumesh-preload-r3,load,dpumesh-preload,1024,8,4,const,3,94442,94442,3,10.000,94441.000,0.7737,174.00,281.00,326.00,431.00,1439.00,185.91,70.56,2238.89,943604,944421,17,0,0,0,0,0.920033,0.242591,0.677442,0.790163,0.190890,0.599273,0.000000,0.000000,0.000000,0.000000,0.000000,0.000000,1.710196,0.433481,1.276715,1.691955,0.428891,1.263064,0.000000,0.000000,0.127880,3.459716,0.000000,0.000000,18;19,/home/jukebox/DPUmesh/bench/report/data/l4-20260728-113431/raw/mpstat/load-1024-q3-dpumesh-preload-r3.txt,NA,ok,1,0.999989,1.000001,0.000000,clean
load-1024-q3-dpumesh-native-r3,load,dpumesh-native,1024,8,4,const,3,94442,94442,3,10.000,94441.000,0.7737,211.00,405.00,525.00,746.00,2448.00,232.94,56.98,3414.80,943605,944420,15,0,0,0,0,0.218877,0.084990,0.133887,0.302038,0.086781,0.215257,0.000000,0.000000,0.000000,0.000000,0.000000,0.000000,0.520915,0.171771,0.349144,0.464308,0.146572,0.317736,0.000000,0.000000,0.028527,2.879082,0.000000,0.000000,26;27,/home/jukebox/DPUmesh/bench/report/data/l4-20260728-113431/raw/mpstat/load-1024-q3-dpumesh-native-r3.txt,NA,ok,1,0.999989,1.000000,0.000000,clean
load-1024-q4-envoy-permissive-r3,load,envoy-permissive,1024,8,4,const,4,113331,113331,3,10.000,113329.000,0.9284,294.00,363.00,435.00,470.00,606.00,296.90,110.58,812.68,1132475,1133304,29,0,0,0,0,0.245742,0.026399,0.219342,0.192019,0.017321,0.174698,0.738419,0.164236,0.574182,0.790422,0.167282,0.623141,1.966602,0.375238,1.591363,1.966648,0.376613,0.974474,0.000000,0.615561,0.720776,NA,0.000000,0.000000,22;23,/home/jukebox/DPUmesh/bench/report/data/l4-20260728-113431/raw/mpstat/load-1024-q4-envoy-permissive-r3.txt,NA,ok,1,0.999982,0.999995,0.000000,clean
load-1024-q4-envoy-strict-r3,load,envoy-strict,1024,8,4,const,4,113331,113331,3,10.000,113330.000,0.9284,319.00,390.00,457.00,513.00,714.00,319.94,106.46,1090.83,1132474,1133304,30,0,0,0,0,0.229548,0.028653,0.200896,0.170165,0.012973,0.157192,0.754621,0.242242,0.512379,0.807462,0.226717,0.580745,1.961796,0.510585,1.451212,1.963678,0.515257,0.870233,0.000000,0.578189,0.673570,NA,0.000000,0.000000,24;25,/home/jukebox/DPUmesh/bench/report/data/l4-20260728-113431/raw/mpstat/load-1024-q4-envoy-strict-r3.txt,NA,ok,1,0.999991,0.999995,0.000000,clean
load-1024-q4-dpumesh-preload-r3,load,dpumesh-preload,1024,8,4,const,4,107035,107035,3,10.000,107034.000,0.8768,172.00,242.00,304.00,505.00,1409.00,177.28,69.83,2431.54,1069532,1070351,19,0,0,0,0,0.931740,0.239433,0.692307,0.833829,0.196415,0.637414,0.000000,0.000000,0.000000,0.000000,0.000000,0.000000,1.765569,0.435848,1.329721,1.745019,0.430845,1.314175,0.000000,0.000000,0.120007,3.426136,0.000000,0.000000,18;19,/home/jukebox/DPUmesh/bench/report/data/l4-20260728-113431/raw/mpstat/load-1024-q4-dpumesh-preload-r3.txt,NA,ok,1,0.999991,1.000001,0.000000,clean
load-1024-q4-dpumesh-native-r3,load,dpumesh-native,1024,8,4,const,4,113331,113331,3,10.000,113331.000,0.9284,218.00,438.00,544.00,688.00,1169.00,249.85,57.07,1701.61,1132489,1133310,21,0,0,0,0,0.207858,0.080654,0.127203,0.289870,0.074413,0.215456,0.000000,0.000000,0.000000,0.000000,0.000000,0.000000,0.497728,0.155067,0.342659,0.475098,0.147546,0.327552,0.000000,0.000000,0.027542,2.828273,0.000000,0.000000,26;27,/home/jukebox/DPUmesh/bench/report/data/l4-20260728-113431/raw/mpstat/load-1024-q4-dpumesh-native-r3.txt,NA,ok,1,1.000000,1.000000,0.000000,clean
load-1024-q4-plain-r3,load,plain,1024,8,4,const,4,113331,113331,3,10.000,113330.000,0.9284,68.00,104.00,117.00,137.00,183.00,70.58,16.70,388.35,1132500,1133306,6,0,0,0,0,0.983070,0.049880,0.933190,0.929390,0.024320,0.905070,0.000000,0.000000,0.000000,0.000000,0.000000,0.000000,1.912460,0.074200,1.838260,1.903618,0.074767,0.921804,0.000000,0.907047,1.080193,NA,0.000000,0.000000,20;21,/home/jukebox/DPUmesh/bench/report/data/l4-20260728-113431/raw/mpstat/load-1024-q4-plain-r3.txt,NA,ok,1,0.999991,0.999996,0.000000,clean
load-1024-q5-envoy-strict-r3,load,envoy-strict,1024,8,4,const,5,557647,557647,3,10.000,557648.000,4.5683,438.00,546.00,625.00,762.00,1218.00,438.52,160.57,1718.64,5575298,5576441,201,0,142,0,0,0.220027,0.044713,0.175314,0.143737,0.016739,0.126998,0.764056,0.254243,0.509813,0.816775,0.292210,0.524565,1.944595,0.607905,1.336690,1.946649,0.607591,0.858295,0.000000,0.480763,0.498460,NA,0.000000,0.000000,24;25,/home/jukebox/DPUmesh/bench/report/data/l4-20260728-113431/raw/mpstat/load-1024-q5-envoy-strict-r3.txt,NA,ok,1,1.000002,0.999995,0.000025,clean
load-1024-q5-dpumesh-preload-r3,load,dpumesh-preload,1024,8,4,const,5,113331,113331,3,10.000,113328.000,0.9284,227.00,428.00,585.00,2227.00,9591.00,255.41,72.98,12746.14,1132465,1133308,43,0,0,0,0,0.969450,0.245342,0.724108,0.830584,0.183069,0.647515,0.000000,0.000000,0.000000,0.000000,0.000000,0.000000,1.800034,0.428411,1.371623,1.772394,0.422935,1.349459,0.000000,0.000000,0.080653,3.560190,0.000000,0.000000,18;19,/home/jukebox/DPUmesh/bench/report/data/l4-20260728-113431/raw/mpstat/load-1024-q5-dpumesh-preload-r3.txt,NA,ok,1,0.999974,0.999998,0.000000,clean
load-1024-q5-dpumesh-native-r3,load,dpumesh-native,1024,8,4,const,5,2550000,2550000,3,10.000,2549736.000,20.8874,222.00,416.00,626.00,1403.00,12526.00,248.44,63.69,15915.65,25494109,25499709,926,0,3874,0,0,0.599443,0.445640,0.153804,0.433533,0.272164,0.161369,0.000000,0.000000,0.000000,0.000000,0.000000,0.000000,1.032976,0.717804,0.315173,1.032975,0.715212,0.317763,0.000000,0.000000,0.032465,3.925189,0.000000,0.000000,26;27,/home/jukebox/DPUmesh/bench/report/data/l4-20260728-113431/raw/mpstat/load-1024-q5-dpumesh-native-r3.txt,NA,ok,1,0.999896,0.999989,0.000152,clean
load-1024-q5-plain-r3,load,plain,1024,8,4,const,5,405396,405396,3,10.000,405392.000,3.3210,105.00,183.00,226.00,286.00,337.00,108.37,5.53,581.84,4052818,4053950,24,0,308,0,0,0.976126,0.063249,0.912877,0.930409,0.030023,0.900385,0.000000,0.000000,0.000000,0.000000,0.000000,0.000000,1.906535,0.093272,1.813262,1.901886,0.092561,0.874946,0.000000,0.934380,1.085400,NA,0.000000,0.000000,20;21,/home/jukebox/DPUmesh/bench/report/data/l4-20260728-113431/raw/mpstat/load-1024-q5-plain-r3.txt,NA,ok,1,0.999990,0.999998,0.000076,clean
load-1024-q5-envoy-permissive-r3,load,envoy-permissive,1024,8,4,const,5,796398,796398,3,10.000,796376.000,6.5239,474.00,643.00,899.00,1060.00,1190.00,469.36,117.57,1605.25,7962116,7963920,334,0,670,0,0,0.458168,0.085529,0.372639,0.143029,0.019604,0.123424,0.526282,0.108720,0.417561,0.544131,0.095774,0.448358,1.671610,0.309627,1.361982,1.640612,0.304910,0.937352,0.000000,0.398350,0.411137,NA,0.000000,0.000000,22;23,/home/jukebox/DPUmesh/bench/report/data/l4-20260728-113431/raw/mpstat/load-1024-q5-envoy-permissive-r3.txt,NA,ok,1,0.999972,0.999992,0.000084,clean
load-1024-q6-dpumesh-preload-r3,load,dpumesh-preload,1024,8,4,const,6,125923,125923,3,10.000,124975.000,1.0238,58208.00,133004.00,141013.00,193688.00,203033.00,62538.81,25.21,206144.97,1248952,1259227,9475,0,0,0,0,0.977084,0.232230,0.744854,0.816971,0.197621,0.619351,0.000000,0.000000,0.000000,0.000000,0.000000,0.000000,1.794055,0.429851,1.364205,1.719355,0.413117,1.306238,0.000000,0.000000,0.060984,3.602844,0.000000,0.000000,18;19,/home/jukebox/DPUmesh/bench/report/data/l4-20260728-113431/raw/mpstat/load-1024-q6-dpumesh-preload-r3.txt,NA,ok,0,0.992472,0.999998,0.000000,p99
load-1024-q6-dpumesh-native-r3,load,dpumesh-native,1024,8,4,const,6,3000000,3000000,3,10.000,2999614.000,24.5728,209.00,287.00,336.00,2199.00,10050.00,219.75,75.10,11717.83,29994293,29999887,508,0,4286,0,0,0.674058,0.490997,0.183061,0.454580,0.262589,0.191991,0.000000,0.000000,0.000000,0.000000,0.000000,0.000000,1.128638,0.753586,0.375052,1.035955,0.701458,0.334496,0.000000,0.000000,0.035417,3.717564,0.000000,0.000000,26;27,/home/jukebox/DPUmesh/bench/report/data/l4-20260728-113431/raw/mpstat/load-1024-q6-dpumesh-native-r3.txt,NA,ok,1,0.999871,0.999996,0.000143,clean
load-1024-q6-plain-r3,load,plain,1024,8,4,const,6,476937,476937,3,10.000,298106.000,2.4421,194.00,2255.00,4276.00,8014.00,12792.00,552.96,6.66,16734.35,2978413,4768796,8,0,1789575,0,0,0.984031,0.076745,0.907286,0.823651,0.025927,0.797725,0.000000,0.000000,0.000000,0.000000,0.000000,0.000000,1.807682,0.102672,1.705011,1.784775,0.103308,0.940598,0.000000,0.740868,0.916985,NA,0.000000,0.000000,20;21,/home/jukebox/DPUmesh/bench/report/data/l4-20260728-113431/raw/mpstat/load-1024-q6-plain-r3.txt,NA,ok,0,0.625043,0.999880,0.375268,achieved+generator_drop
load-1024-q6-envoy-permissive-r3,load,envoy-permissive,1024,8,4,const,6,936939,936939,3,10.000,936884.000,7.6750,397.00,511.00,559.00,741.00,1160.00,390.05,106.43,1790.93,9367270,9369361,296,0,995,0,0,0.403610,0.070975,0.332635,0.172845,0.026095,0.146750,0.580671,0.102785,0.477886,0.662230,0.124813,0.537417,1.819356,0.324668,1.494688,1.816358,0.324525,1.035530,0.000000,0.456302,0.468103,NA,0.000000,0.000000,22;23,/home/jukebox/DPUmesh/bench/report/data/l4-20260728-113431/raw/mpstat/load-1024-q6-envoy-permissive-r3.txt,NA,ok,1,0.999941,0.999997,0.000106,clean
load-1024-q6-envoy-strict-r3,load,envoy-strict,1024,8,4,const,6,656055,656055,3,10.000,655980.000,5.3738,627.00,796.00,895.00,1342.00,5612.00,627.77,195.93,7123.14,6558430,6560452,360,0,862,0,0,0.246696,0.054919,0.191777,0.122258,0.021703,0.100555,0.737142,0.255228,0.481914,0.795649,0.310248,0.485401,1.901745,0.642098,1.259647,1.901968,0.641853,0.803053,0.000000,0.457062,0.468857,NA,0.000000,0.000000,24;25,/home/jukebox/DPUmesh/bench/report/data/l4-20260728-113431/raw/mpstat/load-1024-q6-envoy-strict-r3.txt,NA,ok,1,0.999886,0.999985,0.000131,clean
load-1024-q7-dpumesh-native-r3,load,dpumesh-native,1024,8,4,const,7,3150000,3150000,3,10.000,3150100.000,25.8056,228.00,426.00,638.00,957.00,1425.00,250.75,73.37,1956.34,31498808,31500186,578,0,0,0,0,0.698702,0.508430,0.190273,0.467562,0.286932,0.180630,0.000000,0.000000,0.000000,0.000000,0.000000,0.000000,1.166264,0.795362,0.370903,1.089092,0.748689,0.340403,0.000000,0.000000,0.034434,3.944129,0.000000,0.000000,26;27,/home/jukebox/DPUmesh/bench/report/data/l4-20260728-113431/raw/mpstat/load-1024-q7-dpumesh-native-r3.txt,NA,ok,1,1.000032,1.000006,0.000000,clean
load-1024-q7-plain-r3,load,plain,1024,8,4,const,7,500784,500784,3,10.000,484164.000,3.9663,147.00,540.00,837.00,1318.00,1840.00,195.62,5.67,3367.07,4839405,5007829,88,0,167536,0,0,0.975518,0.070102,0.905416,0.896247,0.042204,0.854043,0.000000,0.000000,0.000000,0.000000,0.000000,0.000000,1.871765,0.112306,1.759459,1.857890,0.111064,0.901179,0.000000,0.845647,0.998604,NA,0.000000,0.000000,20;21,/home/jukebox/DPUmesh/bench/report/data/l4-20260728-113431/raw/mpstat/load-1024-q7-plain-r3.txt,NA,ok,0,0.966812,0.999998,0.033455,achieved+generator_drop
load-1024-q7-envoy-permissive-r3,load,envoy-permissive,1024,8,4,const,7,983786,983786,3,10.000,983726.000,8.0587,419.00,556.00,623.00,1082.00,2152.00,415.64,112.48,3026.80,9835349,9837800,375,0,1276,0,0,0.432113,0.085781,0.346331,0.166178,0.029369,0.136809,0.552340,0.103426,0.448914,0.629776,0.113289,0.516488,1.780407,0.331865,1.448542,1.786150,0.333428,1.034708,0.000000,0.418014,0.436702,NA,0.000000,0.000000,22;23,/home/jukebox/DPUmesh/bench/report/data/l4-20260728-113431/raw/mpstat/load-1024-q7-envoy-permissive-r3.txt,NA,ok,1,0.999939,0.999994,0.000130,clean
load-1024-q7-envoy-strict-r3,load,envoy-strict,1024,8,4,const,7,688858,688858,3,10.000,687314.000,5.6305,770.00,1073.00,1172.00,1293.00,1725.00,776.02,230.57,2057.87,6871724,6888527,422,0,15581,0,0,0.242721,0.053840,0.188881,0.127332,0.016165,0.111167,0.740912,0.256275,0.484637,0.800590,0.303799,0.496791,1.911555,0.630079,1.281476,1.912381,0.629926,0.796006,0.000000,0.486448,0.496276,NA,0.000000,0.000000,24;25,/home/jukebox/DPUmesh/bench/report/data/l4-20260728-113431/raw/mpstat/load-1024-q7-envoy-strict-r3.txt,NA,ok,0,0.997759,0.999992,0.002262,generator_drop
load-1024-q7-dpumesh-preload-r3,load,dpumesh-preload,1024,8,4,const,7,132219,132219,3,10.000,131095.000,1.0739,66574.00,161001.00,171129.00,243736.00,271668.00,73367.42,30.00,274818.67,1310151,1322187,11236,0,0,0,0,0.975921,0.223527,0.752394,0.845044,0.193800,0.651243,0.000000,0.000000,0.000000,0.000000,0.000000,0.000000,1.820965,0.417327,1.403637,1.816884,0.417087,1.399798,0.000000,0.000000,0.101321,3.697343,0.000000,0.000000,18;19,/home/jukebox/DPUmesh/bench/report/data/l4-20260728-113431/raw/mpstat/load-1024-q7-dpumesh-preload-r3.txt,NA,ok,0,0.991499,0.999998,0.000000,p99
load-8192-q1-dpumesh-native-r1,load,dpumesh-native,8192,8,4,const,1,13792,13792,1,10.000,13792.000,0.9039,268.00,509.00,565.00,2401.00,11506.00,306.49,65.73,15453.55,137117,137920,3,0,0,0,0,0.151464,0.058559,0.092906,0.160874,0.060298,0.100575,0.000000,0.000000,0.000000,0.000000,0.000000,0.000000,0.312338,0.118857,0.193481,0.212444,0.073765,0.138679,0.000000,0.000000,0.007868,1.161137,0.000000,0.000000,26;27,/home/jukebox/DPUmesh/bench/report/data/l4-20260728-113431/raw/mpstat/load-8192-q1-dpumesh-native-r1.txt,NA,ok,1,1.000000,1.000000,0.000000,clean
load-8192-q1-plain-r1,load,plain,8192,8,4,const,1,13792,13792,1,10.000,13792.000,0.9038,92.00,259.00,306.00,398.00,1412.00,130.22,19.45,2311.22,137120,137920,0,0,0,0,0,0.249898,0.017236,0.232663,0.227652,0.008135,0.219518,0.000000,0.000000,0.000000,0.000000,0.000000,0.000000,0.477550,0.025371,0.452181,0.311902,0.021646,0.153491,0.000000,0.136765,0.147588,NA,0.000000,0.000000,20;21,/home/jukebox/DPUmesh/bench/report/data/l4-20260728-113431/raw/mpstat/load-8192-q1-plain-r1.txt,NA,ok,1,1.000000,1.000000,0.000000,clean
load-8192-q1-envoy-permissive-r1,load,envoy-permissive,8192,8,4,const,1,13792,13792,1,10.000,13791.000,0.9038,154.00,434.00,490.00,1354.00,3990.00,185.71,66.53,4628.38,137116,137920,4,0,0,0,0,0.130869,0.023341,0.107528,0.079562,0.003013,0.076549,0.379746,0.073467,0.306279,0.321792,0.064383,0.257409,0.911969,0.164204,0.747765,0.897122,0.163292,0.439708,0.000000,0.294122,0.304943,NA,0.000000,0.000000,22;23,/home/jukebox/DPUmesh/bench/report/data/l4-20260728-113431/raw/mpstat/load-8192-q1-envoy-permissive-r1.txt,NA,ok,1,0.999927,1.000000,0.000000,clean
load-8192-q1-envoy-strict-r1,load,envoy-strict,8192,8,4,const,1,13792,13792,1,10.000,13792.000,0.9039,196.00,358.00,497.00,550.00,753.00,207.87,73.83,840.78,137120,137920,0,0,0,0,0,0.134275,0.021900,0.112375,0.079074,0.001899,0.077175,0.437974,0.127488,0.310486,0.360246,0.114677,0.245569,1.011569,0.265964,0.745605,1.000473,0.263645,0.438752,0.000000,0.298076,0.313816,NA,0.000000,0.000000,24;25,/home/jukebox/DPUmesh/bench/report/data/l4-20260728-113431/raw/mpstat/load-8192-q1-envoy-strict-r1.txt,NA,ok,1,1.000000,1.000000,0.000000,clean
load-8192-q1-dpumesh-preload-r1,load,dpumesh-preload,8192,8,4,const,1,13792,13792,1,10.000,13792.000,0.9039,233.00,403.00,447.00,3219.00,12202.00,275.90,114.11,15809.28,137120,137920,0,0,0,0,0,0.227070,0.056371,0.170699,0.311973,0.082792,0.229180,0.000000,0.000000,0.000000,0.000000,0.000000,0.000000,0.539043,0.139163,0.399879,0.452450,0.119014,0.333436,0.000000,0.000000,0.008852,1.192410,0.000000,0.000000,18;19,/home/jukebox/DPUmesh/bench/report/data/l4-20260728-113431/raw/mpstat/load-8192-q1-dpumesh-preload-r1.txt,NA,ok,1,1.000000,1.000000,0.000000,clean
load-8192-q2-plain-r1,load,plain,8192,8,4,const,2,27584,27584,1,10.000,27584.000,1.8077,83.00,227.00,314.00,1036.00,3423.00,90.97,16.28,4481.11,275040,275840,0,0,0,0,0,0.508583,0.033605,0.474978,0.327199,0.013415,0.313784,0.000000,0.000000,0.000000,0.000000,0.000000,0.000000,0.835782,0.047020,0.788762,0.673990,0.042309,0.301082,0.000000,0.330600,0.346343,NA,0.000000,0.000000,20;21,/home/jukebox/DPUmesh/bench/report/data/l4-20260728-113431/raw/mpstat/load-8192-q2-plain-r1.txt,NA,ok,1,1.000000,1.000000,0.000000,clean
load-8192-q2-envoy-permissive-r1,load,envoy-permissive,8192,8,4,const,2,27584,27584,1,10.000,27584.000,1.8077,148.00,221.00,288.00,488.00,1645.00,151.21,57.03,2515.64,275037,275840,3,0,0,0,0,0.215782,0.030550,0.185233,0.157205,0.006178,0.151027,0.707166,0.133599,0.573567,0.594695,0.128844,0.465850,1.674848,0.299171,1.375677,1.670232,0.299029,0.840034,0.000000,0.531169,0.593139,NA,0.000000,0.000000,22;23,/home/jukebox/DPUmesh/bench/report/data/l4-20260728-113431/raw/mpstat/load-8192-q2-envoy-permissive-r1.txt,NA,ok,1,1.000000,1.000000,0.000000,clean
load-8192-q2-envoy-strict-r1,load,envoy-strict,8192,8,4,const,2,27584,27584,1,10.000,27583.000,1.8077,206.00,323.00,346.00,376.00,689.00,217.48,71.97,981.86,275033,275840,7,0,0,0,0,0.206713,0.026631,0.180083,0.174436,0.009725,0.164710,0.764578,0.201258,0.563319,0.741798,0.253992,0.487806,1.887525,0.491606,1.395918,1.884558,0.493762,0.834084,0.000000,0.556712,0.615727,NA,0.000000,0.000000,24;25,/home/jukebox/DPUmesh/bench/report/data/l4-20260728-113431/raw/mpstat/load-8192-q2-envoy-strict-r1.txt,NA,ok,1,0.999964,1.000000,0.000000,clean
load-8192-q2-dpumesh-preload-r1,load,dpumesh-preload,8192,8,4,const,2,27584,27584,1,10.000,27583.000,1.8077,224.00,253.00,273.00,1101.00,3179.00,224.80,86.98,4355.88,275036,275840,4,0,0,0,0,0.460189,0.126775,0.333413,0.550580,0.133692,0.416888,0.000000,0.000000,0.000000,0.000000,0.000000,0.000000,1.010769,0.260467,0.750301,0.998492,0.261674,0.736819,0.000000,0.000000,0.037382,2.451185,0.000000,0.000000,18;19,/home/jukebox/DPUmesh/bench/report/data/l4-20260728-113431/raw/mpstat/load-8192-q2-dpumesh-preload-r1.txt,NA,ok,1,0.999964,1.000000,0.000000,clean
load-8192-q2-dpumesh-native-r1,load,dpumesh-native,8192,8,4,const,2,27584,27584,1,10.000,27584.000,1.8077,205.00,323.00,454.00,755.00,2500.00,213.83,67.60,3336.13,275036,275840,4,0,0,0,0,0.218730,0.094187,0.124543,0.247506,0.075849,0.171658,0.000000,0.000000,0.000000,0.000000,0.000000,0.000000,0.466236,0.170036,0.296201,0.276428,0.071812,0.204615,0.000000,0.000000,0.017707,2.397156,0.000000,0.000000,26;27,/home/jukebox/DPUmesh/bench/report/data/l4-20260728-113431/raw/mpstat/load-8192-q2-dpumesh-native-r1.txt,NA,ok,1,1.000000,1.000000,0.000000,clean
load-8192-q3-envoy-permissive-r1,load,envoy-permissive,8192,8,4,const,3,41376,41376,1,10.000,41375.000,2.7116,309.00,391.00,451.00,518.00,846.00,304.55,110.58,1460.66,412950,413760,10,0,0,0,0,0.237214,0.025614,0.211600,0.187086,0.013003,0.174083,0.747009,0.165271,0.581738,0.743448,0.163071,0.580377,1.914757,0.366959,1.547798,1.916993,0.368842,0.961939,0.000000,0.586212,0.645227,NA,0.000000,0.000000,22;23,/home/jukebox/DPUmesh/bench/report/data/l4-20260728-113431/raw/mpstat/load-8192-q3-envoy-permissive-r1.txt,NA,ok,1,0.999976,1.000000,0.000000,clean
load-8192-q3-envoy-strict-r1,load,envoy-strict,8192,8,4,const,3,41376,41376,1,10.000,41375.000,2.7115,386.00,497.00,524.00,583.00,1017.00,376.31,143.29,1704.61,412940,413756,16,0,0,0,0,0.196613,0.026579,0.170033,0.143985,0.009134,0.134852,0.787496,0.253852,0.533644,0.767353,0.247457,0.519896,1.895447,0.537022,1.358425,1.892768,0.535875,0.833801,0.000000,0.523092,0.555540,NA,0.000000,0.000000,24;25,/home/jukebox/DPUmesh/bench/report/data/l4-20260728-113431/raw/mpstat/load-8192-q3-envoy-strict-r1.txt,NA,ok,1,0.999976,0.999990,0.000000,clean
load-8192-q3-dpumesh-preload-r1,load,dpumesh-preload,8192,8,4,const,3,41376,41376,1,10.000,41375.000,2.7116,185.00,234.00,312.00,2917.00,17362.00,200.75,81.59,20580.76,412953,413760,7,0,0,0,0,0.640569,0.180962,0.459607,0.796842,0.191339,0.605503,0.000000,0.000000,0.000000,0.000000,0.000000,0.000000,1.437411,0.372301,1.065110,1.389647,0.359951,1.029696,0.000000,0.000000,0.041306,2.646110,0.000000,0.000000,18;19,/home/jukebox/DPUmesh/bench/report/data/l4-20260728-113431/raw/mpstat/load-8192-q3-dpumesh-preload-r1.txt,NA,ok,1,0.999976,1.000000,0.000000,clean
load-8192-q3-dpumesh-native-r1,load,dpumesh-native,8192,8,4,const,3,41376,41376,1,10.000,41376.000,2.7116,218.00,462.00,591.00,1728.00,4121.00,258.09,66.22,5093.63,412952,413760,8,0,0,0,0,0.212768,0.089527,0.123241,0.308877,0.072595,0.236282,0.000000,0.000000,0.000000,0.000000,0.000000,0.000000,0.521645,0.162122,0.359523,0.476190,0.139709,0.336482,0.000000,0.000000,0.020661,2.579943,0.000000,0.000000,26;27,/home/jukebox/DPUmesh/bench/report/data/l4-20260728-113431/raw/mpstat/load-8192-q3-dpumesh-native-r1.txt,NA,ok,1,1.000000,1.000000,0.000000,clean
load-8192-q3-plain-r1,load,plain,8192,8,4,const,3,41376,41376,1,10.000,41376.000,2.7116,85.00,119.00,147.00,334.00,1028.00,83.48,13.10,1436.08,412959,413759,0,0,0,0,0,0.736995,0.053620,0.683375,0.468595,0.014827,0.453768,0.000000,0.000000,0.000000,0.000000,0.000000,0.000000,1.205590,0.068447,1.137143,1.112648,0.063945,0.570589,0.000000,0.478114,0.543043,NA,0.000000,0.000000,20;21,/home/jukebox/DPUmesh/bench/report/data/l4-20260728-113431/raw/mpstat/load-8192-q3-plain-r1.txt,NA,ok,1,1.000000,0.999998,0.000000,clean
load-8192-q4-envoy-strict-r1,load,envoy-strict,8192,8,4,const,4,49651,49651,1,10.000,49650.000,3.2538,413.00,536.00,564.00,641.00,993.00,403.83,153.00,1270.09,495691,496507,16,0,0,0,0,0.191430,0.026515,0.164915,0.133504,0.009695,0.123809,0.792595,0.248526,0.544069,0.777808,0.250793,0.527015,1.895337,0.535529,1.359808,1.896467,0.536792,0.835665,0.000000,0.524011,0.561370,NA,0.000000,0.000000,24;25,/home/jukebox/DPUmesh/bench/report/data/l4-20260728-113431/raw/mpstat/load-8192-q4-envoy-strict-r1.txt,NA,ok,1,0.999980,0.999994,0.000000,clean
load-8192-q4-dpumesh-preload-r1,load,dpumesh-preload,8192,8,4,const,4,46893,46893,1,10.000,46892.000,3.0731,190.00,277.00,326.00,1089.00,2215.00,200.45,88.35,3304.28,468123,468929,6,0,0,0,0,0.705383,0.220115,0.485268,0.912889,0.215264,0.697626,0.000000,0.000000,0.000000,0.000000,0.000000,0.000000,1.618272,0.435379,1.182894,1.575850,0.423965,1.151885,0.000000,0.000000,0.037380,3.032227,0.000000,0.000000,18;19,/home/jukebox/DPUmesh/bench/report/data/l4-20260728-113431/raw/mpstat/load-8192-q4-dpumesh-preload-r1.txt,NA,ok,1,0.999979,0.999998,0.000000,clean
load-8192-q4-dpumesh-native-r1,load,dpumesh-native,8192,8,4,const,4,49651,49651,1,10.000,49650.000,3.2539,211.00,370.00,520.00,3208.00,9734.00,231.35,57.21,10941.13,495700,496510,10,0,0,0,0,0.237823,0.072662,0.165161,0.355568,0.059226,0.296342,0.000000,0.000000,0.000000,0.000000,0.000000,0.000000,0.593391,0.131888,0.461503,0.753428,0.222291,0.531138,0.000000,0.000000,0.042294,2.858907,0.000000,0.000000,26;27,/home/jukebox/DPUmesh/bench/report/data/l4-20260728-113431/raw/mpstat/load-8192-q4-dpumesh-native-r1.txt,NA,ok,1,0.999980,1.000000,0.000000,clean
load-8192-q4-plain-r1,load,plain,8192,8,4,const,4,49651,49651,1,10.000,49650.000,3.2539,81.00,118.00,142.00,273.00,1580.00,78.16,11.57,2397.21,495707,496509,2,0,0,0,0,0.830114,0.057770,0.772344,0.565217,0.021111,0.544106,0.000000,0.000000,0.000000,0.000000,0.000000,0.000000,1.395331,0.078881,1.316450,1.289745,0.073784,0.629624,0.000000,0.586337,0.668975,NA,0.000000,0.000000,20;21,/home/jukebox/DPUmesh/bench/report/data/l4-20260728-113431/raw/mpstat/load-8192-q4-plain-r1.txt,NA,ok,1,0.999980,0.999998,0.000000,clean
load-8192-q4-envoy-permissive-r1,load,envoy-permissive,8192,8,4,const,4,49651,49651,1,10.000,49650.000,3.2539,294.00,410.00,445.00,480.00,669.00,300.32,103.87,952.88,495697,496509,12,0,0,0,0,0.234776,0.026654,0.208122,0.204387,0.014492,0.189895,0.749302,0.146426,0.602877,0.778093,0.172702,0.605391,1.966558,0.360274,1.606285,1.965636,0.359891,1.004943,0.000000,0.600802,0.631285,NA,0.000000,0.000000,22;23,/home/jukebox/DPUmesh/bench/report/data/l4-20260728-113431/raw/mpstat/load-8192-q4-envoy-permissive-r1.txt,NA,ok,1,0.999980,0.999998,0.000000,clean
load-8192-q5-dpumesh-preload-r1,load,dpumesh-preload,8192,8,4,const,5,49651,49651,1,10.000,49650.000,3.2539,188.00,246.00,322.00,917.00,2180.00,194.39,82.88,3316.53,495704,496512,8,0,0,0,0,0.727093,0.201939,0.525153,0.923321,0.209715,0.713605,0.000000,0.000000,0.000000,0.000000,0.000000,0.000000,1.650414,0.411654,1.238758,1.632760,0.408190,1.224570,0.000000,0.000000,0.059015,2.895636,0.000000,0.000000,18;19,/home/jukebox/DPUmesh/bench/report/data/l4-20260728-113431/raw/mpstat/load-8192-q5-dpumesh-preload-r1.txt,NA,ok,1,0.999980,1.000004,0.000000,clean
load-8192-q5-dpumesh-native-r1,load,dpumesh-native,8192,8,4,const,5,518799,518799,1,10.000,518911.000,34.0073,275.00,392.00,480.00,2266.00,11373.00,291.33,116.54,13077.44,5184675,5187960,129,0,2356,0,0,0.432774,0.282337,0.150437,0.428768,0.151104,0.277665,0.000000,0.000000,0.000000,0.000000,0.000000,0.000000,0.861542,0.433441,0.428102,0.974033,0.502759,0.471275,0.000000,0.000000,0.064936,3.802844,0.000000,0.000000,26;27,/home/jukebox/DPUmesh/bench/report/data/l4-20260728-113431/raw/mpstat/load-8192-q5-dpumesh-native-r1.txt,NA,ok,1,1.000216,0.999994,0.000454,clean
load-8192-q5-plain-r1,load,plain,8192,8,4,const,5,336064,336064,1,10.000,336046.000,22.0231,225.00,505.00,634.00,817.00,1999.00,245.07,9.02,3082.71,3359623,3360629,22,0,184,0,0,0.976089,0.101525,0.874564,0.855827,0.022915,0.832913,0.000000,0.000000,0.000000,0.000000,0.000000,0.000000,1.831916,0.124440,1.707477,1.826408,0.124683,1.027659,0.000000,0.674066,0.697444,NA,0.000000,0.000000,20;21,/home/jukebox/DPUmesh/bench/report/data/l4-20260728-113431/raw/mpstat/load-8192-q5-plain-r1.txt,NA,ok,1,0.999946,0.999997,0.000055,clean
load-8192-q5-envoy-permissive-r1,load,envoy-permissive,8192,8,4,const,5,210269,210269,1,10.000,210324.000,13.7838,881.00,1150.00,1310.00,2656.00,4642.00,868.14,234.04,6021.62,2101655,2102659,156,0,48,0,0,0.391952,0.086408,0.305544,0.200970,0.013325,0.187645,0.592046,0.083099,0.508947,0.620861,0.077287,0.543574,1.805829,0.260119,1.545710,1.814916,0.262504,1.191592,0.000000,0.360820,0.376551,NA,0.000000,0.000000,22;23,/home/jukebox/DPUmesh/bench/report/data/l4-20260728-113431/raw/mpstat/load-8192-q5-envoy-permissive-r1.txt,NA,ok,1,1.000262,0.999985,0.000023,clean
load-8192-q5-envoy-strict-r1,load,envoy-strict,8192,8,4,const,5,103094,103094,1,10.000,103096.000,6.7565,991.00,1350.00,1493.00,1990.00,2487.00,972.04,332.13,2930.60,1030070,1030934,64,0,0,0,0,0.181306,0.036031,0.145274,0.123872,0.008547,0.115324,0.801837,0.283597,0.518239,0.802457,0.308500,0.493957,1.909472,0.636675,1.272794,1.917226,0.638421,0.811285,0.000000,0.467520,0.493057,NA,0.000000,0.000000,24;25,/home/jukebox/DPUmesh/bench/report/data/l4-20260728-113431/raw/mpstat/load-8192-q5-envoy-strict-r1.txt,NA,ok,1,1.000019,0.999994,0.000000,clean
load-8192-q6-dpumesh-native-r1,load,dpumesh-native,8192,8,4,const,6,610352,610352,1,10.000,610506.000,40.0101,549.00,1287.00,2312.00,3355.00,11017.00,632.40,121.80,12910.32,6099978,6103502,304,0,2420,0,0,0.484133,0.349631,0.134502,0.362661,0.147513,0.215148,0.000000,0.000000,0.000000,0.000000,0.000000,0.000000,0.846794,0.497144,0.349650,0.945427,0.555844,0.389583,0.000000,0.000000,0.047222,3.724858,0.000000,0.000000,26;27,/home/jukebox/DPUmesh/bench/report/data/l4-20260728-113431/raw/mpstat/load-8192-q6-dpumesh-native-r1.txt,NA,ok,1,1.000252,0.999997,0.000396,clean
load-8192-q6-plain-r1,load,plain,8192,8,4,const,6,395369,395369,1,10.000,395056.000,25.8904,233.00,406.00,577.00,780.00,965.00,239.45,9.14,1298.40,3949316,3953661,35,0,3510,0,0,0.976037,0.118299,0.857738,0.924586,0.033643,0.890943,0.000000,0.000000,0.000000,0.000000,0.000000,0.000000,1.900623,0.151942,1.748681,1.896542,0.150983,1.073441,0.000000,0.672118,0.696470,NA,0.000000,0.000000,20;21,/home/jukebox/DPUmesh/bench/report/data/l4-20260728-113431/raw/mpstat/load-8192-q6-plain-r1.txt,NA,ok,1,0.999208,0.999993,0.000888,clean
load-8192-q6-envoy-permissive-r1,load,envoy-permissive,8192,8,4,const,6,247375,247375,1,10.000,247403.000,16.2138,1597.00,2146.00,2572.00,3388.00,4321.00,1567.41,426.11,5035.89,2472129,2473731,297,0,505,0,0,0.381354,0.095794,0.285560,0.214464,0.014880,0.199585,0.601978,0.063152,0.538826,0.604578,0.063457,0.541121,1.802374,0.237283,1.565092,1.801789,0.236767,1.272256,0.000000,0.292766,0.311432,NA,0.000000,0.000000,22;23,/home/jukebox/DPUmesh/bench/report/data/l4-20260728-113431/raw/mpstat/load-8192-q6-envoy-permissive-r1.txt,NA,ok,1,1.000113,0.999992,0.000204,clean
load-8192-q6-envoy-strict-r1,load,envoy-strict,8192,8,4,const,6,121287,121287,1,10.000,113468.000,7.4362,5181.00,7312.00,7636.00,8057.00,8407.00,5147.15,1900.13,9218.77,1133534,1212786,441,0,78011,0,0,0.174003,0.039005,0.134998,0.095307,0.005435,0.089872,0.809871,0.282846,0.527026,0.738943,0.311963,0.426981,1.818124,0.639249,1.178877,1.784946,0.632005,0.739141,0.000000,0.413801,0.431493,NA,0.000000,0.000000,24;25,/home/jukebox/DPUmesh/bench/report/data/l4-20260728-113431/raw/mpstat/load-8192-q6-envoy-strict-r1.txt,NA,ok,0,0.935533,0.999931,0.064324,achieved+generator_drop
load-8192-q6-dpumesh-preload-r1,load,dpumesh-preload,8192,8,4,const,6,55168,55168,1,10.000,55167.000,3.6154,326.00,502.00,656.00,1494.00,2112.00,340.59,92.93,2970.03,550865,551680,15,0,0,0,0,0.784685,0.214956,0.569729,0.979716,0.213281,0.766435,0.000000,0.000000,0.000000,0.000000,0.000000,0.000000,1.764401,0.428237,1.336164,1.739113,0.422974,1.316139,0.000000,0.000000,0.052134,3.157346,0.000000,0.000000,18;19,/home/jukebox/DPUmesh/bench/report/data/l4-20260728-113431/raw/mpstat/load-8192-q6-dpumesh-preload-r1.txt,NA,ok,1,0.999982,1.000000,0.000000,clean
load-8192-q7-plain-r1,load,plain,8192,8,4,const,7,415137,415137,1,10.000,328550.000,21.5319,474.00,1247.00,1710.00,2414.00,2993.00,520.92,7.90,3629.23,3284641,4151360,23,0,865896,0,0,0.976537,0.122318,0.854218,0.873706,0.033580,0.840126,0.000000,0.000000,0.000000,0.000000,0.000000,0.000000,1.850243,0.155898,1.694344,1.849283,0.153945,1.057151,0.000000,0.638188,0.656700,NA,0.000000,0.000000,20;21,/home/jukebox/DPUmesh/bench/report/data/l4-20260728-113431/raw/mpstat/load-8192-q7-plain-r1.txt,NA,ok,0,0.791425,0.999998,0.208581,achieved+generator_drop
load-8192-q7-envoy-permissive-r1,load,envoy-permissive,8192,8,4,const,7,259744,259744,1,10.000,238588.000,15.6361,3309.00,4103.00,4309.00,4707.00,5409.00,3193.40,887.40,7882.81,2383914,2597346,657,0,211975,0,0,0.363719,0.087410,0.276309,0.205754,0.012910,0.192844,0.617465,0.048147,0.569318,0.590992,0.053450,0.537542,1.777930,0.201917,1.576013,1.778300,0.202926,1.271474,0.000000,0.303899,0.315663,NA,0.000000,0.000000,22;23,/home/jukebox/DPUmesh/bench/report/data/l4-20260728-113431/raw/mpstat/load-8192-q7-envoy-permissive-r1.txt,NA,ok,0,0.918551,0.999964,0.081612,achieved+generator_drop
load-8192-q7-envoy-strict-r1,load,envoy-strict,8192,8,4,const,7,127351,127351,1,10.000,125068.000,8.1964,5510.00,6646.00,6920.00,7518.00,12462.00,5486.69,1861.45,16514.32,1249120,1273424,585,0,22919,0,0,0.179883,0.046259,0.133624,0.129984,0.009017,0.120967,0.797416,0.336632,0.460784,0.836163,0.346842,0.489321,1.943446,0.738750,1.204696,1.944882,0.685395,0.836729,0.000000,0.422758,0.433498,NA,0.000000,0.000000,24;25,/home/jukebox/DPUmesh/bench/report/data/l4-20260728-113431/raw/mpstat/load-8192-q7-envoy-strict-r1.txt,NA,ok,0,0.982073,0.999932,0.017998,generator_drop
load-8192-q7-dpumesh-preload-r1,load,dpumesh-preload,8192,8,4,const,7,57926,57926,1,10.000,57265.000,3.7529,29873.00,62121.00,68969.00,73017.00,76400.00,30342.37,90.77,79169.00,571855,579260,1872,0,4733,0,0,0.846907,0.242755,0.604152,0.980832,0.205404,0.775427,0.000000,0.000000,0.000000,0.000000,0.000000,0.000000,1.827739,0.448159,1.379579,1.802873,0.441620,1.361253,0.000000,0.000000,0.051145,3.967074,0.000000,0.000000,18;19,/home/jukebox/DPUmesh/bench/report/data/l4-20260728-113431/raw/mpstat/load-8192-q7-dpumesh-preload-r1.txt,NA,ok,0,0.988589,1.000000,0.008171,generator_drop+p99
load-8192-q7-dpumesh-native-r1,load,dpumesh-native,8192,8,4,const,7,640870,640870,1,10.000,639270.000,41.8952,1097.00,6265.00,8179.00,13346.00,29915.00,1960.95,144.88,33355.39,6380994,6408680,1779,0,25107,0,0,0.458268,0.341595,0.116673,0.182761,0.111638,0.071123,0.000000,0.000000,0.000000,0.000000,0.000000,0.000000,0.641029,0.453233,0.187796,0.587332,0.425988,0.161344,0.000000,0.000000,0.011806,3.693609,0.000000,0.000000,26;27,/home/jukebox/DPUmesh/bench/report/data/l4-20260728-113431/raw/mpstat/load-8192-q7-dpumesh-native-r1.txt,NA,ok,0,0.997503,0.999997,0.003918,generator_drop
load-8192-q7-envoy-permissive-r2,load,envoy-permissive,8192,8,4,const,7,259744,259744,2,10.000,242024.000,15.8613,3276.00,4010.00,4213.00,6709.00,11173.00,3208.89,902.53,12519.43,2418336,2597300,652,0,177512,0,0,0.368781,0.092796,0.275985,0.214410,0.011589,0.202821,0.613290,0.054771,0.558519,0.598412,0.060714,0.537698,1.794893,0.219870,1.575023,1.787779,0.221755,1.282452,0.000000,0.283572,0.296328,NA,0.000000,0.000000,22;23,/home/jukebox/DPUmesh/bench/report/data/l4-20260728-113431/raw/mpstat/load-8192-q7-envoy-permissive-r2.txt,NA,ok,0,0.931779,0.999946,0.068345,achieved+generator_drop
load-8192-q7-envoy-strict-r2,load,envoy-strict,8192,8,4,const,7,127351,127351,2,10.000,124860.000,8.1828,5490.00,6657.00,6930.00,7327.00,8201.00,5446.53,752.48,9822.07,1247075,1273360,569,0,24916,0,0,0.179780,0.046274,0.133506,0.127600,0.010726,0.116874,0.797801,0.295494,0.502307,0.830772,0.351425,0.479346,1.935953,0.703919,1.232033,1.941508,0.712928,0.803753,0.000000,0.424827,0.443383,NA,0.000000,0.000000,24;25,/home/jukebox/DPUmesh/bench/report/data/l4-20260728-113431/raw/mpstat/load-8192-q7-envoy-strict-r2.txt,NA,ok,0,0.980440,0.999882,0.019567,generator_drop
load-8192-q7-dpumesh-preload-r2,load,dpumesh-preload,8192,8,4,const,7,57926,57926,2,10.000,57219.000,3.7499,29615.00,62027.00,67764.00,70954.00,80187.00,30200.97,97.97,83143.86,571395,579260,1871,0,5194,0,0,0.846595,0.241910,0.604684,0.980528,0.217363,0.763165,0.000000,0.000000,0.000000,0.000000,0.000000,0.000000,1.827123,0.459273,1.367849,1.801147,0.452500,1.348647,0.000000,0.000000,0.042299,3.619574,0.000000,0.000000,18;19,/home/jukebox/DPUmesh/bench/report/data/l4-20260728-113431/raw/mpstat/load-8192-q7-dpumesh-preload-r2.txt,NA,ok,0,0.987795,1.000000,0.008967,generator_drop+p99
load-8192-q7-dpumesh-native-r2,load,dpumesh-native,8192,8,4,const,7,640870,640870,2,10.000,638681.000,41.8566,1099.00,6277.00,8346.00,16702.00,34894.00,1975.33,144.93,36897.75,6378112,6408664,1416,0,28336,0,0,0.458910,0.330898,0.128012,0.194678,0.114638,0.080040,0.000000,0.000000,0.000000,0.000000,0.000000,0.000000,0.653588,0.445536,0.208052,0.618760,0.430869,0.187891,0.000000,0.000000,0.012788,3.702068,0.000000,0.000000,26;27,/home/jukebox/DPUmesh/bench/report/data/l4-20260728-113431/raw/mpstat/load-8192-q7-dpumesh-native-r2.txt,NA,ok,0,0.996584,0.999994,0.004422,generator_drop
load-8192-q7-plain-r2,load,plain,8192,8,4,const,7,415137,415137,2,10.000,339593.000,22.2556,472.00,1124.00,1467.00,2166.00,4049.00,498.43,9.01,6229.60,3394147,4151254,24,0,756283,0,0,0.984897,0.110576,0.874321,0.867506,0.018165,0.849342,0.000000,0.000000,0.000000,0.000000,0.000000,0.000000,1.852403,0.128741,1.723663,1.848686,0.129870,1.076350,0.000000,0.642465,0.653288,NA,0.000000,0.000000,20;21,/home/jukebox/DPUmesh/bench/report/data/l4-20260728-113431/raw/mpstat/load-8192-q7-plain-r2.txt,NA,ok,0,0.818026,0.999972,0.182182,achieved+generator_drop
load-8192-q6-plain-r2,load,plain,8192,8,4,const,6,395369,395369,2,10.000,354937.000,23.2612,423.00,952.00,1204.00,1565.00,2788.00,445.66,8.03,4821.89,3548302,3953589,35,0,404452,0,0,0.976278,0.122204,0.854075,0.866327,0.032924,0.833403,0.000000,0.000000,0.000000,0.000000,0.000000,0.000000,1.842605,0.155128,1.687478,1.849956,0.154894,1.082307,0.000000,0.612755,0.644903,NA,0.000000,0.000000,20;21,/home/jukebox/DPUmesh/bench/report/data/l4-20260728-113431/raw/mpstat/load-8192-q6-plain-r2.txt,NA,ok,0,0.897736,0.999974,0.102300,achieved+generator_drop
load-8192-q6-envoy-permissive-r2,load,envoy-permissive,8192,8,4,const,6,247375,247375,2,10.000,247429.000,16.2155,1541.00,1942.00,2239.00,6663.00,10259.00,1551.74,421.50,11560.90,2472201,2473713,307,0,405,0,0,0.384669,0.100079,0.284591,0.224916,0.009123,0.215793,0.598825,0.063951,0.534874,0.632510,0.066366,0.566144,1.840920,0.239519,1.601402,1.836482,0.236807,1.279347,0.000000,0.320328,0.330154,NA,0.000000,0.000000,22;23,/home/jukebox/DPUmesh/bench/report/data/l4-20260728-113431/raw/mpstat/load-8192-q6-envoy-permissive-r2.txt,NA,ok,1,1.000218,0.999985,0.000164,clean
load-8192-q6-envoy-strict-r2,load,envoy-strict,8192,8,4,const,6,121287,121287,2,10.000,114344.000,7.4936,5113.00,7259.00,7581.00,7970.00,8259.00,5088.03,1897.46,8572.23,1142224,1212820,445,0,69351,0,0,0.176357,0.045995,0.130362,0.097388,0.005083,0.092305,0.808357,0.275149,0.533209,0.740906,0.309434,0.431472,1.823008,0.635661,1.187348,1.803163,0.630566,0.745661,0.000000,0.426935,0.439724,NA,0.000000,0.000000,24;25,/home/jukebox/DPUmesh/bench/report/data/l4-20260728-113431/raw/mpstat/load-8192-q6-envoy-strict-r2.txt,NA,ok,0,0.942756,0.999959,0.057182,achieved+generator_drop
load-8192-q6-dpumesh-preload-r2,load,dpumesh-preload,8192,8,4,const,6,55168,55168,2,10.000,54687.000,3.5840,22418.00,62199.00,69715.00,72946.00,74480.00,23871.73,89.47,75416.37,546072,551680,1920,0,2888,0,0,0.810622,0.229441,0.581181,0.978301,0.222483,0.755818,0.000000,0.000000,0.000000,0.000000,0.000000,0.000000,1.788923,0.451924,1.336999,1.763215,0.445475,1.317740,0.000000,0.000000,0.049169,3.851364,0.000000,0.000000,18;19,/home/jukebox/DPUmesh/bench/report/data/l4-20260728-113431/raw/mpstat/load-8192-q6-dpumesh-preload-r2.txt,NA,ok,0,0.991281,1.000000,0.005235,generator_drop+p99
load-8192-q6-dpumesh-native-r2,load,dpumesh-native,8192,8,4,const,6,610352,610352,2,10.000,609786.000,39.9629,795.00,5291.00,6969.00,11532.00,28299.00,1478.22,139.41,31287.38,6089838,6103507,2251,0,10618,0,0,0.453044,0.323538,0.129506,0.221689,0.124172,0.097517,0.000000,0.000000,0.000000,0.000000,0.000000,0.000000,0.674733,0.447710,0.227023,0.638469,0.426958,0.211511,0.000000,0.000000,0.015740,3.757746,0.000000,0.000000,26;27,/home/jukebox/DPUmesh/bench/report/data/l4-20260728-113431/raw/mpstat/load-8192-q6-dpumesh-native-r2.txt,NA,ok,0,0.999073,0.999998,0.001740,generator_drop
load-8192-q5-dpumesh-native-r2,load,dpumesh-native,8192,8,4,const,5,518799,518799,2,10.000,518778.000,33.9986,412.00,1128.00,1847.00,4029.00,34635.00,527.04,117.86,37336.34,5178949,5187975,273,0,7953,0,0,0.415622,0.278687,0.136934,0.289827,0.120285,0.169542,0.000000,0.000000,0.000000,0.000000,0.000000,0.000000,0.705449,0.398972,0.306476,0.685552,0.390480,0.295073,0.000000,0.000000,0.017704,3.846009,0.000000,0.000000,26;27,/home/jukebox/DPUmesh/bench/report/data/l4-20260728-113431/raw/mpstat/load-8192-q5-dpumesh-native-r2.txt,NA,ok,0,0.999960,0.999997,0.001533,generator_drop
load-8192-q5-plain-r2,load,plain,8192,8,4,const,5,336064,336064,2,10.000,335945.000,22.0165,172.00,274.00,316.00,384.00,2060.00,175.39,10.82,6772.85,3358383,3360625,25,0,1417,0,0,0.975808,0.104662,0.871146,0.905155,0.024038,0.881117,0.000000,0.000000,0.000000,0.000000,0.000000,0.000000,1.880963,0.128700,1.752263,1.876264,0.129565,1.038472,0.000000,0.708226,0.751090,NA,0.000000,0.000000,20;21,/home/jukebox/DPUmesh/bench/report/data/l4-20260728-113431/raw/mpstat/load-8192-q5-plain-r2.txt,NA,ok,1,0.999646,0.999996,0.000422,clean
load-8192-q5-envoy-permissive-r2,load,envoy-permissive,8192,8,4,const,5,210269,210269,2,10.000,210313.000,13.7831,864.00,1118.00,1278.00,3748.00,6917.00,854.18,229.35,7993.55,2101611,2102677,199,0,67,0,0,0.393141,0.081662,0.311479,0.209400,0.015313,0.194088,0.590930,0.088455,0.502476,0.626659,0.084102,0.542557,1.820130,0.269532,1.550600,1.813022,0.269397,1.175908,0.000000,0.367717,0.383448,NA,0.000000,0.000000,22;23,/home/jukebox/DPUmesh/bench/report/data/l4-20260728-113431/raw/mpstat/load-8192-q5-envoy-permissive-r2.txt,NA,ok,1,1.000209,0.999994,0.000032,clean
load-8192-q5-envoy-strict-r2,load,envoy-strict,8192,8,4,const,5,103094,103094,2,10.000,103117.000,6.7579,2060.00,3103.00,3397.00,3941.00,7473.00,2075.74,525.04,8908.87,1029984,1030934,150,0,0,0,0,0.183719,0.042777,0.140942,0.101878,0.006350,0.095527,0.797190,0.266190,0.531000,0.729063,0.281907,0.447156,1.811850,0.597224,1.214625,1.811002,0.599747,0.774184,0.000000,0.437071,0.455690,NA,0.000000,0.000000,24;25,/home/jukebox/DPUmesh/bench/report/data/l4-20260728-113431/raw/mpstat/load-8192-q5-envoy-strict-r2.txt,NA,ok,1,1.000223,0.999994,0.000000,clean
load-8192-q5-dpumesh-preload-r2,load,dpumesh-preload,8192,8,4,const,5,49651,49651,2,10.000,49650.000,3.2539,227.00,286.00,389.00,1416.00,2712.00,229.46,52.23,3398.15,495702,496511,9,0,0,0,0,0.737325,0.222361,0.514964,0.918222,0.199338,0.718884,0.000000,0.000000,0.000000,0.000000,0.000000,0.000000,1.655547,0.421699,1.233848,1.615862,0.412079,1.203783,0.000000,0.000000,0.036389,3.620301,0.000000,0.000000,18;19,/home/jukebox/DPUmesh/bench/report/data/l4-20260728-113431/raw/mpstat/load-8192-q5-dpumesh-preload-r2.txt,NA,ok,1,0.999980,1.000002,0.000000,clean
load-8192-q4-dpumesh-preload-r2,load,dpumesh-preload,8192,8,4,const,4,46893,46893,2,10.000,46885.000,3.0727,227.00,364.00,430.00,4496.00,12038.00,254.93,92.94,15262.31,468049,468930,9,0,72,0,0,0.678139,0.191036,0.487104,0.878369,0.219860,0.658509,0.000000,0.000000,0.000000,0.000000,0.000000,0.000000,1.556508,0.410896,1.145613,1.555106,0.411154,1.143952,0.000000,0.000000,0.026558,3.631579,0.000000,0.000000,18;19,/home/jukebox/DPUmesh/bench/report/data/l4-20260728-113431/raw/mpstat/load-8192-q4-dpumesh-preload-r2.txt,NA,ok,1,0.999829,1.000000,0.000154,clean
load-8192-q4-dpumesh-native-r2,load,dpumesh-native,8192,8,4,const,4,49651,49651,2,10.000,49651.000,3.2539,210.00,350.00,510.00,1586.00,3544.00,220.24,66.35,4268.11,495704,496512,8,0,0,0,0,0.243989,0.116564,0.127426,0.358079,0.071984,0.286095,0.000000,0.000000,0.000000,0.000000,0.000000,0.000000,0.602068,0.188548,0.413521,0.493766,0.127868,0.365899,0.000000,0.000000,0.023606,3.559624,0.000000,0.000000,26;27,/home/jukebox/DPUmesh/bench/report/data/l4-20260728-113431/raw/mpstat/load-8192-q4-dpumesh-native-r2.txt,NA,ok,1,1.000000,1.000004,0.000000,clean
load-8192-q4-plain-r2,load,plain,8192,8,4,const,4,49651,49651,2,10.000,49651.000,3.2539,82.00,128.00,155.00,193.00,2420.00,81.29,12.39,3375.62,495707,496510,3,0,0,0,0,0.833569,0.051554,0.782015,0.555423,0.022210,0.533213,0.000000,0.000000,0.000000,0.000000,0.000000,0.000000,1.388992,0.073764,1.315228,1.326051,0.070828,0.633514,0.000000,0.621709,0.693521,NA,0.000000,0.000000,20;21,/home/jukebox/DPUmesh/bench/report/data/l4-20260728-113431/raw/mpstat/load-8192-q4-plain-r2.txt,NA,ok,1,1.000000,1.000000,0.000000,clean
load-8192-q4-envoy-permissive-r2,load,envoy-permissive,8192,8,4,const,4,49651,49651,2,10.000,49651.000,3.2539,271.00,349.00,395.00,466.00,3777.00,269.18,97.49,4823.95,495702,496510,8,0,0,0,0,0.236410,0.023539,0.212871,0.185065,0.007913,0.177152,0.747622,0.160327,0.587296,0.747663,0.139181,0.608483,1.916760,0.330960,1.585802,1.911844,0.331426,0.968707,0.000000,0.611711,0.657934,NA,0.000000,0.000000,22;23,/home/jukebox/DPUmesh/bench/report/data/l4-20260728-113431/raw/mpstat/load-8192-q4-envoy-permissive-r2.txt,NA,ok,1,1.000000,1.000000,0.000000,clean
load-8192-q4-envoy-strict-r2,load,envoy-strict,8192,8,4,const,4,49651,49651,2,10.000,49650.000,3.2539,350.00,441.00,465.00,529.00,896.00,343.04,129.21,1269.63,495695,496508,13,0,0,0,0,0.191466,0.022862,0.168604,0.150440,0.009183,0.141257,0.792789,0.245696,0.547094,0.810554,0.258337,0.552217,1.945249,0.536078,1.409172,1.941203,0.532011,0.852595,0.000000,0.556596,0.577247,NA,0.000000,0.000000,24;25,/home/jukebox/DPUmesh/bench/report/data/l4-20260728-113431/raw/mpstat/load-8192-q4-envoy-strict-r2.txt,NA,ok,1,0.999980,0.999996,0.000000,clean
load-8192-q3-envoy-strict-r2,load,envoy-strict,8192,8,4,const,3,41376,41376,2,10.000,41375.000,2.7116,339.00,423.00,500.00,552.00,1904.00,331.70,115.05,2968.06,412945,413757,12,0,0,0,0,0.194044,0.024512,0.169531,0.161661,0.014033,0.147628,0.789756,0.225225,0.564531,0.787692,0.269050,0.518641,1.933153,0.532820,1.400331,1.930671,0.534768,0.871948,0.000000,0.523955,0.559344,NA,0.000000,0.000000,24;25,/home/jukebox/DPUmesh/bench/report/data/l4-20260728-113431/raw/mpstat/load-8192-q3-envoy-strict-r2.txt,NA,ok,1,0.999976,0.999993,0.000000,clean
load-8192-q3-dpumesh-preload-r2,load,dpumesh-preload,8192,8,4,const,3,41376,41376,2,10.000,41376.000,2.7116,208.00,248.00,320.00,1651.00,4416.00,212.26,99.54,5900.52,412955,413760,5,0,0,0,0,0.608606,0.184127,0.424479,0.790250,0.177836,0.612413,0.000000,0.000000,0.000000,0.000000,0.000000,0.000000,1.398856,0.361963,1.036892,1.381866,0.358007,1.023859,0.000000,0.000000,0.033440,0.681890,0.000000,0.000000,18;19,/home/jukebox/DPUmesh/bench/report/data/l4-20260728-113431/raw/mpstat/load-8192-q3-dpumesh-preload-r2.txt,NA,ok,1,1.000000,1.000000,0.000000,clean
load-8192-q3-dpumesh-native-r2,load,dpumesh-native,8192,8,4,const,3,41376,41376,2,10.000,41376.000,2.7116,219.00,367.00,498.00,1639.00,8769.00,239.80,63.88,12184.19,412952,413760,8,0,0,0,0,0.235233,0.115109,0.120124,0.336171,0.080694,0.255477,0.000000,0.000000,0.000000,0.000000,0.000000,0.000000,0.571404,0.195803,0.375601,0.432721,0.122932,0.309789,0.000000,0.000000,0.018686,3.261315,0.000000,0.000000,26;27,/home/jukebox/DPUmesh/bench/report/data/l4-20260728-113431/raw/mpstat/load-8192-q3-dpumesh-native-r2.txt,NA,ok,1,1.000000,1.000000,0.000000,clean
load-8192-q3-plain-r2,load,plain,8192,8,4,const,3,41376,41376,2,10.000,41369.000,2.7112,86.00,123.00,139.00,1669.00,7560.00,87.59,12.54,8583.81,412897,413760,4,0,59,0,0,0.738869,0.047520,0.691350,0.475973,0.015862,0.460111,0.000000,0.000000,0.000000,0.000000,0.000000,0.000000,1.214842,0.063382,1.151461,1.128649,0.061992,0.552025,0.000000,0.514633,0.553009,NA,0.000000,0.000000,20;21,/home/jukebox/DPUmesh/bench/report/data/l4-20260728-113431/raw/mpstat/load-8192-q3-plain-r2.txt,NA,ok,1,0.999831,1.000000,0.000143,clean
load-8192-q3-envoy-permissive-r2,load,envoy-permissive,8192,8,4,const,3,41376,41376,2,10.000,41376.000,2.7116,270.00,363.00,403.00,457.00,617.00,264.08,81.92,931.49,412949,413758,9,0,0,0,0,0.228933,0.023861,0.205072,0.195531,0.010272,0.185259,0.750788,0.139012,0.611776,0.742716,0.159675,0.583041,1.917968,0.332820,1.585148,1.919707,0.334375,0.961820,0.000000,0.623511,0.667767,NA,0.000000,0.000000,22;23,/home/jukebox/DPUmesh/bench/report/data/l4-20260728-113431/raw/mpstat/load-8192-q3-envoy-permissive-r2.txt,NA,ok,1,1.000000,0.999995,0.000000,clean
load-8192-q2-envoy-permissive-r2,load,envoy-permissive,8192,8,4,const,2,27584,27584,2,10.000,27584.000,1.8077,174.00,274.00,306.00,330.00,614.00,179.04,69.45,1080.06,275036,275840,4,0,0,0,0,0.220836,0.030555,0.190281,0.170564,0.011156,0.159409,0.747618,0.139514,0.608104,0.630417,0.154154,0.476263,1.769435,0.335379,1.434057,1.774343,0.336378,0.870451,0.000000,0.567514,0.631446,NA,0.000000,0.000000,22;23,/home/jukebox/DPUmesh/bench/report/data/l4-20260728-113431/raw/mpstat/load-8192-q2-envoy-permissive-r2.txt,NA,ok,1,1.000000,1.000000,0.000000,clean
load-8192-q2-envoy-strict-r2,load,envoy-strict,8192,8,4,const,2,27584,27584,2,10.000,27584.000,1.8077,284.00,432.00,469.00,587.00,1768.00,300.92,88.19,2789.31,275035,275840,5,0,0,0,0,0.205720,0.022445,0.183275,0.143600,0.007106,0.136494,0.777992,0.215360,0.562632,0.634686,0.193891,0.440795,1.761998,0.438802,1.323196,1.764169,0.438584,0.805381,0.000000,0.520204,0.552655,NA,0.000000,0.000000,24;25,/home/jukebox/DPUmesh/bench/report/data/l4-20260728-113431/raw/mpstat/load-8192-q2-envoy-strict-r2.txt,NA,ok,1,1.000000,1.000000,0.000000,clean
load-8192-q2-dpumesh-preload-r2,load,dpumesh-preload,8192,8,4,const,2,27584,27584,2,10.000,27584.000,1.8077,231.00,308.00,599.00,11980.00,24787.00,282.28,96.60,28132.41,275036,275840,4,0,0,0,0,0.455763,0.133453,0.322310,0.551415,0.125495,0.425920,0.000000,0.000000,0.000000,0.000000,0.000000,0.000000,1.007178,0.258948,0.748230,0.974171,0.252636,0.721535,0.000000,0.000000,0.029491,2.797447,0.000000,0.000000,18;19,/home/jukebox/DPUmesh/bench/report/data/l4-20260728-113431/raw/mpstat/load-8192-q2-dpumesh-preload-r2.txt,NA,ok,1,1.000000,1.000000,0.000000,clean
load-8192-q2-dpumesh-native-r2,load,dpumesh-native,8192,8,4,const,2,27584,27584,2,10.000,27584.000,1.8078,214.00,435.00,1867.00,4623.00,11579.00,272.76,69.82,13686.91,275036,275840,4,0,0,0,0,0.204925,0.100672,0.104254,0.250672,0.077670,0.173002,0.000000,0.000000,0.000000,0.000000,0.000000,0.000000,0.455597,0.178342,0.277256,0.249812,0.072780,0.177032,0.000000,0.000000,0.011802,2.355932,0.000000,0.000000,26;27,/home/jukebox/DPUmesh/bench/report/data/l4-20260728-113431/raw/mpstat/load-8192-q2-dpumesh-native-r2.txt,NA,ok,1,1.000000,1.000000,0.000000,clean
load-8192-q2-plain-r2,load,plain,8192,8,4,const,2,27584,27584,2,10.000,27584.000,1.8077,81.00,97.00,240.00,952.00,5874.00,81.99,18.90,7179.83,275040,275840,0,0,0,0,0,0.510289,0.046464,0.463825,0.347935,0.014473,0.333461,0.000000,0.000000,0.000000,0.000000,0.000000,0.000000,0.858224,0.060937,0.797286,0.681772,0.051157,0.349248,0.000000,0.281366,0.314815,NA,0.000000,0.000000,20;21,/home/jukebox/DPUmesh/bench/report/data/l4-20260728-113431/raw/mpstat/load-8192-q2-plain-r2.txt,NA,ok,1,1.000000,1.000000,0.000000,clean
load-8192-q1-plain-r2,load,plain,8192,8,4,const,1,13792,13792,2,10.000,13792.000,0.9038,91.00,262.00,308.00,381.00,1233.00,132.11,18.38,1619.30,137120,137920,0,0,0,0,0,0.243677,0.016519,0.227158,0.237500,0.007258,0.230242,0.000000,0.000000,0.000000,0.000000,0.000000,0.000000,0.481177,0.023777,0.457400,0.292190,0.016725,0.151506,0.000000,0.123959,0.134781,NA,0.000000,0.000000,20;21,/home/jukebox/DPUmesh/bench/report/data/l4-20260728-113431/raw/mpstat/load-8192-q1-plain-r2.txt,NA,ok,1,1.000000,1.000000,0.000000,clean
load-8192-q1-envoy-permissive-r2,load,envoy-permissive,8192,8,4,const,1,13792,13792,2,10.000,13792.000,0.9039,161.00,438.00,498.00,1045.00,2531.00,183.24,65.04,3441.07,137120,137920,0,0,0,0,0,0.131001,0.016158,0.114843,0.078981,0.004721,0.074260,0.391818,0.081537,0.310281,0.317035,0.087694,0.229341,0.918835,0.190110,0.728725,0.912845,0.191815,0.447569,0.000000,0.273460,0.284280,NA,0.000000,0.000000,22;23,/home/jukebox/DPUmesh/bench/report/data/l4-20260728-113431/raw/mpstat/load-8192-q1-envoy-permissive-r2.txt,NA,ok,1,1.000000,1.000000,0.000000,clean
load-8192-q1-envoy-strict-r2,load,envoy-strict,8192,8,4,const,1,13792,13792,2,10.000,13792.000,0.9039,192.00,317.00,501.00,639.00,2050.00,204.76,73.27,2830.57,137120,137920,0,0,0,0,0,0.130123,0.019705,0.110418,0.080679,0.005440,0.075239,0.430244,0.113834,0.316410,0.356130,0.118984,0.237146,0.997176,0.257963,0.739213,0.972786,0.258688,0.430819,0.000000,0.283279,0.296065,NA,0.000000,0.000000,24;25,/home/jukebox/DPUmesh/bench/report/data/l4-20260728-113431/raw/mpstat/load-8192-q1-envoy-strict-r2.txt,NA,ok,1,1.000000,1.000000,0.000000,clean
load-8192-q1-dpumesh-preload-r2,load,dpumesh-preload,8192,8,4,const,1,13792,13792,2,10.000,13792.000,0.9039,247.00,432.00,2175.00,53324.00,64737.00,546.40,116.72,68538.49,137120,137920,0,0,0,0,0,0.222808,0.055184,0.167624,0.304745,0.066971,0.237774,0.000000,0.000000,0.000000,0.000000,0.000000,0.000000,0.527553,0.122155,0.405398,0.426830,0.099331,0.327498,0.000000,0.000000,0.011802,1.469787,0.000000,0.000000,18;19,/home/jukebox/DPUmesh/bench/report/data/l4-20260728-113431/raw/mpstat/load-8192-q1-dpumesh-preload-r2.txt,NA,ok,1,1.000000,1.000000,0.000000,clean
load-8192-q1-dpumesh-native-r2,load,dpumesh-native,8192,8,4,const,1,13792,13792,2,10.000,13792.000,0.9039,228.00,477.00,1996.00,80904.00,98709.00,557.66,112.97,102358.87,137120,137920,0,0,0,0,0,0.181190,0.020898,0.160292,0.167047,0.052301,0.114746,0.000000,0.000000,0.000000,0.000000,0.000000,0.000000,0.348237,0.073199,0.275038,0.405207,0.123923,0.281284,0.000000,0.000000,0.023604,1.628883,0.000000,0.000000,26;27,/home/jukebox/DPUmesh/bench/report/data/l4-20260728-113431/raw/mpstat/load-8192-q1-dpumesh-native-r2.txt,NA,ok,1,1.000000,1.000000,0.000000,clean
load-8192-q1-envoy-permissive-r3,load,envoy-permissive,8192,8,4,const,1,13792,13792,3,10.000,13792.000,0.9039,156.00,398.00,482.00,591.00,1886.00,181.11,65.31,2483.35,137120,137920,0,0,0,0,0,0.132727,0.017569,0.115158,0.077014,0.004233,0.072781,0.362529,0.077192,0.285337,0.348001,0.057366,0.290635,0.920271,0.156360,0.763911,0.882429,0.153466,0.439739,0.000000,0.289224,0.298078,NA,0.000000,0.000000,22;23,/home/jukebox/DPUmesh/bench/report/data/l4-20260728-113431/raw/mpstat/load-8192-q1-envoy-permissive-r3.txt,NA,ok,1,1.000000,1.000000,0.000000,clean
load-8192-q1-envoy-strict-r3,load,envoy-strict,8192,8,4,const,1,13792,13792,3,10.000,13792.000,0.9039,180.00,417.00,488.00,1046.00,3525.00,200.23,71.16,4439.10,137120,137920,0,0,0,0,0,0.123375,0.020497,0.102878,0.077420,0.002908,0.074513,0.393272,0.110323,0.282948,0.351674,0.122447,0.229228,0.945741,0.256175,0.689567,0.941251,0.266540,0.404236,0.000000,0.270474,0.284244,NA,0.000000,0.000000,24;25,/home/jukebox/DPUmesh/bench/report/data/l4-20260728-113431/raw/mpstat/load-8192-q1-envoy-strict-r3.txt,NA,ok,1,1.000000,1.000000,0.000000,clean
load-8192-q1-dpumesh-preload-r3,load,dpumesh-preload,8192,8,4,const,1,13792,13792,3,10.000,13792.000,0.9039,245.00,441.00,60895.00,181135.00,216000.00,1667.04,108.11,219772.08,137119,137920,1,0,0,0,0,0.244002,0.067876,0.176125,0.319264,0.074148,0.245115,0.000000,0.000000,0.000000,0.000000,0.000000,0.000000,0.563266,0.142024,0.421240,0.480971,0.124915,0.356057,0.000000,0.000000,0.010819,1.631579,0.000000,0.000000,18;19,/home/jukebox/DPUmesh/bench/report/data/l4-20260728-113431/raw/mpstat/load-8192-q1-dpumesh-preload-r3.txt,NA,ok,0,1.000000,1.000000,0.000000,p99
load-8192-q1-dpumesh-native-r3,load,dpumesh-native,8192,8,4,const,1,13792,13792,3,10.000,13791.000,0.9038,226.00,480.00,1721.00,10656.00,22809.00,309.02,113.87,26808.77,137116,137920,4,0,0,0,0,0.155861,0.025166,0.130695,0.167759,0.065681,0.102078,0.000000,0.000000,0.000000,0.000000,0.000000,0.000000,0.323620,0.090847,0.232773,0.308864,0.104266,0.204598,0.000000,0.000000,0.024591,1.369584,0.000000,0.000000,26;27,/home/jukebox/DPUmesh/bench/report/data/l4-20260728-113431/raw/mpstat/load-8192-q1-dpumesh-native-r3.txt,NA,ok,1,0.999927,1.000000,0.000000,clean
load-8192-q1-plain-r3,load,plain,8192,8,4,const,1,13792,13792,3,10.000,13792.000,0.9038,90.00,258.00,305.00,429.00,1838.00,121.78,18.02,2509.42,137120,137920,0,0,0,0,0,0.249035,0.020974,0.228061,0.220457,0.005506,0.214951,0.000000,0.000000,0.000000,0.000000,0.000000,0.000000,0.469492,0.026480,0.443012,0.282292,0.018688,0.137704,0.000000,0.125900,0.136720,NA,0.000000,0.000000,20;21,/home/jukebox/DPUmesh/bench/report/data/l4-20260728-113431/raw/mpstat/load-8192-q1-plain-r3.txt,NA,ok,1,1.000000,1.000000,0.000000,clean
load-8192-q2-envoy-strict-r3,load,envoy-strict,8192,8,4,const,2,27584,27584,3,10.000,27583.000,1.8077,293.00,435.00,486.00,568.00,1523.00,311.12,66.01,1958.52,275034,275840,6,0,0,0,0,0.208210,0.019483,0.188727,0.156347,0.009546,0.146801,0.774620,0.219112,0.555508,0.677783,0.231416,0.446367,1.816960,0.479557,1.337403,1.819398,0.482878,0.788734,0.000000,0.547786,0.590075,NA,0.000000,0.000000,24;25,/home/jukebox/DPUmesh/bench/report/data/l4-20260728-113431/raw/mpstat/load-8192-q2-envoy-strict-r3.txt,NA,ok,1,0.999964,1.000000,0.000000,clean
load-8192-q2-dpumesh-preload-r3,load,dpumesh-preload,8192,8,4,const,2,27584,27584,3,10.000,27584.000,1.8077,231.00,304.00,902.00,11965.00,27783.00,279.19,104.99,31337.82,275035,275840,5,0,0,0,0,0.460302,0.121654,0.338648,0.551226,0.130496,0.420730,0.000000,0.000000,0.000000,0.000000,0.000000,0.000000,1.011528,0.252150,0.759378,0.997233,0.248817,0.748417,0.000000,0.000000,0.033438,2.785411,0.000000,0.000000,18;19,/home/jukebox/DPUmesh/bench/report/data/l4-20260728-113431/raw/mpstat/load-8192-q2-dpumesh-preload-r3.txt,NA,ok,1,1.000000,1.000000,0.000000,clean
load-8192-q2-dpumesh-native-r3,load,dpumesh-native,8192,8,4,const,2,27584,27584,3,10.000,27584.000,1.8077,217.00,401.00,585.00,12920.00,35220.00,280.21,82.50,39038.17,275035,275840,5,0,0,0,0,0.218532,0.065248,0.153283,0.247763,0.068683,0.179080,0.000000,0.000000,0.000000,0.000000,0.000000,0.000000,0.466295,0.133931,0.332363,0.450435,0.142605,0.307830,0.000000,0.000000,0.018686,2.747871,0.000000,0.000000,26;27,/home/jukebox/DPUmesh/bench/report/data/l4-20260728-113431/raw/mpstat/load-8192-q2-dpumesh-native-r3.txt,NA,ok,1,1.000000,1.000000,0.000000,clean
load-8192-q2-plain-r3,load,plain,8192,8,4,const,2,27584,27584,3,10.000,27584.000,1.8077,86.00,200.00,297.00,688.00,2537.00,86.41,20.54,3367.02,275040,275840,0,0,0,0,0,0.526936,0.040757,0.486179,0.324663,0.012277,0.312386,0.000000,0.000000,0.000000,0.000000,0.000000,0.000000,0.851599,0.053034,0.798565,0.673873,0.045253,0.332510,0.000000,0.296111,0.318737,NA,0.000000,0.000000,20;21,/home/jukebox/DPUmesh/bench/report/data/l4-20260728-113431/raw/mpstat/load-8192-q2-plain-r3.txt,NA,ok,1,1.000000,1.000000,0.000000,clean
load-8192-q2-envoy-permissive-r3,load,envoy-permissive,8192,8,4,const,2,27584,27584,3,10.000,27583.000,1.8077,210.00,308.00,336.00,381.00,728.00,213.08,68.12,1506.26,275035,275840,5,0,0,0,0,0.223448,0.025950,0.197498,0.174076,0.009167,0.164909,0.759538,0.162957,0.596581,0.643077,0.145075,0.498002,1.800139,0.343149,1.456990,1.792019,0.341290,0.883223,0.000000,0.567505,0.642255,NA,0.000000,0.000000,22;23,/home/jukebox/DPUmesh/bench/report/data/l4-20260728-113431/raw/mpstat/load-8192-q2-envoy-permissive-r3.txt,NA,ok,1,0.999964,1.000000,0.000000,clean
load-8192-q3-dpumesh-preload-r3,load,dpumesh-preload,8192,8,4,const,3,41376,41376,3,10.000,41309.000,2.7072,208.00,263.00,7145.00,92369.00,117301.00,521.83,98.62,120452.37,412286,413761,6,0,669,0,0,0.604443,0.186110,0.418333,0.778516,0.183533,0.594982,0.000000,0.000000,0.000000,0.000000,0.000000,0.000000,1.382959,0.369643,1.013315,1.348258,0.360912,0.987346,0.000000,0.000000,0.038353,2.886712,0.000000,0.000000,18;19,/home/jukebox/DPUmesh/bench/report/data/l4-20260728-113431/raw/mpstat/load-8192-q3-dpumesh-preload-r3.txt,NA,ok,0,0.998381,1.000002,0.001617,generator_drop
load-8192-q3-dpumesh-native-r3,load,dpumesh-native,8192,8,4,const,3,41376,41376,3,10.000,41376.000,2.7116,214.00,425.00,740.00,16301.00,23804.00,283.29,60.54,26713.16,412955,413760,5,0,0,0,0,0.226056,0.116224,0.109832,0.327944,0.081603,0.246341,0.000000,0.000000,0.000000,0.000000,0.000000,0.000000,0.554000,0.197827,0.356173,0.412122,0.119997,0.292125,0.000000,0.000000,0.024590,2.975277,0.000000,0.000000,26;27,/home/jukebox/DPUmesh/bench/report/data/l4-20260728-113431/raw/mpstat/load-8192-q3-dpumesh-native-r3.txt,NA,ok,1,1.000000,1.000000,0.000000,clean
load-8192-q3-plain-r3,load,plain,8192,8,4,const,3,41376,41376,3,10.000,41375.000,2.7116,85.00,116.00,125.00,302.00,1984.00,81.83,12.98,3101.31,412957,413760,3,0,0,0,0,0.758674,0.045986,0.712688,0.485324,0.016645,0.468679,0.000000,0.000000,0.000000,0.000000,0.000000,0.000000,1.243998,0.062631,1.181367,1.139332,0.057065,0.559827,0.000000,0.522440,0.590328,NA,0.000000,0.000000,20;21,/home/jukebox/DPUmesh/bench/report/data/l4-20260728-113431/raw/mpstat/load-8192-q3-plain-r3.txt,NA,ok,1,0.999976,1.000000,0.000000,clean
load-8192-q3-envoy-permissive-r3,load,envoy-permissive,8192,8,4,const,3,41376,41376,3,10.000,41375.000,2.7116,294.00,389.00,429.00,507.00,783.00,291.06,96.87,1174.82,412949,413760,11,0,0,0,0,0.236213,0.027099,0.209114,0.183449,0.012493,0.170956,0.747883,0.153580,0.594303,0.711592,0.158625,0.552967,1.879137,0.351797,1.527340,1.878384,0.353058,0.911656,0.000000,0.613671,0.654976,NA,0.000000,0.000000,22;23,/home/jukebox/DPUmesh/bench/report/data/l4-20260728-113431/raw/mpstat/load-8192-q3-envoy-permissive-r3.txt,NA,ok,1,0.999976,1.000000,0.000000,clean
load-8192-q3-envoy-strict-r3,load,envoy-strict,8192,8,4,const,3,41376,41376,3,10.000,41375.000,2.7115,337.00,424.00,470.00,544.00,850.00,327.70,118.09,1215.69,412946,413760,14,0,0,0,0,0.196031,0.021966,0.174065,0.159215,0.011742,0.147473,0.788154,0.233352,0.554802,0.781049,0.250320,0.530729,1.924449,0.517380,1.407069,1.919443,0.516244,0.854506,0.000000,0.548693,0.577209,NA,0.000000,0.000000,24;25,/home/jukebox/DPUmesh/bench/report/data/l4-20260728-113431/raw/mpstat/load-8192-q3-envoy-strict-r3.txt,NA,ok,1,0.999976,1.000000,0.000000,clean
load-8192-q4-dpumesh-native-r3,load,dpumesh-native,8192,8,4,const,4,49651,49651,3,10.000,49647.000,3.2537,221.00,424.00,690.00,11234.00,44040.00,291.12,69.21,47983.65,495660,496509,10,0,39,0,0,0.237103,0.118917,0.118186,0.339889,0.082368,0.257521,0.000000,0.000000,0.000000,0.000000,0.000000,0.000000,0.576992,0.201285,0.375707,0.446211,0.126787,0.319424,0.000000,0.000000,0.029485,3.329372,0.000000,0.000000,26;27,/home/jukebox/DPUmesh/bench/report/data/l4-20260728-113431/raw/mpstat/load-8192-q4-dpumesh-native-r3.txt,NA,ok,1,0.999919,0.999998,0.000079,clean
load-8192-q4-plain-r3,load,plain,8192,8,4,const,4,49651,49651,3,10.000,49641.000,3.2533,83.00,125.00,153.00,388.00,6644.00,83.59,12.04,7692.29,495612,496510,4,0,94,0,0,0.839660,0.053276,0.786384,0.568598,0.021807,0.546791,0.000000,0.000000,0.000000,0.000000,0.000000,0.000000,1.408258,0.075083,1.333175,1.315649,0.074786,0.614035,0.000000,0.626828,0.701614,NA,0.000000,0.000000,20;21,/home/jukebox/DPUmesh/bench/report/data/l4-20260728-113431/raw/mpstat/load-8192-q4-plain-r3.txt,NA,ok,1,0.999799,1.000000,0.000189,clean
load-8192-q4-envoy-permissive-r3,load,envoy-permissive,8192,8,4,const,4,49651,49651,3,10.000,49650.000,3.2539,299.00,395.00,423.00,510.00,1463.00,294.68,96.60,2315.72,495698,496510,12,0,0,0,0,0.247203,0.029690,0.217513,0.167806,0.010071,0.157735,0.736782,0.156225,0.580557,0.695911,0.138982,0.556929,1.847702,0.334968,1.512734,1.848596,0.335304,0.916431,0.000000,0.596860,0.634226,NA,0.000000,0.000000,22;23,/home/jukebox/DPUmesh/bench/report/data/l4-20260728-113431/raw/mpstat/load-8192-q4-envoy-permissive-r3.txt,NA,ok,1,0.999980,1.000000,0.000000,clean
load-8192-q4-envoy-strict-r3,load,envoy-strict,8192,8,4,const,4,49651,49651,3,10.000,49650.000,3.2539,354.00,423.00,446.00,532.00,853.00,353.93,144.16,1345.48,495695,496509,14,0,0,0,0,0.184040,0.023923,0.160117,0.152035,0.007763,0.144272,0.800101,0.250478,0.549623,0.828707,0.249886,0.578821,1.964883,0.532050,1.432833,1.965593,0.531959,0.866277,0.000000,0.567357,0.586040,NA,0.000000,0.000000,24;25,/home/jukebox/DPUmesh/bench/report/data/l4-20260728-113431/raw/mpstat/load-8192-q4-envoy-strict-r3.txt,NA,ok,1,0.999980,0.999998,0.000000,clean
load-8192-q4-dpumesh-preload-r3,load,dpumesh-preload,8192,8,4,const,4,46893,46893,3,10.000,46893.000,3.0732,228.00,288.00,1899.00,4703.00,20711.00,266.59,98.15,23452.25,468122,468930,8,0,0,0,0,0.699249,0.216376,0.482872,0.896457,0.207806,0.688651,0.000000,0.000000,0.000000,0.000000,0.000000,0.000000,1.595706,0.424182,1.171523,1.572733,0.419002,1.152748,0.000000,0.000984,0.033441,3.188936,0.000000,0.000000,18;19,/home/jukebox/DPUmesh/bench/report/data/l4-20260728-113431/raw/mpstat/load-8192-q4-dpumesh-preload-r3.txt,NA,ok,1,1.000000,1.000000,0.000000,clean
load-8192-q5-plain-r3,load,plain,8192,8,4,const,5,336064,336064,3,10.000,336054.000,22.0236,171.00,279.00,327.00,397.00,1485.00,173.23,7.83,2817.54,3359024,3360626,21,0,781,0,0,0.975363,0.101567,0.873796,0.892411,0.019341,0.873070,0.000000,0.000000,0.000000,0.000000,0.000000,0.000000,1.867774,0.120908,1.746866,1.867313,0.120786,1.024733,0.000000,0.721794,0.747120,NA,0.000000,0.000000,20;21,/home/jukebox/DPUmesh/bench/report/data/l4-20260728-113431/raw/mpstat/load-8192-q5-plain-r3.txt,NA,ok,1,0.999970,0.999996,0.000232,clean
load-8192-q5-envoy-permissive-r3,load,envoy-permissive,8192,8,4,const,5,210269,210269,3,10.000,210319.000,13.7835,570.00,718.00,810.00,1505.00,3207.00,573.77,181.83,4113.27,2101748,2102662,100,0,14,0,0,0.382654,0.075220,0.307434,0.226591,0.018540,0.208051,0.601533,0.093462,0.508071,0.726674,0.108920,0.617754,1.937452,0.296142,1.641310,1.936211,0.296971,1.208534,0.000000,0.430706,0.450373,NA,0.000000,0.000000,22;23,/home/jukebox/DPUmesh/bench/report/data/l4-20260728-113431/raw/mpstat/load-8192-q5-envoy-permissive-r3.txt,NA,ok,1,1.000238,0.999987,0.000007,clean
load-8192-q5-envoy-strict-r3,load,envoy-strict,8192,8,4,const,5,103094,103094,3,10.000,103101.000,6.7568,1023.00,1404.00,1536.00,1882.00,2386.00,1004.30,339.87,2803.71,1030057,1030921,64,0,0,0,0,0.181800,0.033517,0.148284,0.120075,0.010083,0.109992,0.801199,0.270812,0.530388,0.794726,0.297672,0.497054,1.897800,0.612084,1.285718,1.890670,0.609925,0.791626,0.000000,0.489119,0.504833,NA,0.000000,0.000000,24;25,/home/jukebox/DPUmesh/bench/report/data/l4-20260728-113431/raw/mpstat/load-8192-q5-envoy-strict-r3.txt,NA,ok,1,1.000068,0.999982,0.000000,clean
load-8192-q5-dpumesh-preload-r3,load,dpumesh-preload,8192,8,4,const,5,49651,49651,3,10.000,49651.000,3.2539,231.00,403.00,617.00,5460.00,17814.00,275.26,88.17,21073.63,495700,496511,11,0,0,0,0,0.733674,0.204501,0.529173,0.939080,0.226200,0.712880,0.000000,0.000000,0.000000,0.000000,0.000000,0.000000,1.672754,0.430701,1.242053,1.635882,0.421021,1.214861,0.000000,0.000000,0.066891,3.414201,0.000000,0.000000,18;19,/home/jukebox/DPUmesh/bench/report/data/l4-20260728-113431/raw/mpstat/load-8192-q5-dpumesh-preload-r3.txt,NA,ok,1,1.000000,1.000002,0.000000,clean
load-8192-q5-dpumesh-native-r3,load,dpumesh-native,8192,8,4,const,5,518799,518799,3,10.000,516527.000,33.8511,480.00,2329.00,4136.00,16930.00,38403.00,792.30,128.76,39388.53,5158842,5187974,253,0,28079,0,0,0.405694,0.275613,0.130081,0.257650,0.119439,0.138211,0.000000,0.000000,0.000000,0.000000,0.000000,0.000000,0.663344,0.395052,0.268292,0.617783,0.371850,0.245933,0.000000,0.000000,0.008854,3.466724,0.000000,0.000000,26;27,/home/jukebox/DPUmesh/bench/report/data/l4-20260728-113431/raw/mpstat/load-8192-q5-dpumesh-native-r3.txt,NA,ok,0,0.995621,0.999997,0.005412,generator_drop
