[0;34m[l4][0m output=/home/jukebox/DPUmesh/bench/report/data/l4-20260728-113431
[0;34m[l4][0m planned workload: load_max=315 idle=15 pilot_max=360 knee_vote_runs_typical=180 perf_replays=15 expected_timed~98.2min
[sudo] password for jukebox: [0;34m[l4][0m deploying canonical L4 stack: N/K/A=32/8/8, local NUMA, L7 disabled
[0;32m[INFO][0m Host NUMA: PCI 94:00.0 -> node 1, benchmark cores 18-35
secret/envoy-mtls configured
[0;32m[INFO][0m Envoy benchmark mTLS Secret ready
[0;34m[STEP][0m === Applying K8s manifest (replicas=0) ===
deployment.apps/bench-dpumesh configured
service/bench-dpumesh unchanged
deployment.apps/bench-dpumesh-2 unchanged
deployment.apps/bench-dpumesh-3 unchanged
deployment.apps/echo-dpumesh configured
deployment.apps/echo-dpumesh-13 unchanged
deployment.apps/echo-dpumesh-14 unchanged
deployment.apps/loopback-dpumesh unchanged
service/loopback-dpumesh unchanged
deployment.apps/verbs-dpumesh unchanged
service/verbs-dpumesh unchanged
deployment.apps/stream-dpumesh unchanged
service/stream-dpumesh unchanged
deployment.apps/preload-dpumesh unchanged
service/preload-dpumesh unchanged
deployment.apps/preload-echo configured
deployment.apps/preload-bench configured
service/preload-bench unchanged
service/preload-sock unchanged
deployment.apps/bench-tcp configured
service/bench-tcp unchanged
deployment.apps/echo-tcp configured
service/echo-tcp unchanged
deployment.apps/bench-tcp-strict configured
service/bench-tcp-strict unchanged
deployment.apps/echo-tcp-strict configured
service/echo-tcp-strict unchanged
deployment.apps/echo-plain configured
service/echo-plain unchanged
deployment.apps/bench-direct configured
service/bench-direct unchanged
configmap/sidecar1-config unchanged
configmap/sidecar2-config unchanged
configmap/strict-client-config unchanged
configmap/strict-server-config unchanged
[0;32m[INFO][0m K8s resources applied
[0;34m[STEP][0m === Syncing sources to DPU (jukebox@192.168.100.2:~/DPUmesh) ===
sending incremental file list
buffer.c
buffer.h
build_dpacc.sh
comch_client.c
comch_client.h
comch_common.c
comch_common.h
comch_msgq.c
comch_msgq.h
comch_server.c
comch_server.h
common.c
common.h
config.c
config.h
dpa.c
dpa.h
dpa_common.h
dpa_resource_config.yaml
dpu_l7.c
dpu_l7.h
dpu_main.c
dpu_proxy.c
dpu_proxy.h
dpu_worker.c
dpu_worker.h
meson.build
object.c
object.h
ring.c
ring.h
device/dpa_kernel.c

sent 2,196 bytes  received 3,929 bytes  12,250.00 bytes/sec
total size is 373,325  speedup is 60.95
sending incremental file list
dpumesh/dmesh.h
dpumesh/dmesh_common.h
dpumesh/dmesh_topology.h

sent 296 bytes  received 170 bytes  932.00 bytes/sec
total size is 10,586  speedup is 22.72
[0;32m[INFO][0m Source sync complete
[0;34m[STEP][0m === Building on DPU (ninja) ===
[0;32m[INFO][0m DPU build OK (buildtype=debugoptimized, recompiled 14 C objects)
[0;34m[STEP][0m === Building host libdpumesh.so (make lib) ===
make: Entering directory '/home/jukebox/DPUmesh'
make: Leaving directory '/home/jukebox/DPUmesh'
[0;32m[INFO][0m Host build OK (/home/jukebox/DPUmesh/build/lib/libdpumesh.so)
[0;34m[STEP][0m === Building bench/validator binaries (make bench) ===
make: Entering directory '/home/jukebox/DPUmesh'
make: Leaving directory '/home/jukebox/DPUmesh'
[0;32m[INFO][0m Bench binaries built (/home/jukebox/DPUmesh/build/bin + /home/jukebox/DPUmesh/build/lib/libdmesh_preload.so)
[0;34m[STEP][0m === Building Docker images ===
#0 building with "default" instance using docker driver

#1 [internal] load build definition from bench_dpumesh.Dockerfile
#1 transferring dockerfile: 747B done
#1 DONE 0.0s

#2 [internal] load metadata for docker.io/library/ubuntu:22.04
#2 DONE 1.3s

#3 [internal] load .dockerignore
#3 transferring context: 2B done
#3 DONE 0.0s

#4 [1/8] FROM docker.io/library/ubuntu:22.04@sha256:0e0a0fc6d18feda9db1590da249ac93e8d5abfea8f4c3c0c849ce512b5ef8982
#4 resolve docker.io/library/ubuntu:22.04@sha256:0e0a0fc6d18feda9db1590da249ac93e8d5abfea8f4c3c0c849ce512b5ef8982 0.0s done
#4 DONE 0.0s

#5 [internal] load build context
#5 transferring context: 3.69MB 0.0s done
#5 DONE 0.0s

#6 [4/8] COPY doca-libs/ /usr/local/lib/
#6 CACHED

#7 [3/8] COPY build/bin/bench_dpumesh /usr/local/bin/bench_dpumesh
#7 CACHED

#8 [2/8] RUN apt-get update &&     DEBIAN_FRONTEND=noninteractive apt-get install -y       ca-certificates       libibverbs1       libnl-3-200       libnl-route-3-200       libyaml-0-2       libsasl2-2       numactl       openssl &&     rm -rf /var/lib/apt/lists/*
#8 CACHED

#9 [5/8] COPY build/lib/libdpumesh.so.4 /usr/local/lib/
#9 CACHED

#10 [6/8] COPY bench/k8s/registry /etc/dpumesh/registry
#10 CACHED

#11 [7/8] COPY bench/docker/numa-entrypoint.sh /usr/local/bin/numa-entrypoint.sh
#11 CACHED

#12 [8/8] RUN ldconfig
#12 CACHED

#13 exporting to image
#13 exporting layers done
#13 exporting manifest sha256:ec888b7b9d2d3dc5017bf8f5dd340bf9c5085b2ce431d60a216d66bdf308471d done
#13 exporting config sha256:f9c5d039ba3625b79378a13ed102c01d2643cfa981a283cc55360cde70137252 done
#13 exporting attestation manifest sha256:22ed658c3cc14f7490522c3f809c8a2b3d284838ffdea8dc7799d154014704c3 0.0s done
#13 exporting manifest list sha256:565611ac0d5041eb7fc42cd7349f4c96a9e382fc3397f217494eb8f35d585df9 done
#13 naming to docker.io/bench/bench-dpumesh:latest done
#13 unpacking to docker.io/bench/bench-dpumesh:latest done
#13 DONE 0.0s
docker.io/bench/bench-dpumesh:latest
docker.io/bench/bench dpumesh:latest    	saved	
application/vnd.oci.image.index.v1+json sha256:565611ac0d5041eb7fc42cd7349f4c96a9e382fc3397f217494eb8f35d585df9
Importing	elapsed: 0.6 s	total:   0.0 B	(0.0 B/s)	
#0 building with "default" instance using docker driver

#1 [internal] load build definition from echo_dpumesh.Dockerfile
#1 transferring dockerfile: 731B done
#1 DONE 0.0s

#2 [internal] load metadata for docker.io/library/ubuntu:22.04
#2 DONE 0.3s

#3 [internal] load .dockerignore
#3 transferring context: 2B done
#3 DONE 0.0s

#4 [1/8] FROM docker.io/library/ubuntu:22.04@sha256:0e0a0fc6d18feda9db1590da249ac93e8d5abfea8f4c3c0c849ce512b5ef8982
#4 resolve docker.io/library/ubuntu:22.04@sha256:0e0a0fc6d18feda9db1590da249ac93e8d5abfea8f4c3c0c849ce512b5ef8982 0.0s done
#4 DONE 0.0s

#5 [internal] load build context
#5 transferring context: 42.13kB done
#5 DONE 0.0s

#6 [7/8] COPY bench/docker/numa-entrypoint.sh /usr/local/bin/numa-entrypoint.sh
#6 CACHED

#7 [3/8] COPY build/bin/echo_dpumesh /usr/local/bin/echo_dpumesh
#7 CACHED

#8 [2/8] RUN apt-get update &&     DEBIAN_FRONTEND=noninteractive apt-get install -y       ca-certificates       libibverbs1       libnl-3-200       libnl-route-3-200       libyaml-0-2       libsasl2-2       numactl       openssl &&     rm -rf /var/lib/apt/lists/*
#8 CACHED

#9 [5/8] COPY build/lib/libdpumesh.so.4 /usr/local/lib/
#9 CACHED

#10 [4/8] COPY doca-libs/ /usr/local/lib/
#10 CACHED

#11 [6/8] COPY bench/k8s/registry /etc/dpumesh/registry
#11 CACHED

#12 [8/8] RUN ldconfig
#12 CACHED

#13 exporting to image
#13 exporting layers done
#13 exporting manifest sha256:df5066ca8883dd920b2a9f46aeba897eabb03a6fd49ddfdb91aac8861ab93955 done
#13 exporting config sha256:1d52c38bba9a223ef6644719eb119c077137cc2140e435c91fee2b935085b190 done
#13 exporting attestation manifest sha256:c75e2224e5f04163e21ff3b21bd7878008485f27900882f1c07912466720ca41 0.0s done
#13 exporting manifest list sha256:941ba4ffc452dbb52c9c0ff0073116689a6722dd296f45e45bc07041bc53f82b done
#13 naming to docker.io/bench/echo-dpumesh:latest done
#13 unpacking to docker.io/bench/echo-dpumesh:latest done
#13 DONE 0.1s
docker.io/bench/echo-dpumesh:latest
docker.io/bench/echo dpumesh:latest     	saved	
application/vnd.oci.image.index.v1+json sha256:941ba4ffc452dbb52c9c0ff0073116689a6722dd296f45e45bc07041bc53f82b
Importing	elapsed: 0.6 s	total:   0.0 B	(0.0 B/s)	
#0 building with "default" instance using docker driver

#1 [internal] load build definition from loopback_dpumesh.Dockerfile
#1 transferring dockerfile: 747B done
#1 DONE 0.0s

#2 [internal] load metadata for docker.io/library/ubuntu:22.04
#2 DONE 0.3s

#3 [internal] load .dockerignore
#3 transferring context: 2B done
#3 DONE 0.0s

#4 [1/8] FROM docker.io/library/ubuntu:22.04@sha256:0e0a0fc6d18feda9db1590da249ac93e8d5abfea8f4c3c0c849ce512b5ef8982
#4 resolve docker.io/library/ubuntu:22.04@sha256:0e0a0fc6d18feda9db1590da249ac93e8d5abfea8f4c3c0c849ce512b5ef8982 0.0s done
#4 DONE 0.0s

#5 [internal] load build context
#5 transferring context: 51.37kB done
#5 DONE 0.0s

#6 [6/8] COPY bench/k8s/registry /etc/dpumesh/registry
#6 CACHED

#7 [5/8] COPY build/lib/libdpumesh.so.4 /usr/local/lib/
#7 CACHED

#8 [4/8] COPY doca-libs/ /usr/local/lib/
#8 CACHED

#9 [7/8] COPY bench/docker/numa-entrypoint.sh /usr/local/bin/numa-entrypoint.sh
#9 CACHED

#10 [2/8] RUN apt-get update &&     DEBIAN_FRONTEND=noninteractive apt-get install -y       ca-certificates       libibverbs1       libnl-3-200       libnl-route-3-200       libyaml-0-2       libsasl2-2       numactl       openssl &&     rm -rf /var/lib/apt/lists/*
#10 CACHED

#11 [3/8] COPY build/bin/loopback_dpumesh /usr/local/bin/loopback_dpumesh
#11 CACHED

#12 [8/8] RUN ldconfig
#12 CACHED

#13 exporting to image
#13 exporting layers done
#13 exporting manifest sha256:31f16cecacd1b5db898a20aec6e162057f9b413bb58d5ed61e99ca80c1958fdd done
#13 exporting config sha256:7200c9f5e384daf58bb297cbf2f41c8ed074be0ff95b4b8dbaa70752ff111a56 done
#13 exporting attestation manifest sha256:8b42d9f2727a12f789e6f7d038b522167c4648e0b6157f9b012486c332969e96 0.0s done
#13 exporting manifest list sha256:8930d66ce94d9f706fe145311d43aca090d489e8c9325db806377f501c67b0b5 done
#13 naming to docker.io/bench/loopback-dpumesh:latest done
#13 unpacking to docker.io/bench/loopback-dpumesh:latest done
#13 DONE 0.1s
docker.io/bench/loopback-dpumesh:latest
docker.io/bench/loopback dpumesh:latest 	saved	
application/vnd.oci.image.index.v1+json sha256:8930d66ce94d9f706fe145311d43aca090d489e8c9325db806377f501c67b0b5
Importing	elapsed: 0.6 s	total:   0.0 B	(0.0 B/s)	
#0 building with "default" instance using docker driver

#1 [internal] load build definition from stream_dpumesh.Dockerfile
#1 transferring dockerfile: 739B done
#1 DONE 0.0s

#2 [internal] load metadata for docker.io/library/ubuntu:22.04
#2 DONE 0.3s

#3 [internal] load .dockerignore
#3 transferring context: 2B done
#3 DONE 0.0s

#4 [1/8] FROM docker.io/library/ubuntu:22.04@sha256:0e0a0fc6d18feda9db1590da249ac93e8d5abfea8f4c3c0c849ce512b5ef8982
#4 resolve docker.io/library/ubuntu:22.04@sha256:0e0a0fc6d18feda9db1590da249ac93e8d5abfea8f4c3c0c849ce512b5ef8982 0.0s done
#4 DONE 0.0s

#5 [internal] load build context
#5 transferring context: 55.94kB done
#5 DONE 0.0s

#6 [7/8] COPY bench/docker/numa-entrypoint.sh /usr/local/bin/numa-entrypoint.sh
#6 CACHED

#7 [2/8] RUN apt-get update &&     DEBIAN_FRONTEND=noninteractive apt-get install -y       ca-certificates       libibverbs1       libnl-3-200       libnl-route-3-200       libyaml-0-2       libsasl2-2       numactl       openssl &&     rm -rf /var/lib/apt/lists/*
#7 CACHED

#8 [5/8] COPY build/lib/libdpumesh.so.4 /usr/local/lib/
#8 CACHED

#9 [3/8] COPY build/bin/stream_dpumesh /usr/local/bin/stream_dpumesh
#9 CACHED

#10 [4/8] COPY doca-libs/ /usr/local/lib/
#10 CACHED

#11 [6/8] COPY bench/k8s/registry /etc/dpumesh/registry
#11 CACHED

#12 [8/8] RUN ldconfig
#12 CACHED

#13 exporting to image
#13 exporting layers done
#13 exporting manifest sha256:e703c7b55110dbdae91ce9e4e2ea69b32e4f976c1ca94a26053cd0d577f3569d done
#13 exporting config sha256:9d192440d009b0907a538352dca77d577448ac5d6a801b97e3bc873026dfea4d done
#13 exporting attestation manifest sha256:191f0aadabe9b7781e065908feb0eb28f03d205a4ef2bab7fd966a39cc823684 0.0s done
#13 exporting manifest list sha256:2c038bd4e9d28f06b9b81ccf0ee7a8de30fdc9d0af215186bf1c17cb001d30c7 done
#13 naming to docker.io/bench/stream-dpumesh:latest done
#13 unpacking to docker.io/bench/stream-dpumesh:latest done
#13 DONE 0.0s
docker.io/bench/stream-dpumesh:latest
docker.io/bench/stream dpumesh:latest   	saved	
application/vnd.oci.image.index.v1+json sha256:2c038bd4e9d28f06b9b81ccf0ee7a8de30fdc9d0af215186bf1c17cb001d30c7
Importing	elapsed: 0.6 s	total:   0.0 B	(0.0 B/s)	
#0 building with "default" instance using docker driver

#1 [internal] load build definition from verbs_dpumesh.Dockerfile
#1 transferring dockerfile: 735B done
#1 DONE 0.0s

#2 [internal] load metadata for docker.io/library/ubuntu:22.04
#2 DONE 0.4s

#3 [internal] load .dockerignore
#3 transferring context: 2B done
#3 DONE 0.0s

#4 [1/8] FROM docker.io/library/ubuntu:22.04@sha256:0e0a0fc6d18feda9db1590da249ac93e8d5abfea8f4c3c0c849ce512b5ef8982
#4 resolve docker.io/library/ubuntu:22.04@sha256:0e0a0fc6d18feda9db1590da249ac93e8d5abfea8f4c3c0c849ce512b5ef8982 0.0s done
#4 DONE 0.0s

#5 [internal] load build context
#5 transferring context: 56.69kB done
#5 DONE 0.0s

#6 [5/8] COPY build/lib/libdpumesh.so.4 /usr/local/lib/
#6 CACHED

#7 [3/8] COPY build/bin/verbs_dpumesh /usr/local/bin/verbs_dpumesh
#7 CACHED

#8 [6/8] COPY bench/k8s/registry /etc/dpumesh/registry
#8 CACHED

#9 [4/8] COPY doca-libs/ /usr/local/lib/
#9 CACHED

#10 [7/8] COPY bench/docker/numa-entrypoint.sh /usr/local/bin/numa-entrypoint.sh
#10 CACHED

#11 [2/8] RUN apt-get update &&     DEBIAN_FRONTEND=noninteractive apt-get install -y       ca-certificates       libibverbs1       libnl-3-200       libnl-route-3-200       libyaml-0-2       libsasl2-2       numactl       openssl &&     rm -rf /var/lib/apt/lists/*
#11 CACHED

#12 [8/8] RUN ldconfig
#12 CACHED

#13 exporting to image
#13 exporting layers done
#13 exporting manifest sha256:09822f2580ff0bace4393be450b288fa5cb49b97317b6859cefa4c67def24975 done
#13 exporting config sha256:a4ff0932111140ec161cb62bf80a79210b198c84664f0b794cae557f72af1282 done
#13 exporting attestation manifest sha256:ab640997302875a44f99803d09daf50316d43693ee7decf8d8c546d92941e46c 0.0s done
#13 exporting manifest list sha256:081ac71c0f16d48882d4d932a2f51a05a930c4c632fead5daf1a572043f2d8a4 done
#13 naming to docker.io/bench/verbs-dpumesh:latest done
#13 unpacking to docker.io/bench/verbs-dpumesh:latest done
#13 DONE 0.1s
docker.io/bench/verbs-dpumesh:latest
docker.io/bench/verbs dpumesh:latest    	saved	
application/vnd.oci.image.index.v1+json sha256:081ac71c0f16d48882d4d932a2f51a05a930c4c632fead5daf1a572043f2d8a4
Importing	elapsed: 0.6 s	total:   0.0 B	(0.0 B/s)	
#0 building with "default" instance using docker driver

#1 [internal] load build definition from preload_dpumesh.Dockerfile
#1 transferring dockerfile: 876B done
#1 DONE 0.0s

#2 [internal] load metadata for docker.io/library/ubuntu:22.04
#2 DONE 0.3s

#3 [internal] load .dockerignore
#3 transferring context: 2B done
#3 DONE 0.0s

#4 [ 1/10] FROM docker.io/library/ubuntu:22.04@sha256:0e0a0fc6d18feda9db1590da249ac93e8d5abfea8f4c3c0c849ce512b5ef8982
#4 resolve docker.io/library/ubuntu:22.04@sha256:0e0a0fc6d18feda9db1590da249ac93e8d5abfea8f4c3c0c849ce512b5ef8982 0.0s done
#4 DONE 0.0s

#5 [internal] load build context
#5 transferring context: 262.31kB done
#5 DONE 0.0s

#6 [ 5/10] COPY build/bin/tcp_client /usr/local/bin/tcp_client
#6 CACHED

#7 [ 7/10] COPY doca-libs/ /usr/local/lib/
#7 CACHED

#8 [ 4/10] COPY build/bin/tcp_echo /usr/local/bin/tcp_echo
#8 CACHED

#9 [ 3/10] COPY build/bin/preload_runner /usr/local/bin/preload_runner
#9 CACHED

#10 [ 8/10] COPY build/lib/libdpumesh.so.4 /usr/local/lib/
#10 CACHED

#11 [ 2/10] RUN apt-get update &&     DEBIAN_FRONTEND=noninteractive apt-get install -y       ca-certificates       libibverbs1       libnl-3-200       libnl-route-3-200       libyaml-0-2       libsasl2-2       numactl       openssl &&     rm -rf /var/lib/apt/lists/*
#11 CACHED

#12 [ 6/10] COPY build/lib/libdmesh_preload.so /usr/local/lib/libdmesh_preload.so
#12 CACHED

#13 [ 9/10] COPY bench/docker/numa-entrypoint.sh /usr/local/bin/numa-entrypoint.sh
#13 CACHED

#14 [10/10] RUN ldconfig
#14 CACHED

#15 exporting to image
#15 exporting layers done
#15 exporting manifest sha256:703857d9a36ddcc1716affbb649eaef6ae619f9e369d4cdb5822234969dfaf50 done
#15 exporting config sha256:0ac343ccd4d695fcdf1d4af6e81fad5b366e9aea988e402b2ac49bba1790ffc2 done
#15 exporting attestation manifest sha256:d0444f36352a6370a16e1234a204828771afe9bc48af8cd735ae63572ff71e7c 0.0s done
#15 exporting manifest list sha256:6338016cf3fc2225b19684993136c0d95940a54ced35e8b1c588d60955a8d872 done
#15 naming to docker.io/bench/preload-dpumesh:latest done
#15 unpacking to docker.io/bench/preload-dpumesh:latest done
#15 DONE 0.1s
docker.io/bench/preload-dpumesh:latest
docker.io/bench/preload dpumesh:latest  	saved	
application/vnd.oci.image.index.v1+json sha256:6338016cf3fc2225b19684993136c0d95940a54ced35e8b1c588d60955a8d872
Importing	elapsed: 0.7 s	total:   0.0 B	(0.0 B/s)	
#0 building with "default" instance using docker driver

#1 [internal] load build definition from preload_sock.Dockerfile
#1 transferring dockerfile: 734B done
#1 DONE 0.0s

#2 [internal] load metadata for docker.io/library/ubuntu:22.04
#2 DONE 0.3s

#3 [internal] load .dockerignore
#3 transferring context: 2B done
#3 DONE 0.0s

#4 [ 1/10] FROM docker.io/library/ubuntu:22.04@sha256:0e0a0fc6d18feda9db1590da249ac93e8d5abfea8f4c3c0c849ce512b5ef8982
#4 resolve docker.io/library/ubuntu:22.04@sha256:0e0a0fc6d18feda9db1590da249ac93e8d5abfea8f4c3c0c849ce512b5ef8982 0.0s done
#4 DONE 0.0s

#5 [internal] load build context
#5 transferring context: 114.36kB done
#5 DONE 0.0s

#6 [ 5/10] COPY build/lib/libdmesh_preload.so /usr/local/lib/libdmesh_preload.so
#6 CACHED

#7 [ 3/10] COPY build/bin/bench_sock /usr/local/bin/bench_sock
#7 CACHED

#8 [ 7/10] COPY build/lib/libdpumesh.so.4 /usr/local/lib/
#8 CACHED

#9 [ 8/10] COPY bench/k8s/registry /etc/dpumesh/registry
#9 CACHED

#10 [ 6/10] COPY doca-libs/ /usr/local/lib/
#10 CACHED

#11 [ 2/10] RUN apt-get update &&     DEBIAN_FRONTEND=noninteractive apt-get install -y       ca-certificates libibverbs1 libnl-3-200 libnl-route-3-200       libyaml-0-2 libsasl2-2 numactl openssl &&     rm -rf /var/lib/apt/lists/*
#11 CACHED

#12 [ 9/10] COPY bench/docker/numa-entrypoint.sh /usr/local/bin/numa-entrypoint.sh
#12 CACHED

#13 [ 4/10] COPY build/bin/echo_sock /usr/local/bin/echo_sock
#13 CACHED

#14 [10/10] RUN ldconfig
#14 CACHED

#15 exporting to image
#15 exporting layers done
#15 exporting manifest sha256:1c99c2bb22f737bea15ab34b0ea1f0793f01248157d80b97d1ef184ffcf6bea4 done
#15 exporting config sha256:00b3942a546d82ed9cfd4fc2c9e72e47a116a98b48d223e864438b669001785c done
#15 exporting attestation manifest sha256:93f21c7ae81926b7d169bb8f3e82fc0b41f8a3d07e258ddce8c27532ef8f9110 0.0s done
#15 exporting manifest list sha256:4fc5e250e2f9ad07ab741eb54230d32b74c8f4e475dc91dcd64b8befe31f353f done
#15 naming to docker.io/bench/preload-sock:latest done
#15 unpacking to docker.io/bench/preload-sock:latest done
#15 DONE 0.1s
docker.io/bench/preload-sock:latest
docker.io/bench/preload sock:latest     	saved	
application/vnd.oci.image.index.v1+json sha256:4fc5e250e2f9ad07ab741eb54230d32b74c8f4e475dc91dcd64b8befe31f353f
Importing	elapsed: 0.6 s	total:   0.0 B	(0.0 B/s)	
#0 building with "default" instance using docker driver

#1 [internal] load build definition from bench_sock.Dockerfile
#1 transferring dockerfile: 527B done
#1 DONE 0.0s

#2 [internal] load metadata for docker.io/library/ubuntu:22.04
#2 DONE 0.3s

#3 [internal] load .dockerignore
#3 transferring context: 2B done
#3 DONE 0.0s

#4 [internal] load build context
#4 transferring context: 205B done
#4 DONE 0.0s

#5 [1/4] FROM docker.io/library/ubuntu:22.04@sha256:0e0a0fc6d18feda9db1590da249ac93e8d5abfea8f4c3c0c849ce512b5ef8982
#5 resolve docker.io/library/ubuntu:22.04@sha256:0e0a0fc6d18feda9db1590da249ac93e8d5abfea8f4c3c0c849ce512b5ef8982 0.0s done
#5 DONE 0.0s

#6 [2/4] RUN apt-get update &&     DEBIAN_FRONTEND=noninteractive apt-get install -y ca-certificates numactl &&     rm -rf /var/lib/apt/lists/*
#6 CACHED

#7 [3/4] COPY build/bin/bench_sock /usr/local/bin/bench_sock
#7 CACHED

#8 [4/4] COPY bench/docker/numa-entrypoint.sh /usr/local/bin/numa-entrypoint.sh
#8 CACHED

#9 exporting to image
#9 exporting layers done
#9 exporting manifest sha256:1f7306c3879489f949fdd3b9ceb86a7f9a09cb839c50b975f641ceccfaf1379c done
#9 exporting config sha256:85a6c5dbfc2e7ae64ac4151a7526d2b3dd4f3b11f85dc26701a69fa49692217d done
#9 exporting attestation manifest sha256:b463d28e1dcef56b6c585acee831f1ad02004b0020fffc67a970af84aa0d6dfb done
#9 exporting manifest list sha256:16f3084206bd357c34650b4bea7343caa5afbc7f14916b08c9caa686cf219a07 done
#9 naming to docker.io/bench/bench-tcp:latest done
#9 unpacking to docker.io/bench/bench-tcp:latest done
#9 DONE 0.0s
docker.io/bench/bench-tcp:latest
docker.io/bench/bench tcp:latest        	saved	
application/vnd.oci.image.index.v1+json sha256:16f3084206bd357c34650b4bea7343caa5afbc7f14916b08c9caa686cf219a07
Importing	elapsed: 0.6 s	total:   0.0 B	(0.0 B/s)	
#0 building with "default" instance using docker driver

#1 [internal] load build definition from echo_sock.Dockerfile
#1 transferring dockerfile: 535B done
#1 DONE 0.0s

#2 [internal] load metadata for docker.io/library/ubuntu:22.04
#2 DONE 0.4s

#3 [internal] load .dockerignore
#3 transferring context: 2B done
#3 DONE 0.0s

#4 [internal] load build context
#4 transferring context: 37.09kB done
#4 DONE 0.0s

#5 [1/4] FROM docker.io/library/ubuntu:22.04@sha256:0e0a0fc6d18feda9db1590da249ac93e8d5abfea8f4c3c0c849ce512b5ef8982
#5 resolve docker.io/library/ubuntu:22.04@sha256:0e0a0fc6d18feda9db1590da249ac93e8d5abfea8f4c3c0c849ce512b5ef8982 0.0s done
#5 DONE 0.0s

#6 [2/4] RUN apt-get update &&     DEBIAN_FRONTEND=noninteractive apt-get install -y ca-certificates numactl &&     rm -rf /var/lib/apt/lists/*
#6 CACHED

#7 [3/4] COPY build/bin/echo_sock /usr/local/bin/echo_sock
#7 CACHED

#8 [4/4] COPY bench/docker/numa-entrypoint.sh /usr/local/bin/numa-entrypoint.sh
#8 CACHED

#9 exporting to image
#9 exporting layers done
#9 exporting manifest sha256:f49be2b738dff76c56be9bd93b3550b03e21abbe82379a92b21f2dd0172d260d done
#9 exporting config sha256:c56ea40fd54db47d7bd35d5814b14af634947d16e4465c280620a32d93a4d34f done
#9 exporting attestation manifest sha256:5dcd187ca0e4db07b5273ea1cc8ffc6b366991eed7f6650fd6edf41ffa57c858 0.0s done
#9 exporting manifest list sha256:6005e9b892c25ee54dd9f337a681bb6db8ca023dfba03660bb6e64f42d967654 done
#9 naming to docker.io/bench/echo-tcp:latest done
#9 unpacking to docker.io/bench/echo-tcp:latest done
#9 DONE 0.0s
docker.io/bench/echo-tcp:latest
docker.io/bench/echo tcp:latest         	saved	
application/vnd.oci.image.index.v1+json sha256:6005e9b892c25ee54dd9f337a681bb6db8ca023dfba03660bb6e64f42d967654
Importing	elapsed: 0.6 s	total:   0.0 B	(0.0 B/s)	
[0;32m[INFO][0m All images built and imported to containerd
[0;32m[INFO][0m Building NUMA-aware Envoy image
#0 building with "default" instance using docker driver

#1 [internal] load build definition from envoy_numa.Dockerfile
#1 transferring dockerfile: 398B done
#1 DONE 0.0s

#2 [internal] load metadata for docker.io/envoyproxy/envoy:v1.30-latest
#2 DONE 0.0s

#3 [internal] load .dockerignore
#3 transferring context: 2B done
#3 DONE 0.0s

#4 [internal] load build context
#4 transferring context: 110B done
#4 DONE 0.0s

#5 [1/3] FROM docker.io/envoyproxy/envoy:v1.30-latest@sha256:b5cc70f5fe5503858817e897ae1da5d873dc32cbc493790b4e330b8a42c4af9d
#5 resolve docker.io/envoyproxy/envoy:v1.30-latest@sha256:b5cc70f5fe5503858817e897ae1da5d873dc32cbc493790b4e330b8a42c4af9d 0.0s done
#5 DONE 0.0s

#6 [2/3] RUN apt-get update &&     DEBIAN_FRONTEND=noninteractive apt-get install -y --no-install-recommends       numactl &&     rm -rf /var/lib/apt/lists/*
#6 CACHED

#7 [3/3] COPY bench/docker/numa-entrypoint.sh /usr/local/bin/numa-entrypoint.sh
#7 CACHED

#8 exporting to image
#8 exporting layers done
#8 exporting manifest sha256:253034c83e48382b36ad0de64c3dcfdcb15a319ddecfcb14a6a089f4d08df456 done
#8 exporting config sha256:bf263af6c71e4b4abebf4b7b0e072d06bb9ddea17922eff9147f30393ebe550a done
#8 exporting attestation manifest sha256:e70073ae02e98dbe564fe0c0b74fdf76ac8da5af8d8b53b9a90955d318d3f667 0.0s done
#8 exporting manifest list sha256:6f3c5bbe7378bc3513d70e1199637f8fe650b1fd8298233b3dc614edf4b946c5 done
#8 naming to docker.io/bench/envoy-numa:v1.30-latest done
#8 unpacking to docker.io/bench/envoy-numa:v1.30-latest done
#8 DONE 0.1s
docker.io/bench/envoy-numa:v1.30-latest
docker.io/bench/envoy numa:v1.30 latest 	saved	
application/vnd.oci.image.index.v1+json sha256:6f3c5bbe7378bc3513d70e1199637f8fe650b1fd8298233b3dc614edf4b946c5
Importing	elapsed: 1.2 s	total:   0.0 B	(0.0 B/s)	
[0;34m[STEP][0m === Starting dpumesh_dpu (l7_svc='' dpa_threads='32' rings_per_pod='8' arm_workers='8') ===
[0;32m[INFO][0m Stopping dpumesh_dpu...
[0;32m[INFO][0m dpumesh_dpu running (PID: 894909)
[0;34m[STEP][0m === Starting pods (innermost first, scope=l4) ===
deployment.apps/echo-dpumesh scaled
deployment.apps/echo-dpumesh scaled
pod/echo-dpumesh-f98c98b9-7mbnw condition met
[0;32m[INFO][0m echo-dpumesh pod Ready
[0;32m[INFO][0m Waiting for DPUmesh init: echo-dpumesh (DPU pod is data-ready)
[0;32m[INFO][0m echo-dpumesh DPUmesh data-ready
deployment.apps/bench-dpumesh scaled
deployment.apps/bench-dpumesh scaled
pod/bench-dpumesh-75d4f4b777-7qk6g condition met
[0;32m[INFO][0m bench-dpumesh pod Ready
[0;32m[INFO][0m Waiting for DPUmesh init: bench-dpumesh (DPU pod is data-ready)
[0;32m[INFO][0m bench-dpumesh DPUmesh data-ready
deployment.apps/preload-echo scaled
deployment.apps/preload-echo scaled
pod/preload-echo-86568cf7b6-6qss9 condition met
[0;32m[INFO][0m preload-echo pod Ready
[0;32m[INFO][0m Waiting for DPUmesh init: preload-echo (DPU pod is data-ready)
[0;32m[INFO][0m preload-echo DPUmesh data-ready
deployment.apps/preload-bench scaled
deployment.apps/preload-bench scaled
pod/preload-bench-856d8bf994-xxdnz condition met
[0;32m[INFO][0m preload-bench pod Ready
deployment.apps/echo-plain scaled
deployment.apps/echo-plain scaled
pod/echo-plain-867b9d4789-jpmvs condition met
[0;32m[INFO][0m echo-plain pod Ready
deployment.apps/echo-tcp-strict scaled
deployment.apps/echo-tcp-strict scaled
pod/echo-tcp-strict-7d69765b5b-7zvwh condition met
[0;32m[INFO][0m echo-tcp-strict pod Ready
deployment.apps/bench-tcp-strict scaled
deployment.apps/bench-tcp-strict scaled
pod/bench-tcp-strict-b678c66b7-qp4kb condition met
[0;32m[INFO][0m bench-tcp-strict pod Ready
deployment.apps/echo-tcp scaled
deployment.apps/echo-tcp scaled
pod/echo-tcp-6b7d6d46f6-pmrnw condition met
[0;32m[INFO][0m echo-tcp pod Ready
deployment.apps/bench-tcp scaled
deployment.apps/bench-tcp scaled
pod/bench-tcp-7b8dc7b6f7-22ltn condition met
[0;32m[INFO][0m bench-tcp pod Ready
deployment.apps/bench-direct scaled
deployment.apps/bench-direct scaled
pod/bench-direct-9d5cf8b99-tfrp7 condition met
[0;32m[INFO][0m bench-direct pod Ready
[0;34m[STEP][0m === Pinning pods to dedicated cores (taskset, profile=fair) ===
[0;32m[INFO][0m CPU governor=performance, fixed 2.5 GHz on cores 18-35
[0;32m[INFO][0m bench-dpumesh → core(s) 18 (pod=2ac3a3e356e42fa15c86b157eb6d7b0997506da21b8fa83fbea1a791e6d9259d)
[0;32m[INFO][0m   bench-dpumesh (PID 2493419) → 18
[1;33m[WARN][0m bench-dpumesh-2: pod not found, skipping
[1;33m[WARN][0m bench-dpumesh-3: pod not found, skipping
[0;32m[INFO][0m echo-dpumesh → core(s) 19 (pod=11c03fd68ae23f3526129df95acbdd0e7566d86cfdf6b54851d57de4cd9a8782)
[0;32m[INFO][0m   echo-dpumesh (PID 2493003) → 19
[1;33m[WARN][0m echo-dpumesh-13: pod not found, skipping
[1;33m[WARN][0m echo-dpumesh-14: pod not found, skipping
[1;33m[WARN][0m loopback-dpumesh: pod not found, skipping
[1;33m[WARN][0m stream-dpumesh: pod not found, skipping
[1;33m[WARN][0m verbs-dpumesh: pod not found, skipping
[1;33m[WARN][0m preload-dpumesh: pod not found, skipping
[0;32m[INFO][0m preload-echo → core(s) 22,23 (pod=db47b9230123a0021ceebb8af44d44c35742c98bb7b15dbe0b529bec6ada44e9)
[0;32m[INFO][0m   preload-echo (PID 2493639) → 22,23
[0;32m[INFO][0m preload-bench → core(s) 22,23 (pod=2e131f2d482b719d600030fc097f184e980480fe4d90ebf166aac0e33dc5e2f1)
[0;32m[INFO][0m   preload-bench (PID 2493867) → 22,23
[0;32m[INFO][0m bench-tcp → core(s) 20 (pod=ae578ae2c1276c454aadcb4cb4691c69ae45a8cadcb83c23df03ee221bf924a4)
[0;32m[INFO][0m   sidecar1 (PID 2495222) → 20
[0;32m[INFO][0m   bench-tcp (PID 2495198) → 20
[0;32m[INFO][0m echo-tcp → core(s) 21 (pod=ea4ea58ac76702277a74e96b687fb5d10a1a4ea5c5d56c79039b69b0dfbce6ba)
[0;32m[INFO][0m   sidecar2 (PID 2494927) → 21
[0;32m[INFO][0m   echo-tcp (PID 2494903) → 21
[0;32m[INFO][0m bench-direct → core(s) 26 (pod=087f0b09df15e28e7901dd83ce47da912ee279d89b6a7d50cccf210dc0719faf)
[0;32m[INFO][0m   bench-direct (PID 2495524) → 26
[0;32m[INFO][0m Pinning done
[0;32m[INFO][0m === Deploy complete ===
  Run:  /home/jukebox/DPUmesh/bench/bench.sh latency|bandwidth|rate|all [dpumesh|tcp|both]
        /home/jukebox/DPUmesh/bench/bench.sh loopback|verbs|stream|preload ...   (validators)
  Re-pin:  /home/jukebox/DPUmesh/bench/bench.sh pin [fair|l4|hw|hw3|hw6]
[0;32m[INFO][0m Host NUMA: PCI 94:00.0 -> node 1, benchmark cores 18-35
[0;34m[STEP][0m === Pinning pods to dedicated cores (taskset, profile=l4) ===
[0;32m[INFO][0m CPU governor=performance, fixed 2.5 GHz on cores 18-35
[0;32m[INFO][0m bench-dpumesh → core(s) 26 (pod=2ac3a3e356e42fa15c86b157eb6d7b0997506da21b8fa83fbea1a791e6d9259d)
[0;32m[INFO][0m   bench-dpumesh (PID 2493419) → 26
[1;33m[WARN][0m bench-dpumesh-2: pod not found, skipping
[1;33m[WARN][0m bench-dpumesh-3: pod not found, skipping
[0;32m[INFO][0m echo-dpumesh → core(s) 27 (pod=11c03fd68ae23f3526129df95acbdd0e7566d86cfdf6b54851d57de4cd9a8782)
[0;32m[INFO][0m   echo-dpumesh (PID 2493003) → 27
[1;33m[WARN][0m echo-dpumesh-13: pod not found, skipping
[1;33m[WARN][0m echo-dpumesh-14: pod not found, skipping
[1;33m[WARN][0m loopback-dpumesh: pod not found, skipping
[1;33m[WARN][0m stream-dpumesh: pod not found, skipping
[1;33m[WARN][0m verbs-dpumesh: pod not found, skipping
[1;33m[WARN][0m preload-dpumesh: pod not found, skipping
[0;32m[INFO][0m preload-echo → core(s) 19 (pod=db47b9230123a0021ceebb8af44d44c35742c98bb7b15dbe0b529bec6ada44e9)
[0;32m[INFO][0m   preload-echo (PID 2493639) → 19
[0;32m[INFO][0m preload-bench → core(s) 18 (pod=2e131f2d482b719d600030fc097f184e980480fe4d90ebf166aac0e33dc5e2f1)
[0;32m[INFO][0m   preload-bench (PID 2493867) → 18
[0;32m[INFO][0m bench-tcp → core(s) 22 (pod=ae578ae2c1276c454aadcb4cb4691c69ae45a8cadcb83c23df03ee221bf924a4)
[0;32m[INFO][0m   sidecar1 (PID 2495222) → 22
[0;32m[INFO][0m   bench-tcp (PID 2495198) → 22
[0;32m[INFO][0m echo-tcp → core(s) 23 (pod=ea4ea58ac76702277a74e96b687fb5d10a1a4ea5c5d56c79039b69b0dfbce6ba)
[0;32m[INFO][0m   sidecar2 (PID 2494927) → 23
[0;32m[INFO][0m   echo-tcp (PID 2494903) → 23
[0;32m[INFO][0m bench-tcp-strict → core(s) 24 (pod=04c6104863632d3342ca96a78156cd190c90973c5af804ce3cec58824e6997e6)
[0;32m[INFO][0m   sidecar1 (PID 2494612) → 24
[0;32m[INFO][0m   bench-tcp-strict (PID 2494587) → 24
[0;32m[INFO][0m echo-tcp-strict → core(s) 25 (pod=01ad86f8011bc0db40cdbf4e7bf18e5a99107d2dd2cad1529dc65885885224dc)
[0;32m[INFO][0m   sidecar2 (PID 2494285) → 25
[0;32m[INFO][0m   echo-tcp-strict (PID 2494259) → 25
[0;32m[INFO][0m bench-direct → core(s) 20 (pod=087f0b09df15e28e7901dd83ce47da912ee279d89b6a7d50cccf210dc0719faf)
[0;32m[INFO][0m   bench-direct (PID 2495524) → 20
[0;32m[INFO][0m echo-plain → core(s) 21 (pod=e3b99659d295a8b52317ff2383927f5dd3e334dc244753d9ad80cc9008495f5b)
[0;32m[INFO][0m   echo-plain (PID 2494071) → 21
[0;32m[INFO][0m Pinning done
[0;34m[l4][0m binary audit PASS: four POSIX paths are byte-identical; native API binaries recorded separately
[0;34m[l4][0m smoke plain attempt=1 clean=1: OK mrps=0.004998 gbps=0.0026 p50=145.00 p95=249.00 p99=282.00 p999=1529.00 p9999=2329.00 avg=153.73 min=56.99 max=2366.04 rcnt=9920 scheduled=10000 pending=0 fail=0 conc=0 threads=4 reqsz=64 repsz=8 durs=2.000 offered_mrps=0.005000 drops=0 overflow=0 reorder=0 mode=open arr=const
[0;34m[l4][0m smoke envoy-permissive attempt=1 clean=1: OK mrps=0.004998 gbps=0.0026 p50=181.00 p95=364.00 p99=410.00 p999=667.00 p9999=1317.00 avg=225.00 min=80.82 max=1370.18 rcnt=9920 scheduled=10000 pending=0 fail=0 conc=0 threads=4 reqsz=64 repsz=8 durs=2.000 offered_mrps=0.005000 drops=0 overflow=0 reorder=0 mode=open arr=const
[0;34m[l4][0m smoke envoy-strict attempt=1 clean=1: OK mrps=0.004999 gbps=0.0026 p50=208.00 p95=398.00 p99=427.00 p999=458.00 p9999=1026.00 avg=248.44 min=77.39 max=1075.35 rcnt=9920 scheduled=10000 pending=0 fail=0 conc=0 threads=4 reqsz=64 repsz=8 durs=2.000 offered_mrps=0.005000 drops=0 overflow=0 reorder=0 mode=open arr=const
[0;34m[l4][0m smoke dpumesh-preload attempt=1 clean=1: OK mrps=0.004998 gbps=0.0026 p50=219.00 p95=340.00 p99=374.00 p999=839.00 p9999=1106.00 avg=240.64 min=104.25 max=1151.95 rcnt=9920 scheduled=10000 pending=0 fail=0 conc=0 threads=4 reqsz=64 repsz=8 durs=2.000 offered_mrps=0.005000 drops=0 overflow=0 reorder=0 mode=open arr=const
[0;34m[l4][0m smoke dpumesh-native attempt=1 clean=1: OK mrps=0.004998 gbps=0.0026 p50=293.00 p95=506.00 p99=560.00 p999=894.00 p9999=1705.00 avg=304.26 min=105.12 max=1706.36 rcnt=9920 scheduled=10000 pending=0 fail=0 conc=0 threads=4 reqsz=64 repsz=8 durs=2.000 offered_mrps=0.005000 drops=0 overflow=0 worker_fail=0 mode=open arr=const batch=1 reconns=0 reconn_us=0.00 grabs=4 rets=4 recyc=9992 waits=0 pads=0 reorder=0 dist=0:10000
[0;34m[l4][0m backend budget PASS: exactly one ready server backend/config
[0;34m[l4][0m fixed host-core budget PASS: 2 exclusive cores/config, 10 endpoint cores total
[0;34m[l4][0m discovering per-config OPEN-loop SLA knees
[0;34m[l4][0m scout-64-dpumesh-native-pilot1-v1 offered=5000 clean=1 reason=clean
[0;34m[l4][0m scout-64-dpumesh-native-pilot2-v1 offered=6750 clean=1 reason=clean
[0;34m[l4][0m scout-64-dpumesh-native-pilot3-v1 offered=9113 clean=1 reason=clean
[0;34m[l4][0m scout-64-dpumesh-native-pilot4-v1 offered=12303 clean=1 reason=clean
[0;34m[l4][0m scout-64-dpumesh-native-pilot5-v1 offered=16609 clean=1 reason=clean
[0;34m[l4][0m scout-64-dpumesh-native-pilot6-v1 offered=22422 clean=1 reason=clean
[0;34m[l4][0m scout-64-dpumesh-native-pilot7-v1 offered=30270 clean=1 reason=clean
[0;34m[l4][0m scout-64-dpumesh-native-pilot8-v1 offered=40865 clean=1 reason=clean
[0;34m[l4][0m scout-64-dpumesh-native-pilot9-v1 offered=55168 clean=1 reason=clean
[0;34m[l4][0m scout-64-dpumesh-native-pilot10-v1 offered=74477 clean=1 reason=clean
[0;34m[l4][0m scout-64-dpumesh-native-pilot11-v1 offered=100544 clean=1 reason=clean
[0;34m[l4][0m scout-64-dpumesh-native-pilot12-v1 offered=135734 clean=1 reason=clean
[0;34m[l4][0m scout-64-dpumesh-native-pilot13-v1 offered=183241 clean=1 reason=clean
[0;34m[l4][0m scout-64-dpumesh-native-pilot14-v1 offered=247375 clean=1 reason=clean
[0;34m[l4][0m scout-64-dpumesh-native-pilot15-v1 offered=333956 clean=1 reason=clean
[0;34m[l4][0m scout-64-dpumesh-native-pilot16-v1 offered=450841 clean=1 reason=clean
[0;34m[l4][0m scout-64-dpumesh-native-pilot17-v1 offered=608635 clean=1 reason=clean
[0;34m[l4][0m scout-64-dpumesh-native-pilot18-v1 offered=821657 clean=1 reason=clean
[0;34m[l4][0m scout-64-dpumesh-native-pilot19-v1 offered=1109237 clean=1 reason=clean
[0;34m[l4][0m scout-64-dpumesh-native-pilot20-v1 offered=1497470 clean=1 reason=clean
[0;34m[l4][0m scout-64-dpumesh-native-pilot21-v1 offered=2021585 clean=1 reason=clean
[0;34m[l4][0m scout-64-dpumesh-native-pilot22-v1 offered=2729140 clean=1 reason=clean
[0;34m[l4][0m scout-64-dpumesh-native-pilot23-v1 offered=3000000 clean=1 reason=clean
[0;34m[l4][0m scout-64-dpumesh-native-validate23-v1 offered=3000000 clean=1 reason=clean
[0;34m[l4][0m scout-64-dpumesh-native-validate23-v2 offered=3000000 clean=1 reason=clean
[0;34m[l4][0m point-64-dpumesh-native-r3000000 decision=1 votes=2-0
[1;33m[l4][0m dpumesh-native/64 stayed clean through the pilot search at 3000000 rps
[0;34m[l4][0m scout-64-plain-pilot1-v1 offered=5000 clean=1 reason=clean
[0;34m[l4][0m scout-64-plain-pilot2-v1 offered=6750 clean=1 reason=clean
[0;34m[l4][0m scout-64-plain-pilot3-v1 offered=9113 clean=1 reason=clean
[0;34m[l4][0m scout-64-plain-pilot4-v1 offered=12303 clean=1 reason=clean
[0;34m[l4][0m scout-64-plain-pilot5-v1 offered=16609 clean=1 reason=clean
[0;34m[l4][0m scout-64-plain-pilot6-v1 offered=22422 clean=1 reason=clean
[0;34m[l4][0m scout-64-plain-pilot7-v1 offered=30270 clean=1 reason=clean
[0;34m[l4][0m scout-64-plain-pilot8-v1 offered=40865 clean=1 reason=clean
[0;34m[l4][0m scout-64-plain-pilot9-v1 offered=55168 clean=1 reason=clean
[0;34m[l4][0m scout-64-plain-pilot10-v1 offered=74477 clean=1 reason=clean
[0;34m[l4][0m scout-64-plain-pilot11-v1 offered=100544 clean=1 reason=clean
[0;34m[l4][0m scout-64-plain-pilot12-v1 offered=135734 clean=1 reason=clean
[0;34m[l4][0m scout-64-plain-pilot13-v1 offered=183241 clean=0 reason=generator_drop
[0;34m[l4][0m recovery PASS: plain/64 at 5000 rps
[0;34m[l4][0m scout-64-plain-validate13-v1 offered=183241 clean=1 reason=clean
[0;34m[l4][0m scout-64-plain-validate13-v2 offered=183241 clean=1 reason=clean
[0;34m[l4][0m point-64-plain-r183241 decision=1 votes=2-0
[0;34m[l4][0m scout-64-plain-pilot14-v1 offered=247375 clean=0 reason=generator_drop
[0;34m[l4][0m recovery PASS: plain/64 at 5000 rps
[0;34m[l4][0m scout-64-plain-validate14-v1 offered=247375 clean=1 reason=clean
[0;34m[l4][0m scout-64-plain-validate14-v2 offered=247375 clean=1 reason=clean
[0;34m[l4][0m point-64-plain-r247375 decision=1 votes=2-0
[0;34m[l4][0m scout-64-plain-pilot15-v1 offered=333956 clean=0 reason=generator_drop
[0;34m[l4][0m recovery PASS: plain/64 at 5000 rps
[0;34m[l4][0m scout-64-plain-validate15-v1 offered=333956 clean=1 reason=clean
[0;34m[l4][0m scout-64-plain-validate15-v2 offered=333956 clean=1 reason=clean
[0;34m[l4][0m point-64-plain-r333956 decision=1 votes=2-0
[0;34m[l4][0m scout-64-plain-pilot16-v1 offered=450841 clean=0 reason=generator_drop
[0;34m[l4][0m recovery PASS: plain/64 at 5000 rps
[0;34m[l4][0m scout-64-plain-validate16-v1 offered=450841 clean=1 reason=clean
[0;34m[l4][0m scout-64-plain-validate16-v2 offered=450841 clean=0 reason=generator_drop
[0;34m[l4][0m recovery PASS: plain/64 at 5000 rps
[0;34m[l4][0m scout-64-plain-validate16-v3 offered=450841 clean=1 reason=clean
[0;34m[l4][0m point-64-plain-r450841 decision=1 votes=2-1
[0;34m[l4][0m scout-64-plain-pilot17-v1 offered=608635 clean=0 reason=achieved+generator_drop+p99
[0;34m[l4][0m recovery PASS: plain/64 at 5000 rps
[0;34m[l4][0m scout-64-plain-validate17-v1 offered=608635 clean=0 reason=achieved+generator_drop
[0;34m[l4][0m recovery PASS: plain/64 at 5000 rps
[0;34m[l4][0m scout-64-plain-validate17-v2 offered=608635 clean=0 reason=achieved+generator_drop
[0;34m[l4][0m recovery PASS: plain/64 at 5000 rps
[0;34m[l4][0m point-64-plain-r608635 decision=0 votes=0-2
[0;34m[l4][0m scout-64-plain-refine1-v1 offered=523830 clean=0 reason=achieved+generator_drop
[0;34m[l4][0m recovery PASS: plain/64 at 5000 rps
[0;34m[l4][0m scout-64-plain-refine1-v2 offered=523830 clean=0 reason=achieved+generator_drop
[0;34m[l4][0m recovery PASS: plain/64 at 5000 rps
[0;34m[l4][0m point-64-plain-r523830 decision=0 votes=0-2
[0;34m[l4][0m scout-64-plain-refine2-v1 offered=485967 clean=0 reason=achieved+generator_drop+p99
[0;34m[l4][0m recovery PASS: plain/64 at 5000 rps
[0;34m[l4][0m scout-64-plain-refine2-v2 offered=485967 clean=1 reason=clean
[0;34m[l4][0m scout-64-plain-refine2-v3 offered=485967 clean=0 reason=achieved+generator_drop
[0;34m[l4][0m recovery PASS: plain/64 at 5000 rps
[0;34m[l4][0m point-64-plain-r485967 decision=0 votes=1-2
[0;34m[l4][0m scout-64-plain-refine3-v1 offered=468075 clean=0 reason=achieved+generator_drop
[0;34m[l4][0m recovery PASS: plain/64 at 5000 rps
[0;34m[l4][0m scout-64-plain-refine3-v2 offered=468075 clean=1 reason=clean
[0;34m[l4][0m scout-64-plain-refine3-v3 offered=468075 clean=1 reason=clean
[0;34m[l4][0m point-64-plain-r468075 decision=1 votes=2-1
[0;34m[l4][0m scout-64-plain-refine4-v1 offered=476937 clean=1 reason=clean
[0;34m[l4][0m scout-64-plain-refine4-v2 offered=476937 clean=1 reason=clean
[0;34m[l4][0m point-64-plain-r476937 decision=1 votes=2-0
[0;34m[l4][0m knee plain/64 clean=476937 first_bad=485967 bracket=1.019x
[0;34m[l4][0m scout-64-envoy-permissive-pilot1-v1 offered=5000 clean=1 reason=clean
[0;34m[l4][0m scout-64-envoy-permissive-pilot2-v1 offered=6750 clean=1 reason=clean
[0;34m[l4][0m scout-64-envoy-permissive-pilot3-v1 offered=9113 clean=1 reason=clean
[0;34m[l4][0m scout-64-envoy-permissive-pilot4-v1 offered=12303 clean=1 reason=clean
[0;34m[l4][0m scout-64-envoy-permissive-pilot5-v1 offered=16609 clean=1 reason=clean
[0;34m[l4][0m scout-64-envoy-permissive-pilot6-v1 offered=22422 clean=1 reason=clean
[0;34m[l4][0m scout-64-envoy-permissive-pilot7-v1 offered=30270 clean=1 reason=clean
[0;34m[l4][0m scout-64-envoy-permissive-pilot8-v1 offered=40865 clean=1 reason=clean
[0;34m[l4][0m scout-64-envoy-permissive-pilot9-v1 offered=55168 clean=1 reason=clean
[0;34m[l4][0m scout-64-envoy-permissive-pilot10-v1 offered=74477 clean=1 reason=clean
[0;34m[l4][0m scout-64-envoy-permissive-pilot11-v1 offered=100544 clean=1 reason=clean
[0;34m[l4][0m scout-64-envoy-permissive-pilot12-v1 offered=135734 clean=1 reason=clean
[0;34m[l4][0m scout-64-envoy-permissive-pilot13-v1 offered=183241 clean=1 reason=clean
[0;34m[l4][0m scout-64-envoy-permissive-pilot14-v1 offered=247375 clean=1 reason=clean
[0;34m[l4][0m scout-64-envoy-permissive-pilot15-v1 offered=333956 clean=1 reason=clean
[0;34m[l4][0m scout-64-envoy-permissive-pilot16-v1 offered=450841 clean=1 reason=clean
[0;34m[l4][0m scout-64-envoy-permissive-pilot17-v1 offered=608635 clean=1 reason=clean
[0;34m[l4][0m scout-64-envoy-permissive-pilot18-v1 offered=821657 clean=1 reason=clean
[0;34m[l4][0m scout-64-envoy-permissive-pilot19-v1 offered=1109237 clean=1 reason=clean
[0;34m[l4][0m scout-64-envoy-permissive-pilot20-v1 offered=1497470 clean=0 reason=achieved+generator_drop
[0;34m[l4][0m recovery PASS: envoy-permissive/64 at 5000 rps
[0;34m[l4][0m scout-64-envoy-permissive-validate20-v1 offered=1497470 clean=0 reason=achieved+generator_drop
[0;34m[l4][0m recovery PASS: envoy-permissive/64 at 5000 rps
[0;34m[l4][0m scout-64-envoy-permissive-validate20-v2 offered=1497470 clean=0 reason=achieved+generator_drop
[0;34m[l4][0m recovery PASS: envoy-permissive/64 at 5000 rps
[0;34m[l4][0m point-64-envoy-permissive-r1497470 decision=0 votes=0-2
[0;34m[l4][0m scout-64-envoy-permissive-backtrack19-v1 offered=1109237 clean=1 reason=clean
[0;34m[l4][0m scout-64-envoy-permissive-backtrack19-v2 offered=1109237 clean=1 reason=clean
[0;34m[l4][0m point-64-envoy-permissive-r1109237 decision=1 votes=2-0
[0;34m[l4][0m scout-64-envoy-permissive-refine1-v1 offered=1288817 clean=0 reason=achieved+generator_drop
[0;34m[l4][0m recovery PASS: envoy-permissive/64 at 5000 rps
[0;34m[l4][0m scout-64-envoy-permissive-refine1-v2 offered=1288817 clean=1 reason=clean
[0;34m[l4][0m scout-64-envoy-permissive-refine1-v3 offered=1288817 clean=1 reason=clean
[0;34m[l4][0m point-64-envoy-permissive-r1288817 decision=1 votes=2-1
[0;34m[l4][0m scout-64-envoy-permissive-refine2-v1 offered=1389232 clean=1 reason=clean
[0;34m[l4][0m scout-64-envoy-permissive-refine2-v2 offered=1389232 clean=1 reason=clean
[0;34m[l4][0m point-64-envoy-permissive-r1389232 decision=1 votes=2-0
[0;34m[l4][0m scout-64-envoy-permissive-refine3-v1 offered=1442336 clean=0 reason=generator_drop
[0;34m[l4][0m recovery PASS: envoy-permissive/64 at 5000 rps
[0;34m[l4][0m scout-64-envoy-permissive-refine3-v2 offered=1442336 clean=0 reason=generator_drop
[0;34m[l4][0m recovery PASS: envoy-permissive/64 at 5000 rps
[0;34m[l4][0m point-64-envoy-permissive-r1442336 decision=0 votes=0-2
[0;34m[l4][0m scout-64-envoy-permissive-refine4-v1 offered=1415535 clean=1 reason=clean
[0;34m[l4][0m scout-64-envoy-permissive-refine4-v2 offered=1415535 clean=1 reason=clean
[0;34m[l4][0m point-64-envoy-permissive-r1415535 decision=1 votes=2-0
[0;34m[l4][0m knee envoy-permissive/64 clean=1415535 first_bad=1442336 bracket=1.019x
[0;34m[l4][0m scout-64-envoy-strict-pilot1-v1 offered=5000 clean=1 reason=clean
[0;34m[l4][0m scout-64-envoy-strict-pilot2-v1 offered=6750 clean=1 reason=clean
[0;34m[l4][0m scout-64-envoy-strict-pilot3-v1 offered=9113 clean=1 reason=clean
[0;34m[l4][0m scout-64-envoy-strict-pilot4-v1 offered=12303 clean=1 reason=clean
[0;34m[l4][0m scout-64-envoy-strict-pilot5-v1 offered=16609 clean=1 reason=clean
[0;34m[l4][0m scout-64-envoy-strict-pilot6-v1 offered=22422 clean=1 reason=clean
[0;34m[l4][0m scout-64-envoy-strict-pilot7-v1 offered=30270 clean=1 reason=clean
[0;34m[l4][0m scout-64-envoy-strict-pilot8-v1 offered=40865 clean=1 reason=clean
[0;34m[l4][0m scout-64-envoy-strict-pilot9-v1 offered=55168 clean=1 reason=clean
[0;34m[l4][0m scout-64-envoy-strict-pilot10-v1 offered=74477 clean=1 reason=clean
[0;34m[l4][0m scout-64-envoy-strict-pilot11-v1 offered=100544 clean=1 reason=clean
[0;34m[l4][0m scout-64-envoy-strict-pilot12-v1 offered=135734 clean=1 reason=clean
[0;34m[l4][0m scout-64-envoy-strict-pilot13-v1 offered=183241 clean=1 reason=clean
[0;34m[l4][0m scout-64-envoy-strict-pilot14-v1 offered=247375 clean=1 reason=clean
[0;34m[l4][0m scout-64-envoy-strict-pilot15-v1 offered=333956 clean=1 reason=clean
[0;34m[l4][0m scout-64-envoy-strict-pilot16-v1 offered=450841 clean=1 reason=clean
[0;34m[l4][0m scout-64-envoy-strict-pilot17-v1 offered=608635 clean=1 reason=clean
[0;34m[l4][0m scout-64-envoy-strict-pilot18-v1 offered=821657 clean=1 reason=clean
[0;34m[l4][0m scout-64-envoy-strict-pilot19-v1 offered=1109237 clean=1 reason=clean
[0;34m[l4][0m scout-64-envoy-strict-pilot20-v1 offered=1497470 clean=0 reason=achieved+generator_drop+p99
[0;34m[l4][0m recovery PASS: envoy-strict/64 at 5000 rps
[0;34m[l4][0m scout-64-envoy-strict-validate20-v1 offered=1497470 clean=0 reason=achieved+generator_drop+p99
[0;34m[l4][0m recovery PASS: envoy-strict/64 at 5000 rps
[0;34m[l4][0m scout-64-envoy-strict-validate20-v2 offered=1497470 clean=0 reason=achieved+generator_drop+p99
[0;34m[l4][0m recovery PASS: envoy-strict/64 at 5000 rps
[0;34m[l4][0m point-64-envoy-strict-r1497470 decision=0 votes=0-2
[0;34m[l4][0m scout-64-envoy-strict-backtrack19-v1 offered=1109237 clean=1 reason=clean
[0;34m[l4][0m scout-64-envoy-strict-backtrack19-v2 offered=1109237 clean=1 reason=clean
[0;34m[l4][0m point-64-envoy-strict-r1109237 decision=1 votes=2-0
[0;34m[l4][0m scout-64-envoy-strict-refine1-v1 offered=1288817 clean=1 reason=clean
[0;34m[l4][0m scout-64-envoy-strict-refine1-v2 offered=1288817 clean=1 reason=clean
[0;34m[l4][0m point-64-envoy-strict-r1288817 decision=1 votes=2-0
[0;34m[l4][0m scout-64-envoy-strict-refine2-v1 offered=1389232 clean=1 reason=clean
[0;34m[l4][0m scout-64-envoy-strict-refine2-v2 offered=1389232 clean=1 reason=clean
[0;34m[l4][0m point-64-envoy-strict-r1389232 decision=1 votes=2-0
[0;34m[l4][0m scout-64-envoy-strict-refine3-v1 offered=1442336 clean=0 reason=generator_drop
[0;34m[l4][0m recovery PASS: envoy-strict/64 at 5000 rps
[0;34m[l4][0m scout-64-envoy-strict-refine3-v2 offered=1442336 clean=0 reason=generator_drop
[0;34m[l4][0m recovery PASS: envoy-strict/64 at 5000 rps
[0;34m[l4][0m point-64-envoy-strict-r1442336 decision=0 votes=0-2
[0;34m[l4][0m scout-64-envoy-strict-refine4-v1 offered=1415535 clean=0 reason=generator_drop
[0;34m[l4][0m recovery PASS: envoy-strict/64 at 5000 rps
[0;34m[l4][0m scout-64-envoy-strict-refine4-v2 offered=1415535 clean=0 reason=generator_drop
[0;34m[l4][0m recovery PASS: envoy-strict/64 at 5000 rps
[0;34m[l4][0m point-64-envoy-strict-r1415535 decision=0 votes=0-2
[0;34m[l4][0m knee envoy-strict/64 clean=1389232 first_bad=1415535 bracket=1.019x
[0;34m[l4][0m scout-64-dpumesh-preload-pilot1-v1 offered=5000 clean=1 reason=clean
[0;34m[l4][0m scout-64-dpumesh-preload-pilot2-v1 offered=6750 clean=1 reason=clean
[0;34m[l4][0m scout-64-dpumesh-preload-pilot3-v1 offered=9113 clean=1 reason=clean
[0;34m[l4][0m scout-64-dpumesh-preload-pilot4-v1 offered=12303 clean=1 reason=clean
[0;34m[l4][0m scout-64-dpumesh-preload-pilot5-v1 offered=16609 clean=1 reason=clean
[0;34m[l4][0m scout-64-dpumesh-preload-pilot6-v1 offered=22422 clean=1 reason=clean
[0;34m[l4][0m scout-64-dpumesh-preload-pilot7-v1 offered=30270 clean=1 reason=clean
[0;34m[l4][0m scout-64-dpumesh-preload-pilot8-v1 offered=40865 clean=1 reason=clean
[0;34m[l4][0m scout-64-dpumesh-preload-pilot9-v1 offered=55168 clean=1 reason=clean
[0;34m[l4][0m scout-64-dpumesh-preload-pilot10-v1 offered=74477 clean=1 reason=clean
[0;34m[l4][0m scout-64-dpumesh-preload-pilot11-v1 offered=100544 clean=1 reason=clean
[0;34m[l4][0m scout-64-dpumesh-preload-pilot12-v1 offered=135734 clean=0 reason=achieved+p99
[0;34m[l4][0m recovery PASS: dpumesh-preload/64 at 5000 rps
[0;34m[l4][0m scout-64-dpumesh-preload-validate12-v1 offered=135734 clean=0 reason=p99
[0;34m[l4][0m recovery PASS: dpumesh-preload/64 at 5000 rps
[0;34m[l4][0m scout-64-dpumesh-preload-validate12-v2 offered=135734 clean=0 reason=p99
[0;34m[l4][0m recovery PASS: dpumesh-preload/64 at 5000 rps
[0;34m[l4][0m point-64-dpumesh-preload-r135734 decision=0 votes=0-2
[0;34m[l4][0m scout-64-dpumesh-preload-backtrack11-v1 offered=100544 clean=1 reason=clean
[0;34m[l4][0m scout-64-dpumesh-preload-backtrack11-v2 offered=100544 clean=0 reason=generator_drop
[0;34m[l4][0m recovery PASS: dpumesh-preload/64 at 5000 rps
[0;34m[l4][0m scout-64-dpumesh-preload-backtrack11-v3 offered=100544 clean=1 reason=clean
[0;34m[l4][0m point-64-dpumesh-preload-r100544 decision=1 votes=2-1
[0;34m[l4][0m scout-64-dpumesh-preload-refine1-v1 offered=116821 clean=1 reason=clean
[0;34m[l4][0m scout-64-dpumesh-preload-refine1-v2 offered=116821 clean=1 reason=clean
[0;34m[l4][0m point-64-dpumesh-preload-r116821 decision=1 votes=2-0
[0;34m[l4][0m scout-64-dpumesh-preload-refine2-v1 offered=125923 clean=0 reason=p99
[0;34m[l4][0m recovery PASS: dpumesh-preload/64 at 5000 rps
[0;34m[l4][0m scout-64-dpumesh-preload-refine2-v2 offered=125923 clean=0 reason=p99
[0;34m[l4][0m recovery PASS: dpumesh-preload/64 at 5000 rps
[0;34m[l4][0m point-64-dpumesh-preload-r125923 decision=0 votes=0-2
[0;34m[l4][0m scout-64-dpumesh-preload-refine3-v1 offered=121287 clean=1 reason=clean
[0;34m[l4][0m scout-64-dpumesh-preload-refine3-v2 offered=121287 clean=1 reason=clean
[0;34m[l4][0m point-64-dpumesh-preload-r121287 decision=1 votes=2-0
[0;34m[l4][0m scout-64-dpumesh-preload-refine4-v1 offered=123583 clean=1 reason=clean
[0;34m[l4][0m scout-64-dpumesh-preload-refine4-v2 offered=123583 clean=1 reason=clean
[0;34m[l4][0m point-64-dpumesh-preload-r123583 decision=1 votes=2-0
[0;34m[l4][0m knee dpumesh-preload/64 clean=123583 first_bad=125923 bracket=1.019x
[0;34m[l4][0m scout-1024-dpumesh-native-pilot1-v1 offered=5000 clean=1 reason=clean
[0;34m[l4][0m scout-1024-dpumesh-native-pilot2-v1 offered=6750 clean=1 reason=clean
[0;34m[l4][0m scout-1024-dpumesh-native-pilot3-v1 offered=9113 clean=1 reason=clean
[0;34m[l4][0m scout-1024-dpumesh-native-pilot4-v1 offered=12303 clean=1 reason=clean
[0;34m[l4][0m scout-1024-dpumesh-native-pilot5-v1 offered=16609 clean=1 reason=clean
[0;34m[l4][0m scout-1024-dpumesh-native-pilot6-v1 offered=22422 clean=1 reason=clean
[0;34m[l4][0m scout-1024-dpumesh-native-pilot7-v1 offered=30270 clean=1 reason=clean
[0;34m[l4][0m scout-1024-dpumesh-native-pilot8-v1 offered=40865 clean=1 reason=clean
[0;34m[l4][0m scout-1024-dpumesh-native-pilot9-v1 offered=55168 clean=1 reason=clean
[0;34m[l4][0m scout-1024-dpumesh-native-pilot10-v1 offered=74477 clean=1 reason=clean
[0;34m[l4][0m scout-1024-dpumesh-native-pilot11-v1 offered=100544 clean=1 reason=clean
[0;34m[l4][0m scout-1024-dpumesh-native-pilot12-v1 offered=135734 clean=1 reason=clean
[0;34m[l4][0m scout-1024-dpumesh-native-pilot13-v1 offered=183241 clean=1 reason=clean
[0;34m[l4][0m scout-1024-dpumesh-native-pilot14-v1 offered=247375 clean=1 reason=clean
[0;34m[l4][0m scout-1024-dpumesh-native-pilot15-v1 offered=333956 clean=1 reason=clean
[0;34m[l4][0m scout-1024-dpumesh-native-pilot16-v1 offered=450841 clean=1 reason=clean
[0;34m[l4][0m scout-1024-dpumesh-native-pilot17-v1 offered=608635 clean=1 reason=clean
[0;34m[l4][0m scout-1024-dpumesh-native-pilot18-v1 offered=821657 clean=1 reason=clean
[0;34m[l4][0m scout-1024-dpumesh-native-pilot19-v1 offered=1109237 clean=1 reason=clean
[0;34m[l4][0m scout-1024-dpumesh-native-pilot20-v1 offered=1497470 clean=1 reason=clean
[0;34m[l4][0m scout-1024-dpumesh-native-pilot21-v1 offered=2021585 clean=1 reason=clean
[0;34m[l4][0m scout-1024-dpumesh-native-pilot22-v1 offered=2729140 clean=1 reason=clean
[0;34m[l4][0m scout-1024-dpumesh-native-pilot23-v1 offered=3000000 clean=1 reason=clean
[0;34m[l4][0m scout-1024-dpumesh-native-validate23-v1 offered=3000000 clean=1 reason=clean
[0;34m[l4][0m scout-1024-dpumesh-native-validate23-v2 offered=3000000 clean=1 reason=clean
[0;34m[l4][0m point-1024-dpumesh-native-r3000000 decision=1 votes=2-0
[1;33m[l4][0m dpumesh-native/1024 stayed clean through the pilot search at 3000000 rps
[0;34m[l4][0m scout-1024-plain-pilot1-v1 offered=5000 clean=1 reason=clean
[0;34m[l4][0m scout-1024-plain-pilot2-v1 offered=6750 clean=1 reason=clean
[0;34m[l4][0m scout-1024-plain-pilot3-v1 offered=9113 clean=1 reason=clean
[0;34m[l4][0m scout-1024-plain-pilot4-v1 offered=12303 clean=1 reason=clean
[0;34m[l4][0m scout-1024-plain-pilot5-v1 offered=16609 clean=1 reason=clean
[0;34m[l4][0m scout-1024-plain-pilot6-v1 offered=22422 clean=1 reason=clean
[0;34m[l4][0m scout-1024-plain-pilot7-v1 offered=30270 clean=1 reason=clean
[0;34m[l4][0m scout-1024-plain-pilot8-v1 offered=40865 clean=1 reason=clean
[0;34m[l4][0m scout-1024-plain-pilot9-v1 offered=55168 clean=1 reason=clean
[0;34m[l4][0m scout-1024-plain-pilot10-v1 offered=74477 clean=1 reason=clean
[0;34m[l4][0m scout-1024-plain-pilot11-v1 offered=100544 clean=1 reason=clean
[0;34m[l4][0m scout-1024-plain-pilot12-v1 offered=135734 clean=1 reason=clean
[0;34m[l4][0m scout-1024-plain-pilot13-v1 offered=183241 clean=0 reason=generator_drop
[0;34m[l4][0m recovery PASS: plain/1024 at 5000 rps
[0;34m[l4][0m scout-1024-plain-validate13-v1 offered=183241 clean=1 reason=clean
[0;34m[l4][0m scout-1024-plain-validate13-v2 offered=183241 clean=1 reason=clean
[0;34m[l4][0m point-1024-plain-r183241 decision=1 votes=2-0
[0;34m[l4][0m scout-1024-plain-pilot14-v1 offered=247375 clean=0 reason=generator_drop
[0;34m[l4][0m recovery PASS: plain/1024 at 5000 rps
[0;34m[l4][0m scout-1024-plain-validate14-v1 offered=247375 clean=1 reason=clean
[0;34m[l4][0m scout-1024-plain-validate14-v2 offered=247375 clean=1 reason=clean
[0;34m[l4][0m point-1024-plain-r247375 decision=1 votes=2-0
[0;34m[l4][0m scout-1024-plain-pilot15-v1 offered=333956 clean=0 reason=generator_drop
[0;34m[l4][0m recovery PASS: plain/1024 at 5000 rps
[0;34m[l4][0m scout-1024-plain-validate15-v1 offered=333956 clean=1 reason=clean
[0;34m[l4][0m scout-1024-plain-validate15-v2 offered=333956 clean=1 reason=clean
[0;34m[l4][0m point-1024-plain-r333956 decision=1 votes=2-0
[0;34m[l4][0m scout-1024-plain-pilot16-v1 offered=450841 clean=1 reason=clean
[0;34m[l4][0m scout-1024-plain-pilot17-v1 offered=608635 clean=0 reason=achieved+generator_drop+p99
[0;34m[l4][0m recovery PASS: plain/1024 at 5000 rps
[0;34m[l4][0m scout-1024-plain-validate17-v1 offered=608635 clean=0 reason=achieved+generator_drop
[0;34m[l4][0m recovery PASS: plain/1024 at 5000 rps
[0;34m[l4][0m scout-1024-plain-validate17-v2 offered=608635 clean=0 reason=achieved+generator_drop
[0;34m[l4][0m recovery PASS: plain/1024 at 5000 rps
[0;34m[l4][0m point-1024-plain-r608635 decision=0 votes=0-2
[0;34m[l4][0m scout-1024-plain-backtrack16-v1 offered=450841 clean=1 reason=clean
[0;34m[l4][0m scout-1024-plain-backtrack16-v2 offered=450841 clean=1 reason=clean
[0;34m[l4][0m point-1024-plain-r450841 decision=1 votes=2-0
[0;34m[l4][0m scout-1024-plain-refine1-v1 offered=523830 clean=0 reason=achieved+generator_drop
[0;34m[l4][0m recovery PASS: plain/1024 at 5000 rps
[0;34m[l4][0m scout-1024-plain-refine1-v2 offered=523830 clean=0 reason=achieved+generator_drop
[0;34m[l4][0m recovery PASS: plain/1024 at 5000 rps
[0;34m[l4][0m point-1024-plain-r523830 decision=0 votes=0-2
[0;34m[l4][0m scout-1024-plain-refine2-v1 offered=485967 clean=0 reason=achieved+generator_drop
[0;34m[l4][0m recovery PASS: plain/1024 at 5000 rps
[0;34m[l4][0m scout-1024-plain-refine2-v2 offered=485967 clean=0 reason=achieved+generator_drop
[0;34m[l4][0m recovery PASS: plain/1024 at 5000 rps
[0;34m[l4][0m point-1024-plain-r485967 decision=0 votes=0-2
[0;34m[l4][0m scout-1024-plain-refine3-v1 offered=468075 clean=1 reason=clean
[0;34m[l4][0m scout-1024-plain-refine3-v2 offered=468075 clean=1 reason=clean
[0;34m[l4][0m point-1024-plain-r468075 decision=1 votes=2-0
[0;34m[l4][0m scout-1024-plain-refine4-v1 offered=476937 clean=1 reason=clean
[0;34m[l4][0m scout-1024-plain-refine4-v2 offered=476937 clean=1 reason=clean
[0;34m[l4][0m point-1024-plain-r476937 decision=1 votes=2-0
[0;34m[l4][0m knee plain/1024 clean=476937 first_bad=485967 bracket=1.019x
[0;34m[l4][0m scout-1024-envoy-permissive-pilot1-v1 offered=5000 clean=1 reason=clean
[0;34m[l4][0m scout-1024-envoy-permissive-pilot2-v1 offered=6750 clean=1 reason=clean
[0;34m[l4][0m scout-1024-envoy-permissive-pilot3-v1 offered=9113 clean=1 reason=clean
[0;34m[l4][0m scout-1024-envoy-permissive-pilot4-v1 offered=12303 clean=1 reason=clean
[0;34m[l4][0m scout-1024-envoy-permissive-pilot5-v1 offered=16609 clean=1 reason=clean
[0;34m[l4][0m scout-1024-envoy-permissive-pilot6-v1 offered=22422 clean=1 reason=clean
[0;34m[l4][0m scout-1024-envoy-permissive-pilot7-v1 offered=30270 clean=1 reason=clean
[0;34m[l4][0m scout-1024-envoy-permissive-pilot8-v1 offered=40865 clean=1 reason=clean
[0;34m[l4][0m scout-1024-envoy-permissive-pilot9-v1 offered=55168 clean=1 reason=clean
[0;34m[l4][0m scout-1024-envoy-permissive-pilot10-v1 offered=74477 clean=1 reason=clean
[0;34m[l4][0m scout-1024-envoy-permissive-pilot11-v1 offered=100544 clean=1 reason=clean
[0;34m[l4][0m scout-1024-envoy-permissive-pilot12-v1 offered=135734 clean=1 reason=clean
[0;34m[l4][0m scout-1024-envoy-permissive-pilot13-v1 offered=183241 clean=1 reason=clean
[0;34m[l4][0m scout-1024-envoy-permissive-pilot14-v1 offered=247375 clean=1 reason=clean
[0;34m[l4][0m scout-1024-envoy-permissive-pilot15-v1 offered=333956 clean=1 reason=clean
[0;34m[l4][0m scout-1024-envoy-permissive-pilot16-v1 offered=450841 clean=1 reason=clean
[0;34m[l4][0m scout-1024-envoy-permissive-pilot17-v1 offered=608635 clean=1 reason=clean
[0;34m[l4][0m scout-1024-envoy-permissive-pilot18-v1 offered=821657 clean=1 reason=clean
[0;34m[l4][0m scout-1024-envoy-permissive-pilot19-v1 offered=1109237 clean=0 reason=generator_drop
[0;34m[l4][0m recovery PASS: envoy-permissive/1024 at 5000 rps
[0;34m[l4][0m scout-1024-envoy-permissive-validate19-v1 offered=1109237 clean=0 reason=achieved+generator_drop
[0;34m[l4][0m recovery PASS: envoy-permissive/1024 at 5000 rps
[0;34m[l4][0m scout-1024-envoy-permissive-validate19-v2 offered=1109237 clean=0 reason=generator_drop
[0;34m[l4][0m recovery PASS: envoy-permissive/1024 at 5000 rps
[0;34m[l4][0m point-1024-envoy-permissive-r1109237 decision=0 votes=0-2
[0;34m[l4][0m scout-1024-envoy-permissive-backtrack18-v1 offered=821657 clean=1 reason=clean
[0;34m[l4][0m scout-1024-envoy-permissive-backtrack18-v2 offered=821657 clean=1 reason=clean
[0;34m[l4][0m point-1024-envoy-permissive-r821657 decision=1 votes=2-0
[0;34m[l4][0m scout-1024-envoy-permissive-refine1-v1 offered=954679 clean=0 reason=generator_drop
[0;34m[l4][0m recovery PASS: envoy-permissive/1024 at 5000 rps
[0;34m[l4][0m scout-1024-envoy-permissive-refine1-v2 offered=954679 clean=1 reason=clean
[0;34m[l4][0m scout-1024-envoy-permissive-refine1-v3 offered=954679 clean=0 reason=generator_drop
[0;34m[l4][0m recovery PASS: envoy-permissive/1024 at 5000 rps
[0;34m[l4][0m point-1024-envoy-permissive-r954679 decision=0 votes=1-2
[0;34m[l4][0m scout-1024-envoy-permissive-refine2-v1 offered=885674 clean=1 reason=clean
[0;34m[l4][0m scout-1024-envoy-permissive-refine2-v2 offered=885674 clean=1 reason=clean
[0;34m[l4][0m point-1024-envoy-permissive-r885674 decision=1 votes=2-0
[0;34m[l4][0m scout-1024-envoy-permissive-refine3-v1 offered=919529 clean=1 reason=clean
[0;34m[l4][0m scout-1024-envoy-permissive-refine3-v2 offered=919529 clean=1 reason=clean
[0;34m[l4][0m point-1024-envoy-permissive-r919529 decision=1 votes=2-0
[0;34m[l4][0m scout-1024-envoy-permissive-refine4-v1 offered=936939 clean=1 reason=clean
[0;34m[l4][0m scout-1024-envoy-permissive-refine4-v2 offered=936939 clean=1 reason=clean
[0;34m[l4][0m point-1024-envoy-permissive-r936939 decision=1 votes=2-0
[0;34m[l4][0m knee envoy-permissive/1024 clean=936939 first_bad=954679 bracket=1.019x
[0;34m[l4][0m scout-1024-envoy-strict-pilot1-v1 offered=5000 clean=1 reason=clean
[0;34m[l4][0m scout-1024-envoy-strict-pilot2-v1 offered=6750 clean=0 reason=achieved+generator_drop+p99
[0;34m[l4][0m recovery PASS: envoy-strict/1024 at 5000 rps
[0;34m[l4][0m scout-1024-envoy-strict-validate2-v1 offered=6750 clean=1 reason=clean
[0;34m[l4][0m scout-1024-envoy-strict-validate2-v2 offered=6750 clean=1 reason=clean
[0;34m[l4][0m point-1024-envoy-strict-r6750 decision=1 votes=2-0
[0;34m[l4][0m scout-1024-envoy-strict-pilot3-v1 offered=9113 clean=1 reason=clean
[0;34m[l4][0m scout-1024-envoy-strict-pilot4-v1 offered=12303 clean=1 reason=clean
[0;34m[l4][0m scout-1024-envoy-strict-pilot5-v1 offered=16609 clean=1 reason=clean
[0;34m[l4][0m scout-1024-envoy-strict-pilot6-v1 offered=22422 clean=1 reason=clean
[0;34m[l4][0m scout-1024-envoy-strict-pilot7-v1 offered=30270 clean=1 reason=clean
[0;34m[l4][0m scout-1024-envoy-strict-pilot8-v1 offered=40865 clean=1 reason=clean
[0;34m[l4][0m scout-1024-envoy-strict-pilot9-v1 offered=55168 clean=1 reason=clean
[0;34m[l4][0m scout-1024-envoy-strict-pilot10-v1 offered=74477 clean=1 reason=clean
[0;34m[l4][0m scout-1024-envoy-strict-pilot11-v1 offered=100544 clean=1 reason=clean
[0;34m[l4][0m scout-1024-envoy-strict-pilot12-v1 offered=135734 clean=1 reason=clean
[0;34m[l4][0m scout-1024-envoy-strict-pilot13-v1 offered=183241 clean=1 reason=clean
[0;34m[l4][0m scout-1024-envoy-strict-pilot14-v1 offered=247375 clean=1 reason=clean
[0;34m[l4][0m scout-1024-envoy-strict-pilot15-v1 offered=333956 clean=1 reason=clean
[0;34m[l4][0m scout-1024-envoy-strict-pilot16-v1 offered=450841 clean=1 reason=clean
[0;34m[l4][0m scout-1024-envoy-strict-pilot17-v1 offered=608635 clean=1 reason=clean
[0;34m[l4][0m scout-1024-envoy-strict-pilot18-v1 offered=821657 clean=0 reason=achieved+generator_drop
[0;34m[l4][0m recovery PASS: envoy-strict/1024 at 5000 rps
[0;34m[l4][0m scout-1024-envoy-strict-validate18-v1 offered=821657 clean=0 reason=achieved+generator_drop
[0;34m[l4][0m recovery PASS: envoy-strict/1024 at 5000 rps
[0;34m[l4][0m scout-1024-envoy-strict-validate18-v2 offered=821657 clean=0 reason=achieved+generator_drop
[0;34m[l4][0m recovery PASS: envoy-strict/1024 at 5000 rps
[0;34m[l4][0m point-1024-envoy-strict-r821657 decision=0 votes=0-2
[0;34m[l4][0m scout-1024-envoy-strict-backtrack17-v1 offered=608635 clean=1 reason=clean
[0;34m[l4][0m scout-1024-envoy-strict-backtrack17-v2 offered=608635 clean=1 reason=clean
[0;34m[l4][0m point-1024-envoy-strict-r608635 decision=1 votes=2-0
[0;34m[l4][0m scout-1024-envoy-strict-refine1-v1 offered=707170 clean=0 reason=achieved+generator_drop
[0;34m[l4][0m recovery PASS: envoy-strict/1024 at 5000 rps
[0;34m[l4][0m scout-1024-envoy-strict-refine1-v2 offered=707170 clean=0 reason=achieved+generator_drop
[0;34m[l4][0m recovery PASS: envoy-strict/1024 at 5000 rps
[0;34m[l4][0m point-1024-envoy-strict-r707170 decision=0 votes=0-2
[0;34m[l4][0m scout-1024-envoy-strict-refine2-v1 offered=656055 clean=1 reason=clean
[0;34m[l4][0m scout-1024-envoy-strict-refine2-v2 offered=656055 clean=0 reason=achieved+generator_drop
[0;34m[l4][0m recovery PASS: envoy-strict/1024 at 5000 rps
[0;34m[l4][0m scout-1024-envoy-strict-refine2-v3 offered=656055 clean=1 reason=clean
[0;34m[l4][0m point-1024-envoy-strict-r656055 decision=1 votes=2-1
[0;34m[l4][0m scout-1024-envoy-strict-refine3-v1 offered=681133 clean=0 reason=generator_drop
[0;34m[l4][0m recovery PASS: envoy-strict/1024 at 5000 rps
[0;34m[l4][0m scout-1024-envoy-strict-refine3-v2 offered=681133 clean=1 reason=clean
[0;34m[l4][0m scout-1024-envoy-strict-refine3-v3 offered=681133 clean=0 reason=achieved+generator_drop
[0;34m[l4][0m recovery PASS: envoy-strict/1024 at 5000 rps
[0;34m[l4][0m point-1024-envoy-strict-r681133 decision=0 votes=1-2
[0;34m[l4][0m scout-1024-envoy-strict-refine4-v1 offered=668476 clean=0 reason=generator_drop
[0;34m[l4][0m recovery PASS: envoy-strict/1024 at 5000 rps
[0;34m[l4][0m scout-1024-envoy-strict-refine4-v2 offered=668476 clean=0 reason=generator_drop
[0;34m[l4][0m recovery PASS: envoy-strict/1024 at 5000 rps
[0;34m[l4][0m point-1024-envoy-strict-r668476 decision=0 votes=0-2
[0;34m[l4][0m knee envoy-strict/1024 clean=656055 first_bad=668476 bracket=1.019x
[0;34m[l4][0m scout-1024-dpumesh-preload-pilot1-v1 offered=5000 clean=1 reason=clean
[0;34m[l4][0m scout-1024-dpumesh-preload-pilot2-v1 offered=6750 clean=1 reason=clean
[0;34m[l4][0m scout-1024-dpumesh-preload-pilot3-v1 offered=9113 clean=1 reason=clean
[0;34m[l4][0m scout-1024-dpumesh-preload-pilot4-v1 offered=12303 clean=1 reason=clean
[0;34m[l4][0m scout-1024-dpumesh-preload-pilot5-v1 offered=16609 clean=1 reason=clean
[0;34m[l4][0m scout-1024-dpumesh-preload-pilot6-v1 offered=22422 clean=1 reason=clean
[0;34m[l4][0m scout-1024-dpumesh-preload-pilot7-v1 offered=30270 clean=1 reason=clean
[0;34m[l4][0m scout-1024-dpumesh-preload-pilot8-v1 offered=40865 clean=1 reason=clean
[0;34m[l4][0m scout-1024-dpumesh-preload-pilot9-v1 offered=55168 clean=1 reason=clean
[0;34m[l4][0m scout-1024-dpumesh-preload-pilot10-v1 offered=74477 clean=1 reason=clean
[0;34m[l4][0m scout-1024-dpumesh-preload-pilot11-v1 offered=100544 clean=1 reason=clean
[0;34m[l4][0m scout-1024-dpumesh-preload-pilot12-v1 offered=135734 clean=0 reason=achieved+p99
[0;34m[l4][0m recovery PASS: dpumesh-preload/1024 at 5000 rps
[0;34m[l4][0m scout-1024-dpumesh-preload-validate12-v1 offered=135734 clean=0 reason=p99
[0;34m[l4][0m recovery PASS: dpumesh-preload/1024 at 5000 rps
[0;34m[l4][0m scout-1024-dpumesh-preload-validate12-v2 offered=135734 clean=0 reason=p99
[0;34m[l4][0m recovery PASS: dpumesh-preload/1024 at 5000 rps
[0;34m[l4][0m point-1024-dpumesh-preload-r135734 decision=0 votes=0-2
[0;34m[l4][0m scout-1024-dpumesh-preload-backtrack11-v1 offered=100544 clean=1 reason=clean
[0;34m[l4][0m scout-1024-dpumesh-preload-backtrack11-v2 offered=100544 clean=1 reason=clean
[0;34m[l4][0m point-1024-dpumesh-preload-r100544 decision=1 votes=2-0
[0;34m[l4][0m scout-1024-dpumesh-preload-refine1-v1 offered=116821 clean=1 reason=clean
[0;34m[l4][0m scout-1024-dpumesh-preload-refine1-v2 offered=116821 clean=1 reason=clean
[0;34m[l4][0m point-1024-dpumesh-preload-r116821 decision=1 votes=2-0
[0;34m[l4][0m scout-1024-dpumesh-preload-refine2-v1 offered=125923 clean=0 reason=p99
[0;34m[l4][0m recovery PASS: dpumesh-preload/1024 at 5000 rps
[0;34m[l4][0m scout-1024-dpumesh-preload-refine2-v2 offered=125923 clean=1 reason=clean
[0;34m[l4][0m scout-1024-dpumesh-preload-refine2-v3 offered=125923 clean=1 reason=clean
[0;34m[l4][0m point-1024-dpumesh-preload-r125923 decision=1 votes=2-1
[0;34m[l4][0m scout-1024-dpumesh-preload-refine3-v1 offered=130737 clean=0 reason=p99
[0;34m[l4][0m recovery PASS: dpumesh-preload/1024 at 5000 rps
[0;34m[l4][0m scout-1024-dpumesh-preload-refine3-v2 offered=130737 clean=0 reason=p99
[0;34m[l4][0m recovery PASS: dpumesh-preload/1024 at 5000 rps
[0;34m[l4][0m point-1024-dpumesh-preload-r130737 decision=0 votes=0-2
[0;34m[l4][0m scout-1024-dpumesh-preload-refine4-v1 offered=128307 clean=0 reason=p99
[0;34m[l4][0m recovery PASS: dpumesh-preload/1024 at 5000 rps
[0;34m[l4][0m scout-1024-dpumesh-preload-refine4-v2 offered=128307 clean=1 reason=clean
[0;34m[l4][0m scout-1024-dpumesh-preload-refine4-v3 offered=128307 clean=0 reason=p99
[0;34m[l4][0m recovery PASS: dpumesh-preload/1024 at 5000 rps
[0;34m[l4][0m point-1024-dpumesh-preload-r128307 decision=0 votes=1-2
[0;34m[l4][0m knee dpumesh-preload/1024 clean=125923 first_bad=128307 bracket=1.019x
[0;34m[l4][0m scout-8192-envoy-strict-pilot1-v1 offered=5000 clean=1 reason=clean
[0;34m[l4][0m scout-8192-envoy-strict-pilot2-v1 offered=6750 clean=1 reason=clean
[0;34m[l4][0m scout-8192-envoy-strict-pilot3-v1 offered=9113 clean=1 reason=clean
[0;34m[l4][0m scout-8192-envoy-strict-pilot4-v1 offered=12303 clean=1 reason=clean
[0;34m[l4][0m scout-8192-envoy-strict-pilot5-v1 offered=16609 clean=1 reason=clean
[0;34m[l4][0m scout-8192-envoy-strict-pilot6-v1 offered=22422 clean=1 reason=clean
[0;34m[l4][0m scout-8192-envoy-strict-pilot7-v1 offered=30270 clean=1 reason=clean
[0;34m[l4][0m scout-8192-envoy-strict-pilot8-v1 offered=40865 clean=1 reason=clean
[0;34m[l4][0m scout-8192-envoy-strict-pilot9-v1 offered=55168 clean=1 reason=clean
[0;34m[l4][0m scout-8192-envoy-strict-pilot10-v1 offered=74477 clean=1 reason=clean
[0;34m[l4][0m scout-8192-envoy-strict-pilot11-v1 offered=100544 clean=1 reason=clean
[0;34m[l4][0m scout-8192-envoy-strict-pilot12-v1 offered=135734 clean=0 reason=achieved+generator_drop
[0;34m[l4][0m recovery PASS: envoy-strict/8192 at 5000 rps
[0;34m[l4][0m scout-8192-envoy-strict-validate12-v1 offered=135734 clean=0 reason=achieved+generator_drop
[0;34m[l4][0m recovery PASS: envoy-strict/8192 at 5000 rps
[0;34m[l4][0m scout-8192-envoy-strict-validate12-v2 offered=135734 clean=0 reason=achieved+generator_drop
[0;34m[l4][0m recovery PASS: envoy-strict/8192 at 5000 rps
[0;34m[l4][0m point-8192-envoy-strict-r135734 decision=0 votes=0-2
[0;34m[l4][0m scout-8192-envoy-strict-backtrack11-v1 offered=100544 clean=1 reason=clean
[0;34m[l4][0m scout-8192-envoy-strict-backtrack11-v2 offered=100544 clean=1 reason=clean
[0;34m[l4][0m point-8192-envoy-strict-r100544 decision=1 votes=2-0
[0;34m[l4][0m scout-8192-envoy-strict-refine1-v1 offered=116821 clean=1 reason=clean
[0;34m[l4][0m scout-8192-envoy-strict-refine1-v2 offered=116821 clean=1 reason=clean
[0;34m[l4][0m point-8192-envoy-strict-r116821 decision=1 votes=2-0
[0;34m[l4][0m scout-8192-envoy-strict-refine2-v1 offered=125923 clean=0 reason=achieved+generator_drop
[0;34m[l4][0m recovery PASS: envoy-strict/8192 at 5000 rps
[0;34m[l4][0m scout-8192-envoy-strict-refine2-v2 offered=125923 clean=0 reason=achieved+generator_drop
[0;34m[l4][0m recovery PASS: envoy-strict/8192 at 5000 rps
[0;34m[l4][0m point-8192-envoy-strict-r125923 decision=0 votes=0-2
[0;34m[l4][0m scout-8192-envoy-strict-refine3-v1 offered=121287 clean=0 reason=achieved+generator_drop
[0;34m[l4][0m recovery PASS: envoy-strict/8192 at 5000 rps
[0;34m[l4][0m scout-8192-envoy-strict-refine3-v2 offered=121287 clean=1 reason=clean
[0;34m[l4][0m scout-8192-envoy-strict-refine3-v3 offered=121287 clean=1 reason=clean
[0;34m[l4][0m point-8192-envoy-strict-r121287 decision=1 votes=2-1
[0;34m[l4][0m scout-8192-envoy-strict-refine4-v1 offered=123583 clean=0 reason=generator_drop
[0;34m[l4][0m recovery PASS: envoy-strict/8192 at 5000 rps
[0;34m[l4][0m scout-8192-envoy-strict-refine4-v2 offered=123583 clean=0 reason=generator_drop
[0;34m[l4][0m recovery PASS: envoy-strict/8192 at 5000 rps
[0;34m[l4][0m point-8192-envoy-strict-r123583 decision=0 votes=0-2
[0;34m[l4][0m knee envoy-strict/8192 clean=121287 first_bad=123583 bracket=1.019x
[0;34m[l4][0m scout-8192-dpumesh-preload-pilot1-v1 offered=5000 clean=1 reason=clean
[0;34m[l4][0m scout-8192-dpumesh-preload-pilot2-v1 offered=6750 clean=1 reason=clean
[0;34m[l4][0m scout-8192-dpumesh-preload-pilot3-v1 offered=9113 clean=1 reason=clean
[0;34m[l4][0m scout-8192-dpumesh-preload-pilot4-v1 offered=12303 clean=1 reason=clean
[0;34m[l4][0m scout-8192-dpumesh-preload-pilot5-v1 offered=16609 clean=1 reason=clean
[0;34m[l4][0m scout-8192-dpumesh-preload-pilot6-v1 offered=22422 clean=1 reason=clean
[0;34m[l4][0m scout-8192-dpumesh-preload-pilot7-v1 offered=30270 clean=1 reason=clean
[0;34m[l4][0m scout-8192-dpumesh-preload-pilot8-v1 offered=40865 clean=1 reason=clean
[0;34m[l4][0m scout-8192-dpumesh-preload-pilot9-v1 offered=55168 clean=1 reason=clean
[0;34m[l4][0m scout-8192-dpumesh-preload-pilot10-v1 offered=74477 clean=0 reason=achieved+generator_drop+p99
[0;34m[l4][0m recovery PASS: dpumesh-preload/8192 at 5000 rps
[0;34m[l4][0m scout-8192-dpumesh-preload-validate10-v1 offered=74477 clean=0 reason=achieved+generator_drop+p99
[0;34m[l4][0m recovery PASS: dpumesh-preload/8192 at 5000 rps
[0;34m[l4][0m scout-8192-dpumesh-preload-validate10-v2 offered=74477 clean=0 reason=achieved+generator_drop+p99
[0;34m[l4][0m recovery PASS: dpumesh-preload/8192 at 5000 rps
[0;34m[l4][0m point-8192-dpumesh-preload-r74477 decision=0 votes=0-2
[0;34m[l4][0m scout-8192-dpumesh-preload-backtrack9-v1 offered=55168 clean=1 reason=clean
[0;34m[l4][0m scout-8192-dpumesh-preload-backtrack9-v2 offered=55168 clean=1 reason=clean
[0;34m[l4][0m point-8192-dpumesh-preload-r55168 decision=1 votes=2-0
[0;34m[l4][0m scout-8192-dpumesh-preload-refine1-v1 offered=64100 clean=0 reason=achieved+generator_drop+p99
[0;34m[l4][0m recovery PASS: dpumesh-preload/8192 at 5000 rps
[0;34m[l4][0m scout-8192-dpumesh-preload-refine1-v2 offered=64100 clean=0 reason=achieved+generator_drop+p99
[0;34m[l4][0m recovery PASS: dpumesh-preload/8192 at 5000 rps
[0;34m[l4][0m point-8192-dpumesh-preload-r64100 decision=0 votes=0-2
[0;34m[l4][0m scout-8192-dpumesh-preload-refine2-v1 offered=59467 clean=0 reason=achieved+generator_drop+p99
[0;34m[l4][0m recovery PASS: dpumesh-preload/8192 at 5000 rps
[0;34m[l4][0m scout-8192-dpumesh-preload-refine2-v2 offered=59467 clean=0 reason=achieved+generator_drop+p99
[0;34m[l4][0m recovery PASS: dpumesh-preload/8192 at 5000 rps
[0;34m[l4][0m point-8192-dpumesh-preload-r59467 decision=0 votes=0-2
[0;34m[l4][0m scout-8192-dpumesh-preload-refine3-v1 offered=57277 clean=0 reason=generator_drop+p99
[0;34m[l4][0m recovery PASS: dpumesh-preload/8192 at 5000 rps
[0;34m[l4][0m scout-8192-dpumesh-preload-refine3-v2 offered=57277 clean=0 reason=generator_drop+p99
[0;34m[l4][0m recovery PASS: dpumesh-preload/8192 at 5000 rps
[0;34m[l4][0m point-8192-dpumesh-preload-r57277 decision=0 votes=0-2
[0;34m[l4][0m scout-8192-dpumesh-preload-refine4-v1 offered=56213 clean=0 reason=p99
[0;34m[l4][0m recovery PASS: dpumesh-preload/8192 at 5000 rps
[0;34m[l4][0m scout-8192-dpumesh-preload-refine4-v2 offered=56213 clean=0 reason=achieved+generator_drop+p99
[0;34m[l4][0m recovery PASS: dpumesh-preload/8192 at 5000 rps
[0;34m[l4][0m point-8192-dpumesh-preload-r56213 decision=0 votes=0-2
[0;34m[l4][0m knee dpumesh-preload/8192 clean=55168 first_bad=56213 bracket=1.019x
[0;34m[l4][0m scout-8192-dpumesh-native-pilot1-v1 offered=5000 clean=1 reason=clean
[0;34m[l4][0m scout-8192-dpumesh-native-pilot2-v1 offered=6750 clean=1 reason=clean
[0;34m[l4][0m scout-8192-dpumesh-native-pilot3-v1 offered=9113 clean=1 reason=clean
[0;34m[l4][0m scout-8192-dpumesh-native-pilot4-v1 offered=12303 clean=1 reason=clean
[0;34m[l4][0m scout-8192-dpumesh-native-pilot5-v1 offered=16609 clean=1 reason=clean
[0;34m[l4][0m scout-8192-dpumesh-native-pilot6-v1 offered=22422 clean=1 reason=clean
[0;34m[l4][0m scout-8192-dpumesh-native-pilot7-v1 offered=30270 clean=1 reason=clean
[0;34m[l4][0m scout-8192-dpumesh-native-pilot8-v1 offered=40865 clean=1 reason=clean
[0;34m[l4][0m scout-8192-dpumesh-native-pilot9-v1 offered=55168 clean=1 reason=clean
[0;34m[l4][0m scout-8192-dpumesh-native-pilot10-v1 offered=74477 clean=1 reason=clean
[0;34m[l4][0m scout-8192-dpumesh-native-pilot11-v1 offered=100544 clean=1 reason=clean
[0;34m[l4][0m scout-8192-dpumesh-native-pilot12-v1 offered=135734 clean=1 reason=clean
[0;34m[l4][0m scout-8192-dpumesh-native-pilot13-v1 offered=183241 clean=1 reason=clean
[0;34m[l4][0m scout-8192-dpumesh-native-pilot14-v1 offered=247375 clean=1 reason=clean
[0;34m[l4][0m scout-8192-dpumesh-native-pilot15-v1 offered=333956 clean=1 reason=clean
[0;34m[l4][0m scout-8192-dpumesh-native-pilot16-v1 offered=450841 clean=1 reason=clean
[0;34m[l4][0m scout-8192-dpumesh-native-pilot17-v1 offered=608635 clean=1 reason=clean
[0;34m[l4][0m scout-8192-dpumesh-native-pilot18-v1 offered=610352 clean=1 reason=clean
[0;34m[l4][0m scout-8192-dpumesh-native-validate18-v1 offered=610352 clean=1 reason=clean
[0;34m[l4][0m scout-8192-dpumesh-native-validate18-v2 offered=610352 clean=1 reason=clean
[0;34m[l4][0m point-8192-dpumesh-native-r610352 decision=1 votes=2-0
[1;33m[l4][0m dpumesh-native/8192 stayed clean through the pilot search at 610352 rps
[0;34m[l4][0m scout-8192-plain-pilot1-v1 offered=5000 clean=1 reason=clean
[0;34m[l4][0m scout-8192-plain-pilot2-v1 offered=6750 clean=1 reason=clean
[0;34m[l4][0m scout-8192-plain-pilot3-v1 offered=9113 clean=1 reason=clean
[0;34m[l4][0m scout-8192-plain-pilot4-v1 offered=12303 clean=1 reason=clean
[0;34m[l4][0m scout-8192-plain-pilot5-v1 offered=16609 clean=1 reason=clean
[0;34m[l4][0m scout-8192-plain-pilot6-v1 offered=22422 clean=1 reason=clean
[0;34m[l4][0m scout-8192-plain-pilot7-v1 offered=30270 clean=1 reason=clean
[0;34m[l4][0m scout-8192-plain-pilot8-v1 offered=40865 clean=1 reason=clean
[0;34m[l4][0m scout-8192-plain-pilot9-v1 offered=55168 clean=1 reason=clean
[0;34m[l4][0m scout-8192-plain-pilot10-v1 offered=74477 clean=1 reason=clean
[0;34m[l4][0m scout-8192-plain-pilot11-v1 offered=100544 clean=1 reason=clean
[0;34m[l4][0m scout-8192-plain-pilot12-v1 offered=135734 clean=0 reason=generator_drop
[0;34m[l4][0m recovery PASS: plain/8192 at 5000 rps
[0;34m[l4][0m scout-8192-plain-validate12-v1 offered=135734 clean=1 reason=clean
[0;34m[l4][0m scout-8192-plain-validate12-v2 offered=135734 clean=1 reason=clean
[0;34m[l4][0m point-8192-plain-r135734 decision=1 votes=2-0
[0;34m[l4][0m scout-8192-plain-pilot13-v1 offered=183241 clean=0 reason=generator_drop
[0;34m[l4][0m recovery PASS: plain/8192 at 5000 rps
[0;34m[l4][0m scout-8192-plain-validate13-v1 offered=183241 clean=1 reason=clean
[0;34m[l4][0m scout-8192-plain-validate13-v2 offered=183241 clean=1 reason=clean
[0;34m[l4][0m point-8192-plain-r183241 decision=1 votes=2-0
[0;34m[l4][0m scout-8192-plain-pilot14-v1 offered=247375 clean=1 reason=clean
[0;34m[l4][0m scout-8192-plain-pilot15-v1 offered=333956 clean=0 reason=generator_drop
[0;34m[l4][0m recovery PASS: plain/8192 at 5000 rps
[0;34m[l4][0m scout-8192-plain-validate15-v1 offered=333956 clean=1 reason=clean
[0;34m[l4][0m scout-8192-plain-validate15-v2 offered=333956 clean=1 reason=clean
[0;34m[l4][0m point-8192-plain-r333956 decision=1 votes=2-0
[0;34m[l4][0m scout-8192-plain-pilot16-v1 offered=450841 clean=0 reason=achieved+generator_drop
[0;34m[l4][0m recovery PASS: plain/8192 at 5000 rps
[0;34m[l4][0m scout-8192-plain-validate16-v1 offered=450841 clean=0 reason=achieved+generator_drop
[0;34m[l4][0m recovery PASS: plain/8192 at 5000 rps
[0;34m[l4][0m scout-8192-plain-validate16-v2 offered=450841 clean=0 reason=achieved+generator_drop
[0;34m[l4][0m recovery PASS: plain/8192 at 5000 rps
[0;34m[l4][0m point-8192-plain-r450841 decision=0 votes=0-2
[0;34m[l4][0m scout-8192-plain-refine1-v1 offered=388022 clean=0 reason=achieved+generator_drop
[0;34m[l4][0m recovery PASS: plain/8192 at 5000 rps
[0;34m[l4][0m scout-8192-plain-refine1-v2 offered=388022 clean=1 reason=clean
[0;34m[l4][0m scout-8192-plain-refine1-v3 offered=388022 clean=1 reason=clean
[0;34m[l4][0m point-8192-plain-r388022 decision=1 votes=2-1
[0;34m[l4][0m scout-8192-plain-refine2-v1 offered=418254 clean=0 reason=achieved+generator_drop
[0;34m[l4][0m recovery PASS: plain/8192 at 5000 rps
[0;34m[l4][0m scout-8192-plain-refine2-v2 offered=418254 clean=0 reason=achieved+generator_drop
[0;34m[l4][0m recovery PASS: plain/8192 at 5000 rps
[0;34m[l4][0m point-8192-plain-r418254 decision=0 votes=0-2
[0;34m[l4][0m scout-8192-plain-refine3-v1 offered=402855 clean=0 reason=generator_drop
[0;34m[l4][0m recovery PASS: plain/8192 at 5000 rps
[0;34m[l4][0m scout-8192-plain-refine3-v2 offered=402855 clean=0 reason=achieved+generator_drop
[0;34m[l4][0m recovery PASS: plain/8192 at 5000 rps
[0;34m[l4][0m point-8192-plain-r402855 decision=0 votes=0-2
[0;34m[l4][0m scout-8192-plain-refine4-v1 offered=395369 clean=0 reason=achieved+generator_drop
[0;34m[l4][0m recovery PASS: plain/8192 at 5000 rps
[0;34m[l4][0m scout-8192-plain-refine4-v2 offered=395369 clean=1 reason=clean
[0;34m[l4][0m scout-8192-plain-refine4-v3 offered=395369 clean=1 reason=clean
[0;34m[l4][0m point-8192-plain-r395369 decision=1 votes=2-1
[0;34m[l4][0m knee plain/8192 clean=395369 first_bad=402855 bracket=1.019x
[0;34m[l4][0m scout-8192-envoy-permissive-pilot1-v1 offered=5000 clean=1 reason=clean
[0;34m[l4][0m scout-8192-envoy-permissive-pilot2-v1 offered=6750 clean=1 reason=clean
[0;34m[l4][0m scout-8192-envoy-permissive-pilot3-v1 offered=9113 clean=1 reason=clean
[0;34m[l4][0m scout-8192-envoy-permissive-pilot4-v1 offered=12303 clean=1 reason=clean
[0;34m[l4][0m scout-8192-envoy-permissive-pilot5-v1 offered=16609 clean=1 reason=clean
[0;34m[l4][0m scout-8192-envoy-permissive-pilot6-v1 offered=22422 clean=1 reason=clean
[0;34m[l4][0m scout-8192-envoy-permissive-pilot7-v1 offered=30270 clean=1 reason=clean
[0;34m[l4][0m scout-8192-envoy-permissive-pilot8-v1 offered=40865 clean=1 reason=clean
[0;34m[l4][0m scout-8192-envoy-permissive-pilot9-v1 offered=55168 clean=1 reason=clean
[0;34m[l4][0m scout-8192-envoy-permissive-pilot10-v1 offered=74477 clean=1 reason=clean
[0;34m[l4][0m scout-8192-envoy-permissive-pilot11-v1 offered=100544 clean=1 reason=clean
[0;34m[l4][0m scout-8192-envoy-permissive-pilot12-v1 offered=135734 clean=1 reason=clean
[0;34m[l4][0m scout-8192-envoy-permissive-pilot13-v1 offered=183241 clean=1 reason=clean
[0;34m[l4][0m scout-8192-envoy-permissive-pilot14-v1 offered=247375 clean=0 reason=generator_drop
[0;34m[l4][0m recovery PASS: envoy-permissive/8192 at 5000 rps
[0;34m[l4][0m scout-8192-envoy-permissive-validate14-v1 offered=247375 clean=0 reason=generator_drop
[0;34m[l4][0m recovery PASS: envoy-permissive/8192 at 5000 rps
[0;34m[l4][0m scout-8192-envoy-permissive-validate14-v2 offered=247375 clean=1 reason=clean
[0;34m[l4][0m scout-8192-envoy-permissive-validate14-v3 offered=247375 clean=1 reason=clean
[0;34m[l4][0m point-8192-envoy-permissive-r247375 decision=1 votes=2-1
[0;34m[l4][0m scout-8192-envoy-permissive-pilot15-v1 offered=333956 clean=0 reason=achieved+generator_drop
[0;34m[l4][0m recovery PASS: envoy-permissive/8192 at 5000 rps
[0;34m[l4][0m scout-8192-envoy-permissive-validate15-v1 offered=333956 clean=0 reason=achieved+generator_drop
[0;34m[l4][0m recovery PASS: envoy-permissive/8192 at 5000 rps
[0;34m[l4][0m scout-8192-envoy-permissive-validate15-v2 offered=333956 clean=0 reason=achieved+generator_drop
[0;34m[l4][0m recovery PASS: envoy-permissive/8192 at 5000 rps
[0;34m[l4][0m point-8192-envoy-permissive-r333956 decision=0 votes=0-2
[0;34m[l4][0m scout-8192-envoy-permissive-refine1-v1 offered=287424 clean=0 reason=achieved+generator_drop
[0;34m[l4][0m recovery PASS: envoy-permissive/8192 at 5000 rps
[0;34m[l4][0m scout-8192-envoy-permissive-refine1-v2 offered=287424 clean=0 reason=achieved+generator_drop
[0;34m[l4][0m recovery PASS: envoy-permissive/8192 at 5000 rps
[0;34m[l4][0m point-8192-envoy-permissive-r287424 decision=0 votes=0-2
[0;34m[l4][0m scout-8192-envoy-permissive-refine2-v1 offered=266649 clean=0 reason=achieved+generator_drop
[0;34m[l4][0m recovery PASS: envoy-permissive/8192 at 5000 rps
[0;34m[l4][0m scout-8192-envoy-permissive-refine2-v2 offered=266649 clean=0 reason=achieved+generator_drop
[0;34m[l4][0m recovery PASS: envoy-permissive/8192 at 5000 rps
[0;34m[l4][0m point-8192-envoy-permissive-r266649 decision=0 votes=0-2
[0;34m[l4][0m scout-8192-envoy-permissive-refine3-v1 offered=256831 clean=0 reason=generator_drop
[0;34m[l4][0m recovery PASS: envoy-permissive/8192 at 5000 rps
[0;34m[l4][0m scout-8192-envoy-permissive-refine3-v2 offered=256831 clean=0 reason=achieved+generator_drop
[0;34m[l4][0m recovery PASS: envoy-permissive/8192 at 5000 rps
[0;34m[l4][0m point-8192-envoy-permissive-r256831 decision=0 votes=0-2
[0;34m[l4][0m scout-8192-envoy-permissive-refine4-v1 offered=252059 clean=0 reason=achieved+generator_drop
[0;34m[l4][0m recovery PASS: envoy-permissive/8192 at 5000 rps
[0;34m[l4][0m scout-8192-envoy-permissive-refine4-v2 offered=252059 clean=0 reason=achieved+generator_drop
[0;34m[l4][0m recovery PASS: envoy-permissive/8192 at 5000 rps
[0;34m[l4][0m point-8192-envoy-permissive-r252059 decision=0 votes=0-2
[0;34m[l4][0m knee envoy-permissive/8192 clean=247375 first_bad=252059 bracket=1.019x
[0;34m[l4][0m rate plan ready: 105 retained config/payload points
[0;34m[l4][0m collecting idle baselines
[0;34m[l4][0m idle-0-q0-envoy-permissive-r1 offered=0 achieved=0.000 p99=0 host_cgroup=0.007420 host_busy=0.015992 dpu=NA status=ok clean=NA reason=idle
[0;34m[l4][0m idle-0-q0-envoy-strict-r1 offered=0 achieved=0.000 p99=0 host_cgroup=0.007405 host_busy=0.017991 dpu=NA status=ok clean=NA reason=idle
[0;34m[l4][0m idle-0-q0-dpumesh-preload-r1 offered=0 achieved=0.000 p99=0 host_cgroup=0.000162 host_busy=0.011994 dpu=0.133581 status=ok clean=NA reason=idle
[0;31m[l4][0m idle-0-q0-dpumesh-native-r1 failed before CSV commit: status=backend_fanout; raw data and snapshots were preserved
[0;34m[l4][0m output=/home/jukebox/DPUmesh/bench/report/data/l4-20260728-113431
[0;34m[l4][0m planned workload: load_max=315 idle=15 pilot_max=360 knee_vote_runs_typical=180 perf_replays=15 expected_timed~98.2min
sudo: /etc/sudo.conf is owned by uid 65534, should be 0
sudo: The "no new privileges" flag is set, which prevents sudo from running as root.
sudo: If sudo is running in a container, you may need to adjust the container configuration to disable the flag.
[1;33m[l4][0m command failed: rc=1 line=1321 command=sudo -S -v > /dev/null
[0;34m[l4][0m output=/home/jukebox/DPUmesh/bench/report/data/l4-20260728-113431
[0;34m[l4][0m planned workload: load_max=315 idle=15 pilot_max=360 knee_vote_runs_typical=180 perf_replays=15 expected_timed~98.2min
[sudo] password for jukebox: [0;34m[l4][0m using existing deployment (--no-deploy)
[0;32m[INFO][0m Host NUMA: PCI 94:00.0 -> node 1, benchmark cores 18-35
[0;34m[STEP][0m === Pinning pods to dedicated cores (taskset, profile=l4) ===
[0;32m[INFO][0m CPU governor=performance, fixed 2.5 GHz on cores 18-35
[0;32m[INFO][0m bench-dpumesh → core(s) 26 (pod=2ac3a3e356e42fa15c86b157eb6d7b0997506da21b8fa83fbea1a791e6d9259d)
[0;32m[INFO][0m   bench-dpumesh (PID 2493419) → 26
[1;33m[WARN][0m bench-dpumesh-2: pod not found, skipping
[1;33m[WARN][0m bench-dpumesh-3: pod not found, skipping
[0;32m[INFO][0m echo-dpumesh → core(s) 27 (pod=11c03fd68ae23f3526129df95acbdd0e7566d86cfdf6b54851d57de4cd9a8782)
[0;32m[INFO][0m   echo-dpumesh (PID 2493003) → 27
[1;33m[WARN][0m echo-dpumesh-13: pod not found, skipping
[1;33m[WARN][0m echo-dpumesh-14: pod not found, skipping
[1;33m[WARN][0m loopback-dpumesh: pod not found, skipping
[1;33m[WARN][0m stream-dpumesh: pod not found, skipping
[1;33m[WARN][0m verbs-dpumesh: pod not found, skipping
[1;33m[WARN][0m preload-dpumesh: pod not found, skipping
[0;32m[INFO][0m preload-echo → core(s) 19 (pod=db47b9230123a0021ceebb8af44d44c35742c98bb7b15dbe0b529bec6ada44e9)
[0;32m[INFO][0m   preload-echo (PID 2493639) → 19
[0;32m[INFO][0m preload-bench → core(s) 18 (pod=2e131f2d482b719d600030fc097f184e980480fe4d90ebf166aac0e33dc5e2f1)
[0;32m[INFO][0m   preload-bench (PID 2493867) → 18
[0;32m[INFO][0m bench-tcp → core(s) 22 (pod=ae578ae2c1276c454aadcb4cb4691c69ae45a8cadcb83c23df03ee221bf924a4)
[0;32m[INFO][0m   sidecar1 (PID 2495222) → 22
[0;32m[INFO][0m   bench-tcp (PID 2495198) → 22
[0;32m[INFO][0m echo-tcp → core(s) 23 (pod=ea4ea58ac76702277a74e96b687fb5d10a1a4ea5c5d56c79039b69b0dfbce6ba)
[0;32m[INFO][0m   sidecar2 (PID 2494927) → 23
[0;32m[INFO][0m   echo-tcp (PID 2494903) → 23
[0;32m[INFO][0m bench-tcp-strict → core(s) 24 (pod=04c6104863632d3342ca96a78156cd190c90973c5af804ce3cec58824e6997e6)
[0;32m[INFO][0m   sidecar1 (PID 2494612) → 24
[0;32m[INFO][0m   bench-tcp-strict (PID 2494587) → 24
[0;32m[INFO][0m echo-tcp-strict → core(s) 25 (pod=01ad86f8011bc0db40cdbf4e7bf18e5a99107d2dd2cad1529dc65885885224dc)
[0;32m[INFO][0m   sidecar2 (PID 2494285) → 25
[0;32m[INFO][0m   echo-tcp-strict (PID 2494259) → 25
[0;32m[INFO][0m bench-direct → core(s) 20 (pod=087f0b09df15e28e7901dd83ce47da912ee279d89b6a7d50cccf210dc0719faf)
[0;32m[INFO][0m   bench-direct (PID 2495524) → 20
[0;32m[INFO][0m echo-plain → core(s) 21 (pod=e3b99659d295a8b52317ff2383927f5dd3e334dc244753d9ad80cc9008495f5b)
[0;32m[INFO][0m   echo-plain (PID 2494071) → 21
[0;32m[INFO][0m Pinning done
[0;34m[l4][0m binary audit PASS: four POSIX paths are byte-identical; native API binaries recorded separately
[0;34m[l4][0m smoke plain attempt=1 clean=1: OK mrps=0.004998 gbps=0.0026 p50=153.00 p95=238.00 p99=267.00 p999=1510.00 p9999=2713.00 avg=140.33 min=41.72 max=2771.65 rcnt=9920 scheduled=10000 pending=0 fail=0 conc=0 threads=4 reqsz=64 repsz=8 durs=2.000 offered_mrps=0.005000 drops=0 overflow=0 reorder=0 mode=open arr=const
[0;34m[l4][0m smoke envoy-permissive attempt=1 clean=1: OK mrps=0.004999 gbps=0.0026 p50=323.00 p95=402.00 p99=435.00 p999=1948.00 p9999=2997.00 avg=283.71 min=66.49 max=3024.99 rcnt=9920 scheduled=10000 pending=0 fail=0 conc=0 threads=4 reqsz=64 repsz=8 durs=2.000 offered_mrps=0.005000 drops=0 overflow=0 reorder=0 mode=open arr=const
[0;34m[l4][0m smoke envoy-strict attempt=1 clean=1: OK mrps=0.004998 gbps=0.0026 p50=373.00 p95=483.00 p99=524.00 p999=555.00 p9999=569.00 avg=338.83 min=82.08 max=598.06 rcnt=9920 scheduled=10000 pending=0 fail=0 conc=0 threads=4 reqsz=64 repsz=8 durs=2.000 offered_mrps=0.005000 drops=0 overflow=0 reorder=0 mode=open arr=const
[0;34m[l4][0m smoke dpumesh-preload attempt=1 clean=1: OK mrps=0.004998 gbps=0.0026 p50=237.00 p95=373.00 p99=623.00 p999=10654.00 p9999=12379.00 avg=313.29 min=133.17 max=12502.55 rcnt=9920 scheduled=10000 pending=0 fail=0 conc=0 threads=4 reqsz=64 repsz=8 durs=2.000 offered_mrps=0.005000 drops=0 overflow=0 reorder=0 mode=open arr=const
[0;34m[l4][0m smoke dpumesh-native attempt=1 clean=1: OK mrps=0.004999 gbps=0.0026 p50=352.00 p95=573.00 p99=5510.00 p999=14712.00 p9999=15100.00 avg=492.62 min=122.04 max=15108.88 rcnt=9920 scheduled=10000 pending=0 fail=0 conc=0 threads=4 reqsz=64 repsz=8 durs=2.000 offered_mrps=0.005000 drops=0 overflow=0 worker_fail=0 mode=open arr=const batch=1 reconns=0 reconn_us=0.00 grabs=4 rets=4 recyc=9856 waits=0 pads=0 reorder=0 dist=0:10000
[0;34m[l4][0m backend budget PASS: exactly one ready server backend/config
[0;34m[l4][0m fixed host-core budget PASS: 2 exclusive cores/config, 10 endpoint cores total
[0;34m[l4][0m discovering per-config OPEN-loop SLA knees
[0;34m[l4][0m rate plan ready: 105 retained config/payload points
[0;34m[l4][0m collecting idle baselines
[0;34m[l4][0m skip completed idle-0-q0-envoy-permissive-r1
[0;34m[l4][0m skip completed idle-0-q0-envoy-strict-r1
[0;34m[l4][0m skip completed idle-0-q0-dpumesh-preload-r1
[0;34m[l4][0m idle-0-q0-dpumesh-native-r1 offered=0 achieved=0.000 p99=0 host_cgroup=0.000156 host_busy=0.011994 dpu=0.137291 status=ok clean=NA reason=idle
[0;34m[l4][0m idle-0-q0-plain-r1 offered=0 achieved=0.000 p99=0 host_cgroup=0.000000 host_busy=0.017991 dpu=NA status=ok clean=NA reason=idle
[0;34m[l4][0m idle-0-q0-envoy-strict-r2 offered=0 achieved=0.000 p99=0 host_cgroup=0.008076 host_busy=0.013993 dpu=NA status=ok clean=NA reason=idle
[0;34m[l4][0m idle-0-q0-dpumesh-preload-r2 offered=0 achieved=0.000 p99=0 host_cgroup=0.000158 host_busy=0.015993 dpu=0.131725 status=ok clean=NA reason=idle
[0;34m[l4][0m idle-0-q0-dpumesh-native-r2 offered=0 achieved=0.000 p99=0 host_cgroup=0.000157 host_busy=0.023988 dpu=0.129870 status=ok clean=NA reason=idle
[0;34m[l4][0m idle-0-q0-plain-r2 offered=0 achieved=0.000 p99=0 host_cgroup=0.000000 host_busy=0.015993 dpu=NA status=ok clean=NA reason=idle
[0;34m[l4][0m idle-0-q0-envoy-permissive-r2 offered=0 achieved=0.000 p99=0 host_cgroup=0.007854 host_busy=0.039979 dpu=NA status=ok clean=NA reason=idle
[0;34m[l4][0m idle-0-q0-dpumesh-preload-r3 offered=0 achieved=0.000 p99=0 host_cgroup=0.000146 host_busy=0.019990 dpu=0.132472 status=ok clean=NA reason=idle
[0;34m[l4][0m idle-0-q0-dpumesh-native-r3 offered=0 achieved=0.000 p99=0 host_cgroup=0.000157 host_busy=0.013993 dpu=0.133333 status=ok clean=NA reason=idle
[0;34m[l4][0m idle-0-q0-plain-r3 offered=0 achieved=0.000 p99=0 host_cgroup=0.000000 host_busy=0.025986 dpu=NA status=ok clean=NA reason=idle
[0;34m[l4][0m idle-0-q0-envoy-permissive-r3 offered=0 achieved=0.000 p99=0 host_cgroup=0.007539 host_busy=0.023988 dpu=NA status=ok clean=NA reason=idle
[0;34m[l4][0m idle-0-q0-envoy-strict-r3 offered=0 achieved=0.000 p99=0 host_cgroup=0.007870 host_busy=0.017992 dpu=NA status=ok clean=NA reason=idle
[0;34m[l4][0m collecting open-loop load sweep
[0;34m[l4][0m load-64-q1-envoy-permissive-r1 offered=30896 achieved=30895.000 p99=320.00 host_cgroup=1.830392 host_busy=1.824895 dpu=NA status=ok clean=1 reason=clean
[0;34m[l4][0m load-64-q1-envoy-strict-r1 offered=30896 achieved=30896.000 p99=360.00 host_cgroup=1.870499 host_busy=1.877126 dpu=NA status=ok clean=1 reason=clean
[0;34m[l4][0m load-64-q1-dpumesh-preload-r1 offered=30896 achieved=30896.000 p99=475.00 host_cgroup=0.756244 host_busy=0.709066 dpu=2.177083 status=ok clean=1 reason=clean
[0;34m[l4][0m load-64-q1-dpumesh-native-r1 offered=30896 achieved=30896.000 p99=516.00 host_cgroup=0.350199 host_busy=0.305948 dpu=1.900353 status=ok clean=1 reason=clean
[0;34m[l4][0m load-64-q1-plain-r1 offered=30896 achieved=30896.000 p99=92.00 host_cgroup=0.830339 host_busy=0.679976 dpu=NA status=ok clean=1 reason=clean
[0;34m[l4][0m load-64-q2-envoy-strict-r1 offered=61792 achieved=61791.000 p99=400.00 host_cgroup=1.885981 host_busy=1.882221 dpu=NA status=ok clean=1 reason=clean
[0;34m[l4][0m load-64-q2-dpumesh-preload-r1 offered=61792 achieved=61777.000 p99=307.00 host_cgroup=1.429008 host_busy=1.411616 dpu=3.285579 status=ok clean=1 reason=clean
[0;34m[l4][0m load-64-q2-dpumesh-native-r1 offered=61792 achieved=61792.000 p99=567.00 host_cgroup=0.473563 host_busy=0.434852 dpu=2.926066 status=ok clean=1 reason=clean
[0;34m[l4][0m load-64-q2-plain-r1 offered=61792 achieved=61791.000 p99=103.00 host_cgroup=1.137870 host_busy=0.927006 dpu=NA status=ok clean=1 reason=clean
[0;34m[l4][0m load-64-q2-envoy-permissive-r1 offered=61792 achieved=61791.000 p99=393.00 host_cgroup=1.963333 host_busy=1.961225 dpu=NA status=ok clean=1 reason=clean
[0;34m[l4][0m load-64-q3-dpumesh-preload-r1 offered=92687 achieved=92686.000 p99=246.00 host_cgroup=1.657297 host_busy=1.621074 dpu=3.265403 status=ok clean=1 reason=clean
[0;34m[l4][0m load-64-q3-dpumesh-native-r1 offered=92687 achieved=92686.000 p99=471.00 host_cgroup=0.509582 host_busy=0.570560 dpu=2.861611 status=ok clean=1 reason=clean
[0;34m[l4][0m load-64-q3-plain-r1 offered=92687 achieved=92686.000 p99=123.00 host_cgroup=1.630495 host_busy=1.546849 dpu=NA status=ok clean=1 reason=clean
[0;34m[l4][0m load-64-q3-envoy-permissive-r1 offered=92687 achieved=92685.000 p99=373.00 host_cgroup=1.849250 host_busy=1.847142 dpu=NA status=ok clean=1 reason=clean
[0;34m[l4][0m load-64-q3-envoy-strict-r1 offered=92687 achieved=92687.000 p99=354.00 host_cgroup=1.939127 host_busy=1.939209 dpu=NA status=ok clean=1 reason=clean
[0;34m[l4][0m load-64-q4-dpumesh-native-r1 offered=111225 achieved=111225.000 p99=487.00 host_cgroup=0.526611 host_busy=0.541083 dpu=2.892511 status=ok clean=1 reason=clean
[0;34m[l4][0m load-64-q4-plain-r1 offered=111225 achieved=111224.000 p99=127.00 host_cgroup=1.842089 host_busy=1.813162 dpu=NA status=ok clean=1 reason=clean
[0;34m[l4][0m load-64-q4-envoy-permissive-r1 offered=111225 achieved=111224.000 p99=376.00 host_cgroup=1.908246 host_busy=1.903849 dpu=NA status=ok clean=1 reason=clean
[0;34m[l4][0m load-64-q4-envoy-strict-r1 offered=111225 achieved=111224.000 p99=356.00 host_cgroup=1.927389 host_busy=1.923343 dpu=NA status=ok clean=1 reason=clean
[0;34m[l4][0m load-64-q4-dpumesh-preload-r1 offered=105046 achieved=105045.000 p99=341.00 host_cgroup=1.741168 host_busy=1.722620 dpu=3.543561 status=ok clean=1 reason=clean
[0;34m[l4][0m load-64-q5-plain-r1 offered=405396 achieved=405403.000 p99=291.00 host_cgroup=1.782203 host_busy=1.770985 dpu=NA status=ok clean=1 reason=clean
[0;34m[l4][0m load-64-q5-envoy-permissive-r1 offered=1203205 achieved=1181771.000 p99=3743.00 host_cgroup=1.294701 host_busy=1.254098 dpu=NA status=ok clean=0 reason=generator_drop
[0;34m[l4][0m recovery PASS: envoy-permissive/64 at 5000 rps
[0;34m[l4][0m load-64-q5-envoy-strict-r1 offered=1180847 achieved=1156975.000 p99=3585.00 host_cgroup=1.352635 host_busy=1.319601 dpu=NA status=ok clean=0 reason=achieved+generator_drop
[0;34m[l4][0m recovery PASS: envoy-strict/64 at 5000 rps
[0;34m[l4][0m load-64-q5-dpumesh-preload-r1 offered=111225 achieved=111223.000 p99=498.00 host_cgroup=1.786423 host_busy=1.766858 dpu=3.357008 status=ok clean=1 reason=clean
[0;34m[l4][0m load-64-q5-dpumesh-native-r1 offered=2550000 achieved=2550002.000 p99=454.00 host_cgroup=0.812874 host_busy=0.793994 dpu=3.048341 status=ok clean=1 reason=clean
[0;34m[l4][0m load-64-q6-envoy-permissive-r1 offered=1415535 achieved=1414934.000 p99=867.00 host_cgroup=1.539659 host_busy=1.539894 dpu=NA status=ok clean=1 reason=clean
[0;34m[l4][0m load-64-q6-envoy-strict-r1 offered=1389232 achieved=1177850.000 p99=10190.00 host_cgroup=1.196653 host_busy=1.223136 dpu=NA status=ok clean=0 reason=achieved+generator_drop+p99
[0;34m[l4][0m recovery PASS: envoy-strict/64 at 5000 rps
[0;34m[l4][0m load-64-q6-dpumesh-preload-r1 offered=123583 achieved=123580.000 p99=591.00 host_cgroup=1.815258 host_busy=1.799119 dpu=3.564929 status=ok clean=1 reason=clean
[0;34m[l4][0m load-64-q6-dpumesh-native-r1 offered=3000000 achieved=3000042.000 p99=365.00 host_cgroup=0.940817 host_busy=0.904045 dpu=3.128092 status=ok clean=1 reason=clean
[0;34m[l4][0m load-64-q6-plain-r1 offered=476937 achieved=301719.000 p99=9924.00 host_cgroup=1.788110 host_busy=1.749210 dpu=NA status=ok clean=0 reason=achieved+generator_drop
[0;34m[l4][0m recovery PASS: plain/64 at 5000 rps
[0;34m[l4][0m load-64-q7-envoy-strict-r1 offered=1458694 achieved=800261.000 p99=13452.00 host_cgroup=1.109602 host_busy=1.126281 dpu=NA status=ok clean=0 reason=achieved+generator_drop+p99
[0;34m[l4][0m recovery PASS: envoy-strict/64 at 5000 rps
[0;34m[l4][0m load-64-q7-dpumesh-preload-r1 offered=129762 achieved=129752.000 p99=2754.00 host_cgroup=1.827159 host_busy=1.810245 dpu=3.435606 status=ok clean=1 reason=clean
[0;34m[l4][0m load-64-q7-dpumesh-native-r1 offered=3150000 achieved=3150128.000 p99=454.00 host_cgroup=0.925073 host_busy=0.916952 dpu=3.084360 status=ok clean=1 reason=clean
[0;34m[l4][0m load-64-q7-plain-r1 offered=500784 achieved=240742.000 p99=13835.00 host_cgroup=1.832173 host_busy=1.812932 dpu=NA status=ok clean=0 reason=achieved+generator_drop+p99
[0;34m[l4][0m recovery PASS: plain/64 at 5000 rps
[0;34m[l4][0m load-64-q7-envoy-permissive-r1 offered=1486312 achieved=691888.000 p99=12447.00 host_cgroup=1.078286 host_busy=1.088645 dpu=NA status=ok clean=0 reason=achieved+generator_drop+p99
[0;34m[l4][0m recovery PASS: envoy-permissive/64 at 5000 rps
[0;34m[l4][0m load-64-q7-dpumesh-preload-r2 offered=129762 achieved=128876.000 p99=139387.00 host_cgroup=1.810527 host_busy=1.759482 dpu=3.714421 status=ok clean=0 reason=p99
[0;34m[l4][0m recovery PASS: dpumesh-preload/64 at 5000 rps
[0;34m[l4][0m load-64-q7-dpumesh-native-r2 offered=3150000 achieved=3150096.000 p99=344.00 host_cgroup=0.953415 host_busy=0.899064 dpu=3.347538 status=ok clean=1 reason=clean
[0;34m[l4][0m load-64-q7-plain-r2 offered=500784 achieved=469908.000 p99=624.00 host_cgroup=1.866004 host_busy=1.853129 dpu=NA status=ok clean=0 reason=achieved+generator_drop
[0;34m[l4][0m recovery PASS: plain/64 at 5000 rps
[0;34m[l4][0m load-64-q7-envoy-permissive-r2 offered=1486312 achieved=706449.000 p99=12240.00 host_cgroup=1.079070 host_busy=1.090640 dpu=NA status=ok clean=0 reason=achieved+generator_drop+p99
[0;34m[l4][0m recovery PASS: envoy-permissive/64 at 5000 rps
[0;34m[l4][0m load-64-q7-envoy-strict-r2 offered=1458694 achieved=1408889.000 p99=2558.00 host_cgroup=1.395464 host_busy=1.358542 dpu=NA status=ok clean=0 reason=achieved+generator_drop
[0;34m[l4][0m recovery PASS: envoy-strict/64 at 5000 rps
[0;34m[l4][0m load-64-q6-envoy-strict-r2 offered=1389232 achieved=1388863.000 p99=824.00 host_cgroup=1.627967 host_busy=1.626597 dpu=NA status=ok clean=1 reason=clean
[0;34m[l4][0m load-64-q6-dpumesh-preload-r2 offered=123583 achieved=123569.000 p99=2158.00 host_cgroup=1.785684 host_busy=1.754161 dpu=3.467742 status=ok clean=1 reason=clean
[0;34m[l4][0m load-64-q6-dpumesh-native-r2 offered=3000000 achieved=3000021.000 p99=529.00 host_cgroup=0.887418 host_busy=0.846107 dpu=3.053131 status=ok clean=1 reason=clean
[0;34m[l4][0m load-64-q6-plain-r2 offered=476937 achieved=476937.000 p99=409.00 host_cgroup=1.826143 host_busy=1.806599 dpu=NA status=ok clean=1 reason=clean
[0;34m[l4][0m load-64-q6-envoy-permissive-r2 offered=1415535 achieved=1415056.000 p99=943.00 host_cgroup=1.529877 host_busy=1.509967 dpu=NA status=ok clean=1 reason=clean
[0;34m[l4][0m load-64-q5-envoy-permissive-r2 offered=1203205 achieved=1203156.000 p99=458.00 host_cgroup=1.831656 host_busy=1.838968 dpu=NA status=ok clean=1 reason=clean
[0;34m[l4][0m load-64-q5-envoy-strict-r2 offered=1180847 achieved=1180808.000 p99=490.00 host_cgroup=1.842773 host_busy=1.855706 dpu=NA status=ok clean=1 reason=clean
[0;34m[l4][0m load-64-q5-dpumesh-preload-r2 offered=111225 achieved=111223.000 p99=478.00 host_cgroup=1.803763 host_busy=1.796045 dpu=3.318786 status=ok clean=1 reason=clean
[0;34m[l4][0m load-64-q5-dpumesh-native-r2 offered=2550000 achieved=2550047.000 p99=344.00 host_cgroup=0.842449 host_busy=0.867598 dpu=3.339640 status=ok clean=1 reason=clean
[0;34m[l4][0m load-64-q5-plain-r2 offered=405396 achieved=405306.000 p99=341.00 host_cgroup=1.793939 host_busy=1.784970 dpu=NA status=ok clean=1 reason=clean
[0;34m[l4][0m load-64-q4-plain-r2 offered=111225 achieved=111224.000 p99=126.00 host_cgroup=1.857297 host_busy=1.831927 dpu=NA status=ok clean=1 reason=clean
[0;34m[l4][0m load-64-q4-envoy-permissive-r2 offered=111225 achieved=111227.000 p99=372.00 host_cgroup=1.889705 host_busy=1.884184 dpu=NA status=ok clean=1 reason=clean
[0;34m[l4][0m load-64-q4-envoy-strict-r2 offered=111225 achieved=111223.000 p99=347.00 host_cgroup=1.930140 host_busy=1.935217 dpu=NA status=ok clean=1 reason=clean
[0;34m[l4][0m load-64-q4-dpumesh-preload-r2 offered=105046 achieved=105045.000 p99=419.00 host_cgroup=1.770915 host_busy=1.759857 dpu=3.559659 status=ok clean=1 reason=clean
[0;34m[l4][0m load-64-q4-dpumesh-native-r2 offered=111225 achieved=111224.000 p99=532.00 host_cgroup=0.493607 host_busy=0.470141 dpu=2.821970 status=ok clean=1 reason=clean
[0;34m[l4][0m load-64-q3-dpumesh-native-r2 offered=92687 achieved=92686.000 p99=486.00 host_cgroup=0.522358 host_busy=0.511524 dpu=3.090995 status=ok clean=1 reason=clean
[0;34m[l4][0m load-64-q3-plain-r2 offered=92687 achieved=92686.000 p99=126.00 host_cgroup=1.561540 host_busy=1.436447 dpu=NA status=ok clean=1 reason=clean
[0;34m[l4][0m load-64-q3-envoy-permissive-r2 offered=92687 achieved=92686.000 p99=326.00 host_cgroup=1.932287 host_busy=1.924747 dpu=NA status=ok clean=1 reason=clean
[0;34m[l4][0m load-64-q3-envoy-strict-r2 offered=92687 achieved=92686.000 p99=359.00 host_cgroup=1.933549 host_busy=1.940309 dpu=NA status=ok clean=1 reason=clean
[0;34m[l4][0m load-64-q3-dpumesh-preload-r2 offered=92687 achieved=92686.000 p99=242.00 host_cgroup=1.630012 host_busy=1.592482 dpu=3.163981 status=ok clean=1 reason=clean
[0;34m[l4][0m load-64-q2-dpumesh-preload-r2 offered=61792 achieved=61791.000 p99=327.00 host_cgroup=1.443442 host_busy=1.383919 dpu=3.325427 status=ok clean=1 reason=clean
[0;34m[l4][0m load-64-q2-dpumesh-native-r2 offered=61792 achieved=61791.000 p99=510.00 host_cgroup=0.481457 host_busy=0.567630 dpu=2.767552 status=ok clean=1 reason=clean
[0;34m[l4][0m load-64-q2-plain-r2 offered=61792 achieved=61791.000 p99=173.00 host_cgroup=1.118414 host_busy=0.924045 dpu=NA status=ok clean=1 reason=clean
[0;34m[l4][0m load-64-q2-envoy-permissive-r2 offered=61792 achieved=61791.000 p99=373.00 host_cgroup=1.844793 host_busy=1.841956 dpu=NA status=ok clean=1 reason=clean
[0;34m[l4][0m load-64-q2-envoy-strict-r2 offered=61792 achieved=61791.000 p99=341.00 host_cgroup=1.954374 host_busy=1.955097 dpu=NA status=ok clean=1 reason=clean
[0;34m[l4][0m load-64-q1-envoy-strict-r2 offered=30896 achieved=30896.000 p99=339.00 host_cgroup=1.820005 host_busy=1.833246 dpu=NA status=ok clean=1 reason=clean
[0;34m[l4][0m load-64-q1-dpumesh-preload-r2 offered=30896 achieved=30896.000 p99=378.00 host_cgroup=0.751600 host_busy=0.717075 dpu=2.188805 status=ok clean=1 reason=clean
[0;34m[l4][0m load-64-q1-dpumesh-native-r2 offered=30896 achieved=30896.000 p99=535.00 host_cgroup=0.366761 host_busy=0.366930 dpu=2.210427 status=ok clean=1 reason=clean
[0;34m[l4][0m load-64-q1-plain-r2 offered=30896 achieved=30896.000 p99=226.00 host_cgroup=0.776509 host_busy=0.496119 dpu=NA status=ok clean=1 reason=clean
[0;34m[l4][0m load-64-q1-envoy-permissive-r2 offered=30896 achieved=30896.000 p99=317.00 host_cgroup=1.787926 host_busy=1.794191 dpu=NA status=ok clean=1 reason=clean
[0;34m[l4][0m load-64-q1-dpumesh-preload-r3 offered=30896 achieved=30896.000 p99=362.00 host_cgroup=0.790855 host_busy=0.743563 dpu=2.482922 status=ok clean=1 reason=clean
[0;34m[l4][0m load-64-q1-dpumesh-native-r3 offered=30896 achieved=30896.000 p99=523.00 host_cgroup=0.353532 host_busy=0.356127 dpu=1.892321 status=ok clean=1 reason=clean
[0;34m[l4][0m load-64-q1-plain-r3 offered=30896 achieved=30896.000 p99=164.00 host_cgroup=0.790765 host_busy=0.478216 dpu=NA status=ok clean=1 reason=clean
[0;34m[l4][0m load-64-q1-envoy-permissive-r3 offered=30896 achieved=30895.000 p99=324.00 host_cgroup=1.784294 host_busy=1.792231 dpu=NA status=ok clean=1 reason=clean
[0;34m[l4][0m load-64-q1-envoy-strict-r3 offered=30896 achieved=30895.000 p99=343.00 host_cgroup=1.878360 host_busy=1.881435 dpu=NA status=ok clean=1 reason=clean
[0;34m[l4][0m load-64-q2-dpumesh-native-r3 offered=61792 achieved=61792.000 p99=537.00 host_cgroup=0.489759 host_busy=0.513503 dpu=3.001898 status=ok clean=1 reason=clean
[0;34m[l4][0m load-64-q2-plain-r3 offered=61792 achieved=61791.000 p99=128.00 host_cgroup=1.154749 host_busy=1.001738 dpu=NA status=ok clean=1 reason=clean
[0;34m[l4][0m load-64-q2-envoy-permissive-r3 offered=61792 achieved=61791.000 p99=374.00 host_cgroup=1.953737 host_busy=1.957190 dpu=NA status=ok clean=1 reason=clean
[0;34m[l4][0m load-64-q2-envoy-strict-r3 offered=61792 achieved=61791.000 p99=348.00 host_cgroup=1.937026 host_busy=1.948438 dpu=NA status=ok clean=1 reason=clean
[0;34m[l4][0m load-64-q2-dpumesh-preload-r3 offered=61792 achieved=61792.000 p99=236.00 host_cgroup=1.451080 host_busy=1.437127 dpu=3.010407 status=ok clean=1 reason=clean
[0;34m[l4][0m load-64-q3-plain-r3 offered=92687 achieved=92686.000 p99=132.00 host_cgroup=1.471160 host_busy=1.342845 dpu=NA status=ok clean=1 reason=clean
[0;34m[l4][0m load-64-q3-envoy-permissive-r3 offered=92687 achieved=92686.000 p99=332.00 host_cgroup=1.931422 host_busy=1.928667 dpu=NA status=ok clean=1 reason=clean
[0;34m[l4][0m load-64-q3-envoy-strict-r3 offered=92687 achieved=92689.000 p99=342.00 host_cgroup=1.954324 host_busy=1.957961 dpu=NA status=ok clean=1 reason=clean
[0;34m[l4][0m load-64-q3-dpumesh-preload-r3 offered=92687 achieved=92686.000 p99=343.00 host_cgroup=1.640997 host_busy=1.596466 dpu=3.451613 status=ok clean=1 reason=clean
[0;34m[l4][0m load-64-q3-dpumesh-native-r3 offered=92687 achieved=92685.000 p99=497.00 host_cgroup=0.504626 host_busy=0.492931 dpu=2.663428 status=ok clean=1 reason=clean
[0;34m[l4][0m load-64-q4-envoy-permissive-r3 offered=111225 achieved=111224.000 p99=393.00 host_cgroup=1.964321 host_busy=1.967415 dpu=NA status=ok clean=1 reason=clean
[0;34m[l4][0m load-64-q4-envoy-strict-r3 offered=111225 achieved=111223.000 p99=408.00 host_cgroup=1.950353 host_busy=1.954100 dpu=NA status=ok clean=1 reason=clean
[0;34m[l4][0m load-64-q4-dpumesh-preload-r3 offered=105046 achieved=105045.000 p99=355.00 host_cgroup=1.728857 host_busy=1.696222 dpu=3.563981 status=ok clean=1 reason=clean
[0;34m[l4][0m load-64-q4-dpumesh-native-r3 offered=111225 achieved=111227.000 p99=534.00 host_cgroup=0.515604 host_busy=0.536997 dpu=3.068246 status=ok clean=1 reason=clean
[0;34m[l4][0m load-64-q4-plain-r3 offered=111225 achieved=111227.000 p99=115.00 host_cgroup=1.830624 host_busy=1.789247 dpu=NA status=ok clean=1 reason=clean
[0;34m[l4][0m load-64-q5-envoy-strict-r3 offered=1180847 achieved=1180813.000 p99=470.00 host_cgroup=1.874280 host_busy=1.885909 dpu=NA status=ok clean=1 reason=clean
[0;34m[l4][0m load-64-q5-dpumesh-preload-r3 offered=111225 achieved=111223.000 p99=476.00 host_cgroup=1.793303 host_busy=1.792349 dpu=3.363292 status=ok clean=1 reason=clean
[0;34m[l4][0m load-64-q5-dpumesh-native-r3 offered=2550000 achieved=2550045.000 p99=615.00 host_cgroup=0.795823 host_busy=0.716144 dpu=3.005687 status=ok clean=1 reason=clean
[0;34m[l4][0m load-64-q5-plain-r3 offered=405396 achieved=405397.000 p99=237.00 host_cgroup=1.802291 host_busy=1.783003 dpu=NA status=ok clean=1 reason=clean
[0;34m[l4][0m load-64-q5-envoy-permissive-r3 offered=1203205 achieved=1203157.000 p99=439.00 host_cgroup=1.842971 host_busy=1.853799 dpu=NA status=ok clean=1 reason=clean
[0;34m[l4][0m load-64-q6-dpumesh-preload-r3 offered=123583 achieved=123565.000 p99=2246.00 host_cgroup=1.789810 host_busy=1.763158 dpu=3.495735 status=ok clean=1 reason=clean
[0;34m[l4][0m load-64-q6-dpumesh-native-r3 offered=3000000 achieved=3000067.000 p99=332.00 host_cgroup=0.926081 host_busy=0.933542 dpu=3.130627 status=ok clean=1 reason=clean
[0;34m[l4][0m load-64-q6-plain-r3 offered=476937 achieved=322440.000 p99=11800.00 host_cgroup=1.814803 host_busy=1.798228 dpu=NA status=ok clean=0 reason=achieved+generator_drop+p99
[0;34m[l4][0m recovery PASS: plain/64 at 5000 rps
[0;34m[l4][0m load-64-q6-envoy-permissive-r3 offered=1415535 achieved=1182543.000 p99=7876.00 host_cgroup=1.120295 host_busy=1.110339 dpu=NA status=ok clean=0 reason=achieved+generator_drop
[0;34m[l4][0m recovery PASS: envoy-permissive/64 at 5000 rps
[0;34m[l4][0m load-64-q6-envoy-strict-r3 offered=1389232 achieved=1152388.000 p99=10914.00 host_cgroup=1.179671 host_busy=1.195606 dpu=NA status=ok clean=0 reason=achieved+generator_drop+p99
[0;34m[l4][0m recovery PASS: envoy-strict/64 at 5000 rps
[0;34m[l4][0m load-64-q7-dpumesh-native-r3 offered=3150000 achieved=3150069.000 p99=264.00 host_cgroup=0.912246 host_busy=0.898194 dpu=3.088152 status=ok clean=1 reason=clean
[0;34m[l4][0m load-64-q7-plain-r3 offered=500784 achieved=214278.000 p99=17027.00 host_cgroup=1.826734 host_busy=1.798082 dpu=NA status=ok clean=0 reason=achieved+generator_drop+p99
[0;34m[l4][0m recovery PASS: plain/64 at 5000 rps
[0;34m[l4][0m load-64-q7-envoy-permissive-r3 offered=1486312 achieved=1316800.000 p99=6858.00 host_cgroup=1.182701 host_busy=1.185099 dpu=NA status=ok clean=0 reason=achieved+generator_drop
[0;34m[l4][0m recovery PASS: envoy-permissive/64 at 5000 rps
[0;34m[l4][0m load-64-q7-envoy-strict-r3 offered=1458694 achieved=1395630.000 p99=3480.00 host_cgroup=1.362242 host_busy=1.330828 dpu=NA status=ok clean=0 reason=achieved+generator_drop
[0;34m[l4][0m recovery PASS: envoy-strict/64 at 5000 rps
[0;34m[l4][0m load-64-q7-dpumesh-preload-r3 offered=129762 achieved=129753.000 p99=2026.00 host_cgroup=1.823797 host_busy=1.800807 dpu=3.427625 status=ok clean=1 reason=clean
[0;34m[l4][0m load-1024-q1-envoy-permissive-r1 offered=31481 achieved=31480.000 p99=312.00 host_cgroup=1.873379 host_busy=1.879878 dpu=NA status=ok clean=1 reason=clean
[0;34m[l4][0m load-1024-q1-envoy-strict-r1 offered=31481 achieved=31480.000 p99=307.00 host_cgroup=1.855608 host_busy=1.858717 dpu=NA status=ok clean=1 reason=clean
[0;34m[l4][0m load-1024-q1-dpumesh-preload-r1 offered=31481 achieved=31481.000 p99=319.00 host_cgroup=0.817094 host_busy=0.748617 dpu=2.471090 status=ok clean=1 reason=clean
[0;34m[l4][0m load-1024-q1-dpumesh-native-r1 offered=31481 achieved=31481.000 p99=533.00 host_cgroup=0.371452 host_busy=0.270520 dpu=2.253321 status=ok clean=1 reason=clean
[0;34m[l4][0m load-1024-q1-plain-r1 offered=31481 achieved=31480.000 p99=114.00 host_cgroup=0.813478 host_busy=0.522494 dpu=NA status=ok clean=1 reason=clean
[0;34m[l4][0m load-1024-q2-envoy-strict-r1 offered=62962 achieved=62961.000 p99=394.00 host_cgroup=1.925847 host_busy=1.925221 dpu=NA status=ok clean=1 reason=clean
[0;34m[l4][0m load-1024-q2-dpumesh-preload-r1 offered=62962 achieved=62961.000 p99=240.00 host_cgroup=1.496104 host_busy=1.481195 dpu=3.140284 status=ok clean=1 reason=clean
[0;34m[l4][0m load-1024-q2-dpumesh-native-r1 offered=62962 achieved=62961.000 p99=472.00 host_cgroup=0.494235 host_busy=0.554851 dpu=2.811374 status=ok clean=1 reason=clean
[0;34m[l4][0m load-1024-q2-plain-r1 offered=62962 achieved=62961.000 p99=116.00 host_cgroup=1.323671 host_busy=1.281023 dpu=NA status=ok clean=1 reason=clean
[0;34m[l4][0m load-1024-q2-envoy-permissive-r1 offered=62962 achieved=62961.000 p99=373.00 host_cgroup=1.967192 host_busy=1.968820 dpu=NA status=ok clean=1 reason=clean
[0;34m[l4][0m load-1024-q3-dpumesh-preload-r1 offered=94442 achieved=94441.000 p99=323.00 host_cgroup=1.713098 host_busy=1.701879 dpu=3.497159 status=ok clean=1 reason=clean
[0;34m[l4][0m load-1024-q3-dpumesh-native-r1 offered=94442 achieved=94441.000 p99=526.00 host_cgroup=0.522944 host_busy=0.502644 dpu=2.881834 status=ok clean=1 reason=clean
[0;34m[l4][0m load-1024-q3-plain-r1 offered=94442 achieved=94441.000 p99=129.00 host_cgroup=1.783769 host_busy=1.713899 dpu=NA status=ok clean=1 reason=clean
[0;34m[l4][0m load-1024-q3-envoy-permissive-r1 offered=94442 achieved=94440.000 p99=380.00 host_cgroup=1.966661 host_busy=1.964957 dpu=NA status=ok clean=1 reason=clean
[0;34m[l4][0m load-1024-q3-envoy-strict-r1 offered=94442 achieved=94441.000 p99=413.00 host_cgroup=1.966392 host_busy=1.966668 dpu=NA status=ok clean=1 reason=clean
[0;34m[l4][0m load-1024-q4-dpumesh-native-r1 offered=113331 achieved=113331.000 p99=540.00 host_cgroup=0.503493 host_busy=0.477156 dpu=2.826540 status=ok clean=1 reason=clean
[0;34m[l4][0m load-1024-q4-plain-r1 offered=113331 achieved=113330.000 p99=137.00 host_cgroup=1.878587 host_busy=1.862517 dpu=NA status=ok clean=1 reason=clean
[0;34m[l4][0m load-1024-q4-envoy-permissive-r1 offered=113331 achieved=113330.000 p99=385.00 host_cgroup=1.966950 host_busy=1.968792 dpu=NA status=ok clean=1 reason=clean
[0;34m[l4][0m load-1024-q4-envoy-strict-r1 offered=113331 achieved=113331.000 p99=408.00 host_cgroup=1.965294 host_busy=1.964615 dpu=NA status=ok clean=1 reason=clean
[0;34m[l4][0m load-1024-q4-dpumesh-preload-r1 offered=107035 achieved=107033.000 p99=390.00 host_cgroup=1.741431 host_busy=1.736041 dpu=3.351659 status=ok clean=1 reason=clean
[0;34m[l4][0m load-1024-q5-plain-r1 offered=405396 achieved=405392.000 p99=235.00 host_cgroup=1.877314 host_busy=1.869616 dpu=NA status=ok clean=1 reason=clean
[0;34m[l4][0m load-1024-q5-envoy-permissive-r1 offered=796398 achieved=796368.000 p99=505.00 host_cgroup=1.851424 host_busy=1.849815 dpu=NA status=ok clean=1 reason=clean
[0;34m[l4][0m load-1024-q5-envoy-strict-r1 offered=557647 achieved=557556.000 p99=1173.00 host_cgroup=1.743838 host_busy=1.742657 dpu=NA status=ok clean=1 reason=clean
[0;34m[l4][0m load-1024-q5-dpumesh-preload-r1 offered=113331 achieved=113328.000 p99=629.00 host_cgroup=1.787491 host_busy=1.776635 dpu=3.527514 status=ok clean=1 reason=clean
[0;34m[l4][0m load-1024-q5-dpumesh-native-r1 offered=2550000 achieved=2550569.000 p99=599.00 host_cgroup=1.032285 host_busy=1.012146 dpu=3.692782 status=ok clean=1 reason=clean
[0;34m[l4][0m load-1024-q6-envoy-permissive-r1 offered=936939 achieved=936902.000 p99=549.00 host_cgroup=1.870642 host_busy=1.879306 dpu=NA status=ok clean=1 reason=clean
[0;34m[l4][0m load-1024-q6-envoy-strict-r1 offered=656055 achieved=655971.000 p99=958.00 host_cgroup=1.867274 host_busy=1.869624 dpu=NA status=ok clean=1 reason=clean
[0;34m[l4][0m load-1024-q6-dpumesh-preload-r1 offered=125923 achieved=125917.000 p99=1009.00 host_cgroup=1.827598 host_busy=1.818821 dpu=3.519924 status=ok clean=1 reason=clean
[0;34m[l4][0m load-1024-q6-dpumesh-native-r1 offered=3000000 achieved=3000037.000 p99=312.00 host_cgroup=1.120236 host_busy=1.085979 dpu=4.034156 status=ok clean=1 reason=clean
[0;34m[l4][0m load-1024-q6-plain-r1 offered=476937 achieved=476907.000 p99=414.00 host_cgroup=1.876382 host_busy=1.874429 dpu=NA status=ok clean=1 reason=clean
[0;34m[l4][0m load-1024-q7-envoy-strict-r1 offered=688858 achieved=688761.000 p99=886.00 host_cgroup=1.944962 host_busy=1.949108 dpu=NA status=ok clean=1 reason=clean
[0;34m[l4][0m load-1024-q7-dpumesh-preload-r1 offered=132219 achieved=131280.000 p99=145630.00 host_cgroup=1.821360 host_busy=1.802370 dpu=3.668561 status=ok clean=0 reason=p99
[0;34m[l4][0m recovery PASS: dpumesh-preload/1024 at 5000 rps
[0;34m[l4][0m load-1024-q7-dpumesh-native-r1 offered=3150000 achieved=3150099.000 p99=662.00 host_cgroup=1.139969 host_busy=1.066465 dpu=3.949715 status=ok clean=1 reason=clean
[0;34m[l4][0m load-1024-q7-plain-r1 offered=500784 achieved=494633.000 p99=646.00 host_cgroup=1.861116 host_busy=1.837040 dpu=NA status=ok clean=0 reason=generator_drop
[0;34m[l4][0m recovery PASS: plain/1024 at 5000 rps
[0;34m[l4][0m load-1024-q7-envoy-permissive-r1 offered=983786 achieved=983747.000 p99=600.00 host_cgroup=1.818261 host_busy=1.831684 dpu=NA status=ok clean=1 reason=clean
[0;34m[l4][0m load-1024-q7-dpumesh-preload-r2 offered=132219 achieved=131147.000 p99=169442.00 host_cgroup=1.816261 host_busy=1.797232 dpu=3.691943 status=ok clean=0 reason=p99
[0;34m[l4][0m recovery PASS: dpumesh-preload/1024 at 5000 rps
[0;34m[l4][0m load-1024-q7-dpumesh-native-r2 offered=3150000 achieved=3150087.000 p99=327.00 host_cgroup=1.173805 host_busy=1.116473 dpu=4.020853 status=ok clean=1 reason=clean
[0;34m[l4][0m load-1024-q7-plain-r2 offered=500784 achieved=326147.000 p99=3087.00 host_cgroup=1.832386 host_busy=1.821612 dpu=NA status=ok clean=0 reason=achieved+generator_drop
[0;34m[l4][0m recovery PASS: plain/1024 at 5000 rps
[0;34m[l4][0m load-1024-q7-envoy-permissive-r2 offered=983786 achieved=968480.000 p99=1221.00 host_cgroup=1.643417 host_busy=1.640441 dpu=NA status=ok clean=0 reason=generator_drop
[0;34m[l4][0m recovery PASS: envoy-permissive/1024 at 5000 rps
[0;34m[l4][0m load-1024-q7-envoy-strict-r2 offered=688858 achieved=687715.000 p99=1160.00 host_cgroup=1.902565 host_busy=1.903705 dpu=NA status=ok clean=0 reason=generator_drop
[0;34m[l4][0m recovery PASS: envoy-strict/1024 at 5000 rps
[0;34m[l4][0m load-1024-q6-envoy-strict-r2 offered=656055 achieved=655970.000 p99=930.00 host_cgroup=1.870309 host_busy=1.883307 dpu=NA status=ok clean=1 reason=clean
[0;34m[l4][0m load-1024-q6-dpumesh-preload-r2 offered=125923 achieved=125050.000 p99=140292.00 host_cgroup=1.787564 host_busy=1.704756 dpu=3.592242 status=ok clean=0 reason=p99
[0;34m[l4][0m recovery PASS: dpumesh-preload/1024 at 5000 rps
[0;34m[l4][0m load-1024-q6-dpumesh-native-r2 offered=3000000 achieved=3000044.000 p99=663.00 host_cgroup=1.123159 host_busy=1.076293 dpu=3.954459 status=ok clean=1 reason=clean
[0;34m[l4][0m load-1024-q6-plain-r2 offered=476937 achieved=258678.000 p99=5361.00 host_cgroup=1.837177 host_busy=1.826851 dpu=NA status=ok clean=0 reason=achieved+generator_drop
[0;34m[l4][0m recovery PASS: plain/1024 at 5000 rps
[0;34m[l4][0m load-1024-q6-envoy-permissive-r2 offered=936939 achieved=935765.000 p99=977.00 host_cgroup=1.670783 host_busy=1.670203 dpu=NA status=ok clean=0 reason=generator_drop
[0;34m[l4][0m recovery PASS: envoy-permissive/1024 at 5000 rps
[0;34m[l4][0m load-1024-q5-envoy-permissive-r2 offered=796398 achieved=796369.000 p99=914.00 host_cgroup=1.688233 host_busy=1.674755 dpu=NA status=ok clean=1 reason=clean
[0;34m[l4][0m load-1024-q5-envoy-strict-r2 offered=557647 achieved=557640.000 p99=683.00 host_cgroup=1.963814 host_busy=1.965175 dpu=NA status=ok clean=1 reason=clean
[0;34m[l4][0m load-1024-q5-dpumesh-preload-r2 offered=113331 achieved=113329.000 p99=627.00 host_cgroup=1.784465 host_busy=1.781733 dpu=3.319431 status=ok clean=1 reason=clean
[0;34m[l4][0m load-1024-q5-dpumesh-native-r2 offered=2550000 achieved=2549983.000 p99=304.00 host_cgroup=1.034375 host_busy=1.042700 dpu=4.002838 status=ok clean=1 reason=clean
[0;34m[l4][0m load-1024-q5-plain-r2 offered=405396 achieved=405398.000 p99=386.00 host_cgroup=1.799711 host_busy=1.780745 dpu=NA status=ok clean=1 reason=clean
[0;34m[l4][0m load-1024-q4-plain-r2 offered=113331 achieved=113330.000 p99=135.00 host_cgroup=1.895087 host_busy=1.881828 dpu=NA status=ok clean=1 reason=clean
[0;34m[l4][0m load-1024-q4-envoy-permissive-r2 offered=113331 achieved=113330.000 p99=384.00 host_cgroup=1.966901 host_busy=1.967936 dpu=NA status=ok clean=1 reason=clean
[0;34m[l4][0m load-1024-q4-envoy-strict-r2 offered=113331 achieved=113329.000 p99=410.00 host_cgroup=1.966153 host_busy=1.969487 dpu=NA status=ok clean=1 reason=clean
[0;34m[l4][0m load-1024-q4-dpumesh-preload-r2 offered=107035 achieved=107032.000 p99=450.00 host_cgroup=1.779545 host_busy=1.773759 dpu=3.528463 status=ok clean=1 reason=clean
[0;34m[l4][0m load-1024-q4-dpumesh-native-r2 offered=113331 achieved=113330.000 p99=536.00 host_cgroup=0.519469 host_busy=0.445638 dpu=3.071090 status=ok clean=1 reason=clean
[0;34m[l4][0m load-1024-q3-dpumesh-native-r2 offered=94442 achieved=94442.000 p99=504.00 host_cgroup=0.510995 host_busy=0.508591 dpu=2.850520 status=ok clean=1 reason=clean
[0;34m[l4][0m load-1024-q3-plain-r2 offered=94442 achieved=94441.000 p99=124.00 host_cgroup=1.748352 host_busy=1.669451 dpu=NA status=ok clean=1 reason=clean
[0;34m[l4][0m load-1024-q3-envoy-permissive-r2 offered=94442 achieved=94443.000 p99=360.00 host_cgroup=1.954105 host_busy=1.957103 dpu=NA status=ok clean=1 reason=clean
[0;34m[l4][0m load-1024-q3-envoy-strict-r2 offered=94442 achieved=94441.000 p99=407.00 host_cgroup=1.965877 host_busy=1.965778 dpu=NA status=ok clean=1 reason=clean
[0;34m[l4][0m load-1024-q3-dpumesh-preload-r2 offered=94442 achieved=94441.000 p99=276.00 host_cgroup=1.690524 host_busy=1.674824 dpu=3.316588 status=ok clean=1 reason=clean
[0;34m[l4][0m load-1024-q2-dpumesh-preload-r2 offered=62962 achieved=62961.000 p99=298.00 host_cgroup=1.496339 host_busy=1.466711 dpu=3.305503 status=ok clean=1 reason=clean
[0;34m[l4][0m load-1024-q2-dpumesh-native-r2 offered=62962 achieved=62961.000 p99=556.00 host_cgroup=0.490433 host_busy=0.475190 dpu=3.000000 status=ok clean=1 reason=clean
[0;34m[l4][0m load-1024-q2-plain-r2 offered=62962 achieved=62961.000 p99=111.00 host_cgroup=1.200905 host_busy=1.168762 dpu=NA status=ok clean=1 reason=clean
[0;34m[l4][0m load-1024-q2-envoy-permissive-r2 offered=62962 achieved=62961.000 p99=371.00 host_cgroup=1.966750 host_busy=1.969073 dpu=NA status=ok clean=1 reason=clean
[0;34m[l4][0m load-1024-q2-envoy-strict-r2 offered=62962 achieved=62962.000 p99=389.00 host_cgroup=1.965291 host_busy=1.968170 dpu=NA status=ok clean=1 reason=clean
[0;34m[l4][0m load-1024-q1-envoy-strict-r2 offered=31481 achieved=31480.000 p99=329.00 host_cgroup=1.879169 host_busy=1.870219 dpu=NA status=ok clean=1 reason=clean
[0;34m[l4][0m load-1024-q1-dpumesh-preload-r2 offered=31481 achieved=31481.000 p99=377.00 host_cgroup=0.775445 host_busy=0.732674 dpu=2.208531 status=ok clean=1 reason=clean
[0;34m[l4][0m load-1024-q1-dpumesh-native-r2 offered=31481 achieved=31480.000 p99=540.00 host_cgroup=0.356570 host_busy=0.323623 dpu=1.988615 status=ok clean=1 reason=clean
[0;34m[l4][0m load-1024-q1-plain-r2 offered=31481 achieved=31477.000 p99=228.00 host_cgroup=0.798306 host_busy=0.529382 dpu=NA status=ok clean=1 reason=clean
[0;34m[l4][0m load-1024-q1-envoy-permissive-r2 offered=31481 achieved=31480.000 p99=290.00 host_cgroup=1.857393 host_busy=1.851183 dpu=NA status=ok clean=1 reason=clean
[0;34m[l4][0m load-1024-q1-dpumesh-preload-r3 offered=31481 achieved=31481.000 p99=271.00 host_cgroup=0.816387 host_busy=0.765160 dpu=2.452133 status=ok clean=1 reason=clean
[0;34m[l4][0m load-1024-q1-dpumesh-native-r3 offered=31481 achieved=31481.000 p99=520.00 host_cgroup=0.376555 host_busy=0.324616 dpu=2.142101 status=ok clean=1 reason=clean
[0;34m[l4][0m load-1024-q1-plain-r3 offered=31481 achieved=31481.000 p99=107.00 host_cgroup=0.808190 host_busy=0.504670 dpu=NA status=ok clean=1 reason=clean
[0;34m[l4][0m load-1024-q1-envoy-permissive-r3 offered=31481 achieved=31480.000 p99=313.00 host_cgroup=1.871200 host_busy=1.871551 dpu=NA status=ok clean=1 reason=clean
[0;34m[l4][0m load-1024-q1-envoy-strict-r3 offered=31481 achieved=31481.000 p99=361.00 host_cgroup=1.865133 host_busy=1.860743 dpu=NA status=ok clean=1 reason=clean
[0;34m[l4][0m load-1024-q2-dpumesh-native-r3 offered=62962 achieved=62961.000 p99=503.00 host_cgroup=0.489965 host_busy=0.545021 dpu=2.802657 status=ok clean=1 reason=clean
[0;34m[l4][0m load-1024-q2-plain-r3 offered=62962 achieved=62961.000 p99=116.00 host_cgroup=1.226359 host_busy=1.153917 dpu=NA status=ok clean=1 reason=clean
[0;34m[l4][0m load-1024-q2-envoy-permissive-r3 offered=62962 achieved=62961.000 p99=372.00 host_cgroup=1.898874 host_busy=1.902767 dpu=NA status=ok clean=1 reason=clean
[0;34m[l4][0m load-1024-q2-envoy-strict-r3 offered=62962 achieved=62961.000 p99=422.00 host_cgroup=1.944031 host_busy=1.943200 dpu=NA status=ok clean=1 reason=clean
[0;34m[l4][0m load-1024-q2-dpumesh-preload-r3 offered=62962 achieved=62962.000 p99=256.00 host_cgroup=1.487967 host_busy=1.438155 dpu=3.142992 status=ok clean=1 reason=clean
[0;34m[l4][0m load-1024-q3-plain-r3 offered=94442 achieved=94386.000 p99=120.00 host_cgroup=1.658920 host_busy=1.514232 dpu=NA status=ok clean=1 reason=clean
[0;34m[l4][0m load-1024-q3-envoy-permissive-r3 offered=94442 achieved=94441.000 p99=426.00 host_cgroup=1.957065 host_busy=1.956976 dpu=NA status=ok clean=1 reason=clean
[0;34m[l4][0m load-1024-q3-envoy-strict-r3 offered=94442 achieved=94441.000 p99=404.00 host_cgroup=1.925505 host_busy=1.923545 dpu=NA status=ok clean=1 reason=clean
[0;34m[l4][0m load-1024-q3-dpumesh-preload-r3 offered=94442 achieved=94441.000 p99=326.00 host_cgroup=1.710196 host_busy=1.691955 dpu=3.459716 status=ok clean=1 reason=clean
[0;34m[l4][0m load-1024-q3-dpumesh-native-r3 offered=94442 achieved=94441.000 p99=525.00 host_cgroup=0.520915 host_busy=0.464308 dpu=2.879082 status=ok clean=1 reason=clean
[0;34m[l4][0m load-1024-q4-envoy-permissive-r3 offered=113331 achieved=113329.000 p99=435.00 host_cgroup=1.966602 host_busy=1.966648 dpu=NA status=ok clean=1 reason=clean
[0;34m[l4][0m load-1024-q4-envoy-strict-r3 offered=113331 achieved=113330.000 p99=457.00 host_cgroup=1.961796 host_busy=1.963678 dpu=NA status=ok clean=1 reason=clean
[0;34m[l4][0m load-1024-q4-dpumesh-preload-r3 offered=107035 achieved=107034.000 p99=304.00 host_cgroup=1.765569 host_busy=1.745019 dpu=3.426136 status=ok clean=1 reason=clean
[0;34m[l4][0m load-1024-q4-dpumesh-native-r3 offered=113331 achieved=113331.000 p99=544.00 host_cgroup=0.497728 host_busy=0.475098 dpu=2.828273 status=ok clean=1 reason=clean
[0;34m[l4][0m load-1024-q4-plain-r3 offered=113331 achieved=113330.000 p99=117.00 host_cgroup=1.912460 host_busy=1.903618 dpu=NA status=ok clean=1 reason=clean
[0;34m[l4][0m load-1024-q5-envoy-strict-r3 offered=557647 achieved=557648.000 p99=625.00 host_cgroup=1.944595 host_busy=1.946649 dpu=NA status=ok clean=1 reason=clean
[0;34m[l4][0m load-1024-q5-dpumesh-preload-r3 offered=113331 achieved=113328.000 p99=585.00 host_cgroup=1.800034 host_busy=1.772394 dpu=3.560190 status=ok clean=1 reason=clean
[0;34m[l4][0m load-1024-q5-dpumesh-native-r3 offered=2550000 achieved=2549736.000 p99=626.00 host_cgroup=1.032976 host_busy=1.032975 dpu=3.925189 status=ok clean=1 reason=clean
[0;34m[l4][0m load-1024-q5-plain-r3 offered=405396 achieved=405392.000 p99=226.00 host_cgroup=1.906535 host_busy=1.901886 dpu=NA status=ok clean=1 reason=clean
[0;34m[l4][0m load-1024-q5-envoy-permissive-r3 offered=796398 achieved=796376.000 p99=899.00 host_cgroup=1.671610 host_busy=1.640612 dpu=NA status=ok clean=1 reason=clean
[0;34m[l4][0m load-1024-q6-dpumesh-preload-r3 offered=125923 achieved=124975.000 p99=141013.00 host_cgroup=1.794055 host_busy=1.719355 dpu=3.602844 status=ok clean=0 reason=p99
[0;34m[l4][0m recovery PASS: dpumesh-preload/1024 at 5000 rps
[0;34m[l4][0m load-1024-q6-dpumesh-native-r3 offered=3000000 achieved=2999614.000 p99=336.00 host_cgroup=1.128638 host_busy=1.035955 dpu=3.717564 status=ok clean=1 reason=clean
[0;34m[l4][0m load-1024-q6-plain-r3 offered=476937 achieved=298106.000 p99=4276.00 host_cgroup=1.807682 host_busy=1.784775 dpu=NA status=ok clean=0 reason=achieved+generator_drop
[0;34m[l4][0m recovery PASS: plain/1024 at 5000 rps
[0;34m[l4][0m load-1024-q6-envoy-permissive-r3 offered=936939 achieved=936884.000 p99=559.00 host_cgroup=1.819356 host_busy=1.816358 dpu=NA status=ok clean=1 reason=clean
[0;34m[l4][0m load-1024-q6-envoy-strict-r3 offered=656055 achieved=655980.000 p99=895.00 host_cgroup=1.901745 host_busy=1.901968 dpu=NA status=ok clean=1 reason=clean
[0;34m[l4][0m load-1024-q7-dpumesh-native-r3 offered=3150000 achieved=3150100.000 p99=638.00 host_cgroup=1.166264 host_busy=1.089092 dpu=3.944129 status=ok clean=1 reason=clean
[0;34m[l4][0m load-1024-q7-plain-r3 offered=500784 achieved=484164.000 p99=837.00 host_cgroup=1.871765 host_busy=1.857890 dpu=NA status=ok clean=0 reason=achieved+generator_drop
[0;34m[l4][0m recovery PASS: plain/1024 at 5000 rps
[0;34m[l4][0m load-1024-q7-envoy-permissive-r3 offered=983786 achieved=983726.000 p99=623.00 host_cgroup=1.780407 host_busy=1.786150 dpu=NA status=ok clean=1 reason=clean
[0;34m[l4][0m load-1024-q7-envoy-strict-r3 offered=688858 achieved=687314.000 p99=1172.00 host_cgroup=1.911555 host_busy=1.912381 dpu=NA status=ok clean=0 reason=generator_drop
[0;34m[l4][0m recovery PASS: envoy-strict/1024 at 5000 rps
[0;34m[l4][0m load-1024-q7-dpumesh-preload-r3 offered=132219 achieved=131095.000 p99=171129.00 host_cgroup=1.820965 host_busy=1.816884 dpu=3.697343 status=ok clean=0 reason=p99
[0;34m[l4][0m recovery PASS: dpumesh-preload/1024 at 5000 rps
[0;34m[l4][0m load-8192-q1-dpumesh-native-r1 offered=13792 achieved=13792.000 p99=565.00 host_cgroup=0.312338 host_busy=0.212444 dpu=1.161137 status=ok clean=1 reason=clean
[0;34m[l4][0m load-8192-q1-plain-r1 offered=13792 achieved=13792.000 p99=306.00 host_cgroup=0.477550 host_busy=0.311902 dpu=NA status=ok clean=1 reason=clean
[0;34m[l4][0m load-8192-q1-envoy-permissive-r1 offered=13792 achieved=13791.000 p99=490.00 host_cgroup=0.911969 host_busy=0.897122 dpu=NA status=ok clean=1 reason=clean
[0;34m[l4][0m load-8192-q1-envoy-strict-r1 offered=13792 achieved=13792.000 p99=497.00 host_cgroup=1.011569 host_busy=1.000473 dpu=NA status=ok clean=1 reason=clean
[0;34m[l4][0m load-8192-q1-dpumesh-preload-r1 offered=13792 achieved=13792.000 p99=447.00 host_cgroup=0.539043 host_busy=0.452450 dpu=1.192410 status=ok clean=1 reason=clean
[0;34m[l4][0m load-8192-q2-plain-r1 offered=27584 achieved=27584.000 p99=314.00 host_cgroup=0.835782 host_busy=0.673990 dpu=NA status=ok clean=1 reason=clean
[0;34m[l4][0m load-8192-q2-envoy-permissive-r1 offered=27584 achieved=27584.000 p99=288.00 host_cgroup=1.674848 host_busy=1.670232 dpu=NA status=ok clean=1 reason=clean
[0;34m[l4][0m load-8192-q2-envoy-strict-r1 offered=27584 achieved=27583.000 p99=346.00 host_cgroup=1.887525 host_busy=1.884558 dpu=NA status=ok clean=1 reason=clean
[0;34m[l4][0m load-8192-q2-dpumesh-preload-r1 offered=27584 achieved=27583.000 p99=273.00 host_cgroup=1.010769 host_busy=0.998492 dpu=2.451185 status=ok clean=1 reason=clean
[0;34m[l4][0m load-8192-q2-dpumesh-native-r1 offered=27584 achieved=27584.000 p99=454.00 host_cgroup=0.466236 host_busy=0.276428 dpu=2.397156 status=ok clean=1 reason=clean
[0;34m[l4][0m load-8192-q3-envoy-permissive-r1 offered=41376 achieved=41375.000 p99=451.00 host_cgroup=1.914757 host_busy=1.916993 dpu=NA status=ok clean=1 reason=clean
[0;34m[l4][0m load-8192-q3-envoy-strict-r1 offered=41376 achieved=41375.000 p99=524.00 host_cgroup=1.895447 host_busy=1.892768 dpu=NA status=ok clean=1 reason=clean
[0;34m[l4][0m load-8192-q3-dpumesh-preload-r1 offered=41376 achieved=41375.000 p99=312.00 host_cgroup=1.437411 host_busy=1.389647 dpu=2.646110 status=ok clean=1 reason=clean
[0;34m[l4][0m load-8192-q3-dpumesh-native-r1 offered=41376 achieved=41376.000 p99=591.00 host_cgroup=0.521645 host_busy=0.476190 dpu=2.579943 status=ok clean=1 reason=clean
[0;34m[l4][0m load-8192-q3-plain-r1 offered=41376 achieved=41376.000 p99=147.00 host_cgroup=1.205590 host_busy=1.112648 dpu=NA status=ok clean=1 reason=clean
[0;34m[l4][0m load-8192-q4-envoy-strict-r1 offered=49651 achieved=49650.000 p99=564.00 host_cgroup=1.895337 host_busy=1.896467 dpu=NA status=ok clean=1 reason=clean
[0;34m[l4][0m load-8192-q4-dpumesh-preload-r1 offered=46893 achieved=46892.000 p99=326.00 host_cgroup=1.618272 host_busy=1.575850 dpu=3.032227 status=ok clean=1 reason=clean
[0;34m[l4][0m load-8192-q4-dpumesh-native-r1 offered=49651 achieved=49650.000 p99=520.00 host_cgroup=0.593391 host_busy=0.753428 dpu=2.858907 status=ok clean=1 reason=clean
[0;34m[l4][0m load-8192-q4-plain-r1 offered=49651 achieved=49650.000 p99=142.00 host_cgroup=1.395331 host_busy=1.289745 dpu=NA status=ok clean=1 reason=clean
[0;34m[l4][0m load-8192-q4-envoy-permissive-r1 offered=49651 achieved=49650.000 p99=445.00 host_cgroup=1.966558 host_busy=1.965636 dpu=NA status=ok clean=1 reason=clean
[0;34m[l4][0m load-8192-q5-dpumesh-preload-r1 offered=49651 achieved=49650.000 p99=322.00 host_cgroup=1.650414 host_busy=1.632760 dpu=2.895636 status=ok clean=1 reason=clean
[0;34m[l4][0m load-8192-q5-dpumesh-native-r1 offered=518799 achieved=518911.000 p99=480.00 host_cgroup=0.861542 host_busy=0.974033 dpu=3.802844 status=ok clean=1 reason=clean
[0;34m[l4][0m load-8192-q5-plain-r1 offered=336064 achieved=336046.000 p99=634.00 host_cgroup=1.831916 host_busy=1.826408 dpu=NA status=ok clean=1 reason=clean
[0;34m[l4][0m load-8192-q5-envoy-permissive-r1 offered=210269 achieved=210324.000 p99=1310.00 host_cgroup=1.805829 host_busy=1.814916 dpu=NA status=ok clean=1 reason=clean
[0;34m[l4][0m load-8192-q5-envoy-strict-r1 offered=103094 achieved=103096.000 p99=1493.00 host_cgroup=1.909472 host_busy=1.917226 dpu=NA status=ok clean=1 reason=clean
[0;34m[l4][0m load-8192-q6-dpumesh-native-r1 offered=610352 achieved=610506.000 p99=2312.00 host_cgroup=0.846794 host_busy=0.945427 dpu=3.724858 status=ok clean=1 reason=clean
[0;34m[l4][0m load-8192-q6-plain-r1 offered=395369 achieved=395056.000 p99=577.00 host_cgroup=1.900623 host_busy=1.896542 dpu=NA status=ok clean=1 reason=clean
[0;34m[l4][0m load-8192-q6-envoy-permissive-r1 offered=247375 achieved=247403.000 p99=2572.00 host_cgroup=1.802374 host_busy=1.801789 dpu=NA status=ok clean=1 reason=clean
[0;34m[l4][0m load-8192-q6-envoy-strict-r1 offered=121287 achieved=113468.000 p99=7636.00 host_cgroup=1.818124 host_busy=1.784946 dpu=NA status=ok clean=0 reason=achieved+generator_drop
[0;34m[l4][0m recovery PASS: envoy-strict/8192 at 5000 rps
[0;34m[l4][0m load-8192-q6-dpumesh-preload-r1 offered=55168 achieved=55167.000 p99=656.00 host_cgroup=1.764401 host_busy=1.739113 dpu=3.157346 status=ok clean=1 reason=clean
[0;34m[l4][0m load-8192-q7-plain-r1 offered=415137 achieved=328550.000 p99=1710.00 host_cgroup=1.850243 host_busy=1.849283 dpu=NA status=ok clean=0 reason=achieved+generator_drop
[0;34m[l4][0m recovery PASS: plain/8192 at 5000 rps
[0;34m[l4][0m load-8192-q7-envoy-permissive-r1 offered=259744 achieved=238588.000 p99=4309.00 host_cgroup=1.777930 host_busy=1.778300 dpu=NA status=ok clean=0 reason=achieved+generator_drop
[0;34m[l4][0m recovery PASS: envoy-permissive/8192 at 5000 rps
[0;34m[l4][0m load-8192-q7-envoy-strict-r1 offered=127351 achieved=125068.000 p99=6920.00 host_cgroup=1.943446 host_busy=1.944882 dpu=NA status=ok clean=0 reason=generator_drop
[0;34m[l4][0m recovery PASS: envoy-strict/8192 at 5000 rps
[0;34m[l4][0m load-8192-q7-dpumesh-preload-r1 offered=57926 achieved=57265.000 p99=68969.00 host_cgroup=1.827739 host_busy=1.802873 dpu=3.967074 status=ok clean=0 reason=generator_drop+p99
[0;34m[l4][0m recovery PASS: dpumesh-preload/8192 at 5000 rps
[0;34m[l4][0m load-8192-q7-dpumesh-native-r1 offered=640870 achieved=639270.000 p99=8179.00 host_cgroup=0.641029 host_busy=0.587332 dpu=3.693609 status=ok clean=0 reason=generator_drop
[0;34m[l4][0m recovery PASS: dpumesh-native/8192 at 5000 rps
[0;34m[l4][0m load-8192-q7-envoy-permissive-r2 offered=259744 achieved=242024.000 p99=4213.00 host_cgroup=1.794893 host_busy=1.787779 dpu=NA status=ok clean=0 reason=achieved+generator_drop
[0;34m[l4][0m recovery PASS: envoy-permissive/8192 at 5000 rps
[0;34m[l4][0m load-8192-q7-envoy-strict-r2 offered=127351 achieved=124860.000 p99=6930.00 host_cgroup=1.935953 host_busy=1.941508 dpu=NA status=ok clean=0 reason=generator_drop
[0;34m[l4][0m recovery PASS: envoy-strict/8192 at 5000 rps
[0;34m[l4][0m load-8192-q7-dpumesh-preload-r2 offered=57926 achieved=57219.000 p99=67764.00 host_cgroup=1.827123 host_busy=1.801147 dpu=3.619574 status=ok clean=0 reason=generator_drop+p99
[0;34m[l4][0m recovery PASS: dpumesh-preload/8192 at 5000 rps
[0;34m[l4][0m load-8192-q7-dpumesh-native-r2 offered=640870 achieved=638681.000 p99=8346.00 host_cgroup=0.653588 host_busy=0.618760 dpu=3.702068 status=ok clean=0 reason=generator_drop
[0;34m[l4][0m recovery PASS: dpumesh-native/8192 at 5000 rps
[0;34m[l4][0m load-8192-q7-plain-r2 offered=415137 achieved=339593.000 p99=1467.00 host_cgroup=1.852403 host_busy=1.848686 dpu=NA status=ok clean=0 reason=achieved+generator_drop
[0;34m[l4][0m recovery PASS: plain/8192 at 5000 rps
[0;34m[l4][0m load-8192-q6-plain-r2 offered=395369 achieved=354937.000 p99=1204.00 host_cgroup=1.842605 host_busy=1.849956 dpu=NA status=ok clean=0 reason=achieved+generator_drop
[0;34m[l4][0m recovery PASS: plain/8192 at 5000 rps
[0;34m[l4][0m load-8192-q6-envoy-permissive-r2 offered=247375 achieved=247429.000 p99=2239.00 host_cgroup=1.840920 host_busy=1.836482 dpu=NA status=ok clean=1 reason=clean
[0;34m[l4][0m load-8192-q6-envoy-strict-r2 offered=121287 achieved=114344.000 p99=7581.00 host_cgroup=1.823008 host_busy=1.803163 dpu=NA status=ok clean=0 reason=achieved+generator_drop
[0;34m[l4][0m recovery PASS: envoy-strict/8192 at 5000 rps
[0;34m[l4][0m load-8192-q6-dpumesh-preload-r2 offered=55168 achieved=54687.000 p99=69715.00 host_cgroup=1.788923 host_busy=1.763215 dpu=3.851364 status=ok clean=0 reason=generator_drop+p99
[0;34m[l4][0m recovery PASS: dpumesh-preload/8192 at 5000 rps
[0;34m[l4][0m load-8192-q6-dpumesh-native-r2 offered=610352 achieved=609786.000 p99=6969.00 host_cgroup=0.674733 host_busy=0.638469 dpu=3.757746 status=ok clean=0 reason=generator_drop
[0;34m[l4][0m recovery PASS: dpumesh-native/8192 at 5000 rps
[0;34m[l4][0m load-8192-q5-dpumesh-native-r2 offered=518799 achieved=518778.000 p99=1847.00 host_cgroup=0.705449 host_busy=0.685552 dpu=3.846009 status=ok clean=0 reason=generator_drop
[0;34m[l4][0m recovery PASS: dpumesh-native/8192 at 5000 rps
[0;34m[l4][0m load-8192-q5-plain-r2 offered=336064 achieved=335945.000 p99=316.00 host_cgroup=1.880963 host_busy=1.876264 dpu=NA status=ok clean=1 reason=clean
[0;34m[l4][0m load-8192-q5-envoy-permissive-r2 offered=210269 achieved=210313.000 p99=1278.00 host_cgroup=1.820130 host_busy=1.813022 dpu=NA status=ok clean=1 reason=clean
[0;34m[l4][0m load-8192-q5-envoy-strict-r2 offered=103094 achieved=103117.000 p99=3397.00 host_cgroup=1.811850 host_busy=1.811002 dpu=NA status=ok clean=1 reason=clean
[0;34m[l4][0m load-8192-q5-dpumesh-preload-r2 offered=49651 achieved=49650.000 p99=389.00 host_cgroup=1.655547 host_busy=1.615862 dpu=3.620301 status=ok clean=1 reason=clean
[0;34m[l4][0m load-8192-q4-dpumesh-preload-r2 offered=46893 achieved=46885.000 p99=430.00 host_cgroup=1.556508 host_busy=1.555106 dpu=3.631579 status=ok clean=1 reason=clean
[0;34m[l4][0m load-8192-q4-dpumesh-native-r2 offered=49651 achieved=49651.000 p99=510.00 host_cgroup=0.602068 host_busy=0.493766 dpu=3.559624 status=ok clean=1 reason=clean
[0;34m[l4][0m load-8192-q4-plain-r2 offered=49651 achieved=49651.000 p99=155.00 host_cgroup=1.388992 host_busy=1.326051 dpu=NA status=ok clean=1 reason=clean
[0;34m[l4][0m load-8192-q4-envoy-permissive-r2 offered=49651 achieved=49651.000 p99=395.00 host_cgroup=1.916760 host_busy=1.911844 dpu=NA status=ok clean=1 reason=clean
[0;34m[l4][0m load-8192-q4-envoy-strict-r2 offered=49651 achieved=49650.000 p99=465.00 host_cgroup=1.945249 host_busy=1.941203 dpu=NA status=ok clean=1 reason=clean
[0;34m[l4][0m load-8192-q3-envoy-strict-r2 offered=41376 achieved=41375.000 p99=500.00 host_cgroup=1.933153 host_busy=1.930671 dpu=NA status=ok clean=1 reason=clean
[0;34m[l4][0m load-8192-q3-dpumesh-preload-r2 offered=41376 achieved=41376.000 p99=320.00 host_cgroup=1.398856 host_busy=1.381866 dpu=0.681890 status=ok clean=1 reason=clean
[0;34m[l4][0m load-8192-q3-dpumesh-native-r2 offered=41376 achieved=41376.000 p99=498.00 host_cgroup=0.571404 host_busy=0.432721 dpu=3.261315 status=ok clean=1 reason=clean
[0;34m[l4][0m load-8192-q3-plain-r2 offered=41376 achieved=41369.000 p99=139.00 host_cgroup=1.214842 host_busy=1.128649 dpu=NA status=ok clean=1 reason=clean
[0;34m[l4][0m load-8192-q3-envoy-permissive-r2 offered=41376 achieved=41376.000 p99=403.00 host_cgroup=1.917968 host_busy=1.919707 dpu=NA status=ok clean=1 reason=clean
[0;34m[l4][0m load-8192-q2-envoy-permissive-r2 offered=27584 achieved=27584.000 p99=306.00 host_cgroup=1.769435 host_busy=1.774343 dpu=NA status=ok clean=1 reason=clean
[0;34m[l4][0m load-8192-q2-envoy-strict-r2 offered=27584 achieved=27584.000 p99=469.00 host_cgroup=1.761998 host_busy=1.764169 dpu=NA status=ok clean=1 reason=clean
[0;34m[l4][0m load-8192-q2-dpumesh-preload-r2 offered=27584 achieved=27584.000 p99=599.00 host_cgroup=1.007178 host_busy=0.974171 dpu=2.797447 status=ok clean=1 reason=clean
[0;34m[l4][0m load-8192-q2-dpumesh-native-r2 offered=27584 achieved=27584.000 p99=1867.00 host_cgroup=0.455597 host_busy=0.249812 dpu=2.355932 status=ok clean=1 reason=clean
[0;34m[l4][0m load-8192-q2-plain-r2 offered=27584 achieved=27584.000 p99=240.00 host_cgroup=0.858224 host_busy=0.681772 dpu=NA status=ok clean=1 reason=clean
[0;34m[l4][0m load-8192-q1-plain-r2 offered=13792 achieved=13792.000 p99=308.00 host_cgroup=0.481177 host_busy=0.292190 dpu=NA status=ok clean=1 reason=clean
[0;34m[l4][0m load-8192-q1-envoy-permissive-r2 offered=13792 achieved=13792.000 p99=498.00 host_cgroup=0.918835 host_busy=0.912845 dpu=NA status=ok clean=1 reason=clean
[0;34m[l4][0m load-8192-q1-envoy-strict-r2 offered=13792 achieved=13792.000 p99=501.00 host_cgroup=0.997176 host_busy=0.972786 dpu=NA status=ok clean=1 reason=clean
[0;34m[l4][0m load-8192-q1-dpumesh-preload-r2 offered=13792 achieved=13792.000 p99=2175.00 host_cgroup=0.527553 host_busy=0.426830 dpu=1.469787 status=ok clean=1 reason=clean
[0;34m[l4][0m load-8192-q1-dpumesh-native-r2 offered=13792 achieved=13792.000 p99=1996.00 host_cgroup=0.348237 host_busy=0.405207 dpu=1.628883 status=ok clean=1 reason=clean
[0;34m[l4][0m load-8192-q1-envoy-permissive-r3 offered=13792 achieved=13792.000 p99=482.00 host_cgroup=0.920271 host_busy=0.882429 dpu=NA status=ok clean=1 reason=clean
[0;34m[l4][0m load-8192-q1-envoy-strict-r3 offered=13792 achieved=13792.000 p99=488.00 host_cgroup=0.945741 host_busy=0.941251 dpu=NA status=ok clean=1 reason=clean
[0;34m[l4][0m load-8192-q1-dpumesh-preload-r3 offered=13792 achieved=13792.000 p99=60895.00 host_cgroup=0.563266 host_busy=0.480971 dpu=1.631579 status=ok clean=0 reason=p99
[0;34m[l4][0m recovery PASS: dpumesh-preload/8192 at 5000 rps
[0;34m[l4][0m load-8192-q1-dpumesh-native-r3 offered=13792 achieved=13791.000 p99=1721.00 host_cgroup=0.323620 host_busy=0.308864 dpu=1.369584 status=ok clean=1 reason=clean
[0;34m[l4][0m load-8192-q1-plain-r3 offered=13792 achieved=13792.000 p99=305.00 host_cgroup=0.469492 host_busy=0.282292 dpu=NA status=ok clean=1 reason=clean
[0;34m[l4][0m load-8192-q2-envoy-strict-r3 offered=27584 achieved=27583.000 p99=486.00 host_cgroup=1.816960 host_busy=1.819398 dpu=NA status=ok clean=1 reason=clean
[0;34m[l4][0m load-8192-q2-dpumesh-preload-r3 offered=27584 achieved=27584.000 p99=902.00 host_cgroup=1.011528 host_busy=0.997233 dpu=2.785411 status=ok clean=1 reason=clean
[0;34m[l4][0m load-8192-q2-dpumesh-native-r3 offered=27584 achieved=27584.000 p99=585.00 host_cgroup=0.466295 host_busy=0.450435 dpu=2.747871 status=ok clean=1 reason=clean
[0;34m[l4][0m load-8192-q2-plain-r3 offered=27584 achieved=27584.000 p99=297.00 host_cgroup=0.851599 host_busy=0.673873 dpu=NA status=ok clean=1 reason=clean
[0;34m[l4][0m load-8192-q2-envoy-permissive-r3 offered=27584 achieved=27583.000 p99=336.00 host_cgroup=1.800139 host_busy=1.792019 dpu=NA status=ok clean=1 reason=clean
[0;34m[l4][0m load-8192-q3-dpumesh-preload-r3 offered=41376 achieved=41309.000 p99=7145.00 host_cgroup=1.382959 host_busy=1.348258 dpu=2.886712 status=ok clean=0 reason=generator_drop
[0;34m[l4][0m recovery PASS: dpumesh-preload/8192 at 5000 rps
[0;34m[l4][0m load-8192-q3-dpumesh-native-r3 offered=41376 achieved=41376.000 p99=740.00 host_cgroup=0.554000 host_busy=0.412122 dpu=2.975277 status=ok clean=1 reason=clean
[0;34m[l4][0m load-8192-q3-plain-r3 offered=41376 achieved=41375.000 p99=125.00 host_cgroup=1.243998 host_busy=1.139332 dpu=NA status=ok clean=1 reason=clean
[0;34m[l4][0m load-8192-q3-envoy-permissive-r3 offered=41376 achieved=41375.000 p99=429.00 host_cgroup=1.879137 host_busy=1.878384 dpu=NA status=ok clean=1 reason=clean
[0;34m[l4][0m load-8192-q3-envoy-strict-r3 offered=41376 achieved=41375.000 p99=470.00 host_cgroup=1.924449 host_busy=1.919443 dpu=NA status=ok clean=1 reason=clean
[0;34m[l4][0m load-8192-q4-dpumesh-native-r3 offered=49651 achieved=49647.000 p99=690.00 host_cgroup=0.576992 host_busy=0.446211 dpu=3.329372 status=ok clean=1 reason=clean
[0;34m[l4][0m load-8192-q4-plain-r3 offered=49651 achieved=49641.000 p99=153.00 host_cgroup=1.408258 host_busy=1.315649 dpu=NA status=ok clean=1 reason=clean
[0;34m[l4][0m load-8192-q4-envoy-permissive-r3 offered=49651 achieved=49650.000 p99=423.00 host_cgroup=1.847702 host_busy=1.848596 dpu=NA status=ok clean=1 reason=clean
[0;34m[l4][0m load-8192-q4-envoy-strict-r3 offered=49651 achieved=49650.000 p99=446.00 host_cgroup=1.964883 host_busy=1.965593 dpu=NA status=ok clean=1 reason=clean
[0;34m[l4][0m load-8192-q4-dpumesh-preload-r3 offered=46893 achieved=46893.000 p99=1899.00 host_cgroup=1.595706 host_busy=1.572733 dpu=3.188936 status=ok clean=1 reason=clean
[0;34m[l4][0m load-8192-q5-plain-r3 offered=336064 achieved=336054.000 p99=327.00 host_cgroup=1.867774 host_busy=1.867313 dpu=NA status=ok clean=1 reason=clean
[0;34m[l4][0m load-8192-q5-envoy-permissive-r3 offered=210269 achieved=210319.000 p99=810.00 host_cgroup=1.937452 host_busy=1.936211 dpu=NA status=ok clean=1 reason=clean
[0;34m[l4][0m load-8192-q5-envoy-strict-r3 offered=103094 achieved=103101.000 p99=1536.00 host_cgroup=1.897800 host_busy=1.890670 dpu=NA status=ok clean=1 reason=clean
[0;34m[l4][0m load-8192-q5-dpumesh-preload-r3 offered=49651 achieved=49651.000 p99=617.00 host_cgroup=1.672754 host_busy=1.635882 dpu=3.414201 status=ok clean=1 reason=clean
[0;34m[l4][0m load-8192-q5-dpumesh-native-r3 offered=518799 achieved=516527.000 p99=4136.00 host_cgroup=0.663344 host_busy=0.617783 dpu=3.466724 status=ok clean=0 reason=generator_drop
[1;33m[l4][0m recovery failed for dpumesh-native/8192; forcing a canonical full redeploy
[0;34m[l4][0m deploying canonical L4 stack: N/K/A=32/8/8, local NUMA, L7 disabled
[0;32m[INFO][0m Host NUMA: PCI 94:00.0 -> node 1, benchmark cores 18-35
secret/envoy-mtls configured
[0;32m[INFO][0m Envoy benchmark mTLS Secret ready
[0;34m[STEP][0m === Applying K8s manifest (replicas=0) ===
deployment.apps/bench-dpumesh configured
service/bench-dpumesh unchanged
deployment.apps/bench-dpumesh-2 unchanged
deployment.apps/bench-dpumesh-3 unchanged
deployment.apps/echo-dpumesh configured
deployment.apps/echo-dpumesh-13 unchanged
deployment.apps/echo-dpumesh-14 unchanged
deployment.apps/loopback-dpumesh unchanged
service/loopback-dpumesh unchanged
deployment.apps/verbs-dpumesh unchanged
service/verbs-dpumesh unchanged
deployment.apps/stream-dpumesh unchanged
service/stream-dpumesh unchanged
deployment.apps/preload-dpumesh unchanged
service/preload-dpumesh unchanged
deployment.apps/preload-echo configured
deployment.apps/preload-bench configured
service/preload-bench unchanged
service/preload-sock unchanged
deployment.apps/bench-tcp configured
service/bench-tcp unchanged
deployment.apps/echo-tcp configured
service/echo-tcp unchanged
deployment.apps/bench-tcp-strict configured
service/bench-tcp-strict unchanged
deployment.apps/echo-tcp-strict configured
service/echo-tcp-strict unchanged
deployment.apps/echo-plain configured
service/echo-plain unchanged
deployment.apps/bench-direct configured
service/bench-direct unchanged
configmap/sidecar1-config unchanged
configmap/sidecar2-config unchanged
configmap/strict-client-config unchanged
configmap/strict-server-config unchanged
[0;32m[INFO][0m K8s resources applied
[0;34m[STEP][0m === Syncing sources to DPU (jukebox@192.168.100.2:~/DPUmesh) ===
sending incremental file list
buffer.c
buffer.h
build_dpacc.sh
comch_client.c
comch_client.h
comch_common.c
comch_common.h
comch_msgq.c
comch_msgq.h
comch_server.c
comch_server.h
common.c
common.h
config.c
config.h
dpa.c
dpa.h
dpa_common.h
dpa_resource_config.yaml
dpu_l7.c
dpu_l7.h
dpu_main.c
dpu_proxy.c
dpu_proxy.h
dpu_worker.c
dpu_worker.h
meson.build
object.c
object.h
ring.c
ring.h
device/dpa_kernel.c
rsync: [receiver] mkstemp "/home/jukebox/DPUmesh/doca/.buffer.c.WyI5jk" failed: Read-only file system (30)
rsync: [receiver] mkstemp "/home/jukebox/DPUmesh/doca/.buffer.h.cwFSdl" failed: Read-only file system (30)
rsync: [receiver] mkstemp "/home/jukebox/DPUmesh/doca/.build_dpacc.sh.oX1oL9" failed: Read-only file system (30)
rsync: [receiver] mkstemp "/home/jukebox/DPUmesh/doca/.comch_client.c.NPd8lx" failed: Read-only file system (30)
rsync: [receiver] mkstemp "/home/jukebox/DPUmesh/doca/.comch_client.h.Q3u4bE" failed: Read-only file system (30)
rsync: [receiver] mkstemp "/home/jukebox/DPUmesh/doca/.comch_common.c.BgbauS" failed: Read-only file system (30)
rsync: [receiver] mkstemp "/home/jukebox/DPUmesh/doca/.comch_common.h.nkarMf" failed: Read-only file system (30)
rsync: [receiver] mkstemp "/home/jukebox/DPUmesh/doca/.comch_msgq.c.eHIqxI" failed: Read-only file system (30)
rsync: [receiver] mkstemp "/home/jukebox/DPUmesh/doca/.comch_msgq.h.3XBUVu" failed: Read-only file system (30)
rsync: [receiver] mkstemp "/home/jukebox/DPUmesh/doca/.comch_server.c.lRku8R" failed: Read-only file system (30)
rsync: [receiver] mkstemp "/home/jukebox/DPUmesh/doca/.comch_server.h.7sKgHg" failed: Read-only file system (30)
rsync: [receiver] mkstemp "/home/jukebox/DPUmesh/doca/.common.c.yaWGEI" failed: Read-only file system (30)
rsync: [receiver] mkstemp "/home/jukebox/DPUmesh/doca/.common.h.aP7W40" failed: Read-only file system (30)
rsync: [receiver] mkstemp "/home/jukebox/DPUmesh/doca/.config.c.F9mX4r" failed: Read-only file system (30)
rsync: [receiver] mkstemp "/home/jukebox/DPUmesh/doca/.config.h.QqSXaT" failed: Read-only file system (30)
rsync: [receiver] mkstemp "/home/jukebox/DPUmesh/doca/.dpa.c.jJcEYG" failed: Read-only file system (30)
rsync: [receiver] mkstemp "/home/jukebox/DPUmesh/doca/.dpa.h.7FUnf2" failed: Read-only file system (30)
rsync: [receiver] mkstemp "/home/jukebox/DPUmesh/doca/.dpa_common.h.RP89TR" failed: Read-only file system (30)
rsync: [receiver] mkstemp "/home/jukebox/DPUmesh/doca/.dpa_resource_config.yaml.euZVNI" failed: Read-only file system (30)
rsync: [receiver] mkstemp "/home/jukebox/DPUmesh/doca/.dpu_l7.c.U63R7B" failed: Read-only file system (30)
rsync: [receiver] mkstemp "/home/jukebox/DPUmesh/doca/.dpu_l7.h.XqT7ys" failed: Read-only file system (30)
rsync: [receiver] mkstemp "/home/jukebox/DPUmesh/doca/.dpu_main.c.zY7Jxz" failed: Read-only file system (30)
rsync: [receiver] mkstemp "/home/jukebox/DPUmesh/doca/.dpu_proxy.c.pE3Gs1" failed: Read-only file system (30)
rsync: [receiver] mkstemp "/home/jukebox/DPUmesh/doca/.dpu_proxy.h.clHXpw" failed: Read-only file system (30)
rsync: [receiver] mkstemp "/home/jukebox/DPUmesh/doca/.dpu_worker.c.c86g2h" failed: Read-only file system (30)
rsync: [receiver] mkstemp "/home/jukebox/DPUmesh/doca/.dpu_worker.h.vmqzDj" failed: Read-only file system (30)
rsync: [receiver] mkstemp "/home/jukebox/DPUmesh/doca/.meson.build.7yNHNh" failed: Read-only file system (30)
rsync: [receiver] mkstemp "/home/jukebox/DPUmesh/doca/.object.c.PXFS1w" failed: Read-only file system (30)
rsync: [receiver] mkstemp "/home/jukebox/DPUmesh/doca/.object.h.hfuJDy" failed: Read-only file system (30)
rsync: [receiver] mkstemp "/home/jukebox/DPUmesh/doca/.ring.c.bXNAnq" failed: Read-only file system (30)
rsync: [receiver] mkstemp "/home/jukebox/DPUmesh/doca/.ring.h.7qtQeD" failed: Read-only file system (30)
rsync: [receiver] mkstemp "/home/jukebox/DPUmesh/doca/device/.dpa_kernel.c.qVdr7L" failed: Read-only file system (30)

sent 2,196 bytes  received 3,929 bytes  2,450.00 bytes/sec
total size is 373,325  speedup is 60.95
rsync error: some files/attrs were not transferred (see previous errors) (code 23) at main.c(1356) [sender=3.2.7]
