run_id,stage,sequence,config,payload_bytes,offered_rps,duration_s,achieved_rps,p50_us,p99_us,scheduled,generator_drops,pending,fail,overflow,reorder,achieved_ratio,schedule_ratio,generator_drop_ratio,clean,reason,raw_result
scout-64-dpumesh-native-pilot1-v1,pilot,1,dpumesh-native,64,5000,2,4998.000,278.00,518.00,10000,0,0,0,0,0,0.999600,1.000000,0.000000,1,clean,/home/jukebox/DPUmesh/bench/report/data/l4-20260728-113431/raw/scout-64-dpumesh-native-pilot1-v1.result.attempt1.txt
scout-64-dpumesh-native-pilot2-v1,pilot,2,dpumesh-native,64,6750,2,6749.000,292.00,555.00,13500,0,0,0,0,0,0.999852,1.000000,0.000000,1,clean,/home/jukebox/DPUmesh/bench/report/data/l4-20260728-113431/raw/scout-64-dpumesh-native-pilot2-v1.result.attempt1.txt
scout-64-dpumesh-native-pilot3-v1,pilot,3,dpumesh-native,64,9113,2,9112.000,225.00,544.00,18228,0,4,0,0,0,0.999890,1.000110,0.000000,1,clean,/home/jukebox/DPUmesh/bench/report/data/l4-20260728-113431/raw/scout-64-dpumesh-native-pilot3-v1.result.attempt1.txt
scout-64-dpumesh-native-pilot4-v1,pilot,4,dpumesh-native,64,12303,2,12301.000,218.00,540.00,24608,0,4,0,0,0,0.999837,1.000081,0.000000,1,clean,/home/jukebox/DPUmesh/bench/report/data/l4-20260728-113431/raw/scout-64-dpumesh-native-pilot4-v1.result.attempt1.txt
scout-64-dpumesh-native-pilot5-v1,pilot,5,dpumesh-native,64,16609,2,16607.000,213.00,463.00,33220,0,4,0,0,0,0.999880,1.000060,0.000000,1,clean,/home/jukebox/DPUmesh/bench/report/data/l4-20260728-113431/raw/scout-64-dpumesh-native-pilot5-v1.result.attempt1.txt
scout-64-dpumesh-native-pilot6-v1,pilot,6,dpumesh-native,64,22422,2,22420.000,206.00,525.00,44844,0,4,0,0,0,0.999911,1.000000,0.000000,1,clean,/home/jukebox/DPUmesh/bench/report/data/l4-20260728-113431/raw/scout-64-dpumesh-native-pilot6-v1.result.attempt1.txt
scout-64-dpumesh-native-pilot7-v1,pilot,7,dpumesh-native,64,30270,2,30268.000,203.00,432.00,60540,0,5,0,0,0,0.999934,1.000000,0.000000,1,clean,/home/jukebox/DPUmesh/bench/report/data/l4-20260728-113431/raw/scout-64-dpumesh-native-pilot7-v1.result.attempt1.txt
scout-64-dpumesh-native-pilot8-v1,pilot,8,dpumesh-native,64,40865,2,40862.000,200.00,387.00,81731,0,7,0,0,0,0.999927,1.000012,0.000000,1,clean,/home/jukebox/DPUmesh/bench/report/data/l4-20260728-113431/raw/scout-64-dpumesh-native-pilot8-v1.result.attempt1.txt
scout-64-dpumesh-native-pilot9-v1,pilot,9,dpumesh-native,64,55168,2,55165.000,212.00,536.00,110336,0,10,0,0,0,0.999946,1.000000,0.000000,1,clean,/home/jukebox/DPUmesh/bench/report/data/l4-20260728-113431/raw/scout-64-dpumesh-native-pilot9-v1.result.attempt1.txt
scout-64-dpumesh-native-pilot10-v1,pilot,10,dpumesh-native,64,74477,2,74473.000,204.00,406.00,148955,0,14,0,0,0,0.999946,1.000007,0.000000,1,clean,/home/jukebox/DPUmesh/bench/report/data/l4-20260728-113431/raw/scout-64-dpumesh-native-pilot10-v1.result.attempt1.txt
scout-64-dpumesh-native-pilot11-v1,pilot,11,dpumesh-native,64,100544,2,100542.000,218.00,564.00,201088,0,14,0,0,0,0.999980,1.000000,0.000000,1,clean,/home/jukebox/DPUmesh/bench/report/data/l4-20260728-113431/raw/scout-64-dpumesh-native-pilot11-v1.result.attempt1.txt
scout-64-dpumesh-native-pilot12-v1,pilot,12,dpumesh-native,64,135734,2,135726.000,213.00,524.00,271464,0,24,0,0,0,0.999941,0.999985,0.000000,1,clean,/home/jukebox/DPUmesh/bench/report/data/l4-20260728-113431/raw/scout-64-dpumesh-native-pilot12-v1.result.attempt1.txt
scout-64-dpumesh-native-pilot13-v1,pilot,13,dpumesh-native,64,183241,2,183256.000,211.00,509.00,366478,0,33,0,0,0,1.000082,0.999989,0.000000,1,clean,/home/jukebox/DPUmesh/bench/report/data/l4-20260728-113431/raw/scout-64-dpumesh-native-pilot13-v1.result.attempt1.txt
scout-64-dpumesh-native-pilot14-v1,pilot,14,dpumesh-native,64,247375,2,247378.000,216.00,584.00,494744,0,44,0,0,0,1.000012,0.999988,0.000000,1,clean,/home/jukebox/DPUmesh/bench/report/data/l4-20260728-113431/raw/scout-64-dpumesh-native-pilot14-v1.result.attempt1.txt
scout-64-dpumesh-native-pilot15-v1,pilot,15,dpumesh-native,64,333956,2,333892.000,221.00,606.00,667907,0,160,0,0,0,0.999808,0.999993,0.000000,1,clean,/home/jukebox/DPUmesh/bench/report/data/l4-20260728-113431/raw/scout-64-dpumesh-native-pilot15-v1.result.attempt1.txt
scout-64-dpumesh-native-pilot16-v1,pilot,16,dpumesh-native,64,450841,2,450885.000,208.00,462.00,901675,0,79,0,0,0,1.000098,0.999992,0.000000,1,clean,/home/jukebox/DPUmesh/bench/report/data/l4-20260728-113431/raw/scout-64-dpumesh-native-pilot16-v1.result.attempt1.txt
scout-64-dpumesh-native-pilot17-v1,pilot,17,dpumesh-native,64,608635,2,608634.000,204.00,508.00,1217249,0,78,0,0,0,0.999998,0.999983,0.000000,1,clean,/home/jukebox/DPUmesh/bench/report/data/l4-20260728-113431/raw/scout-64-dpumesh-native-pilot17-v1.result.attempt1.txt
scout-64-dpumesh-native-pilot18-v1,pilot,18,dpumesh-native,64,821657,2,821673.000,210.00,514.00,1643302,0,150,0,0,0,1.000019,0.999993,0.000000,1,clean,/home/jukebox/DPUmesh/bench/report/data/l4-20260728-113431/raw/scout-64-dpumesh-native-pilot18-v1.result.attempt1.txt
scout-64-dpumesh-native-pilot19-v1,pilot,19,dpumesh-native,64,1109237,2,1109261.000,206.00,441.00,2218462,0,204,0,0,0,1.000022,0.999995,0.000000,1,clean,/home/jukebox/DPUmesh/bench/report/data/l4-20260728-113431/raw/scout-64-dpumesh-native-pilot19-v1.result.attempt1.txt
scout-64-dpumesh-native-pilot20-v1,pilot,20,dpumesh-native,64,1497470,2,1497579.000,210.00,488.00,2994882,0,279,0,0,0,1.000073,0.999981,0.000000,1,clean,/home/jukebox/DPUmesh/bench/report/data/l4-20260728-113431/raw/scout-64-dpumesh-native-pilot20-v1.result.attempt1.txt
scout-64-dpumesh-native-pilot21-v1,pilot,21,dpumesh-native,64,2021585,2,2021668.000,211.00,352.00,4043086,0,364,0,0,0,1.000041,0.999979,0.000000,1,clean,/home/jukebox/DPUmesh/bench/report/data/l4-20260728-113431/raw/scout-64-dpumesh-native-pilot21-v1.result.attempt1.txt
scout-64-dpumesh-native-pilot22-v1,pilot,22,dpumesh-native,64,2729140,2,2729373.000,187.00,436.00,5458200,0,417,0,0,0,1.000085,0.999985,0.000000,1,clean,/home/jukebox/DPUmesh/bench/report/data/l4-20260728-113431/raw/scout-64-dpumesh-native-pilot22-v1.result.attempt1.txt
scout-64-dpumesh-native-pilot23-v1,pilot,23,dpumesh-native,64,3000000,2,3000194.000,191.00,326.00,5999905,0,485,0,0,0,1.000065,0.999984,0.000000,1,clean,/home/jukebox/DPUmesh/bench/report/data/l4-20260728-113431/raw/scout-64-dpumesh-native-pilot23-v1.result.attempt1.txt
scout-64-dpumesh-native-validate23-v1,validate,23,dpumesh-native,64,3000000,10,3000084.000,188.00,356.00,29999927,0,472,0,0,0,1.000028,0.999998,0.000000,1,clean,/home/jukebox/DPUmesh/bench/report/data/l4-20260728-113431/raw/scout-64-dpumesh-native-validate23-v1.result.attempt1.txt
scout-64-dpumesh-native-validate23-v2,validate,23,dpumesh-native,64,3000000,10,3000132.000,194.00,329.00,29999903,0,477,0,0,0,1.000044,0.999997,0.000000,1,clean,/home/jukebox/DPUmesh/bench/report/data/l4-20260728-113431/raw/scout-64-dpumesh-native-validate23-v2.result.attempt1.txt
scout-64-plain-pilot1-v1,pilot,1,plain,64,5000,2,4998.000,174.00,278.00,10000,0,0,0,0,0,0.999600,1.000000,0.000000,1,clean,/home/jukebox/DPUmesh/bench/report/data/l4-20260728-113431/raw/scout-64-plain-pilot1-v1.result.attempt1.txt
scout-64-plain-pilot2-v1,pilot,2,plain,64,6750,2,6748.000,179.00,274.00,13500,0,0,0,0,0,0.999704,1.000000,0.000000,1,clean,/home/jukebox/DPUmesh/bench/report/data/l4-20260728-113431/raw/scout-64-plain-pilot2-v1.result.attempt1.txt
scout-64-plain-pilot3-v1,pilot,3,plain,64,9113,2,9110.000,170.00,276.00,18228,0,3,0,0,0,0.999671,1.000110,0.000000,1,clean,/home/jukebox/DPUmesh/bench/report/data/l4-20260728-113431/raw/scout-64-plain-pilot3-v1.result.attempt1.txt
scout-64-plain-pilot4-v1,pilot,4,plain,64,12303,2,12301.000,92.00,285.00,24608,0,0,0,0,0,0.999837,1.000081,0.000000,1,clean,/home/jukebox/DPUmesh/bench/report/data/l4-20260728-113431/raw/scout-64-plain-pilot4-v1.result.attempt1.txt
scout-64-plain-pilot5-v1,pilot,5,plain,64,16609,2,16608.000,79.00,320.00,33220,0,0,0,0,0,0.999940,1.000060,0.000000,1,clean,/home/jukebox/DPUmesh/bench/report/data/l4-20260728-113431/raw/scout-64-plain-pilot5-v1.result.attempt1.txt
scout-64-plain-pilot6-v1,pilot,6,plain,64,22422,2,22420.000,79.00,312.00,44844,0,0,0,0,0,0.999911,1.000000,0.000000,1,clean,/home/jukebox/DPUmesh/bench/report/data/l4-20260728-113431/raw/scout-64-plain-pilot6-v1.result.attempt1.txt
scout-64-plain-pilot7-v1,pilot,7,plain,64,30270,2,30267.000,87.00,303.00,60540,0,3,0,0,0,0.999901,1.000000,0.000000,1,clean,/home/jukebox/DPUmesh/bench/report/data/l4-20260728-113431/raw/scout-64-plain-pilot7-v1.result.attempt1.txt
scout-64-plain-pilot8-v1,pilot,8,plain,64,40865,2,40863.000,68.00,95.00,81728,0,0,0,0,0,0.999951,0.999976,0.000000,1,clean,/home/jukebox/DPUmesh/bench/report/data/l4-20260728-113431/raw/scout-64-plain-pilot8-v1.result.attempt1.txt
scout-64-plain-pilot9-v1,pilot,9,plain,64,55168,2,55165.000,67.00,196.00,110336,0,0,0,0,0,0.999946,1.000000,0.000000,1,clean,/home/jukebox/DPUmesh/bench/report/data/l4-20260728-113431/raw/scout-64-plain-pilot9-v1.result.attempt1.txt
scout-64-plain-pilot10-v1,pilot,10,plain,64,74477,2,74472.000,57.00,118.00,148952,0,3,0,0,0,0.999933,0.999987,0.000000,1,clean,/home/jukebox/DPUmesh/bench/report/data/l4-20260728-113431/raw/scout-64-plain-pilot10-v1.result.attempt1.txt
scout-64-plain-pilot11-v1,pilot,11,plain,64,100544,2,100539.000,49.00,132.00,201085,0,1,0,0,0,0.999950,0.999985,0.000000,1,clean,/home/jukebox/DPUmesh/bench/report/data/l4-20260728-113431/raw/scout-64-plain-pilot11-v1.result.attempt1.txt
scout-64-plain-pilot12-v1,pilot,12,plain,64,135734,2,135735.000,56.00,131.00,271466,0,3,0,0,0,1.000007,0.999993,0.000000,1,clean,/home/jukebox/DPUmesh/bench/report/data/l4-20260728-113431/raw/scout-64-plain-pilot12-v1.result.attempt1.txt
scout-64-plain-pilot13-v1,pilot,13,plain,64,183241,2,183233.000,78.00,143.00,366477,658,14,0,0,0,0.999956,0.999986,0.001795,0,generator_drop,/home/jukebox/DPUmesh/bench/report/data/l4-20260728-113431/raw/scout-64-plain-pilot13-v1.result.attempt1.txt
scout-64-plain-validate13-v1,validate,13,plain,64,183241,10,183246.000,72.00,120.00,1832405,520,10,0,0,0,1.000027,0.999997,0.000284,1,clean,/home/jukebox/DPUmesh/bench/report/data/l4-20260728-113431/raw/scout-64-plain-validate13-v1.result.attempt1.txt
scout-64-plain-validate13-v2,validate,13,plain,64,183241,10,183244.000,78.00,141.00,1832398,570,10,0,0,0,1.000016,0.999993,0.000311,1,clean,/home/jukebox/DPUmesh/bench/report/data/l4-20260728-113431/raw/scout-64-plain-validate13-v2.result.attempt1.txt
scout-64-plain-pilot14-v1,pilot,14,plain,64,247375,2,247448.000,85.00,159.00,494739,740,14,0,0,0,1.000295,0.999978,0.001496,0,generator_drop,/home/jukebox/DPUmesh/bench/report/data/l4-20260728-113431/raw/scout-64-plain-pilot14-v1.result.attempt1.txt
scout-64-plain-validate14-v1,validate,14,plain,64,247375,10,247372.000,79.00,141.00,2473738,1053,13,0,0,0,0.999988,0.999995,0.000426,1,clean,/home/jukebox/DPUmesh/bench/report/data/l4-20260728-113431/raw/scout-64-plain-validate14-v1.result.attempt1.txt
scout-64-plain-validate14-v2,validate,14,plain,64,247375,10,247372.000,82.00,144.00,2473742,980,16,0,0,0,0.999988,0.999997,0.000396,1,clean,/home/jukebox/DPUmesh/bench/report/data/l4-20260728-113431/raw/scout-64-plain-validate14-v2.result.attempt1.txt
scout-64-plain-pilot15-v1,pilot,15,plain,64,333956,2,333937.000,72.00,153.00,667890,1361,19,0,0,0,0.999943,0.999967,0.002038,0,generator_drop,/home/jukebox/DPUmesh/bench/report/data/l4-20260728-113431/raw/scout-64-plain-pilot15-v1.result.attempt1.txt
scout-64-plain-validate15-v1,validate,15,plain,64,333956,10,333954.000,72.00,156.00,3339552,1472,17,0,0,0,0.999994,0.999998,0.000441,1,clean,/home/jukebox/DPUmesh/bench/report/data/l4-20260728-113431/raw/scout-64-plain-validate15-v1.result.attempt1.txt
scout-64-plain-validate15-v2,validate,15,plain,64,333956,10,333954.000,75.00,153.00,3339546,1372,22,0,0,0,0.999994,0.999996,0.000411,1,clean,/home/jukebox/DPUmesh/bench/report/data/l4-20260728-113431/raw/scout-64-plain-validate15-v2.result.attempt1.txt
scout-64-plain-pilot16-v1,pilot,16,plain,64,450841,2,450857.000,99.00,322.00,901664,1893,12,0,0,0,1.000035,0.999980,0.002099,0,generator_drop,/home/jukebox/DPUmesh/bench/report/data/l4-20260728-113431/raw/scout-64-plain-pilot16-v1.result.attempt1.txt
scout-64-plain-validate16-v1,validate,16,plain,64,450841,10,450855.000,102.00,371.00,4508390,1726,7,0,0,0,1.000031,0.999996,0.000383,1,clean,/home/jukebox/DPUmesh/bench/report/data/l4-20260728-113431/raw/scout-64-plain-validate16-v1.result.attempt1.txt
scout-64-plain-validate16-v2,validate,16,plain,64,450841,10,450581.000,106.00,457.00,4508379,4633,14,0,0,0,0.999423,0.999993,0.001028,0,generator_drop,/home/jukebox/DPUmesh/bench/report/data/l4-20260728-113431/raw/scout-64-plain-validate16-v2.result.attempt1.txt
scout-64-plain-validate16-v3,validate,16,plain,64,450841,10,450689.000,162.00,730.00,4508396,1795,15,0,0,0,0.999663,0.999997,0.000398,1,clean,/home/jukebox/DPUmesh/bench/report/data/l4-20260728-113431/raw/scout-64-plain-validate16-v3.result.attempt1.txt
scout-64-plain-pilot17-v1,pilot,17,plain,64,608635,2,316646.000,73.00,15684.00,1217098,582910,21,0,0,0,0.520256,0.999859,0.478934,0,achieved+generator_drop+p99,/home/jukebox/DPUmesh/bench/report/data/l4-20260728-113431/raw/scout-64-plain-pilot17-v1.result.attempt1.txt
scout-64-plain-validate17-v1,validate,17,plain,64,608635,10,543706.000,168.00,2171.00,6086334,648993,10,0,0,0,0.893320,0.999997,0.106631,0,achieved+generator_drop,/home/jukebox/DPUmesh/bench/report/data/l4-20260728-113431/raw/scout-64-plain-validate17-v1.result.attempt1.txt
scout-64-plain-validate17-v2,validate,17,plain,64,608635,10,486211.000,151.00,7521.00,6086146,1225306,11,0,0,0,0.798855,0.999966,0.201327,0,achieved+generator_drop,/home/jukebox/DPUmesh/bench/report/data/l4-20260728-113431/raw/scout-64-plain-validate17-v2.result.attempt1.txt
scout-64-plain-refine1-v1,refine,1,plain,64,523830,10,498143.000,157.00,1619.00,5238244,257040,16,0,0,0,0.950963,0.999989,0.049070,0,achieved+generator_drop,/home/jukebox/DPUmesh/bench/report/data/l4-20260728-113431/raw/scout-64-plain-refine1-v1.result.attempt1.txt
scout-64-plain-refine1-v2,refine,1,plain,64,523830,10,444280.000,151.00,3332.00,5238283,795343,33,0,0,0,0.848138,0.999997,0.151833,0,achieved+generator_drop,/home/jukebox/DPUmesh/bench/report/data/l4-20260728-113431/raw/scout-64-plain-refine1-v2.result.attempt1.txt
scout-64-plain-refine2-v1,refine,2,plain,64,485967,10,271905.000,184.00,10384.00,4858371,2140057,8,0,0,0,0.559513,0.999733,0.440489,0,achieved+generator_drop+p99,/home/jukebox/DPUmesh/bench/report/data/l4-20260728-113431/raw/scout-64-plain-refine2-v1.result.attempt1.txt
scout-64-plain-refine2-v2,refine,2,plain,64,485967,10,485963.000,110.00,426.00,4859674,0,62,0,0,0,0.999992,1.000001,0.000000,1,clean,/home/jukebox/DPUmesh/bench/report/data/l4-20260728-113431/raw/scout-64-plain-refine2-v2.result.attempt1.txt
scout-64-plain-refine2-v3,refine,2,plain,64,485967,10,300481.000,243.00,8693.00,4859462,1854234,8,0,0,0,0.618316,0.999957,0.381572,0,achieved+generator_drop,/home/jukebox/DPUmesh/bench/report/data/l4-20260728-113431/raw/scout-64-plain-refine2-v3.result.attempt1.txt
scout-64-plain-refine3-v1,refine,3,plain,64,468075,10,427907.000,197.00,2311.00,4680711,401738,5,0,0,0,0.914185,0.999992,0.085828,0,achieved+generator_drop,/home/jukebox/DPUmesh/bench/report/data/l4-20260728-113431/raw/scout-64-plain-refine3-v1.result.attempt1.txt
scout-64-plain-refine3-v2,refine,3,plain,64,468075,10,468073.000,102.00,351.00,4680736,0,6,0,0,0,0.999996,0.999997,0.000000,1,clean,/home/jukebox/DPUmesh/bench/report/data/l4-20260728-113431/raw/scout-64-plain-refine3-v2.result.attempt1.txt
scout-64-plain-refine3-v3,refine,3,plain,64,468075,10,468073.000,103.00,389.00,4680731,348,4,0,0,0,0.999996,0.999996,0.000074,1,clean,/home/jukebox/DPUmesh/bench/report/data/l4-20260728-113431/raw/scout-64-plain-refine3-v3.result.attempt1.txt
scout-64-plain-refine4-v1,refine,4,plain,64,476937,10,476935.000,109.00,431.00,4769367,1970,14,0,0,0,0.999996,0.999999,0.000413,1,clean,/home/jukebox/DPUmesh/bench/report/data/l4-20260728-113431/raw/scout-64-plain-refine4-v1.result.attempt1.txt
scout-64-plain-refine4-v2,refine,4,plain,64,476937,10,476935.000,112.00,447.00,4769354,307,26,0,0,0,0.999996,0.999997,0.000064,1,clean,/home/jukebox/DPUmesh/bench/report/data/l4-20260728-113431/raw/scout-64-plain-refine4-v2.result.attempt1.txt
scout-64-envoy-permissive-pilot1-v1,pilot,1,envoy-permissive,64,5000,2,4999.000,346.00,430.00,10000,0,0,0,0,0,0.999800,1.000000,0.000000,1,clean,/home/jukebox/DPUmesh/bench/report/data/l4-20260728-113431/raw/scout-64-envoy-permissive-pilot1-v1.result.attempt1.txt
scout-64-envoy-permissive-pilot2-v1,pilot,2,envoy-permissive,64,6750,2,6748.000,226.00,432.00,13500,0,0,0,0,0,0.999704,1.000000,0.000000,1,clean,/home/jukebox/DPUmesh/bench/report/data/l4-20260728-113431/raw/scout-64-envoy-permissive-pilot2-v1.result.attempt1.txt
scout-64-envoy-permissive-pilot3-v1,pilot,3,envoy-permissive,64,9113,2,9111.000,179.00,452.00,18228,0,0,0,0,0,0.999781,1.000110,0.000000,1,clean,/home/jukebox/DPUmesh/bench/report/data/l4-20260728-113431/raw/scout-64-envoy-permissive-pilot3-v1.result.attempt1.txt
scout-64-envoy-permissive-pilot4-v1,pilot,4,envoy-permissive,64,12303,2,12300.000,187.00,516.00,24608,0,4,0,0,0,0.999756,1.000081,0.000000,1,clean,/home/jukebox/DPUmesh/bench/report/data/l4-20260728-113431/raw/scout-64-envoy-permissive-pilot4-v1.result.attempt1.txt
scout-64-envoy-permissive-pilot5-v1,pilot,5,envoy-permissive,64,16609,2,16607.000,182.00,465.00,33220,0,4,0,0,0,0.999880,1.000060,0.000000,1,clean,/home/jukebox/DPUmesh/bench/report/data/l4-20260728-113431/raw/scout-64-envoy-permissive-pilot5-v1.result.attempt1.txt
scout-64-envoy-permissive-pilot6-v1,pilot,6,envoy-permissive,64,22422,2,22420.000,160.00,524.00,44844,0,2,0,0,0,0.999911,1.000000,0.000000,1,clean,/home/jukebox/DPUmesh/bench/report/data/l4-20260728-113431/raw/scout-64-envoy-permissive-pilot6-v1.result.attempt1.txt
scout-64-envoy-permissive-pilot7-v1,pilot,7,envoy-permissive,64,30270,2,30265.000,159.00,295.00,60540,0,6,0,0,0,0.999835,1.000000,0.000000,1,clean,/home/jukebox/DPUmesh/bench/report/data/l4-20260728-113431/raw/scout-64-envoy-permissive-pilot7-v1.result.attempt1.txt
scout-64-envoy-permissive-pilot8-v1,pilot,8,envoy-permissive,64,40865,2,40862.000,248.00,331.00,81728,0,7,0,0,0,0.999927,0.999976,0.000000,1,clean,/home/jukebox/DPUmesh/bench/report/data/l4-20260728-113431/raw/scout-64-envoy-permissive-pilot8-v1.result.attempt1.txt
scout-64-envoy-permissive-pilot9-v1,pilot,9,envoy-permissive,64,55168,2,55167.000,270.00,391.00,110335,0,12,0,0,0,0.999982,0.999991,0.000000,1,clean,/home/jukebox/DPUmesh/bench/report/data/l4-20260728-113431/raw/scout-64-envoy-permissive-pilot9-v1.result.attempt1.txt
scout-64-envoy-permissive-pilot10-v1,pilot,10,envoy-permissive,64,74477,2,74475.000,253.00,371.00,148954,0,13,0,0,0,0.999973,1.000000,0.000000,1,clean,/home/jukebox/DPUmesh/bench/report/data/l4-20260728-113431/raw/scout-64-envoy-permissive-pilot10-v1.result.attempt1.txt
scout-64-envoy-permissive-pilot11-v1,pilot,11,envoy-permissive,64,100544,2,100554.000,240.00,331.00,201081,0,13,0,0,0,1.000099,0.999965,0.000000,1,clean,/home/jukebox/DPUmesh/bench/report/data/l4-20260728-113431/raw/scout-64-envoy-permissive-pilot11-v1.result.attempt1.txt
scout-64-envoy-permissive-pilot12-v1,pilot,12,envoy-permissive,64,135734,2,135728.000,240.00,333.00,271466,0,27,0,0,0,0.999956,0.999993,0.000000,1,clean,/home/jukebox/DPUmesh/bench/report/data/l4-20260728-113431/raw/scout-64-envoy-permissive-pilot12-v1.result.attempt1.txt
scout-64-envoy-permissive-pilot13-v1,pilot,13,envoy-permissive,64,183241,2,183226.000,241.00,336.00,366471,0,38,0,0,0,0.999918,0.999970,0.000000,1,clean,/home/jukebox/DPUmesh/bench/report/data/l4-20260728-113431/raw/scout-64-envoy-permissive-pilot13-v1.result.attempt1.txt
scout-64-envoy-permissive-pilot14-v1,pilot,14,envoy-permissive,64,247375,2,247360.000,263.00,380.00,494746,0,56,0,0,0,0.999939,0.999992,0.000000,1,clean,/home/jukebox/DPUmesh/bench/report/data/l4-20260728-113431/raw/scout-64-envoy-permissive-pilot14-v1.result.attempt1.txt
scout-64-envoy-permissive-pilot15-v1,pilot,15,envoy-permissive,64,333956,2,333939.000,251.00,357.00,667887,0,78,0,0,0,0.999949,0.999963,0.000000,1,clean,/home/jukebox/DPUmesh/bench/report/data/l4-20260728-113431/raw/scout-64-envoy-permissive-pilot15-v1.result.attempt1.txt
scout-64-envoy-permissive-pilot16-v1,pilot,16,envoy-permissive,64,450841,2,450826.000,250.00,349.00,901671,0,87,0,0,0,0.999967,0.999988,0.000000,1,clean,/home/jukebox/DPUmesh/bench/report/data/l4-20260728-113431/raw/scout-64-envoy-permissive-pilot16-v1.result.attempt1.txt
scout-64-envoy-permissive-pilot17-v1,pilot,17,envoy-permissive,64,608635,2,608693.000,272.00,376.00,1217255,0,149,0,0,0,1.000095,0.999988,0.000000,1,clean,/home/jukebox/DPUmesh/bench/report/data/l4-20260728-113431/raw/scout-64-envoy-permissive-pilot17-v1.result.attempt1.txt
scout-64-envoy-permissive-pilot18-v1,pilot,18,envoy-permissive,64,821657,2,821610.000,296.00,447.00,1643219,0,210,0,0,0,0.999943,0.999942,0.000000,1,clean,/home/jukebox/DPUmesh/bench/report/data/l4-20260728-113431/raw/scout-64-envoy-permissive-pilot18-v1.result.attempt1.txt
scout-64-envoy-permissive-pilot19-v1,pilot,19,envoy-permissive,64,1109237,2,1109238.000,310.00,438.00,2218412,0,348,0,0,0,1.000001,0.999972,0.000000,1,clean,/home/jukebox/DPUmesh/bench/report/data/l4-20260728-113431/raw/scout-64-envoy-permissive-pilot19-v1.result.attempt1.txt
scout-64-envoy-permissive-pilot20-v1,pilot,20,envoy-permissive,64,1497470,2,1255584.000,2798.00,7124.00,2994746,482961,1633,0,0,0,0.838470,0.999935,0.161269,0,achieved+generator_drop,/home/jukebox/DPUmesh/bench/report/data/l4-20260728-113431/raw/scout-64-envoy-permissive-pilot20-v1.result.attempt1.txt
scout-64-envoy-permissive-validate20-v1,validate,20,envoy-permissive,64,1497470,10,1278370.000,2467.00,6993.00,14974517,2190105,1832,0,0,0,0.853687,0.999988,0.146255,0,achieved+generator_drop,/home/jukebox/DPUmesh/bench/report/data/l4-20260728-113431/raw/scout-64-envoy-permissive-validate20-v1.result.attempt1.txt
scout-64-envoy-permissive-validate20-v2,validate,20,envoy-permissive,64,1497470,10,1209908.000,3418.00,7489.00,14974432,2874422,2012,0,0,0,0.807968,0.999982,0.191955,0,achieved+generator_drop,/home/jukebox/DPUmesh/bench/report/data/l4-20260728-113431/raw/scout-64-envoy-permissive-validate20-v2.result.attempt1.txt
scout-64-envoy-permissive-backtrack19-v1,backtrack,19,envoy-permissive,64,1109237,10,1109195.000,314.00,444.00,11092261,283,343,0,0,0,0.999962,0.999990,0.000026,1,clean,/home/jukebox/DPUmesh/bench/report/data/l4-20260728-113431/raw/scout-64-envoy-permissive-backtrack19-v1.result.attempt1.txt
scout-64-envoy-permissive-backtrack19-v2,backtrack,19,envoy-permissive,64,1109237,10,1109221.000,309.00,429.00,11092312,239,234,0,0,0,0.999986,0.999995,0.000022,1,clean,/home/jukebox/DPUmesh/bench/report/data/l4-20260728-113431/raw/scout-64-envoy-permissive-backtrack19-v2.result.attempt1.txt
scout-64-envoy-permissive-refine1-v1,refine,1,envoy-permissive,64,1288817,10,1036762.000,4898.00,7959.00,12888055,2523422,2584,0,0,0,0.804429,0.999991,0.195795,0,achieved+generator_drop,/home/jukebox/DPUmesh/bench/report/data/l4-20260728-113431/raw/scout-64-envoy-permissive-refine1-v1.result.attempt1.txt
scout-64-envoy-permissive-refine1-v2,refine,1,envoy-permissive,64,1288817,10,1288793.000,348.00,572.00,12888001,488,315,0,0,0,0.999981,0.999987,0.000038,1,clean,/home/jukebox/DPUmesh/bench/report/data/l4-20260728-113431/raw/scout-64-envoy-permissive-refine1-v2.result.attempt1.txt
scout-64-envoy-permissive-refine1-v3,refine,1,envoy-permissive,64,1288817,10,1288778.000,352.00,586.00,12888064,547,428,0,0,0,0.999970,0.999992,0.000042,1,clean,/home/jukebox/DPUmesh/bench/report/data/l4-20260728-113431/raw/scout-64-envoy-permissive-refine1-v3.result.attempt1.txt
scout-64-envoy-permissive-refine2-v1,refine,2,envoy-permissive,64,1389232,10,1388794.000,461.00,1034.00,13892072,4198,406,0,0,0,0.999685,0.999982,0.000302,1,clean,/home/jukebox/DPUmesh/bench/report/data/l4-20260728-113431/raw/scout-64-envoy-permissive-refine2-v1.result.attempt1.txt
scout-64-envoy-permissive-refine2-v2,refine,2,envoy-permissive,64,1389232,10,1389005.000,408.00,765.00,13892086,2301,336,0,0,0,0.999837,0.999983,0.000166,1,clean,/home/jukebox/DPUmesh/bench/report/data/l4-20260728-113431/raw/scout-64-envoy-permissive-refine2-v2.result.attempt1.txt
scout-64-envoy-permissive-refine3-v1,refine,3,envoy-permissive,64,1442336,10,1436365.000,542.00,1500.00,14422970,59712,691,0,0,0,0.995860,0.999973,0.004140,0,generator_drop,/home/jukebox/DPUmesh/bench/report/data/l4-20260728-113431/raw/scout-64-envoy-permissive-refine3-v1.result.attempt1.txt
scout-64-envoy-permissive-refine3-v2,refine,3,envoy-permissive,64,1442336,10,1436990.000,564.00,1378.00,14423159,53562,843,0,0,0,0.996294,0.999986,0.003714,0,generator_drop,/home/jukebox/DPUmesh/bench/report/data/l4-20260728-113431/raw/scout-64-envoy-permissive-refine3-v2.result.attempt1.txt
scout-64-envoy-permissive-refine4-v1,refine,4,envoy-permissive,64,1415535,10,1414916.000,474.00,909.00,14155148,5853,661,0,0,0,0.999563,0.999986,0.000413,1,clean,/home/jukebox/DPUmesh/bench/report/data/l4-20260728-113431/raw/scout-64-envoy-permissive-refine4-v1.result.attempt1.txt
scout-64-envoy-permissive-refine4-v2,refine,4,envoy-permissive,64,1415535,10,1414229.000,509.00,1111.00,14155124,12935,704,0,0,0,0.999077,0.999984,0.000914,1,clean,/home/jukebox/DPUmesh/bench/report/data/l4-20260728-113431/raw/scout-64-envoy-permissive-refine4-v2.result.attempt1.txt
scout-64-envoy-strict-pilot1-v1,pilot,1,envoy-strict,64,5000,2,4998.000,178.00,426.00,10000,0,0,0,0,0,0.999600,1.000000,0.000000,1,clean,/home/jukebox/DPUmesh/bench/report/data/l4-20260728-113431/raw/scout-64-envoy-strict-pilot1-v1.result.attempt1.txt
scout-64-envoy-strict-pilot2-v1,pilot,2,envoy-strict,64,6750,2,6749.000,328.00,448.00,13500,0,0,0,0,0,0.999852,1.000000,0.000000,1,clean,/home/jukebox/DPUmesh/bench/report/data/l4-20260728-113431/raw/scout-64-envoy-strict-pilot2-v1.result.attempt1.txt
scout-64-envoy-strict-pilot3-v1,pilot,3,envoy-strict,64,9113,2,9110.000,192.00,469.00,18228,0,4,0,0,0,0.999671,1.000110,0.000000,1,clean,/home/jukebox/DPUmesh/bench/report/data/l4-20260728-113431/raw/scout-64-envoy-strict-pilot3-v1.result.attempt1.txt
scout-64-envoy-strict-pilot4-v1,pilot,4,envoy-strict,64,12303,2,12299.000,202.00,537.00,24608,0,7,0,0,0,0.999675,1.000081,0.000000,1,clean,/home/jukebox/DPUmesh/bench/report/data/l4-20260728-113431/raw/scout-64-envoy-strict-pilot4-v1.result.attempt1.txt
scout-64-envoy-strict-pilot5-v1,pilot,5,envoy-strict,64,16609,2,16606.000,148.00,380.00,33220,0,4,0,0,0,0.999819,1.000060,0.000000,1,clean,/home/jukebox/DPUmesh/bench/report/data/l4-20260728-113431/raw/scout-64-envoy-strict-pilot5-v1.result.attempt1.txt
scout-64-envoy-strict-pilot6-v1,pilot,6,envoy-strict,64,22422,2,22421.000,176.00,537.00,44844,0,0,0,0,0,0.999955,1.000000,0.000000,1,clean,/home/jukebox/DPUmesh/bench/report/data/l4-20260728-113431/raw/scout-64-envoy-strict-pilot6-v1.result.attempt1.txt
scout-64-envoy-strict-pilot7-v1,pilot,7,envoy-strict,64,30270,2,30269.000,184.00,338.00,60540,0,2,0,0,0,0.999967,1.000000,0.000000,1,clean,/home/jukebox/DPUmesh/bench/report/data/l4-20260728-113431/raw/scout-64-envoy-strict-pilot7-v1.result.attempt1.txt
scout-64-envoy-strict-pilot8-v1,pilot,8,envoy-strict,64,40865,2,40861.000,257.00,354.00,81729,0,8,0,0,0,0.999902,0.999988,0.000000,1,clean,/home/jukebox/DPUmesh/bench/report/data/l4-20260728-113431/raw/scout-64-envoy-strict-pilot8-v1.result.attempt1.txt
scout-64-envoy-strict-pilot9-v1,pilot,9,envoy-strict,64,55168,2,55165.000,251.00,352.00,110332,0,12,0,0,0,0.999946,0.999964,0.000000,1,clean,/home/jukebox/DPUmesh/bench/report/data/l4-20260728-113431/raw/scout-64-envoy-strict-pilot9-v1.result.attempt1.txt
scout-64-envoy-strict-pilot10-v1,pilot,10,envoy-strict,64,74477,2,74472.000,250.00,351.00,148948,0,14,0,0,0,0.999933,0.999960,0.000000,1,clean,/home/jukebox/DPUmesh/bench/report/data/l4-20260728-113431/raw/scout-64-envoy-strict-pilot10-v1.result.attempt1.txt
scout-64-envoy-strict-pilot11-v1,pilot,11,envoy-strict,64,100544,2,100539.000,256.00,355.00,201082,0,22,0,0,0,0.999950,0.999970,0.000000,1,clean,/home/jukebox/DPUmesh/bench/report/data/l4-20260728-113431/raw/scout-64-envoy-strict-pilot11-v1.result.attempt1.txt
scout-64-envoy-strict-pilot12-v1,pilot,12,envoy-strict,64,135734,2,135730.000,254.00,349.00,271457,0,28,0,0,0,0.999971,0.999959,0.000000,1,clean,/home/jukebox/DPUmesh/bench/report/data/l4-20260728-113431/raw/scout-64-envoy-strict-pilot12-v1.result.attempt1.txt
scout-64-envoy-strict-pilot13-v1,pilot,13,envoy-strict,64,183241,2,183235.000,258.00,359.00,366479,0,36,0,0,0,0.999967,0.999992,0.000000,1,clean,/home/jukebox/DPUmesh/bench/report/data/l4-20260728-113431/raw/scout-64-envoy-strict-pilot13-v1.result.attempt1.txt
scout-64-envoy-strict-pilot14-v1,pilot,14,envoy-strict,64,247375,2,247370.000,290.00,423.00,494727,0,58,0,0,0,0.999980,0.999954,0.000000,1,clean,/home/jukebox/DPUmesh/bench/report/data/l4-20260728-113431/raw/scout-64-envoy-strict-pilot14-v1.result.attempt1.txt
scout-64-envoy-strict-pilot15-v1,pilot,15,envoy-strict,64,333956,2,333953.000,264.00,370.00,667895,0,55,0,0,0,0.999991,0.999975,0.000000,1,clean,/home/jukebox/DPUmesh/bench/report/data/l4-20260728-113431/raw/scout-64-envoy-strict-pilot15-v1.result.attempt1.txt
scout-64-envoy-strict-pilot16-v1,pilot,16,envoy-strict,64,450841,2,450821.000,267.00,379.00,901659,0,94,0,0,0,0.999956,0.999974,0.000000,1,clean,/home/jukebox/DPUmesh/bench/report/data/l4-20260728-113431/raw/scout-64-envoy-strict-pilot16-v1.result.attempt1.txt
scout-64-envoy-strict-pilot17-v1,pilot,17,envoy-strict,64,608635,2,608628.000,284.00,403.00,1217213,0,144,0,0,0,0.999988,0.999953,0.000000,1,clean,/home/jukebox/DPUmesh/bench/report/data/l4-20260728-113431/raw/scout-64-envoy-strict-pilot17-v1.result.attempt1.txt
scout-64-envoy-strict-pilot18-v1,pilot,18,envoy-strict,64,821657,2,821642.000,302.00,419.00,1643269,17,197,0,0,0,0.999982,0.999973,0.000010,1,clean,/home/jukebox/DPUmesh/bench/report/data/l4-20260728-113431/raw/scout-64-envoy-strict-pilot18-v1.result.attempt1.txt
scout-64-envoy-strict-pilot19-v1,pilot,19,envoy-strict,64,1109237,2,1108989.000,551.00,1169.00,2218419,852,418,0,0,0,0.999776,0.999975,0.000384,1,clean,/home/jukebox/DPUmesh/bench/report/data/l4-20260728-113431/raw/scout-64-envoy-strict-pilot19-v1.result.attempt1.txt
scout-64-envoy-strict-pilot20-v1,pilot,20,envoy-strict,64,1497470,2,538175.000,7236.00,21154.00,2994519,1912405,5887,0,0,0,0.359390,0.999859,0.638635,0,achieved+generator_drop+p99,/home/jukebox/DPUmesh/bench/report/data/l4-20260728-113431/raw/scout-64-envoy-strict-pilot20-v1.result.attempt1.txt
scout-64-envoy-strict-validate20-v1,validate,20,envoy-strict,64,1497470,10,1054945.000,4339.00,11455.00,14974342,4422511,3111,0,0,0,0.704485,0.999976,0.295339,0,achieved+generator_drop+p99,/home/jukebox/DPUmesh/bench/report/data/l4-20260728-113431/raw/scout-64-envoy-strict-validate20-v1.result.attempt1.txt
scout-64-envoy-strict-validate20-v2,validate,20,envoy-strict,64,1497470,10,504426.000,8678.00,24502.00,14970674,9921288,5816,0,0,0,0.336852,0.999731,0.662715,0,achieved+generator_drop+p99,/home/jukebox/DPUmesh/bench/report/data/l4-20260728-113431/raw/scout-64-envoy-strict-validate20-v2.result.attempt1.txt
scout-64-envoy-strict-backtrack19-v1,backtrack,19,envoy-strict,64,1109237,10,1109196.000,341.00,465.00,11092257,381,261,0,0,0,0.999963,0.999990,0.000034,1,clean,/home/jukebox/DPUmesh/bench/report/data/l4-20260728-113431/raw/scout-64-envoy-strict-backtrack19-v1.result.attempt1.txt
scout-64-envoy-strict-backtrack19-v2,backtrack,19,envoy-strict,64,1109237,10,1109192.000,338.00,463.00,11092198,370,284,0,0,0,0.999959,0.999984,0.000033,1,clean,/home/jukebox/DPUmesh/bench/report/data/l4-20260728-113431/raw/scout-64-envoy-strict-backtrack19-v2.result.attempt1.txt
scout-64-envoy-strict-refine1-v1,refine,1,envoy-strict,64,1288817,10,1288749.000,379.00,602.00,12887954,733,418,0,0,0,0.999947,0.999983,0.000057,1,clean,/home/jukebox/DPUmesh/bench/report/data/l4-20260728-113431/raw/scout-64-envoy-strict-refine1-v1.result.attempt1.txt
scout-64-envoy-strict-refine1-v2,refine,1,envoy-strict,64,1288817,10,1288745.000,376.00,595.00,12888044,698,472,0,0,0,0.999944,0.999990,0.000054,1,clean,/home/jukebox/DPUmesh/bench/report/data/l4-20260728-113431/raw/scout-64-envoy-strict-refine1-v2.result.attempt1.txt
scout-64-envoy-strict-refine2-v1,refine,2,envoy-strict,64,1389232,10,1388855.000,481.00,845.00,13892066,3804,740,0,0,0,0.999729,0.999982,0.000274,1,clean,/home/jukebox/DPUmesh/bench/report/data/l4-20260728-113431/raw/scout-64-envoy-strict-refine2-v1.result.attempt1.txt
scout-64-envoy-strict-refine2-v2,refine,2,envoy-strict,64,1389232,10,1388925.000,463.00,816.00,13892219,3440,523,0,0,0,0.999779,0.999993,0.000248,1,clean,/home/jukebox/DPUmesh/bench/report/data/l4-20260728-113431/raw/scout-64-envoy-strict-refine2-v2.result.attempt1.txt
scout-64-envoy-strict-refine3-v1,refine,3,envoy-strict,64,1442336,10,1421961.000,635.00,1754.00,14423133,204302,459,0,0,0,0.985874,0.999984,0.014165,0,generator_drop,/home/jukebox/DPUmesh/bench/report/data/l4-20260728-113431/raw/scout-64-envoy-strict-refine3-v1.result.attempt1.txt
scout-64-envoy-strict-refine3-v2,refine,3,envoy-strict,64,1442336,10,1428260.000,629.00,1497.00,14423101,140468,1096,0,0,0,0.990241,0.999982,0.009739,0,generator_drop,/home/jukebox/DPUmesh/bench/report/data/l4-20260728-113431/raw/scout-64-envoy-strict-refine3-v2.result.attempt1.txt
scout-64-envoy-strict-refine4-v1,refine,4,envoy-strict,64,1415535,10,1413843.000,518.00,1001.00,14155251,16947,580,0,0,0,0.998805,0.999993,0.001197,0,generator_drop,/home/jukebox/DPUmesh/bench/report/data/l4-20260728-113431/raw/scout-64-envoy-strict-refine4-v1.result.attempt1.txt
scout-64-envoy-strict-refine4-v2,refine,4,envoy-strict,64,1415535,10,1413542.000,534.00,1068.00,14155289,20817,369,0,0,0,0.998592,0.999996,0.001471,0,generator_drop,/home/jukebox/DPUmesh/bench/report/data/l4-20260728-113431/raw/scout-64-envoy-strict-refine4-v2.result.attempt1.txt
scout-64-dpumesh-preload-pilot1-v1,pilot,1,dpumesh-preload,64,5000,2,4999.000,315.00,390.00,10000,0,0,0,0,0,0.999800,1.000000,0.000000,1,clean,/home/jukebox/DPUmesh/bench/report/data/l4-20260728-113431/raw/scout-64-dpumesh-preload-pilot1-v1.result.attempt1.txt
scout-64-dpumesh-preload-pilot2-v1,pilot,2,dpumesh-preload,64,6750,2,6748.000,325.00,413.00,13500,0,0,0,0,0,0.999704,1.000000,0.000000,1,clean,/home/jukebox/DPUmesh/bench/report/data/l4-20260728-113431/raw/scout-64-dpumesh-preload-pilot2-v1.result.attempt1.txt
scout-64-dpumesh-preload-pilot3-v1,pilot,3,dpumesh-preload,64,9113,2,9111.000,220.00,440.00,18228,0,3,0,0,0,0.999781,1.000110,0.000000,1,clean,/home/jukebox/DPUmesh/bench/report/data/l4-20260728-113431/raw/scout-64-dpumesh-preload-pilot3-v1.result.attempt1.txt
scout-64-dpumesh-preload-pilot4-v1,pilot,4,dpumesh-preload,64,12303,2,12302.000,223.00,426.00,24608,0,4,0,0,0,0.999919,1.000081,0.000000,1,clean,/home/jukebox/DPUmesh/bench/report/data/l4-20260728-113431/raw/scout-64-dpumesh-preload-pilot4-v1.result.attempt1.txt
scout-64-dpumesh-preload-pilot5-v1,pilot,5,dpumesh-preload,64,16609,2,16605.000,216.00,442.00,33220,0,7,0,0,0,0.999759,1.000060,0.000000,1,clean,/home/jukebox/DPUmesh/bench/report/data/l4-20260728-113431/raw/scout-64-dpumesh-preload-pilot5-v1.result.attempt1.txt
scout-64-dpumesh-preload-pilot6-v1,pilot,6,dpumesh-preload,64,22422,2,22421.000,205.00,429.00,44844,0,4,0,0,0,0.999955,1.000000,0.000000,1,clean,/home/jukebox/DPUmesh/bench/report/data/l4-20260728-113431/raw/scout-64-dpumesh-preload-pilot6-v1.result.attempt1.txt
scout-64-dpumesh-preload-pilot7-v1,pilot,7,dpumesh-preload,64,30270,2,30268.000,207.00,337.00,60540,0,4,0,0,0,0.999934,1.000000,0.000000,1,clean,/home/jukebox/DPUmesh/bench/report/data/l4-20260728-113431/raw/scout-64-dpumesh-preload-pilot7-v1.result.attempt1.txt
scout-64-dpumesh-preload-pilot8-v1,pilot,8,dpumesh-preload,64,40865,2,40863.000,181.00,240.00,81728,0,4,0,0,0,0.999951,0.999976,0.000000,1,clean,/home/jukebox/DPUmesh/bench/report/data/l4-20260728-113431/raw/scout-64-dpumesh-preload-pilot8-v1.result.attempt1.txt
scout-64-dpumesh-preload-pilot9-v1,pilot,9,dpumesh-preload,64,55168,2,55164.000,167.00,309.00,110336,0,8,0,0,0,0.999927,1.000000,0.000000,1,clean,/home/jukebox/DPUmesh/bench/report/data/l4-20260728-113431/raw/scout-64-dpumesh-preload-pilot9-v1.result.attempt1.txt
scout-64-dpumesh-preload-pilot10-v1,pilot,10,dpumesh-preload,64,74477,2,74474.000,161.00,235.00,148952,0,9,0,0,0,0.999960,0.999987,0.000000,1,clean,/home/jukebox/DPUmesh/bench/report/data/l4-20260728-113431/raw/scout-64-dpumesh-preload-pilot10-v1.result.attempt1.txt
scout-64-dpumesh-preload-pilot11-v1,pilot,11,dpumesh-preload,64,100544,2,100539.000,168.00,321.00,201090,0,16,0,0,0,0.999950,1.000010,0.000000,1,clean,/home/jukebox/DPUmesh/bench/report/data/l4-20260728-113431/raw/scout-64-dpumesh-preload-pilot11-v1.result.attempt1.txt
scout-64-dpumesh-preload-pilot12-v1,pilot,12,dpumesh-preload,64,135734,2,130783.000,44016.00,139854.00,271468,0,9886,0,0,0,0.963524,1.000000,0.000000,0,achieved+p99,/home/jukebox/DPUmesh/bench/report/data/l4-20260728-113431/raw/scout-64-dpumesh-preload-pilot12-v1.result.attempt1.txt
scout-64-dpumesh-preload-validate12-v1,validate,12,dpumesh-preload,64,135734,10,134635.000,63962.00,166785.00,1357336,0,10998,0,0,0,0.991903,0.999997,0.000000,0,p99,/home/jukebox/DPUmesh/bench/report/data/l4-20260728-113431/raw/scout-64-dpumesh-preload-validate12-v1.result.attempt1.txt
scout-64-dpumesh-preload-validate12-v2,validate,12,dpumesh-preload,64,135734,10,134794.000,65046.00,140500.00,1357334,0,9399,0,0,0,0.993075,0.999996,0.000000,0,p99,/home/jukebox/DPUmesh/bench/report/data/l4-20260728-113431/raw/scout-64-dpumesh-preload-validate12-v2.result.attempt1.txt
scout-64-dpumesh-preload-backtrack11-v1,backtrack,11,dpumesh-preload,64,100544,10,100543.000,163.00,250.00,1005440,0,16,0,0,0,0.999990,1.000000,0.000000,1,clean,/home/jukebox/DPUmesh/bench/report/data/l4-20260728-113431/raw/scout-64-dpumesh-preload-backtrack11-v1.result.attempt1.txt
scout-64-dpumesh-preload-backtrack11-v2,backtrack,11,dpumesh-preload,64,100544,10,98722.000,177.00,347.00,1005441,18191,16,0,0,0,0.981879,1.000001,0.018093,0,generator_drop,/home/jukebox/DPUmesh/bench/report/data/l4-20260728-113431/raw/scout-64-dpumesh-preload-backtrack11-v2.result.attempt1.txt
scout-64-dpumesh-preload-backtrack11-v3,backtrack,11,dpumesh-preload,64,100544,10,100543.000,177.00,340.00,1005441,0,18,0,0,0,0.999990,1.000001,0.000000,1,clean,/home/jukebox/DPUmesh/bench/report/data/l4-20260728-113431/raw/scout-64-dpumesh-preload-backtrack11-v3.result.attempt1.txt
scout-64-dpumesh-preload-refine1-v1,refine,1,dpumesh-preload,64,116821,10,116819.000,223.00,383.00,1168206,0,23,0,0,0,0.999983,0.999997,0.000000,1,clean,/home/jukebox/DPUmesh/bench/report/data/l4-20260728-113431/raw/scout-64-dpumesh-preload-refine1-v1.result.attempt1.txt
scout-64-dpumesh-preload-refine1-v2,refine,1,dpumesh-preload,64,116821,10,116818.000,226.00,431.00,1168208,0,30,0,0,0,0.999974,0.999998,0.000000,1,clean,/home/jukebox/DPUmesh/bench/report/data/l4-20260728-113431/raw/scout-64-dpumesh-preload-refine1-v2.result.attempt1.txt
scout-64-dpumesh-preload-refine2-v1,refine,2,dpumesh-preload,64,125923,10,125046.000,32065.00,138277.00,1259227,0,8779,0,0,0,0.993035,0.999998,0.000000,0,p99,/home/jukebox/DPUmesh/bench/report/data/l4-20260728-113431/raw/scout-64-dpumesh-preload-refine2-v1.result.attempt1.txt
scout-64-dpumesh-preload-refine2-v2,refine,2,dpumesh-preload,64,125923,10,125072.000,46182.00,137790.00,1259226,0,8515,0,0,0,0.993242,0.999997,0.000000,0,p99,/home/jukebox/DPUmesh/bench/report/data/l4-20260728-113431/raw/scout-64-dpumesh-preload-refine2-v2.result.attempt1.txt
scout-64-dpumesh-preload-refine3-v1,refine,3,dpumesh-preload,64,121287,10,121286.000,273.00,455.00,1212872,0,23,0,0,0,0.999992,1.000002,0.000000,1,clean,/home/jukebox/DPUmesh/bench/report/data/l4-20260728-113431/raw/scout-64-dpumesh-preload-refine3-v1.result.attempt1.txt
scout-64-dpumesh-preload-refine3-v2,refine,3,dpumesh-preload,64,121287,10,121279.000,286.00,804.00,1212870,0,94,0,0,0,0.999934,1.000000,0.000000,1,clean,/home/jukebox/DPUmesh/bench/report/data/l4-20260728-113431/raw/scout-64-dpumesh-preload-refine3-v2.result.attempt1.txt
scout-64-dpumesh-preload-refine4-v1,refine,4,dpumesh-preload,64,123583,10,123580.000,313.00,535.00,1235828,0,39,0,0,0,0.999976,0.999998,0.000000,1,clean,/home/jukebox/DPUmesh/bench/report/data/l4-20260728-113431/raw/scout-64-dpumesh-preload-refine4-v1.result.attempt1.txt
scout-64-dpumesh-preload-refine4-v2,refine,4,dpumesh-preload,64,123583,10,123581.000,307.00,555.00,1235828,0,38,0,0,0,0.999984,0.999998,0.000000,1,clean,/home/jukebox/DPUmesh/bench/report/data/l4-20260728-113431/raw/scout-64-dpumesh-preload-refine4-v2.result.attempt1.txt
scout-1024-dpumesh-native-pilot1-v1,pilot,1,dpumesh-native,1024,5000,2,4999.000,401.00,579.00,10000,0,0,0,0,0,0.999800,1.000000,0.000000,1,clean,/home/jukebox/DPUmesh/bench/report/data/l4-20260728-113431/raw/scout-1024-dpumesh-native-pilot1-v1.result.attempt1.txt
scout-1024-dpumesh-native-pilot2-v1,pilot,2,dpumesh-native,1024,6750,2,6749.000,277.00,580.00,13500,0,0,0,0,0,0.999852,1.000000,0.000000,1,clean,/home/jukebox/DPUmesh/bench/report/data/l4-20260728-113431/raw/scout-1024-dpumesh-native-pilot2-v1.result.attempt1.txt
scout-1024-dpumesh-native-pilot3-v1,pilot,3,dpumesh-native,1024,9113,2,9111.000,224.00,557.00,18228,0,4,0,0,0,0.999781,1.000110,0.000000,1,clean,/home/jukebox/DPUmesh/bench/report/data/l4-20260728-113431/raw/scout-1024-dpumesh-native-pilot3-v1.result.attempt1.txt
scout-1024-dpumesh-native-pilot4-v1,pilot,4,dpumesh-native,1024,12303,2,12302.000,219.00,530.00,24608,0,3,0,0,0,0.999919,1.000081,0.000000,1,clean,/home/jukebox/DPUmesh/bench/report/data/l4-20260728-113431/raw/scout-1024-dpumesh-native-pilot4-v1.result.attempt1.txt
scout-1024-dpumesh-native-pilot5-v1,pilot,5,dpumesh-native,1024,16609,2,16607.000,213.00,457.00,33220,0,4,0,0,0,0.999880,1.000060,0.000000,1,clean,/home/jukebox/DPUmesh/bench/report/data/l4-20260728-113431/raw/scout-1024-dpumesh-native-pilot5-v1.result.attempt1.txt
scout-1024-dpumesh-native-pilot6-v1,pilot,6,dpumesh-native,1024,22422,2,22422.000,210.00,462.00,44844,0,4,0,0,0,1.000000,1.000000,0.000000,1,clean,/home/jukebox/DPUmesh/bench/report/data/l4-20260728-113431/raw/scout-1024-dpumesh-native-pilot6-v1.result.attempt1.txt
scout-1024-dpumesh-native-pilot7-v1,pilot,7,dpumesh-native,1024,30270,2,30268.000,202.00,468.00,60540,0,4,0,0,0,0.999934,1.000000,0.000000,1,clean,/home/jukebox/DPUmesh/bench/report/data/l4-20260728-113431/raw/scout-1024-dpumesh-native-pilot7-v1.result.attempt1.txt
scout-1024-dpumesh-native-pilot8-v1,pilot,8,dpumesh-native,1024,40865,2,40863.000,203.00,392.00,81732,0,8,0,0,0,0.999951,1.000024,0.000000,1,clean,/home/jukebox/DPUmesh/bench/report/data/l4-20260728-113431/raw/scout-1024-dpumesh-native-pilot8-v1.result.attempt1.txt
scout-1024-dpumesh-native-pilot9-v1,pilot,9,dpumesh-native,1024,55168,2,55165.000,205.00,413.00,110336,0,7,0,0,0,0.999946,1.000000,0.000000,1,clean,/home/jukebox/DPUmesh/bench/report/data/l4-20260728-113431/raw/scout-1024-dpumesh-native-pilot9-v1.result.attempt1.txt
scout-1024-dpumesh-native-pilot10-v1,pilot,10,dpumesh-native,1024,74477,2,74473.000,206.00,472.00,148953,0,13,0,0,0,0.999946,0.999993,0.000000,1,clean,/home/jukebox/DPUmesh/bench/report/data/l4-20260728-113431/raw/scout-1024-dpumesh-native-pilot10-v1.result.attempt1.txt
scout-1024-dpumesh-native-pilot11-v1,pilot,11,dpumesh-native,1024,100544,2,100539.000,213.00,523.00,201088,0,18,0,0,0,0.999950,1.000000,0.000000,1,clean,/home/jukebox/DPUmesh/bench/report/data/l4-20260728-113431/raw/scout-1024-dpumesh-native-pilot11-v1.result.attempt1.txt
scout-1024-dpumesh-native-pilot12-v1,pilot,12,dpumesh-native,1024,135734,2,135727.000,204.00,412.00,271467,0,24,0,0,0,0.999948,0.999996,0.000000,1,clean,/home/jukebox/DPUmesh/bench/report/data/l4-20260728-113431/raw/scout-1024-dpumesh-native-pilot12-v1.result.attempt1.txt
scout-1024-dpumesh-native-pilot13-v1,pilot,13,dpumesh-native,1024,183241,2,183236.000,206.00,416.00,366480,0,34,0,0,0,0.999973,0.999995,0.000000,1,clean,/home/jukebox/DPUmesh/bench/report/data/l4-20260728-113431/raw/scout-1024-dpumesh-native-pilot13-v1.result.attempt1.txt
scout-1024-dpumesh-native-pilot14-v1,pilot,14,dpumesh-native,1024,247375,2,247363.000,206.00,436.00,494741,0,45,0,0,0,0.999951,0.999982,0.000000,1,clean,/home/jukebox/DPUmesh/bench/report/data/l4-20260728-113431/raw/scout-1024-dpumesh-native-pilot14-v1.result.attempt1.txt
scout-1024-dpumesh-native-pilot15-v1,pilot,15,dpumesh-native,1024,333956,2,333940.000,207.00,439.00,667906,0,62,0,0,0,0.999952,0.999991,0.000000,1,clean,/home/jukebox/DPUmesh/bench/report/data/l4-20260728-113431/raw/scout-1024-dpumesh-native-pilot15-v1.result.attempt1.txt
scout-1024-dpumesh-native-pilot16-v1,pilot,16,dpumesh-native,1024,450841,2,450867.000,208.00,456.00,901668,0,81,0,0,0,1.000058,0.999984,0.000000,1,clean,/home/jukebox/DPUmesh/bench/report/data/l4-20260728-113431/raw/scout-1024-dpumesh-native-pilot16-v1.result.attempt1.txt
scout-1024-dpumesh-native-pilot17-v1,pilot,17,dpumesh-native,1024,608635,2,608625.000,209.00,514.00,1217258,0,109,0,0,0,0.999984,0.999990,0.000000,1,clean,/home/jukebox/DPUmesh/bench/report/data/l4-20260728-113431/raw/scout-1024-dpumesh-native-pilot17-v1.result.attempt1.txt
scout-1024-dpumesh-native-pilot18-v1,pilot,18,dpumesh-native,1024,821657,2,821646.000,207.00,362.00,1643294,0,136,0,0,0,0.999987,0.999988,0.000000,1,clean,/home/jukebox/DPUmesh/bench/report/data/l4-20260728-113431/raw/scout-1024-dpumesh-native-pilot18-v1.result.attempt1.txt
scout-1024-dpumesh-native-pilot19-v1,pilot,19,dpumesh-native,1024,1109237,2,1109276.000,207.00,392.00,2218447,0,202,0,0,0,1.000035,0.999988,0.000000,1,clean,/home/jukebox/DPUmesh/bench/report/data/l4-20260728-113431/raw/scout-1024-dpumesh-native-pilot19-v1.result.attempt1.txt
scout-1024-dpumesh-native-pilot20-v1,pilot,20,dpumesh-native,1024,1497470,2,1497556.000,215.00,407.00,2994914,0,262,0,0,0,1.000057,0.999991,0.000000,1,clean,/home/jukebox/DPUmesh/bench/report/data/l4-20260728-113431/raw/scout-1024-dpumesh-native-pilot20-v1.result.attempt1.txt
scout-1024-dpumesh-native-pilot21-v1,pilot,21,dpumesh-native,1024,2021585,2,2021623.000,206.00,303.00,4043091,0,270,0,0,0,1.000019,0.999980,0.000000,1,clean,/home/jukebox/DPUmesh/bench/report/data/l4-20260728-113431/raw/scout-1024-dpumesh-native-pilot21-v1.result.attempt1.txt
scout-1024-dpumesh-native-pilot22-v1,pilot,22,dpumesh-native,1024,2729140,2,2729324.000,226.00,627.00,5458168,0,503,0,0,0,1.000067,0.999979,0.000000,1,clean,/home/jukebox/DPUmesh/bench/report/data/l4-20260728-113431/raw/scout-1024-dpumesh-native-pilot22-v1.result.attempt1.txt
scout-1024-dpumesh-native-pilot23-v1,pilot,23,dpumesh-native,1024,3000000,2,3000212.000,210.00,320.00,5999913,0,617,0,0,0,1.000071,0.999985,0.000000,1,clean,/home/jukebox/DPUmesh/bench/report/data/l4-20260728-113431/raw/scout-1024-dpumesh-native-pilot23-v1.result.attempt1.txt
scout-1024-dpumesh-native-validate23-v1,validate,23,dpumesh-native,1024,3000000,10,3000056.000,233.00,665.00,29999910,0,646,0,0,0,1.000019,0.999997,0.000000,1,clean,/home/jukebox/DPUmesh/bench/report/data/l4-20260728-113431/raw/scout-1024-dpumesh-native-validate23-v1.result.attempt1.txt
scout-1024-dpumesh-native-validate23-v2,validate,23,dpumesh-native,1024,3000000,10,2999992.000,212.00,328.00,29999910,0,627,0,0,0,0.999997,0.999997,0.000000,1,clean,/home/jukebox/DPUmesh/bench/report/data/l4-20260728-113431/raw/scout-1024-dpumesh-native-validate23-v2.result.attempt1.txt
scout-1024-plain-pilot1-v1,pilot,1,plain,1024,5000,2,4998.000,179.00,278.00,10000,0,0,0,0,0,0.999600,1.000000,0.000000,1,clean,/home/jukebox/DPUmesh/bench/report/data/l4-20260728-113431/raw/scout-1024-plain-pilot1-v1.result.attempt1.txt
scout-1024-plain-pilot2-v1,pilot,2,plain,1024,6750,2,6748.000,183.00,274.00,13500,0,0,0,0,0,0.999704,1.000000,0.000000,1,clean,/home/jukebox/DPUmesh/bench/report/data/l4-20260728-113431/raw/scout-1024-plain-pilot2-v1.result.attempt1.txt
scout-1024-plain-pilot3-v1,pilot,3,plain,1024,9113,2,9112.000,172.00,282.00,18228,0,0,0,0,0,0.999890,1.000110,0.000000,1,clean,/home/jukebox/DPUmesh/bench/report/data/l4-20260728-113431/raw/scout-1024-plain-pilot3-v1.result.attempt1.txt
scout-1024-plain-pilot4-v1,pilot,4,plain,1024,12303,2,12300.000,159.00,286.00,24608,0,4,0,0,0,0.999756,1.000081,0.000000,1,clean,/home/jukebox/DPUmesh/bench/report/data/l4-20260728-113431/raw/scout-1024-plain-pilot4-v1.result.attempt1.txt
scout-1024-plain-pilot5-v1,pilot,5,plain,1024,16609,2,16607.000,80.00,323.00,33220,0,0,0,0,0,0.999880,1.000060,0.000000,1,clean,/home/jukebox/DPUmesh/bench/report/data/l4-20260728-113431/raw/scout-1024-plain-pilot5-v1.result.attempt1.txt
scout-1024-plain-pilot6-v1,pilot,6,plain,1024,22422,2,22420.000,77.00,327.00,44844,0,0,0,0,0,0.999911,1.000000,0.000000,1,clean,/home/jukebox/DPUmesh/bench/report/data/l4-20260728-113431/raw/scout-1024-plain-pilot6-v1.result.attempt1.txt
scout-1024-plain-pilot7-v1,pilot,7,plain,1024,30270,2,30268.000,78.00,316.00,60540,0,0,0,0,0,0.999934,1.000000,0.000000,1,clean,/home/jukebox/DPUmesh/bench/report/data/l4-20260728-113431/raw/scout-1024-plain-pilot7-v1.result.attempt1.txt
scout-1024-plain-pilot8-v1,pilot,8,plain,1024,40865,2,40863.000,70.00,148.00,81729,0,0,0,0,0,0.999951,0.999988,0.000000,1,clean,/home/jukebox/DPUmesh/bench/report/data/l4-20260728-113431/raw/scout-1024-plain-pilot8-v1.result.attempt1.txt
scout-1024-plain-pilot9-v1,pilot,9,plain,1024,55168,2,55165.000,69.00,250.00,110335,0,0,0,0,0,0.999946,0.999991,0.000000,1,clean,/home/jukebox/DPUmesh/bench/report/data/l4-20260728-113431/raw/scout-1024-plain-pilot9-v1.result.attempt1.txt
scout-1024-plain-pilot10-v1,pilot,10,plain,1024,74477,2,74472.000,53.00,105.00,148952,0,4,0,0,0,0.999933,0.999987,0.000000,1,clean,/home/jukebox/DPUmesh/bench/report/data/l4-20260728-113431/raw/scout-1024-plain-pilot10-v1.result.attempt1.txt
scout-1024-plain-pilot11-v1,pilot,11,plain,1024,100544,2,100539.000,63.00,139.00,201086,0,4,0,0,0,0.999950,0.999990,0.000000,1,clean,/home/jukebox/DPUmesh/bench/report/data/l4-20260728-113431/raw/scout-1024-plain-pilot11-v1.result.attempt1.txt
scout-1024-plain-pilot12-v1,pilot,12,plain,1024,135734,2,135737.000,76.00,169.00,271466,0,8,0,0,0,1.000022,0.999993,0.000000,1,clean,/home/jukebox/DPUmesh/bench/report/data/l4-20260728-113431/raw/scout-1024-plain-pilot12-v1.result.attempt1.txt
scout-1024-plain-pilot13-v1,pilot,13,plain,1024,183241,2,183235.000,73.00,134.00,366480,718,11,0,0,0,0.999967,0.999995,0.001959,0,generator_drop,/home/jukebox/DPUmesh/bench/report/data/l4-20260728-113431/raw/scout-1024-plain-pilot13-v1.result.attempt1.txt
scout-1024-plain-validate13-v1,validate,13,plain,1024,183241,10,183239.000,72.00,135.00,1832401,782,11,0,0,0,0.999989,0.999995,0.000427,1,clean,/home/jukebox/DPUmesh/bench/report/data/l4-20260728-113431/raw/scout-1024-plain-validate13-v1.result.attempt1.txt
scout-1024-plain-validate13-v2,validate,13,plain,1024,183241,10,183239.000,73.00,134.00,1832406,723,11,0,0,0,0.999989,0.999998,0.000395,1,clean,/home/jukebox/DPUmesh/bench/report/data/l4-20260728-113431/raw/scout-1024-plain-validate13-v2.result.attempt1.txt
scout-1024-plain-pilot14-v1,pilot,14,plain,1024,247375,2,247364.000,84.00,142.00,494742,1106,18,0,0,0,0.999956,0.999984,0.002236,0,generator_drop,/home/jukebox/DPUmesh/bench/report/data/l4-20260728-113431/raw/scout-1024-plain-pilot14-v1.result.attempt1.txt
scout-1024-plain-validate14-v1,validate,14,plain,1024,247375,10,247373.000,87.00,138.00,2473738,960,16,0,0,0,0.999992,0.999995,0.000388,1,clean,/home/jukebox/DPUmesh/bench/report/data/l4-20260728-113431/raw/scout-1024-plain-validate14-v1.result.attempt1.txt
scout-1024-plain-validate14-v2,validate,14,plain,1024,247375,10,247373.000,90.00,169.00,2473738,991,12,0,0,0,0.999992,0.999995,0.000401,1,clean,/home/jukebox/DPUmesh/bench/report/data/l4-20260728-113431/raw/scout-1024-plain-validate14-v2.result.attempt1.txt
scout-1024-plain-pilot15-v1,pilot,15,plain,1024,333956,2,333937.000,85.00,167.00,667900,1487,25,0,0,0,0.999943,0.999982,0.002226,0,generator_drop,/home/jukebox/DPUmesh/bench/report/data/l4-20260728-113431/raw/scout-1024-plain-pilot15-v1.result.attempt1.txt
scout-1024-plain-validate15-v1,validate,15,plain,1024,333956,10,333955.000,89.00,167.00,3339550,282,19,0,0,0,0.999997,0.999997,0.000084,1,clean,/home/jukebox/DPUmesh/bench/report/data/l4-20260728-113431/raw/scout-1024-plain-validate15-v1.result.attempt1.txt
scout-1024-plain-validate15-v2,validate,15,plain,1024,333956,10,333954.000,91.00,166.00,3339548,1531,17,0,0,0,0.999994,0.999996,0.000458,1,clean,/home/jukebox/DPUmesh/bench/report/data/l4-20260728-113431/raw/scout-1024-plain-validate15-v2.result.attempt1.txt
scout-1024-plain-pilot16-v1,pilot,16,plain,1024,450841,2,450824.000,110.00,269.00,901671,568,25,0,0,0,0.999962,0.999988,0.000630,1,clean,/home/jukebox/DPUmesh/bench/report/data/l4-20260728-113431/raw/scout-1024-plain-pilot16-v1.result.attempt1.txt
scout-1024-plain-pilot17-v1,pilot,17,plain,1024,608635,2,249943.000,29.00,10515.00,1215519,715291,16,0,0,0,0.410662,0.998562,0.588466,0,achieved+generator_drop+p99,/home/jukebox/DPUmesh/bench/report/data/l4-20260728-113431/raw/scout-1024-plain-pilot17-v1.result.attempt1.txt
scout-1024-plain-validate17-v1,validate,17,plain,1024,608635,10,278670.000,36.00,6695.00,6085732,3298576,11,0,0,0,0.457861,0.999898,0.542018,0,achieved+generator_drop,/home/jukebox/DPUmesh/bench/report/data/l4-20260728-113431/raw/scout-1024-plain-validate17-v1.result.attempt1.txt
scout-1024-plain-validate17-v2,validate,17,plain,1024,608635,10,392739.000,199.00,3328.00,6086297,2159503,14,0,0,0,0.645278,0.999991,0.354814,0,achieved+generator_drop,/home/jukebox/DPUmesh/bench/report/data/l4-20260728-113431/raw/scout-1024-plain-validate17-v2.result.attempt1.txt
scout-1024-plain-backtrack16-v1,backtrack,16,plain,1024,450841,10,450835.000,113.00,320.00,4508408,1959,50,0,0,0,0.999987,1.000000,0.000435,1,clean,/home/jukebox/DPUmesh/bench/report/data/l4-20260728-113431/raw/scout-1024-plain-backtrack16-v1.result.attempt1.txt
scout-1024-plain-backtrack16-v2,backtrack,16,plain,1024,450841,10,450841.000,107.00,303.00,4508401,273,28,0,0,0,1.000000,0.999998,0.000061,1,clean,/home/jukebox/DPUmesh/bench/report/data/l4-20260728-113431/raw/scout-1024-plain-backtrack16-v2.result.attempt1.txt
scout-1024-plain-refine1-v1,refine,1,plain,1024,523830,10,443987.000,176.00,1534.00,5238242,798367,24,0,0,0,0.847578,0.999989,0.152411,0,achieved+generator_drop,/home/jukebox/DPUmesh/bench/report/data/l4-20260728-113431/raw/scout-1024-plain-refine1-v1.result.attempt1.txt
scout-1024-plain-refine1-v2,refine,1,plain,1024,523830,10,317823.000,227.00,4081.00,5238298,2060194,78,0,0,0,0.606729,1.000000,0.393295,0,achieved+generator_drop,/home/jukebox/DPUmesh/bench/report/data/l4-20260728-113431/raw/scout-1024-plain-refine1-v2.result.attempt1.txt
scout-1024-plain-refine2-v1,refine,2,plain,1024,485967,10,268356.000,178.00,5042.00,4859474,2175733,17,0,0,0,0.552210,0.999960,0.447730,0,achieved+generator_drop,/home/jukebox/DPUmesh/bench/report/data/l4-20260728-113431/raw/scout-1024-plain-refine2-v1.result.attempt1.txt
scout-1024-plain-refine2-v2,refine,2,plain,1024,485967,10,293109.000,221.00,3971.00,4859166,1927681,7,0,0,0,0.603146,0.999896,0.396710,0,achieved+generator_drop,/home/jukebox/DPUmesh/bench/report/data/l4-20260728-113431/raw/scout-1024-plain-refine2-v2.result.attempt1.txt
scout-1024-plain-refine3-v1,refine,3,plain,1024,468075,10,468063.000,117.00,384.00,4680736,440,39,0,0,0,0.999974,0.999997,0.000094,1,clean,/home/jukebox/DPUmesh/bench/report/data/l4-20260728-113431/raw/scout-1024-plain-refine3-v1.result.attempt1.txt
scout-1024-plain-refine3-v2,refine,3,plain,1024,468075,10,468068.000,117.00,379.00,4680729,1612,25,0,0,0,0.999985,0.999996,0.000344,1,clean,/home/jukebox/DPUmesh/bench/report/data/l4-20260728-113431/raw/scout-1024-plain-refine3-v2.result.attempt1.txt
scout-1024-plain-refine4-v1,refine,4,plain,1024,476937,10,476859.000,122.00,432.00,4769326,2798,14,0,0,0,0.999836,0.999991,0.000587,1,clean,/home/jukebox/DPUmesh/bench/report/data/l4-20260728-113431/raw/scout-1024-plain-refine4-v1.result.attempt1.txt
scout-1024-plain-refine4-v2,refine,4,plain,1024,476937,10,476927.000,119.00,381.00,4769359,419,21,0,0,0,0.999979,0.999998,0.000088,1,clean,/home/jukebox/DPUmesh/bench/report/data/l4-20260728-113431/raw/scout-1024-plain-refine4-v2.result.attempt1.txt
scout-1024-envoy-permissive-pilot1-v1,pilot,1,envoy-permissive,1024,5000,2,4998.000,181.00,415.00,10000,0,0,0,0,0,0.999600,1.000000,0.000000,1,clean,/home/jukebox/DPUmesh/bench/report/data/l4-20260728-113431/raw/scout-1024-envoy-permissive-pilot1-v1.result.attempt1.txt
scout-1024-envoy-permissive-pilot2-v1,pilot,2,envoy-permissive,1024,6750,2,6749.000,310.00,438.00,13500,0,0,0,0,0,0.999852,1.000000,0.000000,1,clean,/home/jukebox/DPUmesh/bench/report/data/l4-20260728-113431/raw/scout-1024-envoy-permissive-pilot2-v1.result.attempt1.txt
scout-1024-envoy-permissive-pilot3-v1,pilot,3,envoy-permissive,1024,9113,2,9111.000,184.00,437.00,18228,0,0,0,0,0,0.999781,1.000110,0.000000,1,clean,/home/jukebox/DPUmesh/bench/report/data/l4-20260728-113431/raw/scout-1024-envoy-permissive-pilot3-v1.result.attempt1.txt
scout-1024-envoy-permissive-pilot4-v1,pilot,4,envoy-permissive,1024,12303,2,12299.000,185.00,518.00,24608,0,7,0,0,0,0.999675,1.000081,0.000000,1,clean,/home/jukebox/DPUmesh/bench/report/data/l4-20260728-113431/raw/scout-1024-envoy-permissive-pilot4-v1.result.attempt1.txt
scout-1024-envoy-permissive-pilot5-v1,pilot,5,envoy-permissive,1024,16609,2,16607.000,184.00,450.00,33220,0,4,0,0,0,0.999880,1.000060,0.000000,1,clean,/home/jukebox/DPUmesh/bench/report/data/l4-20260728-113431/raw/scout-1024-envoy-permissive-pilot5-v1.result.attempt1.txt
scout-1024-envoy-permissive-pilot6-v1,pilot,6,envoy-permissive,1024,22422,2,22421.000,158.00,509.00,44844,0,0,0,0,0,0.999955,1.000000,0.000000,1,clean,/home/jukebox/DPUmesh/bench/report/data/l4-20260728-113431/raw/scout-1024-envoy-permissive-pilot6-v1.result.attempt1.txt
scout-1024-envoy-permissive-pilot7-v1,pilot,7,envoy-permissive,1024,30270,2,30267.000,173.00,296.00,60540,0,4,0,0,0,0.999901,1.000000,0.000000,1,clean,/home/jukebox/DPUmesh/bench/report/data/l4-20260728-113431/raw/scout-1024-envoy-permissive-pilot7-v1.result.attempt1.txt
scout-1024-envoy-permissive-pilot8-v1,pilot,8,envoy-permissive,1024,40865,2,40862.000,253.00,322.00,81728,0,7,0,0,0,0.999927,0.999976,0.000000,1,clean,/home/jukebox/DPUmesh/bench/report/data/l4-20260728-113431/raw/scout-1024-envoy-permissive-pilot8-v1.result.attempt1.txt
scout-1024-envoy-permissive-pilot9-v1,pilot,9,envoy-permissive,1024,55168,2,55165.000,250.00,374.00,110333,0,10,0,0,0,0.999946,0.999973,0.000000,1,clean,/home/jukebox/DPUmesh/bench/report/data/l4-20260728-113431/raw/scout-1024-envoy-permissive-pilot9-v1.result.attempt1.txt
scout-1024-envoy-permissive-pilot10-v1,pilot,10,envoy-permissive,1024,74477,2,74472.000,280.00,373.00,148950,0,15,0,0,0,0.999933,0.999973,0.000000,1,clean,/home/jukebox/DPUmesh/bench/report/data/l4-20260728-113431/raw/scout-1024-envoy-permissive-pilot10-v1.result.attempt1.txt
scout-1024-envoy-permissive-pilot11-v1,pilot,11,envoy-permissive,1024,100544,2,100541.000,280.00,372.00,201087,0,24,0,0,0,0.999970,0.999995,0.000000,1,clean,/home/jukebox/DPUmesh/bench/report/data/l4-20260728-113431/raw/scout-1024-envoy-permissive-pilot11-v1.result.attempt1.txt
scout-1024-envoy-permissive-pilot12-v1,pilot,12,envoy-permissive,1024,135734,2,135722.000,258.00,388.00,271466,0,28,0,0,0,0.999912,0.999993,0.000000,1,clean,/home/jukebox/DPUmesh/bench/report/data/l4-20260728-113431/raw/scout-1024-envoy-permissive-pilot12-v1.result.attempt1.txt
scout-1024-envoy-permissive-pilot13-v1,pilot,13,envoy-permissive,1024,183241,2,183243.000,258.00,395.00,366463,0,37,0,0,0,1.000011,0.999948,0.000000,1,clean,/home/jukebox/DPUmesh/bench/report/data/l4-20260728-113431/raw/scout-1024-envoy-permissive-pilot13-v1.result.attempt1.txt
scout-1024-envoy-permissive-pilot14-v1,pilot,14,envoy-permissive,1024,247375,2,247371.000,261.00,399.00,494737,0,41,0,0,0,0.999984,0.999974,0.000000,1,clean,/home/jukebox/DPUmesh/bench/report/data/l4-20260728-113431/raw/scout-1024-envoy-permissive-pilot14-v1.result.attempt1.txt
scout-1024-envoy-permissive-pilot15-v1,pilot,15,envoy-permissive,1024,333956,2,333937.000,273.00,396.00,667894,0,73,0,0,0,0.999943,0.999973,0.000000,1,clean,/home/jukebox/DPUmesh/bench/report/data/l4-20260728-113431/raw/scout-1024-envoy-permissive-pilot15-v1.result.attempt1.txt
scout-1024-envoy-permissive-pilot16-v1,pilot,16,envoy-permissive,1024,450841,2,450855.000,287.00,408.00,901650,0,101,0,0,0,1.000031,0.999965,0.000000,1,clean,/home/jukebox/DPUmesh/bench/report/data/l4-20260728-113431/raw/scout-1024-envoy-permissive-pilot16-v1.result.attempt1.txt
scout-1024-envoy-permissive-pilot17-v1,pilot,17,envoy-permissive,1024,608635,2,608652.000,357.00,497.00,1217193,0,190,0,0,0,1.000028,0.999937,0.000000,1,clean,/home/jukebox/DPUmesh/bench/report/data/l4-20260728-113431/raw/scout-1024-envoy-permissive-pilot17-v1.result.attempt1.txt
scout-1024-envoy-permissive-pilot18-v1,pilot,18,envoy-permissive,1024,821657,2,821728.000,363.00,525.00,1643242,62,261,0,0,0,1.000086,0.999956,0.000038,1,clean,/home/jukebox/DPUmesh/bench/report/data/l4-20260728-113431/raw/scout-1024-envoy-permissive-pilot18-v1.result.attempt1.txt
scout-1024-envoy-permissive-pilot19-v1,pilot,19,envoy-permissive,1024,1109237,2,1105809.000,545.00,775.00,2218333,7345,467,0,0,0,0.996910,0.999936,0.003311,0,generator_drop,/home/jukebox/DPUmesh/bench/report/data/l4-20260728-113431/raw/scout-1024-envoy-permissive-pilot19-v1.result.attempt1.txt
scout-1024-envoy-permissive-validate19-v1,validate,19,envoy-permissive,1024,1109237,10,860193.000,2352.00,6489.00,11092124,2486059,5634,0,0,0,0.775482,0.999978,0.224128,0,achieved+generator_drop,/home/jukebox/DPUmesh/bench/report/data/l4-20260728-113431/raw/scout-1024-envoy-permissive-validate19-v1.result.attempt1.txt
scout-1024-envoy-permissive-validate19-v2,validate,19,envoy-permissive,1024,1109237,10,1106088.000,551.00,784.00,11092279,32399,472,0,0,0,0.997161,0.999992,0.002921,0,generator_drop,/home/jukebox/DPUmesh/bench/report/data/l4-20260728-113431/raw/scout-1024-envoy-permissive-validate19-v2.result.attempt1.txt
scout-1024-envoy-permissive-backtrack18-v1,backtrack,18,envoy-permissive,1024,821657,10,821645.000,370.00,520.00,8216544,421,268,0,0,0,0.999985,0.999997,0.000051,1,clean,/home/jukebox/DPUmesh/bench/report/data/l4-20260728-113431/raw/scout-1024-envoy-permissive-backtrack18-v1.result.attempt1.txt
scout-1024-envoy-permissive-backtrack18-v2,backtrack,18,envoy-permissive,1024,821657,10,821636.000,368.00,529.00,8216514,438,179,0,0,0,0.999974,0.999993,0.000053,1,clean,/home/jukebox/DPUmesh/bench/report/data/l4-20260728-113431/raw/scout-1024-envoy-permissive-backtrack18-v2.result.attempt1.txt
scout-1024-envoy-permissive-refine1-v1,refine,1,envoy-permissive,1024,954679,10,950324.000,667.00,1080.00,9546601,44329,457,0,0,0,0.995438,0.999980,0.004643,0,generator_drop,/home/jukebox/DPUmesh/bench/report/data/l4-20260728-113431/raw/scout-1024-envoy-permissive-refine1-v1.result.attempt1.txt
scout-1024-envoy-permissive-refine1-v2,refine,1,envoy-permissive,1024,954679,10,954642.000,406.00,583.00,9546693,1066,354,0,0,0,0.999961,0.999990,0.000112,1,clean,/home/jukebox/DPUmesh/bench/report/data/l4-20260728-113431/raw/scout-1024-envoy-permissive-refine1-v2.result.attempt1.txt
scout-1024-envoy-permissive-refine1-v3,refine,1,envoy-permissive,1024,954679,10,949937.000,673.00,1121.00,9546646,48357,496,0,0,0,0.995033,0.999985,0.005065,0,generator_drop,/home/jukebox/DPUmesh/bench/report/data/l4-20260728-113431/raw/scout-1024-envoy-permissive-refine1-v3.result.attempt1.txt
scout-1024-envoy-permissive-refine2-v1,refine,2,envoy-permissive,1024,885674,10,885632.000,388.00,544.00,8856685,668,256,0,0,0,0.999953,0.999994,0.000075,1,clean,/home/jukebox/DPUmesh/bench/report/data/l4-20260728-113431/raw/scout-1024-envoy-permissive-refine2-v1.result.attempt1.txt
scout-1024-envoy-permissive-refine2-v2,refine,2,envoy-permissive,1024,885674,10,885633.000,389.00,552.00,8856722,761,304,0,0,0,0.999954,0.999998,0.000086,1,clean,/home/jukebox/DPUmesh/bench/report/data/l4-20260728-113431/raw/scout-1024-envoy-permissive-refine2-v2.result.attempt1.txt
scout-1024-envoy-permissive-refine3-v1,refine,3,envoy-permissive,1024,919529,10,919470.000,395.00,555.00,9195205,755,339,0,0,0,0.999936,0.999991,0.000082,1,clean,/home/jukebox/DPUmesh/bench/report/data/l4-20260728-113431/raw/scout-1024-envoy-permissive-refine3-v1.result.attempt1.txt
scout-1024-envoy-permissive-refine3-v2,refine,3,envoy-permissive,1024,919529,10,919480.000,394.00,562.00,9195183,947,312,0,0,0,0.999947,0.999988,0.000103,1,clean,/home/jukebox/DPUmesh/bench/report/data/l4-20260728-113431/raw/scout-1024-envoy-permissive-refine3-v2.result.attempt1.txt
scout-1024-envoy-permissive-refine4-v1,refine,4,envoy-permissive,1024,936939,10,936871.000,398.00,570.00,9369305,1067,326,0,0,0,0.999927,0.999991,0.000114,1,clean,/home/jukebox/DPUmesh/bench/report/data/l4-20260728-113431/raw/scout-1024-envoy-permissive-refine4-v1.result.attempt1.txt
scout-1024-envoy-permissive-refine4-v2,refine,4,envoy-permissive,1024,936939,10,936901.000,398.00,567.00,9369366,864,329,0,0,0,0.999959,0.999997,0.000092,1,clean,/home/jukebox/DPUmesh/bench/report/data/l4-20260728-113431/raw/scout-1024-envoy-permissive-refine4-v2.result.attempt1.txt
scout-1024-envoy-strict-pilot1-v1,pilot,1,envoy-strict,1024,5000,2,4999.000,363.00,463.00,10000,0,0,0,0,0,0.999800,1.000000,0.000000,1,clean,/home/jukebox/DPUmesh/bench/report/data/l4-20260728-113431/raw/scout-1024-envoy-strict-pilot1-v1.result.attempt1.txt
scout-1024-envoy-strict-pilot2-v1,pilot,2,envoy-strict,1024,6750,2,6302.000,227.00,147248.00,13500,840,0,0,0,0,0.933630,1.000000,0.062222,0,achieved+generator_drop+p99,/home/jukebox/DPUmesh/bench/report/data/l4-20260728-113431/raw/scout-1024-envoy-strict-pilot2-v1.result.attempt1.txt
scout-1024-envoy-strict-validate2-v1,validate,2,envoy-strict,1024,6750,10,6750.000,357.00,458.00,67500,0,0,0,0,0,1.000000,1.000000,0.000000,1,clean,/home/jukebox/DPUmesh/bench/report/data/l4-20260728-113431/raw/scout-1024-envoy-strict-validate2-v1.result.attempt1.txt
scout-1024-envoy-strict-validate2-v2,validate,2,envoy-strict,1024,6750,10,6750.000,359.00,474.00,67500,0,0,0,0,0,1.000000,1.000000,0.000000,1,clean,/home/jukebox/DPUmesh/bench/report/data/l4-20260728-113431/raw/scout-1024-envoy-strict-validate2-v2.result.attempt1.txt
scout-1024-envoy-strict-pilot3-v1,pilot,3,envoy-strict,1024,9113,2,9110.000,213.00,491.00,18228,0,4,0,0,0,0.999671,1.000110,0.000000,1,clean,/home/jukebox/DPUmesh/bench/report/data/l4-20260728-113431/raw/scout-1024-envoy-strict-pilot3-v1.result.attempt1.txt
scout-1024-envoy-strict-pilot4-v1,pilot,4,envoy-strict,1024,12303,2,12301.000,198.00,549.00,24608,0,3,0,0,0,0.999837,1.000081,0.000000,1,clean,/home/jukebox/DPUmesh/bench/report/data/l4-20260728-113431/raw/scout-1024-envoy-strict-pilot4-v1.result.attempt1.txt
scout-1024-envoy-strict-pilot5-v1,pilot,5,envoy-strict,1024,16609,2,16606.000,193.00,490.00,33220,0,4,0,0,0,0.999819,1.000060,0.000000,1,clean,/home/jukebox/DPUmesh/bench/report/data/l4-20260728-113431/raw/scout-1024-envoy-strict-pilot5-v1.result.attempt1.txt
scout-1024-envoy-strict-pilot6-v1,pilot,6,envoy-strict,1024,22422,2,22419.000,165.00,256.00,44844,0,3,0,0,0,0.999866,1.000000,0.000000,1,clean,/home/jukebox/DPUmesh/bench/report/data/l4-20260728-113431/raw/scout-1024-envoy-strict-pilot6-v1.result.attempt1.txt
scout-1024-envoy-strict-pilot7-v1,pilot,7,envoy-strict,1024,30270,2,30267.000,165.00,286.00,60540,0,4,0,0,0,0.999901,1.000000,0.000000,1,clean,/home/jukebox/DPUmesh/bench/report/data/l4-20260728-113431/raw/scout-1024-envoy-strict-pilot7-v1.result.attempt1.txt
scout-1024-envoy-strict-pilot8-v1,pilot,8,envoy-strict,1024,40865,2,40863.000,270.00,409.00,81728,0,6,0,0,0,0.999951,0.999976,0.000000,1,clean,/home/jukebox/DPUmesh/bench/report/data/l4-20260728-113431/raw/scout-1024-envoy-strict-pilot8-v1.result.attempt1.txt
scout-1024-envoy-strict-pilot9-v1,pilot,9,envoy-strict,1024,55168,2,55163.000,265.00,382.00,110334,0,13,0,0,0,0.999909,0.999982,0.000000,1,clean,/home/jukebox/DPUmesh/bench/report/data/l4-20260728-113431/raw/scout-1024-envoy-strict-pilot9-v1.result.attempt1.txt
scout-1024-envoy-strict-pilot10-v1,pilot,10,envoy-strict,1024,74477,2,74474.000,317.00,473.00,148951,0,19,0,0,0,0.999960,0.999980,0.000000,1,clean,/home/jukebox/DPUmesh/bench/report/data/l4-20260728-113431/raw/scout-1024-envoy-strict-pilot10-v1.result.attempt1.txt
scout-1024-envoy-strict-pilot11-v1,pilot,11,envoy-strict,1024,100544,2,100539.000,279.00,417.00,201085,0,22,0,0,0,0.999950,0.999985,0.000000,1,clean,/home/jukebox/DPUmesh/bench/report/data/l4-20260728-113431/raw/scout-1024-envoy-strict-pilot11-v1.result.attempt1.txt
scout-1024-envoy-strict-pilot12-v1,pilot,12,envoy-strict,1024,135734,2,135728.000,284.00,435.00,271461,0,31,0,0,0,0.999956,0.999974,0.000000,1,clean,/home/jukebox/DPUmesh/bench/report/data/l4-20260728-113431/raw/scout-1024-envoy-strict-pilot12-v1.result.attempt1.txt
scout-1024-envoy-strict-pilot13-v1,pilot,13,envoy-strict,1024,183241,2,183232.000,294.00,434.00,366475,0,49,0,0,0,0.999951,0.999981,0.000000,1,clean,/home/jukebox/DPUmesh/bench/report/data/l4-20260728-113431/raw/scout-1024-envoy-strict-pilot13-v1.result.attempt1.txt
scout-1024-envoy-strict-pilot14-v1,pilot,14,envoy-strict,1024,247375,2,247363.000,297.00,447.00,494746,0,60,0,0,0,0.999951,0.999992,0.000000,1,clean,/home/jukebox/DPUmesh/bench/report/data/l4-20260728-113431/raw/scout-1024-envoy-strict-pilot14-v1.result.attempt1.txt
scout-1024-envoy-strict-pilot15-v1,pilot,15,envoy-strict,1024,333956,2,333961.000,316.00,462.00,667898,0,84,0,0,0,1.000015,0.999979,0.000000,1,clean,/home/jukebox/DPUmesh/bench/report/data/l4-20260728-113431/raw/scout-1024-envoy-strict-pilot15-v1.result.attempt1.txt
scout-1024-envoy-strict-pilot16-v1,pilot,16,envoy-strict,1024,450841,2,450838.000,454.00,678.00,901601,25,141,0,0,0,0.999993,0.999910,0.000028,1,clean,/home/jukebox/DPUmesh/bench/report/data/l4-20260728-113431/raw/scout-1024-envoy-strict-pilot16-v1.result.attempt1.txt
scout-1024-envoy-strict-pilot17-v1,pilot,17,envoy-strict,1024,608635,2,608806.000,607.00,886.00,1217167,93,302,0,0,0,1.000281,0.999915,0.000076,1,clean,/home/jukebox/DPUmesh/bench/report/data/l4-20260728-113431/raw/scout-1024-envoy-strict-pilot17-v1.result.attempt1.txt
scout-1024-envoy-strict-pilot18-v1,pilot,18,envoy-strict,1024,821657,2,704890.000,986.00,1327.00,1643252,233713,626,0,0,0,0.857888,0.999962,0.142226,0,achieved+generator_drop,/home/jukebox/DPUmesh/bench/report/data/l4-20260728-113431/raw/scout-1024-envoy-strict-pilot18-v1.result.attempt1.txt
scout-1024-envoy-strict-validate18-v1,validate,18,envoy-strict,1024,821657,10,614736.000,1087.00,1706.00,8216421,2069709,674,0,0,0,0.748166,0.999982,0.251899,0,achieved+generator_drop,/home/jukebox/DPUmesh/bench/report/data/l4-20260728-113431/raw/scout-1024-envoy-strict-validate18-v1.result.attempt1.txt
scout-1024-envoy-strict-validate18-v2,validate,18,envoy-strict,1024,821657,10,710183.000,1013.00,1347.00,8216415,1114875,523,0,0,0,0.864330,0.999981,0.135689,0,achieved+generator_drop,/home/jukebox/DPUmesh/bench/report/data/l4-20260728-113431/raw/scout-1024-envoy-strict-validate18-v2.result.attempt1.txt
scout-1024-envoy-strict-backtrack17-v1,backtrack,17,envoy-strict,1024,608635,10,608615.000,599.00,832.00,6086239,436,296,0,0,0,0.999967,0.999982,0.000072,1,clean,/home/jukebox/DPUmesh/bench/report/data/l4-20260728-113431/raw/scout-1024-envoy-strict-backtrack17-v1.result.attempt1.txt
scout-1024-envoy-strict-backtrack17-v2,backtrack,17,envoy-strict,1024,608635,10,608608.000,596.00,852.00,6086273,411,262,0,0,0,0.999956,0.999987,0.000068,1,clean,/home/jukebox/DPUmesh/bench/report/data/l4-20260728-113431/raw/scout-1024-envoy-strict-backtrack17-v2.result.attempt1.txt
scout-1024-envoy-strict-refine1-v1,refine,1,envoy-strict,1024,707170,10,613638.000,994.00,1583.00,7071649,935329,524,0,0,0,0.867738,0.999993,0.132265,0,achieved+generator_drop,/home/jukebox/DPUmesh/bench/report/data/l4-20260728-113431/raw/scout-1024-envoy-strict-refine1-v1.result.attempt1.txt
scout-1024-envoy-strict-refine1-v2,refine,1,envoy-strict,1024,707170,10,693024.000,917.00,1270.00,7071605,141458,533,0,0,0,0.979996,0.999987,0.020004,0,achieved+generator_drop,/home/jukebox/DPUmesh/bench/report/data/l4-20260728-113431/raw/scout-1024-envoy-strict-refine1-v2.result.attempt1.txt
scout-1024-envoy-strict-refine2-v1,refine,2,envoy-strict,1024,656055,10,655838.000,633.00,974.00,6560483,2127,310,0,0,0,0.999669,0.999990,0.000324,1,clean,/home/jukebox/DPUmesh/bench/report/data/l4-20260728-113431/raw/scout-1024-envoy-strict-refine2-v1.result.attempt1.txt
scout-1024-envoy-strict-refine2-v2,refine,2,envoy-strict,1024,656055,10,622156.000,994.00,1462.00,6560425,339000,565,0,0,0,0.948329,0.999981,0.051673,0,achieved+generator_drop,/home/jukebox/DPUmesh/bench/report/data/l4-20260728-113431/raw/scout-1024-envoy-strict-refine2-v2.result.attempt1.txt
scout-1024-envoy-strict-refine2-v3,refine,2,envoy-strict,1024,656055,10,655823.000,639.00,1012.00,6560395,2598,347,0,0,0,0.999646,0.999976,0.000396,1,clean,/home/jukebox/DPUmesh/bench/report/data/l4-20260728-113431/raw/scout-1024-envoy-strict-refine2-v3.result.attempt1.txt
scout-1024-envoy-strict-refine3-v1,refine,3,envoy-strict,1024,681133,10,679073.000,770.00,1181.00,6811265,20704,335,0,0,0,0.996976,0.999990,0.003040,0,generator_drop,/home/jukebox/DPUmesh/bench/report/data/l4-20260728-113431/raw/scout-1024-envoy-strict-refine3-v1.result.attempt1.txt
scout-1024-envoy-strict-refine3-v2,refine,3,envoy-strict,1024,681133,10,680857.000,613.00,984.00,6811264,2944,392,0,0,0,0.999595,0.999990,0.000432,1,clean,/home/jukebox/DPUmesh/bench/report/data/l4-20260728-113431/raw/scout-1024-envoy-strict-refine3-v2.result.attempt1.txt
scout-1024-envoy-strict-refine3-v3,refine,3,envoy-strict,1024,681133,10,621276.000,1025.00,1496.00,6811189,598585,446,0,0,0,0.912121,0.999979,0.087883,0,achieved+generator_drop,/home/jukebox/DPUmesh/bench/report/data/l4-20260728-113431/raw/scout-1024-envoy-strict-refine3-v3.result.attempt1.txt
scout-1024-envoy-strict-refine4-v1,refine,4,envoy-strict,1024,668476,10,667644.000,698.00,1147.00,6684655,8440,357,0,0,0,0.998755,0.999984,0.001263,0,generator_drop,/home/jukebox/DPUmesh/bench/report/data/l4-20260728-113431/raw/scout-1024-envoy-strict-refine4-v1.result.attempt1.txt
scout-1024-envoy-strict-refine4-v2,refine,4,envoy-strict,1024,668476,10,667826.000,686.00,1116.00,6684741,6819,313,0,0,0,0.999028,0.999997,0.001020,0,generator_drop,/home/jukebox/DPUmesh/bench/report/data/l4-20260728-113431/raw/scout-1024-envoy-strict-refine4-v2.result.attempt1.txt
scout-1024-dpumesh-preload-pilot1-v1,pilot,1,dpumesh-preload,1024,5000,2,4999.000,331.00,395.00,10000,0,0,0,0,0,0.999800,1.000000,0.000000,1,clean,/home/jukebox/DPUmesh/bench/report/data/l4-20260728-113431/raw/scout-1024-dpumesh-preload-pilot1-v1.result.attempt1.txt
scout-1024-dpumesh-preload-pilot2-v1,pilot,2,dpumesh-preload,1024,6750,2,6749.000,291.00,1508.00,13500,0,0,0,0,0,0.999852,1.000000,0.000000,1,clean,/home/jukebox/DPUmesh/bench/report/data/l4-20260728-113431/raw/scout-1024-dpumesh-preload-pilot2-v1.result.attempt1.txt
scout-1024-dpumesh-preload-pilot3-v1,pilot,3,dpumesh-preload,1024,9113,2,9111.000,226.00,428.00,18228,0,4,0,0,0,0.999781,1.000110,0.000000,1,clean,/home/jukebox/DPUmesh/bench/report/data/l4-20260728-113431/raw/scout-1024-dpumesh-preload-pilot3-v1.result.attempt1.txt
scout-1024-dpumesh-preload-pilot4-v1,pilot,4,dpumesh-preload,1024,12303,2,12300.000,227.00,1642.00,24608,0,4,0,0,0,0.999756,1.000081,0.000000,1,clean,/home/jukebox/DPUmesh/bench/report/data/l4-20260728-113431/raw/scout-1024-dpumesh-preload-pilot4-v1.result.attempt1.txt
scout-1024-dpumesh-preload-pilot5-v1,pilot,5,dpumesh-preload,1024,16609,2,16606.000,226.00,500.00,33220,0,8,0,0,0,0.999819,1.000060,0.000000,1,clean,/home/jukebox/DPUmesh/bench/report/data/l4-20260728-113431/raw/scout-1024-dpumesh-preload-pilot5-v1.result.attempt1.txt
scout-1024-dpumesh-preload-pilot6-v1,pilot,6,dpumesh-preload,1024,22422,2,22420.000,213.00,440.00,44844,0,4,0,0,0,0.999911,1.000000,0.000000,1,clean,/home/jukebox/DPUmesh/bench/report/data/l4-20260728-113431/raw/scout-1024-dpumesh-preload-pilot6-v1.result.attempt1.txt
scout-1024-dpumesh-preload-pilot7-v1,pilot,7,dpumesh-preload,1024,30270,2,30268.000,210.00,2414.00,60540,0,4,0,0,0,0.999934,1.000000,0.000000,1,clean,/home/jukebox/DPUmesh/bench/report/data/l4-20260728-113431/raw/scout-1024-dpumesh-preload-pilot7-v1.result.attempt1.txt
scout-1024-dpumesh-preload-pilot8-v1,pilot,8,dpumesh-preload,1024,40865,2,40863.000,181.00,4818.00,81728,0,4,0,0,0,0.999951,0.999976,0.000000,1,clean,/home/jukebox/DPUmesh/bench/report/data/l4-20260728-113431/raw/scout-1024-dpumesh-preload-pilot8-v1.result.attempt1.txt
scout-1024-dpumesh-preload-pilot9-v1,pilot,9,dpumesh-preload,1024,55168,2,55165.000,167.00,9081.00,110336,0,10,0,0,0,0.999946,1.000000,0.000000,1,clean,/home/jukebox/DPUmesh/bench/report/data/l4-20260728-113431/raw/scout-1024-dpumesh-preload-pilot9-v1.result.attempt1.txt
scout-1024-dpumesh-preload-pilot10-v1,pilot,10,dpumesh-preload,1024,74477,2,74473.000,170.00,371.00,148955,0,13,0,0,0,0.999946,1.000007,0.000000,1,clean,/home/jukebox/DPUmesh/bench/report/data/l4-20260728-113431/raw/scout-1024-dpumesh-preload-pilot10-v1.result.attempt1.txt
scout-1024-dpumesh-preload-pilot11-v1,pilot,11,dpumesh-preload,1024,100544,2,100542.000,161.00,238.00,201086,0,14,0,0,0,0.999980,0.999990,0.000000,1,clean,/home/jukebox/DPUmesh/bench/report/data/l4-20260728-113431/raw/scout-1024-dpumesh-preload-pilot11-v1.result.attempt1.txt
scout-1024-dpumesh-preload-pilot12-v1,pilot,12,dpumesh-preload,1024,135734,2,130174.000,26347.00,159120.00,271467,0,11098,0,0,0,0.959038,0.999996,0.000000,0,achieved+p99,/home/jukebox/DPUmesh/bench/report/data/l4-20260728-113431/raw/scout-1024-dpumesh-preload-pilot12-v1.result.attempt1.txt
scout-1024-dpumesh-preload-validate12-v1,validate,12,dpumesh-preload,1024,135734,10,134787.000,66806.00,142279.00,1357337,0,9474,0,0,0,0.993023,0.999998,0.000000,0,p99,/home/jukebox/DPUmesh/bench/report/data/l4-20260728-113431/raw/scout-1024-dpumesh-preload-validate12-v1.result.attempt1.txt
scout-1024-dpumesh-preload-validate12-v2,validate,12,dpumesh-preload,1024,135734,10,134768.000,67129.00,142632.00,1357340,0,9662,0,0,0,0.992883,1.000000,0.000000,0,p99,/home/jukebox/DPUmesh/bench/report/data/l4-20260728-113431/raw/scout-1024-dpumesh-preload-validate12-v2.result.attempt1.txt
scout-1024-dpumesh-preload-backtrack11-v1,backtrack,11,dpumesh-preload,1024,100544,10,100543.000,190.00,366.00,1005439,0,17,0,0,0,0.999990,0.999999,0.000000,1,clean,/home/jukebox/DPUmesh/bench/report/data/l4-20260728-113431/raw/scout-1024-dpumesh-preload-backtrack11-v1.result.attempt1.txt
scout-1024-dpumesh-preload-backtrack11-v2,backtrack,11,dpumesh-preload,1024,100544,10,100544.000,165.00,252.00,1005443,0,16,0,0,0,1.000000,1.000003,0.000000,1,clean,/home/jukebox/DPUmesh/bench/report/data/l4-20260728-113431/raw/scout-1024-dpumesh-preload-backtrack11-v2.result.attempt1.txt
scout-1024-dpumesh-preload-refine1-v1,refine,1,dpumesh-preload,1024,116821,10,116819.000,276.00,500.00,1168207,0,31,0,0,0,0.999983,0.999997,0.000000,1,clean,/home/jukebox/DPUmesh/bench/report/data/l4-20260728-113431/raw/scout-1024-dpumesh-preload-refine1-v1.result.attempt1.txt
scout-1024-dpumesh-preload-refine1-v2,refine,1,dpumesh-preload,1024,116821,10,116818.000,258.00,431.00,1168210,0,38,0,0,0,0.999974,1.000000,0.000000,1,clean,/home/jukebox/DPUmesh/bench/report/data/l4-20260728-113431/raw/scout-1024-dpumesh-preload-refine1-v2.result.attempt1.txt
scout-1024-dpumesh-preload-refine2-v1,refine,2,dpumesh-preload,1024,125923,10,125058.000,608.00,124147.00,1259229,0,8656,0,0,0,0.993131,0.999999,0.000000,0,p99,/home/jukebox/DPUmesh/bench/report/data/l4-20260728-113431/raw/scout-1024-dpumesh-preload-refine2-v1.result.attempt1.txt
scout-1024-dpumesh-preload-refine2-v2,refine,2,dpumesh-preload,1024,125923,10,125916.000,541.00,1009.00,1259226,0,86,0,0,0,0.999944,0.999997,0.000000,1,clean,/home/jukebox/DPUmesh/bench/report/data/l4-20260728-113431/raw/scout-1024-dpumesh-preload-refine2-v2.result.attempt1.txt
scout-1024-dpumesh-preload-refine2-v3,refine,2,dpumesh-preload,1024,125923,10,125919.000,530.00,986.00,1259230,0,57,0,0,0,0.999968,1.000000,0.000000,1,clean,/home/jukebox/DPUmesh/bench/report/data/l4-20260728-113431/raw/scout-1024-dpumesh-preload-refine2-v3.result.attempt1.txt
scout-1024-dpumesh-preload-refine3-v1,refine,3,dpumesh-preload,1024,130737,10,129810.000,55806.00,167010.00,1307368,0,9271,0,0,0,0.992909,0.999998,0.000000,0,p99,/home/jukebox/DPUmesh/bench/report/data/l4-20260728-113431/raw/scout-1024-dpumesh-preload-refine3-v1.result.attempt1.txt
scout-1024-dpumesh-preload-refine3-v2,refine,3,dpumesh-preload,1024,130737,10,129833.000,64816.00,141069.00,1307368,0,9047,0,0,0,0.993085,0.999998,0.000000,0,p99,/home/jukebox/DPUmesh/bench/report/data/l4-20260728-113431/raw/scout-1024-dpumesh-preload-refine3-v2.result.attempt1.txt
scout-1024-dpumesh-preload-refine4-v1,refine,4,dpumesh-preload,1024,128307,10,127430.000,62350.00,139615.00,1283065,0,8770,0,0,0,0.993165,0.999996,0.000000,0,p99,/home/jukebox/DPUmesh/bench/report/data/l4-20260728-113431/raw/scout-1024-dpumesh-preload-refine4-v1.result.attempt1.txt
scout-1024-dpumesh-preload-refine4-v2,refine,4,dpumesh-preload,1024,128307,10,128297.000,812.00,1547.00,1283068,0,116,0,0,0,0.999922,0.999998,0.000000,1,clean,/home/jukebox/DPUmesh/bench/report/data/l4-20260728-113431/raw/scout-1024-dpumesh-preload-refine4-v2.result.attempt1.txt
scout-1024-dpumesh-preload-refine4-v3,refine,4,dpumesh-preload,1024,128307,10,127390.000,65412.00,144040.00,1283070,0,9176,0,0,0,0.992853,1.000000,0.000000,0,p99,/home/jukebox/DPUmesh/bench/report/data/l4-20260728-113431/raw/scout-1024-dpumesh-preload-refine4-v3.result.attempt1.txt
scout-8192-envoy-strict-pilot1-v1,pilot,1,envoy-strict,8192,5000,2,4998.000,199.00,446.00,10000,0,0,0,0,0,0.999600,1.000000,0.000000,1,clean,/home/jukebox/DPUmesh/bench/report/data/l4-20260728-113431/raw/scout-8192-envoy-strict-pilot1-v1.result.attempt1.txt
scout-8192-envoy-strict-pilot2-v1,pilot,2,envoy-strict,8192,6750,2,6748.000,370.00,480.00,13500,0,0,0,0,0,0.999704,1.000000,0.000000,1,clean,/home/jukebox/DPUmesh/bench/report/data/l4-20260728-113431/raw/scout-8192-envoy-strict-pilot2-v1.result.attempt1.txt
scout-8192-envoy-strict-pilot3-v1,pilot,3,envoy-strict,8192,9113,2,9112.000,214.00,611.00,18228,0,3,0,0,0,0.999890,1.000110,0.000000,1,clean,/home/jukebox/DPUmesh/bench/report/data/l4-20260728-113431/raw/scout-8192-envoy-strict-pilot3-v1.result.attempt1.txt
scout-8192-envoy-strict-pilot4-v1,pilot,4,envoy-strict,8192,12303,2,12301.000,197.00,560.00,24608,0,2,0,0,0,0.999837,1.000081,0.000000,1,clean,/home/jukebox/DPUmesh/bench/report/data/l4-20260728-113431/raw/scout-8192-envoy-strict-pilot4-v1.result.attempt1.txt
scout-8192-envoy-strict-pilot5-v1,pilot,5,envoy-strict,8192,16609,2,16608.000,202.00,639.00,33220,0,4,0,0,0,0.999940,1.000060,0.000000,1,clean,/home/jukebox/DPUmesh/bench/report/data/l4-20260728-113431/raw/scout-8192-envoy-strict-pilot5-v1.result.attempt1.txt
scout-8192-envoy-strict-pilot6-v1,pilot,6,envoy-strict,8192,22422,2,22420.000,178.00,556.00,44844,0,1,0,0,0,0.999911,1.000000,0.000000,1,clean,/home/jukebox/DPUmesh/bench/report/data/l4-20260728-113431/raw/scout-8192-envoy-strict-pilot6-v1.result.attempt1.txt
scout-8192-envoy-strict-pilot7-v1,pilot,7,envoy-strict,8192,30270,2,30269.000,334.00,509.00,60540,0,6,0,0,0,0.999967,1.000000,0.000000,1,clean,/home/jukebox/DPUmesh/bench/report/data/l4-20260728-113431/raw/scout-8192-envoy-strict-pilot7-v1.result.attempt1.txt
scout-8192-envoy-strict-pilot8-v1,pilot,8,envoy-strict,8192,40865,2,40863.000,329.00,461.00,81728,0,10,0,0,0,0.999951,0.999976,0.000000,1,clean,/home/jukebox/DPUmesh/bench/report/data/l4-20260728-113431/raw/scout-8192-envoy-strict-pilot8-v1.result.attempt1.txt
scout-8192-envoy-strict-pilot9-v1,pilot,9,envoy-strict,8192,55168,2,55165.000,374.00,499.00,110336,0,16,0,0,0,0.999946,1.000000,0.000000,1,clean,/home/jukebox/DPUmesh/bench/report/data/l4-20260728-113431/raw/scout-8192-envoy-strict-pilot9-v1.result.attempt1.txt
scout-8192-envoy-strict-pilot10-v1,pilot,10,envoy-strict,8192,74477,2,74472.000,574.00,925.00,148946,0,40,0,0,0,0.999933,0.999946,0.000000,1,clean,/home/jukebox/DPUmesh/bench/report/data/l4-20260728-113431/raw/scout-8192-envoy-strict-pilot10-v1.result.attempt1.txt
scout-8192-envoy-strict-pilot11-v1,pilot,11,envoy-strict,8192,100544,2,100758.000,2168.00,4169.00,201066,0,227,0,0,0,1.002128,0.999891,0.000000,1,clean,/home/jukebox/DPUmesh/bench/report/data/l4-20260728-113431/raw/scout-8192-envoy-strict-pilot11-v1.result.attempt1.txt
scout-8192-envoy-strict-pilot12-v1,pilot,12,envoy-strict,8192,135734,2,123060.000,5216.00,7242.00,271350,25432,518,0,0,0,0.906626,0.999565,0.093724,0,achieved+generator_drop,/home/jukebox/DPUmesh/bench/report/data/l4-20260728-113431/raw/scout-8192-envoy-strict-pilot12-v1.result.attempt1.txt
scout-8192-envoy-strict-validate12-v1,validate,12,envoy-strict,8192,135734,10,124861.000,5687.00,7269.00,1357125,108496,670,0,0,0,0.919895,0.999842,0.079945,0,achieved+generator_drop,/home/jukebox/DPUmesh/bench/report/data/l4-20260728-113431/raw/scout-8192-envoy-strict-validate12-v1.result.attempt1.txt
scout-8192-envoy-strict-validate12-v2,validate,12,envoy-strict,8192,135734,10,124855.000,5705.00,7173.00,1357265,108946,563,0,0,0,0.919851,0.999945,0.080269,0,achieved+generator_drop,/home/jukebox/DPUmesh/bench/report/data/l4-20260728-113431/raw/scout-8192-envoy-strict-validate12-v2.result.attempt1.txt
scout-8192-envoy-strict-backtrack11-v1,backtrack,11,envoy-strict,8192,100544,10,100552.000,912.00,1503.00,1005420,0,64,0,0,0,1.000080,0.999980,0.000000,1,clean,/home/jukebox/DPUmesh/bench/report/data/l4-20260728-113431/raw/scout-8192-envoy-strict-backtrack11-v1.result.attempt1.txt
scout-8192-envoy-strict-backtrack11-v2,backtrack,11,envoy-strict,8192,100544,10,100551.000,880.00,1422.00,1005427,0,71,0,0,0,1.000070,0.999987,0.000000,1,clean,/home/jukebox/DPUmesh/bench/report/data/l4-20260728-113431/raw/scout-8192-envoy-strict-backtrack11-v2.result.attempt1.txt
scout-8192-envoy-strict-refine1-v1,refine,1,envoy-strict,8192,116821,10,116836.000,2655.00,4265.00,1168193,0,230,0,0,0,1.000128,0.999985,0.000000,1,clean,/home/jukebox/DPUmesh/bench/report/data/l4-20260728-113431/raw/scout-8192-envoy-strict-refine1-v1.result.attempt1.txt
scout-8192-envoy-strict-refine1-v2,refine,1,envoy-strict,8192,116821,10,116847.000,2078.00,3562.00,1168178,0,232,0,0,0,1.000223,0.999973,0.000000,1,clean,/home/jukebox/DPUmesh/bench/report/data/l4-20260728-113431/raw/scout-8192-envoy-strict-refine1-v2.result.attempt1.txt
scout-8192-envoy-strict-refine2-v1,refine,2,envoy-strict,8192,125923,10,113995.000,5426.00,7723.00,1259194,119262,367,0,0,0,0.905275,0.999971,0.094713,0,achieved+generator_drop,/home/jukebox/DPUmesh/bench/report/data/l4-20260728-113431/raw/scout-8192-envoy-strict-refine2-v1.result.attempt1.txt
scout-8192-envoy-strict-refine2-v2,refine,2,envoy-strict,8192,125923,10,114537.000,5183.00,7643.00,1259088,113863,428,0,0,0,0.909580,0.999887,0.090433,0,achieved+generator_drop,/home/jukebox/DPUmesh/bench/report/data/l4-20260728-113431/raw/scout-8192-envoy-strict-refine2-v2.result.attempt1.txt
scout-8192-envoy-strict-refine3-v1,refine,3,envoy-strict,8192,121287,10,114489.000,5133.00,7680.00,1212686,67660,600,0,0,0,0.943951,0.999848,0.055794,0,achieved+generator_drop,/home/jukebox/DPUmesh/bench/report/data/l4-20260728-113431/raw/scout-8192-envoy-strict-refine3-v1.result.attempt1.txt
scout-8192-envoy-strict-refine3-v2,refine,3,envoy-strict,8192,121287,10,121295.000,3222.00,5788.00,1212773,159,365,0,0,0,1.000066,0.999920,0.000131,1,clean,/home/jukebox/DPUmesh/bench/report/data/l4-20260728-113431/raw/scout-8192-envoy-strict-refine3-v2.result.attempt1.txt
scout-8192-envoy-strict-refine3-v3,refine,3,envoy-strict,8192,121287,10,121282.000,3326.00,5723.00,1212832,119,286,0,0,0,0.999959,0.999969,0.000098,1,clean,/home/jukebox/DPUmesh/bench/report/data/l4-20260728-113431/raw/scout-8192-envoy-strict-refine3-v3.result.attempt1.txt
scout-8192-envoy-strict-refine4-v1,refine,4,envoy-strict,8192,123583,10,122910.000,4703.00,6770.00,1235743,6456,470,0,0,0,0.994554,0.999930,0.005224,0,generator_drop,/home/jukebox/DPUmesh/bench/report/data/l4-20260728-113431/raw/scout-8192-envoy-strict-refine4-v1.result.attempt1.txt
scout-8192-envoy-strict-refine4-v2,refine,4,envoy-strict,8192,123583,10,123250.000,4875.00,6666.00,1235818,3208,426,0,0,0,0.997305,0.999990,0.002596,0,generator_drop,/home/jukebox/DPUmesh/bench/report/data/l4-20260728-113431/raw/scout-8192-envoy-strict-refine4-v2.result.attempt1.txt
scout-8192-dpumesh-preload-pilot1-v1,pilot,1,dpumesh-preload,8192,5000,2,4998.000,325.00,388.00,10000,0,0,0,0,0,0.999600,1.000000,0.000000,1,clean,/home/jukebox/DPUmesh/bench/report/data/l4-20260728-113431/raw/scout-8192-dpumesh-preload-pilot1-v1.result.attempt1.txt
scout-8192-dpumesh-preload-pilot2-v1,pilot,2,dpumesh-preload,8192,6750,2,6749.000,326.00,482.00,13500,0,0,0,0,0,0.999852,1.000000,0.000000,1,clean,/home/jukebox/DPUmesh/bench/report/data/l4-20260728-113431/raw/scout-8192-dpumesh-preload-pilot2-v1.result.attempt1.txt
scout-8192-dpumesh-preload-pilot3-v1,pilot,3,dpumesh-preload,8192,9113,2,9111.000,232.00,471.00,18228,0,4,0,0,0,0.999781,1.000110,0.000000,1,clean,/home/jukebox/DPUmesh/bench/report/data/l4-20260728-113431/raw/scout-8192-dpumesh-preload-pilot3-v1.result.attempt1.txt
scout-8192-dpumesh-preload-pilot4-v1,pilot,4,dpumesh-preload,8192,12303,2,12300.000,247.00,455.00,24608,0,4,0,0,0,0.999756,1.000081,0.000000,1,clean,/home/jukebox/DPUmesh/bench/report/data/l4-20260728-113431/raw/scout-8192-dpumesh-preload-pilot4-v1.result.attempt1.txt
scout-8192-dpumesh-preload-pilot5-v1,pilot,5,dpumesh-preload,8192,16609,2,16608.000,230.00,454.00,33220,0,4,0,0,0,0.999940,1.000060,0.000000,1,clean,/home/jukebox/DPUmesh/bench/report/data/l4-20260728-113431/raw/scout-8192-dpumesh-preload-pilot5-v1.result.attempt1.txt
scout-8192-dpumesh-preload-pilot6-v1,pilot,6,dpumesh-preload,8192,22422,2,22421.000,210.00,325.00,44844,0,3,0,0,0,0.999955,1.000000,0.000000,1,clean,/home/jukebox/DPUmesh/bench/report/data/l4-20260728-113431/raw/scout-8192-dpumesh-preload-pilot6-v1.result.attempt1.txt
scout-8192-dpumesh-preload-pilot7-v1,pilot,7,dpumesh-preload,8192,30270,2,30268.000,216.00,452.00,60540,0,4,0,0,0,0.999934,1.000000,0.000000,1,clean,/home/jukebox/DPUmesh/bench/report/data/l4-20260728-113431/raw/scout-8192-dpumesh-preload-pilot7-v1.result.attempt1.txt
scout-8192-dpumesh-preload-pilot8-v1,pilot,8,dpumesh-preload,8192,40865,2,40863.000,195.00,311.00,81729,0,6,0,0,0,0.999951,0.999988,0.000000,1,clean,/home/jukebox/DPUmesh/bench/report/data/l4-20260728-113431/raw/scout-8192-dpumesh-preload-pilot8-v1.result.attempt1.txt
scout-8192-dpumesh-preload-pilot9-v1,pilot,9,dpumesh-preload,8192,55168,2,55153.000,451.00,857.00,110336,0,34,0,0,0,0.999728,1.000000,0.000000,1,clean,/home/jukebox/DPUmesh/bench/report/data/l4-20260728-113431/raw/scout-8192-dpumesh-preload-pilot9-v1.result.attempt1.txt
scout-8192-dpumesh-preload-pilot10-v1,pilot,10,dpumesh-preload,8192,74477,2,65441.000,40485.00,71498.00,148954,14984,2995,0,0,0,0.878674,1.000000,0.100595,0,achieved+generator_drop+p99,/home/jukebox/DPUmesh/bench/report/data/l4-20260728-113431/raw/scout-8192-dpumesh-preload-pilot10-v1.result.attempt1.txt
scout-8192-dpumesh-preload-validate10-v1,validate,10,dpumesh-preload,8192,74477,10,62274.000,47083.00,77999.00,744769,118872,3036,0,0,0,0.836151,0.999999,0.159609,0,achieved+generator_drop+p99,/home/jukebox/DPUmesh/bench/report/data/l4-20260728-113431/raw/scout-8192-dpumesh-preload-validate10-v1.result.attempt1.txt
scout-8192-dpumesh-preload-validate10-v2,validate,10,dpumesh-preload,8192,74477,10,66135.000,43117.00,70636.00,744772,80396,2943,0,0,0,0.887992,1.000003,0.107947,0,achieved+generator_drop+p99,/home/jukebox/DPUmesh/bench/report/data/l4-20260728-113431/raw/scout-8192-dpumesh-preload-validate10-v2.result.attempt1.txt
scout-8192-dpumesh-preload-backtrack9-v1,backtrack,9,dpumesh-preload,8192,55168,10,55166.000,392.00,924.00,551681,0,21,0,0,0,0.999964,1.000002,0.000000,1,clean,/home/jukebox/DPUmesh/bench/report/data/l4-20260728-113431/raw/scout-8192-dpumesh-preload-backtrack9-v1.result.attempt1.txt
scout-8192-dpumesh-preload-backtrack9-v2,backtrack,9,dpumesh-preload,8192,55168,10,55166.000,375.00,882.00,551680,0,18,0,0,0,0.999964,1.000000,0.000000,1,clean,/home/jukebox/DPUmesh/bench/report/data/l4-20260728-113431/raw/scout-8192-dpumesh-preload-backtrack9-v2.result.attempt1.txt
scout-8192-dpumesh-preload-refine1-v1,refine,1,dpumesh-preload,8192,64100,10,59031.000,44326.00,74561.00,641003,47873,2759,0,0,0,0.920920,1.000005,0.074685,0,achieved+generator_drop+p99,/home/jukebox/DPUmesh/bench/report/data/l4-20260728-113431/raw/scout-8192-dpumesh-preload-refine1-v1.result.attempt1.txt
scout-8192-dpumesh-preload-refine1-v2,refine,1,dpumesh-preload,8192,64100,10,59310.000,32557.00,72586.00,640998,45794,2048,0,0,0,0.925273,0.999997,0.071442,0,achieved+generator_drop+p99,/home/jukebox/DPUmesh/bench/report/data/l4-20260728-113431/raw/scout-8192-dpumesh-preload-refine1-v2.result.attempt1.txt
scout-8192-dpumesh-preload-refine2-v1,refine,2,dpumesh-preload,8192,59467,10,57956.000,31342.00,68868.00,594669,13197,1900,0,0,0,0.974591,0.999998,0.022192,0,achieved+generator_drop+p99,/home/jukebox/DPUmesh/bench/report/data/l4-20260728-113431/raw/scout-8192-dpumesh-preload-refine2-v1.result.attempt1.txt
scout-8192-dpumesh-preload-refine2-v2,refine,2,dpumesh-preload,8192,59467,10,57920.000,31507.00,69091.00,594669,13428,2025,0,0,0,0.973986,0.999998,0.022581,0,achieved+generator_drop+p99,/home/jukebox/DPUmesh/bench/report/data/l4-20260728-113431/raw/scout-8192-dpumesh-preload-refine2-v2.result.attempt1.txt
scout-8192-dpumesh-preload-refine3-v1,refine,3,dpumesh-preload,8192,57277,10,57017.000,25203.00,63984.00,572769,769,1828,0,0,0,0.995461,0.999998,0.001343,0,generator_drop+p99,/home/jukebox/DPUmesh/bench/report/data/l4-20260728-113431/raw/scout-8192-dpumesh-preload-refine3-v1.result.attempt1.txt
scout-8192-dpumesh-preload-refine3-v2,refine,3,dpumesh-preload,8192,57277,10,56950.000,28229.00,66078.00,572769,1350,1920,0,0,0,0.994291,0.999998,0.002357,0,generator_drop+p99,/home/jukebox/DPUmesh/bench/report/data/l4-20260728-113431/raw/scout-8192-dpumesh-preload-refine3-v2.result.attempt1.txt
scout-8192-dpumesh-preload-refine4-v1,refine,4,dpumesh-preload,8192,56213,10,56178.000,4521.00,15821.00,562131,0,352,0,0,0,0.999377,1.000002,0.000000,0,p99,/home/jukebox/DPUmesh/bench/report/data/l4-20260728-113431/raw/scout-8192-dpumesh-preload-refine4-v1.result.attempt1.txt
scout-8192-dpumesh-preload-refine4-v2,refine,4,dpumesh-preload,8192,56213,10,55046.000,32458.00,71758.00,562129,9676,1976,0,0,0,0.979240,0.999998,0.017213,0,achieved+generator_drop+p99,/home/jukebox/DPUmesh/bench/report/data/l4-20260728-113431/raw/scout-8192-dpumesh-preload-refine4-v2.result.attempt1.txt
scout-8192-dpumesh-native-pilot1-v1,pilot,1,dpumesh-native,8192,5000,2,4998.000,314.00,638.00,10000,0,0,0,0,0,0.999600,1.000000,0.000000,1,clean,/home/jukebox/DPUmesh/bench/report/data/l4-20260728-113431/raw/scout-8192-dpumesh-native-pilot1-v1.result.attempt1.txt
scout-8192-dpumesh-native-pilot2-v1,pilot,2,dpumesh-native,8192,6750,2,6748.000,290.00,579.00,13500,0,0,0,0,0,0.999704,1.000000,0.000000,1,clean,/home/jukebox/DPUmesh/bench/report/data/l4-20260728-113431/raw/scout-8192-dpumesh-native-pilot2-v1.result.attempt1.txt
scout-8192-dpumesh-native-pilot3-v1,pilot,3,dpumesh-native,8192,9113,2,9113.000,227.00,552.00,18228,0,1,0,0,0,1.000000,1.000110,0.000000,1,clean,/home/jukebox/DPUmesh/bench/report/data/l4-20260728-113431/raw/scout-8192-dpumesh-native-pilot3-v1.result.attempt1.txt
scout-8192-dpumesh-native-pilot4-v1,pilot,4,dpumesh-native,8192,12303,2,12301.000,220.00,538.00,24608,0,4,0,0,0,0.999837,1.000081,0.000000,1,clean,/home/jukebox/DPUmesh/bench/report/data/l4-20260728-113431/raw/scout-8192-dpumesh-native-pilot4-v1.result.attempt1.txt
scout-8192-dpumesh-native-pilot5-v1,pilot,5,dpumesh-native,8192,16609,2,16607.000,215.00,488.00,33220,0,4,0,0,0,0.999880,1.000060,0.000000,1,clean,/home/jukebox/DPUmesh/bench/report/data/l4-20260728-113431/raw/scout-8192-dpumesh-native-pilot5-v1.result.attempt1.txt
scout-8192-dpumesh-native-pilot6-v1,pilot,6,dpumesh-native,8192,22422,2,22419.000,211.00,462.00,44844,0,4,0,0,0,0.999866,1.000000,0.000000,1,clean,/home/jukebox/DPUmesh/bench/report/data/l4-20260728-113431/raw/scout-8192-dpumesh-native-pilot6-v1.result.attempt1.txt
scout-8192-dpumesh-native-pilot7-v1,pilot,7,dpumesh-native,8192,30270,2,30269.000,203.00,378.00,60540,0,3,0,0,0,0.999967,1.000000,0.000000,1,clean,/home/jukebox/DPUmesh/bench/report/data/l4-20260728-113431/raw/scout-8192-dpumesh-native-pilot7-v1.result.attempt1.txt
scout-8192-dpumesh-native-pilot8-v1,pilot,8,dpumesh-native,8192,40865,2,40864.000,203.00,413.00,81732,0,6,0,0,0,0.999976,1.000024,0.000000,1,clean,/home/jukebox/DPUmesh/bench/report/data/l4-20260728-113431/raw/scout-8192-dpumesh-native-pilot8-v1.result.attempt1.txt
scout-8192-dpumesh-native-pilot9-v1,pilot,9,dpumesh-native,8192,55168,2,55165.000,208.00,394.00,110336,0,9,0,0,0,0.999946,1.000000,0.000000,1,clean,/home/jukebox/DPUmesh/bench/report/data/l4-20260728-113431/raw/scout-8192-dpumesh-native-pilot9-v1.result.attempt1.txt
scout-8192-dpumesh-native-pilot10-v1,pilot,10,dpumesh-native,8192,74477,2,74473.000,207.00,465.00,148953,0,13,0,0,0,0.999946,0.999993,0.000000,1,clean,/home/jukebox/DPUmesh/bench/report/data/l4-20260728-113431/raw/scout-8192-dpumesh-native-pilot10-v1.result.attempt1.txt
scout-8192-dpumesh-native-pilot11-v1,pilot,11,dpumesh-native,8192,100544,2,100539.000,211.00,420.00,201087,0,20,0,0,0,0.999950,0.999995,0.000000,1,clean,/home/jukebox/DPUmesh/bench/report/data/l4-20260728-113431/raw/scout-8192-dpumesh-native-pilot11-v1.result.attempt1.txt
scout-8192-dpumesh-native-pilot12-v1,pilot,12,dpumesh-native,8192,135734,2,135729.000,209.00,494.00,271467,0,21,0,0,0,0.999963,0.999996,0.000000,1,clean,/home/jukebox/DPUmesh/bench/report/data/l4-20260728-113431/raw/scout-8192-dpumesh-native-pilot12-v1.result.attempt1.txt
scout-8192-dpumesh-native-pilot13-v1,pilot,13,dpumesh-native,8192,183241,2,183239.000,212.00,419.00,366479,0,34,0,0,0,0.999989,0.999992,0.000000,1,clean,/home/jukebox/DPUmesh/bench/report/data/l4-20260728-113431/raw/scout-8192-dpumesh-native-pilot13-v1.result.attempt1.txt
scout-8192-dpumesh-native-pilot14-v1,pilot,14,dpumesh-native,8192,247375,2,247376.000,203.00,294.00,494749,0,44,0,0,0,1.000004,0.999998,0.000000,1,clean,/home/jukebox/DPUmesh/bench/report/data/l4-20260728-113431/raw/scout-8192-dpumesh-native-pilot14-v1.result.attempt1.txt
scout-8192-dpumesh-native-pilot15-v1,pilot,15,dpumesh-native,8192,333956,2,333962.000,225.00,573.00,667901,0,73,0,0,0,1.000018,0.999984,0.000000,1,clean,/home/jukebox/DPUmesh/bench/report/data/l4-20260728-113431/raw/scout-8192-dpumesh-native-pilot15-v1.result.attempt1.txt
scout-8192-dpumesh-native-pilot16-v1,pilot,16,dpumesh-native,8192,450841,2,450834.000,246.00,406.00,901664,0,106,0,0,0,0.999984,0.999980,0.000000,1,clean,/home/jukebox/DPUmesh/bench/report/data/l4-20260728-113431/raw/scout-8192-dpumesh-native-pilot16-v1.result.attempt1.txt
scout-8192-dpumesh-native-pilot17-v1,pilot,17,dpumesh-native,8192,608635,2,608636.000,521.00,1433.00,1217248,0,356,0,0,0,1.000002,0.999982,0.000000,1,clean,/home/jukebox/DPUmesh/bench/report/data/l4-20260728-113431/raw/scout-8192-dpumesh-native-pilot17-v1.result.attempt1.txt
scout-8192-dpumesh-native-pilot18-v1,pilot,18,dpumesh-native,8192,610352,2,610451.000,436.00,1621.00,1220693,0,255,0,0,0,1.000162,0.999991,0.000000,1,clean,/home/jukebox/DPUmesh/bench/report/data/l4-20260728-113431/raw/scout-8192-dpumesh-native-pilot18-v1.result.attempt1.txt
scout-8192-dpumesh-native-validate18-v1,validate,18,dpumesh-native,8192,610352,10,609929.000,492.00,2050.00,6103507,3944,571,0,0,0,0.999307,0.999998,0.000646,1,clean,/home/jukebox/DPUmesh/bench/report/data/l4-20260728-113431/raw/scout-8192-dpumesh-native-validate18-v1.result.attempt1.txt
scout-8192-dpumesh-native-validate18-v2,validate,18,dpumesh-native,8192,610352,10,610010.000,428.00,1284.00,6103492,3600,298,0,0,0,0.999440,0.999995,0.000590,1,clean,/home/jukebox/DPUmesh/bench/report/data/l4-20260728-113431/raw/scout-8192-dpumesh-native-validate18-v2.result.attempt1.txt
scout-8192-plain-pilot1-v1,pilot,1,plain,8192,5000,2,4998.000,160.00,279.00,10000,0,0,0,0,0,0.999600,1.000000,0.000000,1,clean,/home/jukebox/DPUmesh/bench/report/data/l4-20260728-113431/raw/scout-8192-plain-pilot1-v1.result.attempt1.txt
scout-8192-plain-pilot2-v1,pilot,2,plain,8192,6750,2,6748.000,158.00,295.00,13500,0,0,0,0,0,0.999704,1.000000,0.000000,1,clean,/home/jukebox/DPUmesh/bench/report/data/l4-20260728-113431/raw/scout-8192-plain-pilot2-v1.result.attempt1.txt
scout-8192-plain-pilot3-v1,pilot,3,plain,8192,9113,2,9111.000,91.00,278.00,18228,0,0,0,0,0,0.999781,1.000110,0.000000,1,clean,/home/jukebox/DPUmesh/bench/report/data/l4-20260728-113431/raw/scout-8192-plain-pilot3-v1.result.attempt1.txt
scout-8192-plain-pilot4-v1,pilot,4,plain,8192,12303,2,12300.000,139.00,293.00,24608,0,4,0,0,0,0.999756,1.000081,0.000000,1,clean,/home/jukebox/DPUmesh/bench/report/data/l4-20260728-113431/raw/scout-8192-plain-pilot4-v1.result.attempt1.txt
scout-8192-plain-pilot5-v1,pilot,5,plain,8192,16609,2,16607.000,86.00,325.00,33220,0,0,0,0,0,0.999880,1.000060,0.000000,1,clean,/home/jukebox/DPUmesh/bench/report/data/l4-20260728-113431/raw/scout-8192-plain-pilot5-v1.result.attempt1.txt
scout-8192-plain-pilot6-v1,pilot,6,plain,8192,22422,2,22420.000,86.00,325.00,44844,0,0,0,0,0,0.999911,1.000000,0.000000,1,clean,/home/jukebox/DPUmesh/bench/report/data/l4-20260728-113431/raw/scout-8192-plain-pilot6-v1.result.attempt1.txt
scout-8192-plain-pilot7-v1,pilot,7,plain,8192,30270,2,30268.000,81.00,99.00,60540,0,0,0,0,0,0.999934,1.000000,0.000000,1,clean,/home/jukebox/DPUmesh/bench/report/data/l4-20260728-113431/raw/scout-8192-plain-pilot7-v1.result.attempt1.txt
scout-8192-plain-pilot8-v1,pilot,8,plain,8192,40865,2,40862.000,84.00,130.00,81731,0,3,0,0,0,0.999927,1.000012,0.000000,1,clean,/home/jukebox/DPUmesh/bench/report/data/l4-20260728-113431/raw/scout-8192-plain-pilot8-v1.result.attempt1.txt
scout-8192-plain-pilot9-v1,pilot,9,plain,8192,55168,2,55164.000,79.00,143.00,110335,0,4,0,0,0,0.999927,0.999991,0.000000,1,clean,/home/jukebox/DPUmesh/bench/report/data/l4-20260728-113431/raw/scout-8192-plain-pilot9-v1.result.attempt1.txt
scout-8192-plain-pilot10-v1,pilot,10,plain,8192,74477,2,74472.000,68.00,161.00,148955,0,9,0,0,0,0.999933,1.000007,0.000000,1,clean,/home/jukebox/DPUmesh/bench/report/data/l4-20260728-113431/raw/scout-8192-plain-pilot10-v1.result.attempt1.txt
scout-8192-plain-pilot11-v1,pilot,11,plain,8192,100544,2,100540.000,72.00,187.00,201085,0,7,0,0,0,0.999960,0.999985,0.000000,1,clean,/home/jukebox/DPUmesh/bench/report/data/l4-20260728-113431/raw/scout-8192-plain-pilot11-v1.result.attempt1.txt
scout-8192-plain-pilot12-v1,pilot,12,plain,8192,135734,2,135720.000,82.00,172.00,271462,485,7,0,0,0,0.999897,0.999978,0.001787,0,generator_drop,/home/jukebox/DPUmesh/bench/report/data/l4-20260728-113431/raw/scout-8192-plain-pilot12-v1.result.attempt1.txt
scout-8192-plain-validate12-v1,validate,12,plain,8192,135734,10,135733.000,76.00,168.00,1357341,284,7,0,0,0,0.999993,1.000001,0.000209,1,clean,/home/jukebox/DPUmesh/bench/report/data/l4-20260728-113431/raw/scout-8192-plain-validate12-v1.result.attempt1.txt
scout-8192-plain-validate12-v2,validate,12,plain,8192,135734,10,135734.000,79.00,163.00,1357338,329,6,0,0,0,1.000000,0.999999,0.000242,1,clean,/home/jukebox/DPUmesh/bench/report/data/l4-20260728-113431/raw/scout-8192-plain-validate12-v2.result.attempt1.txt
scout-8192-plain-pilot13-v1,pilot,13,plain,8192,183241,2,183235.000,82.00,153.00,366475,772,10,0,0,0,0.999967,0.999981,0.002107,0,generator_drop,/home/jukebox/DPUmesh/bench/report/data/l4-20260728-113431/raw/scout-8192-plain-pilot13-v1.result.attempt1.txt
scout-8192-plain-validate13-v1,validate,13,plain,8192,183241,10,183242.000,80.00,153.00,1832403,0,8,0,0,0,1.000005,0.999996,0.000000,1,clean,/home/jukebox/DPUmesh/bench/report/data/l4-20260728-113431/raw/scout-8192-plain-validate13-v1.result.attempt1.txt
scout-8192-plain-validate13-v2,validate,13,plain,8192,183241,10,183242.000,82.00,160.00,1832403,729,13,0,0,0,1.000005,0.999996,0.000398,1,clean,/home/jukebox/DPUmesh/bench/report/data/l4-20260728-113431/raw/scout-8192-plain-validate13-v2.result.attempt1.txt
scout-8192-plain-pilot14-v1,pilot,14,plain,8192,247375,2,247382.000,93.00,160.00,494746,158,14,0,0,0,1.000028,0.999992,0.000319,1,clean,/home/jukebox/DPUmesh/bench/report/data/l4-20260728-113431/raw/scout-8192-plain-pilot14-v1.result.attempt1.txt
scout-8192-plain-pilot15-v1,pilot,15,plain,8192,333956,2,330617.000,167.00,321.00,667910,7726,32,0,0,0,0.990002,0.999997,0.011567,0,generator_drop,/home/jukebox/DPUmesh/bench/report/data/l4-20260728-113431/raw/scout-8192-plain-pilot15-v1.result.attempt1.txt
scout-8192-plain-validate15-v1,validate,15,plain,8192,333956,10,333925.000,225.00,571.00,3339530,605,18,0,0,0,0.999907,0.999991,0.000181,1,clean,/home/jukebox/DPUmesh/bench/report/data/l4-20260728-113431/raw/scout-8192-plain-validate15-v1.result.attempt1.txt
scout-8192-plain-validate15-v2,validate,15,plain,8192,333956,10,333796.000,170.00,309.00,3339557,1828,51,0,0,0,0.999521,0.999999,0.000547,1,clean,/home/jukebox/DPUmesh/bench/report/data/l4-20260728-113431/raw/scout-8192-plain-validate15-v2.result.attempt1.txt
scout-8192-plain-pilot16-v1,pilot,16,plain,8192,450841,2,390665.000,424.00,1149.00,901636,120680,84,0,0,0,0.866525,0.999949,0.133846,0,achieved+generator_drop,/home/jukebox/DPUmesh/bench/report/data/l4-20260728-113431/raw/scout-8192-plain-pilot16-v1.result.attempt1.txt
scout-8192-plain-validate16-v1,validate,16,plain,8192,450841,10,420750.000,418.00,992.00,4508382,301216,114,0,0,0,0.933256,0.999994,0.066812,0,achieved+generator_drop,/home/jukebox/DPUmesh/bench/report/data/l4-20260728-113431/raw/scout-8192-plain-validate16-v1.result.attempt1.txt
scout-8192-plain-validate16-v2,validate,16,plain,8192,450841,10,436481.000,417.00,838.00,4508354,143925,62,0,0,0,0.968148,0.999988,0.031924,0,achieved+generator_drop,/home/jukebox/DPUmesh/bench/report/data/l4-20260728-113431/raw/scout-8192-plain-validate16-v2.result.attempt1.txt
scout-8192-plain-refine1-v1,refine,1,plain,8192,388022,10,361244.000,387.00,1139.00,3880143,268269,19,0,0,0,0.930988,0.999980,0.069139,0,achieved+generator_drop,/home/jukebox/DPUmesh/bench/report/data/l4-20260728-113431/raw/scout-8192-plain-refine1-v1.result.attempt1.txt
scout-8192-plain-refine1-v2,refine,1,plain,8192,388022,10,387972.000,224.00,503.00,3880164,2378,35,0,0,0,0.999871,0.999986,0.000613,1,clean,/home/jukebox/DPUmesh/bench/report/data/l4-20260728-113431/raw/scout-8192-plain-refine1-v2.result.attempt1.txt
scout-8192-plain-refine1-v3,refine,1,plain,8192,388022,10,387878.000,219.00,445.00,3880211,1730,85,0,0,0,0.999629,0.999998,0.000446,1,clean,/home/jukebox/DPUmesh/bench/report/data/l4-20260728-113431/raw/scout-8192-plain-refine1-v3.result.attempt1.txt
scout-8192-plain-refine2-v1,refine,2,plain,8192,418254,10,407126.000,293.00,897.00,4182496,111249,27,0,0,0,0.973394,0.999989,0.026599,0,achieved+generator_drop,/home/jukebox/DPUmesh/bench/report/data/l4-20260728-113431/raw/scout-8192-plain-refine2-v1.result.attempt1.txt
scout-8192-plain-refine2-v2,refine,2,plain,8192,418254,10,386843.000,361.00,1118.00,4182494,314052,33,0,0,0,0.924900,0.999989,0.075087,0,achieved+generator_drop,/home/jukebox/DPUmesh/bench/report/data/l4-20260728-113431/raw/scout-8192-plain-refine2-v2.result.attempt1.txt
scout-8192-plain-refine3-v1,refine,3,plain,8192,402855,10,401314.000,275.00,713.00,4028531,15797,54,0,0,0,0.996175,0.999995,0.003921,0,generator_drop,/home/jukebox/DPUmesh/bench/report/data/l4-20260728-113431/raw/scout-8192-plain-refine3-v1.result.attempt1.txt
scout-8192-plain-refine3-v2,refine,3,plain,8192,402855,10,338147.000,450.00,1429.00,4028468,647325,14,0,0,0,0.839376,0.999980,0.160688,0,achieved+generator_drop,/home/jukebox/DPUmesh/bench/report/data/l4-20260728-113431/raw/scout-8192-plain-refine3-v2.result.attempt1.txt
scout-8192-plain-refine4-v1,refine,4,plain,8192,395369,10,375317.000,286.00,1095.00,3953605,200429,11,0,0,0,0.949283,0.999979,0.050695,0,achieved+generator_drop,/home/jukebox/DPUmesh/bench/report/data/l4-20260728-113431/raw/scout-8192-plain-refine4-v1.result.attempt1.txt
scout-8192-plain-refine4-v2,refine,4,plain,8192,395369,10,395271.000,231.00,546.00,3953658,1001,51,0,0,0,0.999752,0.999992,0.000253,1,clean,/home/jukebox/DPUmesh/bench/report/data/l4-20260728-113431/raw/scout-8192-plain-refine4-v2.result.attempt1.txt
scout-8192-plain-refine4-v3,refine,4,plain,8192,395369,10,395208.000,236.00,587.00,3953684,2912,49,0,0,0,0.999593,0.999998,0.000737,1,clean,/home/jukebox/DPUmesh/bench/report/data/l4-20260728-113431/raw/scout-8192-plain-refine4-v3.result.attempt1.txt
scout-8192-envoy-permissive-pilot1-v1,pilot,1,envoy-permissive,8192,5000,2,4999.000,354.00,447.00,10000,0,0,0,0,0,0.999800,1.000000,0.000000,1,clean,/home/jukebox/DPUmesh/bench/report/data/l4-20260728-113431/raw/scout-8192-envoy-permissive-pilot1-v1.result.attempt1.txt
scout-8192-envoy-permissive-pilot2-v1,pilot,2,envoy-permissive,8192,6750,2,6749.000,346.00,459.00,13500,0,0,0,0,0,0.999852,1.000000,0.000000,1,clean,/home/jukebox/DPUmesh/bench/report/data/l4-20260728-113431/raw/scout-8192-envoy-permissive-pilot2-v1.result.attempt1.txt
scout-8192-envoy-permissive-pilot3-v1,pilot,3,envoy-permissive,8192,9113,2,9111.000,184.00,448.00,18228,0,0,0,0,0,0.999781,1.000110,0.000000,1,clean,/home/jukebox/DPUmesh/bench/report/data/l4-20260728-113431/raw/scout-8192-envoy-permissive-pilot3-v1.result.attempt1.txt
scout-8192-envoy-permissive-pilot4-v1,pilot,4,envoy-permissive,8192,12303,2,12299.000,189.00,541.00,24608,0,4,0,0,0,0.999675,1.000081,0.000000,1,clean,/home/jukebox/DPUmesh/bench/report/data/l4-20260728-113431/raw/scout-8192-envoy-permissive-pilot4-v1.result.attempt1.txt
scout-8192-envoy-permissive-pilot5-v1,pilot,5,envoy-permissive,8192,16609,2,16606.000,186.00,455.00,33220,0,3,0,0,0,0.999819,1.000060,0.000000,1,clean,/home/jukebox/DPUmesh/bench/report/data/l4-20260728-113431/raw/scout-8192-envoy-permissive-pilot5-v1.result.attempt1.txt
scout-8192-envoy-permissive-pilot6-v1,pilot,6,envoy-permissive,8192,22422,2,22420.000,164.00,531.00,44844,0,2,0,0,0,0.999911,1.000000,0.000000,1,clean,/home/jukebox/DPUmesh/bench/report/data/l4-20260728-113431/raw/scout-8192-envoy-permissive-pilot6-v1.result.attempt1.txt
scout-8192-envoy-permissive-pilot7-v1,pilot,7,envoy-permissive,8192,30270,2,30267.000,165.00,314.00,60540,0,4,0,0,0,0.999901,1.000000,0.000000,1,clean,/home/jukebox/DPUmesh/bench/report/data/l4-20260728-113431/raw/scout-8192-envoy-permissive-pilot7-v1.result.attempt1.txt
scout-8192-envoy-permissive-pilot8-v1,pilot,8,envoy-permissive,8192,40865,2,40863.000,268.00,404.00,81728,0,6,0,0,0,0.999951,0.999976,0.000000,1,clean,/home/jukebox/DPUmesh/bench/report/data/l4-20260728-113431/raw/scout-8192-envoy-permissive-pilot8-v1.result.attempt1.txt
scout-8192-envoy-permissive-pilot9-v1,pilot,9,envoy-permissive,8192,55168,2,55167.000,275.00,396.00,110334,0,11,0,0,0,0.999982,0.999982,0.000000,1,clean,/home/jukebox/DPUmesh/bench/report/data/l4-20260728-113431/raw/scout-8192-envoy-permissive-pilot9-v1.result.attempt1.txt
scout-8192-envoy-permissive-pilot10-v1,pilot,10,envoy-permissive,8192,74477,2,74475.000,285.00,429.00,148951,0,19,0,0,0,0.999973,0.999980,0.000000,1,clean,/home/jukebox/DPUmesh/bench/report/data/l4-20260728-113431/raw/scout-8192-envoy-permissive-pilot10-v1.result.attempt1.txt
scout-8192-envoy-permissive-pilot11-v1,pilot,11,envoy-permissive,8192,100544,2,100535.000,282.00,425.00,201081,0,25,0,0,0,0.999910,0.999965,0.000000,1,clean,/home/jukebox/DPUmesh/bench/report/data/l4-20260728-113431/raw/scout-8192-envoy-permissive-pilot11-v1.result.attempt1.txt
scout-8192-envoy-permissive-pilot12-v1,pilot,12,envoy-permissive,8192,135734,2,135727.000,335.00,508.00,271468,0,41,0,0,0,0.999948,1.000000,0.000000,1,clean,/home/jukebox/DPUmesh/bench/report/data/l4-20260728-113431/raw/scout-8192-envoy-permissive-pilot12-v1.result.attempt1.txt
scout-8192-envoy-permissive-pilot13-v1,pilot,13,envoy-permissive,8192,183241,2,183237.000,498.00,735.00,366455,0,75,0,0,0,0.999978,0.999926,0.000000,1,clean,/home/jukebox/DPUmesh/bench/report/data/l4-20260728-113431/raw/scout-8192-envoy-permissive-pilot13-v1.result.attempt1.txt
scout-8192-envoy-permissive-pilot14-v1,pilot,14,envoy-permissive,8192,247375,2,243286.000,2897.00,4067.00,494623,8783,527,0,0,0,0.983470,0.999743,0.017757,0,generator_drop,/home/jukebox/DPUmesh/bench/report/data/l4-20260728-113431/raw/scout-8192-envoy-permissive-pilot14-v1.result.attempt1.txt
scout-8192-envoy-permissive-validate14-v1,validate,14,envoy-permissive,8192,247375,10,242484.000,2970.00,4037.00,2473558,49379,556,0,0,0,0.980228,0.999922,0.019963,0,generator_drop,/home/jukebox/DPUmesh/bench/report/data/l4-20260728-113431/raw/scout-8192-envoy-permissive-validate14-v1.result.attempt1.txt
scout-8192-envoy-permissive-validate14-v2,validate,14,envoy-permissive,8192,247375,10,247374.000,1519.00,2932.00,2473671,652,349,0,0,0,0.999996,0.999968,0.000264,1,clean,/home/jukebox/DPUmesh/bench/report/data/l4-20260728-113431/raw/scout-8192-envoy-permissive-validate14-v2.result.attempt1.txt
scout-8192-envoy-permissive-validate14-v3,validate,14,envoy-permissive,8192,247375,10,247360.000,1511.00,3026.00,2473744,910,337,0,0,0,0.999939,0.999998,0.000368,1,clean,/home/jukebox/DPUmesh/bench/report/data/l4-20260728-113431/raw/scout-8192-envoy-permissive-validate14-v3.result.attempt1.txt
scout-8192-envoy-permissive-pilot15-v1,pilot,15,envoy-permissive,8192,333956,2,253437.000,3617.00,4575.00,667758,160871,812,0,0,0,0.758893,0.999769,0.240912,0,achieved+generator_drop,/home/jukebox/DPUmesh/bench/report/data/l4-20260728-113431/raw/scout-8192-envoy-permissive-pilot15-v1.result.attempt1.txt
scout-8192-envoy-permissive-validate15-v1,validate,15,envoy-permissive,8192,333956,10,254667.000,3693.00,4594.00,3339319,793200,755,0,0,0,0.762577,0.999928,0.237533,0,achieved+generator_drop,/home/jukebox/DPUmesh/bench/report/data/l4-20260728-113431/raw/scout-8192-envoy-permissive-validate15-v1.result.attempt1.txt
scout-8192-envoy-permissive-validate15-v2,validate,15,envoy-permissive,8192,333956,10,253859.000,3703.00,4610.00,3339406,801243,759,0,0,0,0.760157,0.999954,0.239936,0,achieved+generator_drop,/home/jukebox/DPUmesh/bench/report/data/l4-20260728-113431/raw/scout-8192-envoy-permissive-validate15-v2.result.attempt1.txt
scout-8192-envoy-permissive-refine1-v1,refine,1,envoy-permissive,8192,287424,10,258537.000,3210.00,4071.00,2874166,289163,732,0,0,0,0.899497,0.999974,0.100608,0,achieved+generator_drop,/home/jukebox/DPUmesh/bench/report/data/l4-20260728-113431/raw/scout-8192-envoy-permissive-refine1-v1.result.attempt1.txt
scout-8192-envoy-permissive-refine1-v2,refine,1,envoy-permissive,8192,287424,10,242607.000,3543.00,4477.00,2874090,448377,788,0,0,0,0.844074,0.999948,0.156007,0,achieved+generator_drop,/home/jukebox/DPUmesh/bench/report/data/l4-20260728-113431/raw/scout-8192-envoy-permissive-refine1-v2.result.attempt1.txt
scout-8192-envoy-permissive-refine2-v1,refine,2,envoy-permissive,8192,266649,10,258822.000,2914.00,3769.00,2666373,78582,679,0,0,0,0.970647,0.999956,0.029471,0,achieved+generator_drop,/home/jukebox/DPUmesh/bench/report/data/l4-20260728-113431/raw/scout-8192-envoy-permissive-refine2-v1.result.attempt1.txt
scout-8192-envoy-permissive-refine2-v2,refine,2,envoy-permissive,8192,266649,10,243793.000,3263.00,4247.00,2666458,228819,710,0,0,0,0.914284,0.999988,0.085814,0,achieved+generator_drop,/home/jukebox/DPUmesh/bench/report/data/l4-20260728-113431/raw/scout-8192-envoy-permissive-refine2-v2.result.attempt1.txt
scout-8192-envoy-permissive-refine3-v1,refine,3,envoy-permissive,8192,256831,10,256071.000,2556.00,3537.00,2568170,8142,521,0,0,0,0.997041,0.999945,0.003170,0,generator_drop,/home/jukebox/DPUmesh/bench/report/data/l4-20260728-113431/raw/scout-8192-envoy-permissive-refine3-v1.result.attempt1.txt
scout-8192-envoy-permissive-refine3-v2,refine,3,envoy-permissive,8192,256831,10,243688.000,3134.00,4122.00,2568103,131559,680,0,0,0,0.948826,0.999919,0.051228,0,achieved+generator_drop,/home/jukebox/DPUmesh/bench/report/data/l4-20260728-113431/raw/scout-8192-envoy-permissive-refine3-v2.result.attempt1.txt
scout-8192-envoy-permissive-refine4-v1,refine,4,envoy-permissive,8192,252059,10,242808.000,3091.00,4062.00,2520557,92647,673,0,0,0,0.963298,0.999987,0.036757,0,achieved+generator_drop,/home/jukebox/DPUmesh/bench/report/data/l4-20260728-113431/raw/scout-8192-envoy-permissive-refine4-v1.result.attempt1.txt
scout-8192-envoy-permissive-refine4-v2,refine,4,envoy-permissive,8192,252059,10,241540.000,3087.00,4093.00,2520546,105269,675,0,0,0,0.958268,0.999983,0.041764,0,achieved+generator_drop,/home/jukebox/DPUmesh/bench/report/data/l4-20260728-113431/raw/scout-8192-envoy-permissive-refine4-v2.result.attempt1.txt
