run_id,phase,config,payload_bytes,reply_bytes,threads,arrival,rate_index,offered_rps,reported_offered_rps,rep,duration_s,achieved_rps,gbps,p50_us,p95_us,p99_us,p999_us,p9999_us,avg_us,min_us,max_us,ok,scheduled,pending,fail,drops,overflow,reorder,client_app_cores,client_app_user_cores,client_app_system_cores,server_app_cores,server_app_user_cores,server_app_system_cores,client_sidecar_cores,client_sidecar_user_cores,client_sidecar_system_cores,server_sidecar_cores,server_sidecar_user_cores,server_sidecar_system_cores,host_cgroup_cores,host_cgroup_user_cores,host_cgroup_system_cores,host_busy_cores,host_user_cores,host_system_cores,host_irq_cores,host_softirq_cores,system_softirq_cores,dpu_arm_cores,nr_throttled,throttled_seconds,core_list,mpstat_file,perf_data,validation_status
idle-0-q0-envoy-permissive-r1,idle,envoy-permissive,0,8,4,none,0,0,0,1,5,0.000,0,0,0,0,0,0,0,0,0,0,0,0,0,0,0,0,0.000000,0.000000,0.000000,0.000000,0.000000,0.000000,0.004050,0.000976,0.003075,0.003566,0.002036,0.001530,0.007616,0.003012,0.004605,0.019990,0.013993,0.005997,0.000000,0.000000,0.007996,NA,0.000000,0.000000,22;23,/home/jukebox/DPUmesh/bench/report/data/l4-20260728-022756/raw/mpstat/idle-0-q0-envoy-permissive-r1.txt,NA,ok
idle-0-q0-envoy-strict-r1,idle,envoy-strict,0,8,4,none,0,0,0,1,5,0.000,0,0,0,0,0,0,0,0,0,0,0,0,0,0,0,0,0.000000,0.000000,0.000000,0.000000,0.000000,0.000000,0.003646,0.000922,0.002723,0.003259,0.001392,0.001868,0.006905,0.002314,0.004591,0.019991,0.013993,0.005997,0.000000,0.000000,0.015992,NA,0.000000,0.000000,24;25,/home/jukebox/DPUmesh/bench/report/data/l4-20260728-022756/raw/mpstat/idle-0-q0-envoy-strict-r1.txt,NA,ok
idle-0-q0-dpumesh-preload-r1,idle,dpumesh-preload,0,8,4,none,0,0,0,1,5,0.000,0,0,0,0,0,0,0,0,0,0,0,0,0,0,0,0,0.000082,0.000021,0.000061,0.000076,0.000017,0.000059,0.000000,0.000000,0.000000,0.000000,0.000000,0.000000,0.000158,0.000038,0.000120,0.021989,0.015992,0.005997,0.000000,0.000000,0.005997,0.151852,0.000000,0.000000,18;19,/home/jukebox/DPUmesh/bench/report/data/l4-20260728-022756/raw/mpstat/idle-0-q0-dpumesh-preload-r1.txt,NA,ok
idle-0-q0-plain-r1,idle,plain,0,8,4,none,0,0,0,1,5,0.000,0,0,0,0,0,0,0,0,0,0,0,0,0,0,0,0,0.000000,0.000000,0.000000,0.000000,0.000000,0.000000,0.000000,0.000000,0.000000,0.000000,0.000000,0.000000,0.000000,0.000000,0.000000,0.013993,0.009995,0.003998,0.000000,0.000000,0.007996,NA,0.000000,0.000000,20;21,/home/jukebox/DPUmesh/bench/report/data/l4-20260728-022756/raw/mpstat/idle-0-q0-plain-r1.txt,NA,ok
idle-0-q0-envoy-strict-r2,idle,envoy-strict,0,8,4,none,0,0,0,2,5,0.000,0,0,0,0,0,0,0,0,0,0,0,0,0,0,0,0,0.000000,0.000000,0.000000,0.000000,0.000000,0.000000,0.003662,0.001945,0.001717,0.003187,0.000917,0.002270,0.006849,0.002862,0.003987,0.015992,0.009995,0.005997,0.000000,0.000000,0.011994,NA,0.000000,0.000000,24;25,/home/jukebox/DPUmesh/bench/report/data/l4-20260728-022756/raw/mpstat/idle-0-q0-envoy-strict-r2.txt,NA,ok
idle-0-q0-dpumesh-preload-r2,idle,dpumesh-preload,0,8,4,none,0,0,0,2,5,0.000,0,0,0,0,0,0,0,0,0,0,0,0,0,0,0,0,0.000076,0.000019,0.000057,0.000075,0.000017,0.000058,0.000000,0.000000,0.000000,0.000000,0.000000,0.000000,0.000151,0.000036,0.000115,0.023989,0.017991,0.005997,0.000000,0.000000,0.005997,0.142857,0.000000,0.000000,18;19,/home/jukebox/DPUmesh/bench/report/data/l4-20260728-022756/raw/mpstat/idle-0-q0-dpumesh-preload-r2.txt,NA,ok
idle-0-q0-plain-r2,idle,plain,0,8,4,none,0,0,0,2,5,0.000,0,0,0,0,0,0,0,0,0,0,0,0,0,0,0,0,0.000000,0.000000,0.000000,0.000000,0.000000,0.000000,0.000000,0.000000,0.000000,0.000000,0.000000,0.000000,0.000000,0.000000,0.000000,0.013993,0.007996,0.005997,0.000000,0.000000,0.009995,NA,0.000000,0.000000,20;21,/home/jukebox/DPUmesh/bench/report/data/l4-20260728-022756/raw/mpstat/idle-0-q0-plain-r2.txt,NA,ok
idle-0-q0-envoy-permissive-r2,idle,envoy-permissive,0,8,4,none,0,0,0,2,5,0.000,0,0,0,0,0,0,0,0,0,0,0,0,0,0,0,0,0.000000,0.000000,0.000000,0.000000,0.000000,0.000000,0.003766,0.000446,0.003320,0.003681,0.000804,0.002877,0.007447,0.001250,0.006197,0.009995,0.007996,0.001999,0.000000,0.000000,0.005997,NA,0.000000,0.000000,22;23,/home/jukebox/DPUmesh/bench/report/data/l4-20260728-022756/raw/mpstat/idle-0-q0-envoy-permissive-r2.txt,NA,ok
idle-0-q0-dpumesh-preload-r3,idle,dpumesh-preload,0,8,4,none,0,0,0,3,5,0.000,0,0,0,0,0,0,0,0,0,0,0,0,0,0,0,0,0.000070,0.000018,0.000052,0.000077,0.000077,0.000000,0.000000,0.000000,0.000000,0.000000,0.000000,0.000000,0.000147,0.000095,0.000052,0.017991,0.011994,0.005997,0.000000,0.000000,0.005997,0.142857,0.000000,0.000000,18;19,/home/jukebox/DPUmesh/bench/report/data/l4-20260728-022756/raw/mpstat/idle-0-q0-dpumesh-preload-r3.txt,NA,ok
idle-0-q0-plain-r3,idle,plain,0,8,4,none,0,0,0,3,5,0.000,0,0,0,0,0,0,0,0,0,0,0,0,0,0,0,0,0.000000,0.000000,0.000000,0.000000,0.000000,0.000000,0.000000,0.000000,0.000000,0.000000,0.000000,0.000000,0.000000,0.000000,0.000000,0.027985,0.017991,0.007996,0.000000,0.001999,0.003998,NA,0.000000,0.000000,20;21,/home/jukebox/DPUmesh/bench/report/data/l4-20260728-022756/raw/mpstat/idle-0-q0-plain-r3.txt,NA,ok
idle-0-q0-envoy-permissive-r3,idle,envoy-permissive,0,8,4,none,0,0,0,3,5,0.000,0,0,0,0,0,0,0,0,0,0,0,0,0,0,0,0,0.000000,0.000000,0.000000,0.000000,0.000000,0.000000,0.003851,0.000935,0.002916,0.003528,0.001677,0.001851,0.007379,0.002612,0.004767,0.019990,0.011994,0.005997,0.000000,0.001999,0.007996,NA,0.000000,0.000000,22;23,/home/jukebox/DPUmesh/bench/report/data/l4-20260728-022756/raw/mpstat/idle-0-q0-envoy-permissive-r3.txt,NA,ok
idle-0-q0-envoy-strict-r3,idle,envoy-strict,0,8,4,none,0,0,0,3,5,0.000,0,0,0,0,0,0,0,0,0,0,0,0,0,0,0,0,0.000000,0.000000,0.000000,0.000000,0.000000,0.000000,0.003558,0.000000,0.003558,0.003354,0.001076,0.002278,0.006912,0.001076,0.005836,0.033984,0.015992,0.015992,0.000000,0.001999,0.009995,NA,0.000000,0.000000,24;25,/home/jukebox/DPUmesh/bench/report/data/l4-20260728-022756/raw/mpstat/idle-0-q0-envoy-strict-r3.txt,NA,ok
load-64-q1-envoy-strict-r1,load,envoy-strict,64,8,4,const,1,11159,11159,1,10.000,11159.000,0.0057,191.00,509.00,553.00,659.00,2555.00,237.61,70.16,3527.36,110790,111592,2,0,0,0,0,0.101586,0.015109,0.086477,0.064584,0.003188,0.061397,0.284289,0.077416,0.206873,0.316617,0.078565,0.238052,0.767076,0.174278,0.592799,0.727223,0.171227,0.337534,0.000000,0.218462,0.226335,NA,0.000000,0.000000,24;25,/home/jukebox/DPUmesh/bench/report/data/l4-20260728-022756/raw/mpstat/load-64-q1-envoy-strict-r1.txt,NA,ok
load-64-q1-dpumesh-preload-r1,load,dpumesh-preload,64,8,4,const,1,11159,11159,1,10.000,11158.000,0.0057,209.00,367.00,430.00,1226.00,3182.00,244.29,100.80,3418.32,110788,111592,4,0,0,0,0,0.170988,0.042738,0.128250,0.178643,0.044342,0.134301,0.000000,0.000000,0.000000,0.000000,0.000000,0.000000,0.349631,0.087080,0.262551,0.249865,0.067877,0.181988,0.000000,0.000000,0.009837,0.910816,0.000000,0.000000,18;19,/home/jukebox/DPUmesh/bench/report/data/l4-20260728-022756/raw/mpstat/load-64-q1-dpumesh-preload-r1.txt,NA,ok
load-64-q1-plain-r1,load,plain,64,8,4,const,1,11159,11159,1,10.000,11068.000,0.0057,108.00,245.00,295.00,108169.00,117065.00,512.59,20.11,117873.05,109890,111592,2,0,900,0,0,0.150319,0.012523,0.137797,0.178949,0.009024,0.169925,0.000000,0.000000,0.000000,0.000000,0.000000,0.000000,0.329268,0.021547,0.307722,0.179701,0.017579,0.090827,0.000000,0.071295,0.083014,NA,0.000000,0.000000,20;21,/home/jukebox/DPUmesh/bench/report/data/l4-20260728-022756/raw/mpstat/load-64-q1-plain-r1.txt,NA,ok
load-64-q1-envoy-permissive-r1,load,envoy-permissive,64,8,4,const,1,11159,11159,1,10.000,11159.000,0.0057,173.00,431.00,505.00,563.00,1132.00,207.23,62.60,2010.26,110790,111592,2,0,0,0,0,0.098527,0.012882,0.085645,0.063026,0.005755,0.057270,0.256431,0.055455,0.200976,0.284361,0.066654,0.217707,0.702345,0.140746,0.561598,0.636591,0.129876,0.307965,0.000000,0.198750,0.207605,NA,0.000000,0.000000,22;23,/home/jukebox/DPUmesh/bench/report/data/l4-20260728-022756/raw/mpstat/load-64-q1-envoy-permissive-r1.txt,NA,ok
load-64-q2-dpumesh-preload-r1,load,dpumesh-preload,64,8,4,const,2,22022,22022,1,10.000,22021.000,0.0113,196.00,366.00,434.00,841.00,1940.00,214.67,71.10,2789.93,219416,220220,4,0,0,0,0,0.299716,0.081792,0.217924,0.278674,0.065931,0.212744,0.000000,0.000000,0.000000,0.000000,0.000000,0.000000,0.578390,0.147723,0.430668,0.536094,0.143614,0.392480,0.000000,0.000000,0.006886,1.655924,0.000000,0.000000,18;19,/home/jukebox/DPUmesh/bench/report/data/l4-20260728-022756/raw/mpstat/load-64-q2-dpumesh-preload-r1.txt,NA,ok
load-64-q2-plain-r1,load,plain,64,8,4,const,2,22022,22022,1,10.000,22022.000,0.0113,77.00,261.00,320.00,468.00,1733.00,107.26,17.48,2599.61,219420,220220,0,0,0,0,0,0.315505,0.026324,0.289182,0.281721,0.010477,0.271244,0.000000,0.000000,0.000000,0.000000,0.000000,0.000000,0.597226,0.036801,0.560426,0.397511,0.026566,0.197772,0.000000,0.173173,0.184981,NA,0.000000,0.000000,20;21,/home/jukebox/DPUmesh/bench/report/data/l4-20260728-022756/raw/mpstat/load-64-q2-plain-r1.txt,NA,ok
load-64-q2-envoy-permissive-r1,load,envoy-permissive,64,8,4,const,2,22022,22022,1,10.000,22021.000,0.0113,164.00,393.00,518.00,1941.00,9339.00,186.50,51.59,10259.02,219416,220220,4,0,0,0,0,0.173824,0.024808,0.149016,0.111259,0.006199,0.105060,0.470118,0.113011,0.357107,0.481292,0.113545,0.367746,1.236493,0.257563,0.978929,1.257112,0.267554,0.605932,0.000000,0.383626,0.417070,NA,0.000000,0.000000,22;23,/home/jukebox/DPUmesh/bench/report/data/l4-20260728-022756/raw/mpstat/load-64-q2-envoy-permissive-r1.txt,NA,ok
load-64-q2-envoy-strict-r1,load,envoy-strict,64,8,4,const,2,22022,22022,1,10.000,22023.000,0.0113,170.00,374.00,542.00,696.00,1788.00,193.69,63.59,2746.99,219420,220220,0,0,0,0,0,0.186547,0.026385,0.160162,0.113369,0.007622,0.105747,0.553042,0.146488,0.406554,0.516762,0.135138,0.381625,1.369720,0.315633,1.054088,1.456862,0.343312,0.681705,0.000000,0.431845,0.470209,NA,0.000000,0.000000,24;25,/home/jukebox/DPUmesh/bench/report/data/l4-20260728-022756/raw/mpstat/load-64-q2-envoy-strict-r1.txt,NA,ok
load-64-q3-plain-r1,load,plain,64,8,4,const,3,43458,43458,1,10.000,43457.000,0.0223,72.00,115.00,272.00,380.00,2042.00,74.67,15.91,2594.82,433778,434580,2,0,0,0,0,0.617147,0.056731,0.560416,0.438251,0.016159,0.422092,0.000000,0.000000,0.000000,0.000000,0.000000,0.000000,1.055398,0.072890,0.982508,0.742818,0.055096,0.374852,0.000000,0.312869,0.346320,NA,0.000000,0.000000,20;21,/home/jukebox/DPUmesh/bench/report/data/l4-20260728-022756/raw/mpstat/load-64-q3-plain-r1.txt,NA,ok
load-64-q3-envoy-permissive-r1,load,envoy-permissive,64,8,4,const,3,43458,43458,1,10.000,43458.000,0.0223,257.00,347.00,388.00,433.00,543.00,259.73,67.50,790.85,433772,434580,8,0,0,0,0,0.241181,0.017769,0.223413,0.211225,0.011551,0.199673,0.742533,0.149546,0.592986,0.765164,0.171468,0.593696,1.960103,0.350334,1.609768,1.963208,0.352119,0.991440,0.000000,0.619650,0.744564,NA,0.000000,0.000000,22;23,/home/jukebox/DPUmesh/bench/report/data/l4-20260728-022756/raw/mpstat/load-64-q3-envoy-permissive-r1.txt,NA,ok
load-64-q3-envoy-strict-r1,load,envoy-strict,64,8,4,const,3,43458,43458,1,10.000,43458.000,0.0223,261.00,359.00,383.00,470.00,604.00,255.74,76.93,846.33,433769,434577,8,0,0,0,0,0.231224,0.022778,0.208446,0.167498,0.011281,0.156216,0.752724,0.204849,0.547874,0.698014,0.181109,0.516904,1.849460,0.420017,1.429440,1.849927,0.424864,0.876281,0.000000,0.548782,0.640246,NA,0.000000,0.000000,24;25,/home/jukebox/DPUmesh/bench/report/data/l4-20260728-022756/raw/mpstat/load-64-q3-envoy-strict-r1.txt,NA,ok
load-64-q3-dpumesh-preload-r1,load,dpumesh-preload,64,8,4,const,3,43458,43458,1,10.000,43458.000,0.0223,173.00,225.00,275.00,1855.00,9751.00,179.57,63.33,10877.83,433775,434580,5,0,0,0,0,0.614665,0.152527,0.462138,0.503444,0.119887,0.383557,0.000000,0.000000,0.000000,0.000000,0.000000,0.000000,1.118109,0.272414,0.845695,1.066331,0.261664,0.804667,0.000000,0.000000,0.073778,2.849289,0.000000,0.000000,18;19,/home/jukebox/DPUmesh/bench/report/data/l4-20260728-022756/raw/mpstat/load-64-q3-dpumesh-preload-r1.txt,NA,ok
load-64-q4-envoy-permissive-r1,load,envoy-permissive,64,8,4,const,4,85760,85760,1,10.000,85759.000,0.0439,261.00,358.00,386.00,433.00,563.00,265.33,70.51,811.00,856780,857597,17,0,0,0,0,0.247921,0.022150,0.225771,0.209459,0.012372,0.197087,0.736391,0.170026,0.566365,0.764415,0.179726,0.584689,1.958186,0.384274,1.573912,1.960310,0.384587,0.989499,0.000000,0.586224,0.677699,NA,0.000000,0.000000,22;23,/home/jukebox/DPUmesh/bench/report/data/l4-20260728-022756/raw/mpstat/load-64-q4-envoy-permissive-r1.txt,NA,ok
load-64-q4-envoy-strict-r1,load,envoy-strict,64,8,4,const,4,85760,85760,1,10.000,85759.000,0.0439,255.00,321.00,352.00,444.00,585.00,249.29,80.58,903.95,856779,857596,17,0,0,0,0,0.231709,0.020954,0.210755,0.191474,0.013403,0.178071,0.752367,0.181639,0.570728,0.769080,0.210765,0.558315,1.944630,0.426761,1.517869,1.941941,0.429685,0.929182,0.000000,0.583074,0.667634,NA,0.000000,0.000000,24;25,/home/jukebox/DPUmesh/bench/report/data/l4-20260728-022756/raw/mpstat/load-64-q4-envoy-strict-r1.txt,NA,ok
load-64-q4-dpumesh-preload-r1,load,dpumesh-preload,64,8,4,const,4,85760,85760,1,10.000,85760.000,0.0439,163.00,214.00,239.00,482.00,1496.00,165.36,62.15,2514.38,856788,857600,12,0,0,0,0,0.852912,0.214039,0.638873,0.729441,0.156444,0.572997,0.000000,0.000000,0.000000,0.000000,0.000000,0.000000,1.582353,0.370483,1.211870,1.564716,0.366838,1.197878,0.000000,0.000000,0.105232,3.154502,0.000000,0.000000,18;19,/home/jukebox/DPUmesh/bench/report/data/l4-20260728-022756/raw/mpstat/load-64-q4-dpumesh-preload-r1.txt,NA,ok
load-64-q4-plain-r1,load,plain,64,8,4,const,4,85760,85760,1,10.000,85759.000,0.0439,52.00,89.00,131.00,334.00,1533.00,55.82,12.51,2397.73,856795,857595,0,0,0,0,0,0.720776,0.056755,0.664021,0.534351,0.022952,0.511399,0.000000,0.000000,0.000000,0.000000,0.000000,0.000000,1.255127,0.079707,1.175420,1.113746,0.070839,0.547034,0.000000,0.495873,0.563760,NA,0.000000,0.000000,20;21,/home/jukebox/DPUmesh/bench/report/data/l4-20260728-022756/raw/mpstat/load-64-q4-plain-r1.txt,NA,ok
load-64-q5-envoy-strict-r1,load,envoy-strict,64,8,4,const,5,169240,169240,1,10.000,169239.000,0.0867,257.00,329.00,353.00,445.00,665.00,250.27,79.37,1259.88,1691559,1692394,35,0,0,0,0,0.235014,0.023882,0.211132,0.188741,0.013672,0.175069,0.749167,0.200141,0.549026,0.755302,0.204456,0.550846,1.928224,0.442151,1.486073,1.927247,0.444447,0.916426,0.000000,0.566375,0.654871,NA,0.000000,0.000000,24;25,/home/jukebox/DPUmesh/bench/report/data/l4-20260728-022756/raw/mpstat/load-64-q5-envoy-strict-r1.txt,NA,ok
load-64-q5-dpumesh-preload-r1,load,dpumesh-preload,64,8,4,const,5,169240,169240,1,10.000,168030.000,0.0860,68051.00,154361.00,165938.00,230932.00,252458.00,72792.23,29.11,255579.30,1679491,1692398,12107,0,0,0,0,0.979460,0.219900,0.759559,0.866131,0.203271,0.662860,0.000000,0.000000,0.000000,0.000000,0.000000,0.000000,1.845591,0.423171,1.422419,1.799008,0.413113,1.385895,0.000000,0.000000,0.088524,3.832227,0.000000,0.000000,18;19,/home/jukebox/DPUmesh/bench/report/data/l4-20260728-022756/raw/mpstat/load-64-q5-dpumesh-preload-r1.txt,NA,ok
load-64-q5-plain-r1,load,plain,64,8,4,const,5,169240,169240,1,10.000,169238.000,0.0866,71.00,106.00,121.00,139.00,245.00,72.02,8.80,616.40,1691023,1692395,11,0,561,0,0,0.984288,0.049730,0.934558,0.892213,0.029435,0.862778,0.000000,0.000000,0.000000,0.000000,0.000000,0.000000,1.876501,0.079165,1.797336,1.871907,0.079677,0.907919,0.000000,0.884312,1.034812,NA,0.000000,0.000000,20;21,/home/jukebox/DPUmesh/bench/report/data/l4-20260728-022756/raw/mpstat/load-64-q5-plain-r1.txt,NA,ok
load-64-q5-envoy-permissive-r1,load,envoy-permissive,64,8,4,const,5,169240,169240,1,10.000,169239.000,0.0867,265.00,356.00,381.00,462.00,2226.00,257.96,76.94,3293.07,1691557,1692389,32,0,0,0,0,0.256218,0.027795,0.228423,0.181369,0.015239,0.166130,0.727883,0.166438,0.561445,0.676628,0.152514,0.524114,1.842098,0.361986,1.480112,1.839644,0.365766,0.908515,0.000000,0.565364,0.643040,NA,0.000000,0.000000,22;23,/home/jukebox/DPUmesh/bench/report/data/l4-20260728-022756/raw/mpstat/load-64-q5-envoy-permissive-r1.txt,NA,ok
load-64-q6-dpumesh-preload-r1,load,dpumesh-preload,64,8,4,const,6,333981,333981,1,10.000,331289.000,0.1696,80834.00,151847.00,187975.00,268921.00,280781.00,81923.89,22.57,282914.81,3312058,3339803,26940,0,5,0,0,0.977114,0.247414,0.729700,0.976834,0.219493,0.757341,0.000000,0.000000,0.000000,0.000000,0.000000,0.000000,1.953948,0.466907,1.487041,1.953582,0.466263,1.487320,0.000000,0.000000,0.104270,3.699526,0.000000,0.000000,18;19,/home/jukebox/DPUmesh/bench/report/data/l4-20260728-022756/raw/mpstat/load-64-q6-dpumesh-preload-r1.txt,NA,ok
load-64-q6-plain-r1,load,plain,64,8,4,const,6,333981,333981,1,10.000,333995.000,0.1710,73.00,123.00,154.00,192.00,2458.00,77.66,6.33,14192.51,3337784,3339800,20,0,1196,0,0,0.984346,0.054381,0.929965,0.892666,0.027388,0.865278,0.000000,0.000000,0.000000,0.000000,0.000000,0.000000,1.877012,0.081769,1.795243,1.866395,0.086580,0.882528,0.000000,0.897286,1.041914,NA,0.000000,0.000000,20;21,/home/jukebox/DPUmesh/bench/report/data/l4-20260728-022756/raw/mpstat/load-64-q6-plain-r1.txt,NA,ok
load-64-q6-envoy-permissive-r1,load,envoy-permissive,64,8,4,const,6,333981,333981,1,10.000,333981.000,0.1710,253.00,323.00,365.00,434.00,571.00,247.30,75.85,785.28,3338933,3339803,70,0,0,0,0,0.258691,0.037209,0.221482,0.200904,0.016474,0.184430,0.725697,0.150170,0.575527,0.734264,0.146553,0.587711,1.919556,0.350406,1.569150,1.920785,0.353078,0.979571,0.000000,0.588136,0.704189,NA,0.000000,0.000000,22;23,/home/jukebox/DPUmesh/bench/report/data/l4-20260728-022756/raw/mpstat/load-64-q6-envoy-permissive-r1.txt,NA,ok
load-64-q6-envoy-strict-r1,load,envoy-strict,64,8,4,const,6,333981,333981,1,10.000,333977.000,0.1710,292.00,382.00,412.00,503.00,677.00,285.98,87.33,1063.48,3338913,3339784,71,0,0,0,0,0.249997,0.034122,0.215875,0.179181,0.015205,0.163976,0.734342,0.217777,0.516565,0.708928,0.208038,0.500889,1.872448,0.475142,1.397305,1.866518,0.479906,0.889006,0.000000,0.497607,0.555628,NA,0.000000,0.000000,24;25,/home/jukebox/DPUmesh/bench/report/data/l4-20260728-022756/raw/mpstat/load-64-q6-envoy-strict-r1.txt,NA,ok
load-64-q7-plain-r1,load,plain,64,8,4,const,7,659082,659082,1,10.000,341242.000,0.1747,76.00,3463.00,19580.00,31508.00,35628.00,800.63,5.95,36077.48,3410444,6590759,50,0,3179465,0,0,0.984775,0.054453,0.930322,0.881072,0.034751,0.846321,0.000000,0.000000,0.000000,0.000000,0.000000,0.000000,1.865847,0.089204,1.776643,1.859333,0.089523,0.974920,0.000000,0.794889,1.030995,NA,0.000000,0.000000,20;21,/home/jukebox/DPUmesh/bench/report/data/l4-20260728-022756/raw/mpstat/load-64-q7-plain-r1.txt,NA,ok
load-64-q7-envoy-permissive-r1,load,envoy-permissive,64,8,4,const,7,659082,659082,1,10.000,659076.000,0.3374,320.00,400.00,427.00,531.00,694.00,313.63,101.97,839.66,6589776,6590744,168,0,0,0,0,0.318849,0.049163,0.269685,0.187291,0.020412,0.166879,0.665277,0.145750,0.519527,0.756312,0.162793,0.593518,1.927729,0.378118,1.549609,1.931142,0.381509,0.962621,0.000000,0.587012,0.675506,NA,0.000000,0.000000,22;23,/home/jukebox/DPUmesh/bench/report/data/l4-20260728-022756/raw/mpstat/load-64-q7-envoy-permissive-r1.txt,NA,ok
load-64-q7-envoy-strict-r1,load,envoy-strict,64,8,4,const,7,659082,659082,1,10.000,659076.000,0.3374,289.00,360.00,400.00,498.00,636.00,285.00,90.76,859.25,6589823,6590772,149,0,0,0,0,0.268061,0.041100,0.226961,0.176641,0.020879,0.155761,0.716364,0.187688,0.528676,0.791368,0.213534,0.577834,1.952434,0.463201,1.489232,1.954307,0.465218,0.896995,0.000000,0.592095,0.661927,NA,0.000000,0.000000,24;25,/home/jukebox/DPUmesh/bench/report/data/l4-20260728-022756/raw/mpstat/load-64-q7-envoy-strict-r1.txt,NA,ok
load-64-q7-dpumesh-preload-r1,load,dpumesh-preload,64,8,4,const,7,659082,659082,1,10.000,574621.000,0.2942,160393.00,253356.00,295397.00,339138.00,344551.00,156170.69,48.32,344793.26,5745434,6590798,93720,0,750844,0,0,0.980411,0.269984,0.710427,0.981529,0.202849,0.778680,0.000000,0.000000,0.000000,0.000000,0.000000,0.000000,1.961940,0.472833,1.489107,1.955575,0.471187,1.484387,0.000000,0.000000,0.108206,4.087204,0.000000,0.000000,18;19,/home/jukebox/DPUmesh/bench/report/data/l4-20260728-022756/raw/mpstat/load-64-q7-dpumesh-preload-r1.txt,NA,ok
load-64-q8-envoy-permissive-r1,load,envoy-permissive,64,8,4,const,8,1300643,1300643,1,10.000,1300568.000,0.6659,353.00,494.00,595.00,798.00,978.00,349.87,95.83,1385.70,13004426,13006279,409,0,644,0,0,0.432085,0.069947,0.362137,0.157181,0.031675,0.125506,0.552312,0.094791,0.457520,0.596323,0.113925,0.482398,1.737901,0.310338,1.427561,1.733011,0.309817,0.904864,0.000000,0.518329,0.565540,NA,0.000000,0.000000,22;23,/home/jukebox/DPUmesh/bench/report/data/l4-20260728-022756/raw/mpstat/load-64-q8-envoy-permissive-r1.txt,NA,ok
load-64-q8-envoy-strict-r1,load,envoy-strict,64,8,4,const,8,1300643,1300643,1,10.000,1300580.000,0.6659,410.00,600.00,746.00,954.00,1406.00,411.25,104.28,1875.00,13003952,13006325,534,0,1039,0,0,0.444269,0.074952,0.369317,0.139075,0.031377,0.107698,0.539907,0.138458,0.401449,0.583325,0.160051,0.423274,1.706576,0.404838,1.301738,1.692167,0.400181,0.830843,0.000000,0.461142,0.478841,NA,0.000000,0.000000,24;25,/home/jukebox/DPUmesh/bench/report/data/l4-20260728-022756/raw/mpstat/load-64-q8-envoy-strict-r1.txt,NA,ok
load-64-q8-dpumesh-preload-r1,load,dpumesh-preload,64,8,4,const,8,1300643,1300643,1,10.000,850019.000,0.4352,119576.00,201426.00,299442.00,350150.00,359925.00,110997.62,18.65,360674.85,8499475,13006436,84289,0,4421872,0,0,0.978098,0.285250,0.692848,0.974787,0.218225,0.756563,0.000000,0.000000,0.000000,0.000000,0.000000,0.000000,1.952885,0.503475,1.449411,1.952352,0.505546,1.446806,0.000000,0.000000,0.099339,3.821801,0.000000,0.000000,18;19,/home/jukebox/DPUmesh/bench/report/data/l4-20260728-022756/raw/mpstat/load-64-q8-dpumesh-preload-r1.txt,NA,ok
load-64-q8-plain-r1,load,plain,64,8,4,const,8,1300643,1300643,1,10.000,340768.000,0.1745,17.00,73.00,24043.00,31945.00,35912.00,960.18,4.93,36115.96,3405384,12998070,222,0,9591664,0,0,0.984392,0.064692,0.919700,0.870333,0.030418,0.839915,0.000000,0.000000,0.000000,0.000000,0.000000,0.000000,1.854725,0.095110,1.759615,1.834300,0.095403,0.958950,0.000000,0.779946,1.050419,NA,0.000000,0.000000,20;21,/home/jukebox/DPUmesh/bench/report/data/l4-20260728-022756/raw/mpstat/load-64-q8-plain-r1.txt,NA,ok
load-64-q9-envoy-strict-r1,load,envoy-strict,64,8,4,const,9,2566708,2566708,1,10.000,570731.000,0.2922,14446.00,28460.00,32526.00,48370.00,56995.00,15248.61,2.29,57188.01,5706429,25652672,8744,0,19936699,0,0,0.851815,0.093587,0.758228,0.018855,0.001989,0.016866,0.132728,0.035815,0.096914,0.068142,0.019313,0.048829,1.071540,0.150704,0.920837,0.996444,0.117055,0.712167,0.000000,0.167222,0.180993,NA,0.000000,0.000000,24;25,/home/jukebox/DPUmesh/bench/report/data/l4-20260728-022756/raw/mpstat/load-64-q9-envoy-strict-r1.txt,NA,ok
load-64-q9-dpumesh-preload-r1,load,dpumesh-preload,64,8,4,const,9,2566708,2566708,1,10.000,1215124.000,0.6221,101409.00,168348.00,235015.00,274210.00,282484.00,87324.00,3.36,284272.50,12150235,25666875,111469,0,13404371,0,0,0.980713,0.287549,0.693164,0.947197,0.237492,0.709705,0.000000,0.000000,0.000000,0.000000,0.000000,0.000000,1.927910,0.525041,1.402869,1.927811,0.524247,1.403565,0.000000,0.000000,0.089506,3.826211,0.000000,0.000000,18;19,/home/jukebox/DPUmesh/bench/report/data/l4-20260728-022756/raw/mpstat/load-64-q9-dpumesh-preload-r1.txt,NA,ok
load-64-q9-plain-r1,load,plain,64,8,4,const,9,2566708,2566708,1,10.000,656700.000,0.3362,17.00,27.00,24016.00,28158.00,36120.00,527.43,4.98,40202.16,6566914,25659358,53,0,19091591,0,0,0.976088,0.075359,0.900729,0.933534,0.048907,0.884627,0.000000,0.000000,0.000000,0.000000,0.000000,0.000000,1.909622,0.124266,1.785356,1.910497,0.123729,1.014190,0.000000,0.772577,1.011268,NA,0.000000,0.000000,20;21,/home/jukebox/DPUmesh/bench/report/data/l4-20260728-022756/raw/mpstat/load-64-q9-plain-r1.txt,NA,ok
load-64-q9-envoy-permissive-r1,load,envoy-permissive,64,8,4,const,9,2566708,2566708,1,10.000,633073.000,0.3241,11590.00,20911.00,28547.00,228071.00,246943.00,12677.70,2.89,252909.32,6329477,25655125,7210,0,19317638,0,0,0.881886,0.123250,0.758637,0.021720,0.007020,0.014700,0.100840,0.011074,0.089765,0.045333,0.012476,0.032858,1.049779,0.153820,0.895960,1.037379,0.155214,0.718110,0.000000,0.164055,0.176826,NA,0.000000,0.000000,22;23,/home/jukebox/DPUmesh/bench/report/data/l4-20260728-022756/raw/mpstat/load-64-q9-envoy-permissive-r1.txt,NA,ok
load-64-q9-dpumesh-preload-r2,load,dpumesh-preload,64,8,4,const,9,2566708,2566708,2,10.000,1223175.000,0.6263,86958.00,200493.00,238946.00,262949.00,267903.00,84851.59,21.58,268614.41,12231111,25666868,98428,0,13336529,0,0,0.980330,0.282733,0.697597,0.980437,0.228400,0.752037,0.000000,0.000000,0.000000,0.000000,0.000000,0.000000,1.960767,0.511133,1.449634,1.962121,0.511430,1.450691,0.000000,0.000000,0.098352,3.727273,0.000000,0.000000,18;19,/home/jukebox/DPUmesh/bench/report/data/l4-20260728-022756/raw/mpstat/load-64-q9-dpumesh-preload-r2.txt,NA,ok
load-64-q9-plain-r2,load,plain,64,8,4,const,9,2566708,2566708,2,10.000,656772.000,0.3363,17.00,27.00,24014.00,32018.00,32166.00,527.73,4.89,36186.54,6569477,25675258,227,0,19104754,0,0,0.976065,0.070144,0.905921,0.944986,0.041955,0.903031,0.000000,0.000000,0.000000,0.000000,0.000000,0.000000,1.921051,0.112099,1.808952,1.916664,0.112000,0.994367,0.000000,0.810297,1.126820,NA,0.000000,0.000000,20;21,/home/jukebox/DPUmesh/bench/report/data/l4-20260728-022756/raw/mpstat/load-64-q9-plain-r2.txt,NA,ok
load-64-q9-envoy-permissive-r2,load,envoy-permissive,64,8,4,const,9,2566708,2566708,2,10.000,622073.000,0.3185,14522.00,25828.00,33561.00,186243.00,214591.00,15354.55,2.82,216605.68,6219873,25657691,7340,0,19429678,0,0,0.885296,0.096770,0.788526,0.020656,0.004535,0.016120,0.097498,0.011495,0.086003,0.042431,0.008185,0.034246,1.045881,0.120985,0.924895,1.004663,0.113921,0.725753,0.000000,0.164989,0.177756,NA,0.000000,0.000000,22;23,/home/jukebox/DPUmesh/bench/report/data/l4-20260728-022756/raw/mpstat/load-64-q9-envoy-permissive-r2.txt,NA,ok
load-64-q9-envoy-strict-r2,load,envoy-strict,64,8,4,const,9,2566708,2566708,2,10.000,578184.000,0.2960,14461.00,24593.00,31854.00,40997.00,47137.00,14455.94,2.31,56576.54,5781485,25655064,7532,0,19865247,0,0,0.843714,0.111861,0.731853,0.019717,0.003095,0.016622,0.138147,0.033020,0.105127,0.071264,0.021429,0.049836,1.072842,0.169405,0.903438,1.009413,0.141259,0.693542,0.000000,0.174612,0.188345,NA,0.000000,0.000000,24;25,/home/jukebox/DPUmesh/bench/report/data/l4-20260728-022756/raw/mpstat/load-64-q9-envoy-strict-r2.txt,NA,ok
load-64-q8-envoy-strict-r2,load,envoy-strict,64,8,4,const,8,1300643,1300643,2,10.000,1090958.000,0.5586,3573.00,7138.00,8773.00,9974.00,10610.00,3803.42,5.35,11471.97,10907673,13006003,3812,0,2093718,0,0,0.797771,0.106948,0.690822,0.041281,0.020799,0.020482,0.186672,0.045039,0.141633,0.156324,0.052516,0.103808,1.182048,0.225302,0.956745,1.155617,0.218338,0.736644,0.000000,0.200635,0.218338,NA,0.000000,0.000000,24;25,/home/jukebox/DPUmesh/bench/report/data/l4-20260728-022756/raw/mpstat/load-64-q8-envoy-strict-r2.txt,NA,ok
load-64-q8-dpumesh-preload-r2,load,dpumesh-preload,64,8,4,const,8,1300643,1300643,2,10.000,847144.000,0.4337,122230.00,189666.00,268136.00,335788.00,351759.00,116249.02,31.44,353526.52,8470552,13006416,119061,0,4416003,0,0,0.980043,0.290757,0.689286,0.971932,0.225022,0.746911,0.000000,0.000000,0.000000,0.000000,0.000000,0.000000,1.951975,0.515779,1.436197,1.951202,0.515338,1.435864,0.000000,0.000000,0.079661,3.920379,0.000000,0.000000,18;19,/home/jukebox/DPUmesh/bench/report/data/l4-20260728-022756/raw/mpstat/load-64-q8-dpumesh-preload-r2.txt,NA,ok
load-64-q8-plain-r2,load,plain,64,8,4,const,8,1300643,1300643,2,10.000,341116.000,0.1747,20.00,3269.00,24055.00,31966.00,35926.00,967.30,5.56,36124.03,3408929,13006425,123,0,9596573,0,0,0.984800,0.061375,0.923425,0.828518,0.036058,0.792460,0.000000,0.000000,0.000000,0.000000,0.000000,0.000000,1.813318,0.097433,1.715885,1.791634,0.098333,0.960717,0.000000,0.732584,0.961700,NA,0.000000,0.000000,20;21,/home/jukebox/DPUmesh/bench/report/data/l4-20260728-022756/raw/mpstat/load-64-q8-plain-r2.txt,NA,ok
load-64-q8-envoy-permissive-r2,load,envoy-permissive,64,8,4,const,8,1300643,1300643,2,10.000,1300582.000,0.6659,353.00,483.00,572.00,800.00,2315.00,348.83,93.79,3452.94,13004620,13006328,352,0,556,0,0,0.430230,0.067314,0.362915,0.158699,0.031184,0.127515,0.554145,0.100537,0.453608,0.602047,0.113557,0.488490,1.745121,0.312592,1.432528,1.740809,0.314722,0.896959,0.000000,0.529127,0.564533,NA,0.000000,0.000000,22;23,/home/jukebox/DPUmesh/bench/report/data/l4-20260728-022756/raw/mpstat/load-64-q8-envoy-permissive-r2.txt,NA,ok
load-64-q7-envoy-permissive-r2,load,envoy-permissive,64,8,4,const,7,659082,659082,2,10.000,659088.000,0.3375,302.00,376.00,405.00,486.00,711.00,297.63,95.58,1013.15,6589825,6590787,162,0,0,0,0,0.294819,0.041575,0.253244,0.177497,0.023772,0.153725,0.689427,0.156830,0.532598,0.734369,0.140288,0.594081,1.896112,0.362465,1.533648,1.902894,0.363861,0.945055,0.000000,0.593978,0.680518,NA,0.000000,0.000000,22;23,/home/jukebox/DPUmesh/bench/report/data/l4-20260728-022756/raw/mpstat/load-64-q7-envoy-permissive-r2.txt,NA,ok
load-64-q7-envoy-strict-r2,load,envoy-strict,64,8,4,const,7,659082,659082,2,10.000,659076.000,0.3374,336.00,435.00,466.00,563.00,821.00,326.92,98.68,1400.00,6589759,6590756,197,0,0,0,0,0.294015,0.041174,0.252841,0.155237,0.022066,0.133171,0.690468,0.191974,0.498494,0.695691,0.148054,0.547638,1.835411,0.403268,1.432144,1.846044,0.405205,0.892041,0.000000,0.548797,0.602890,NA,0.000000,0.000000,24;25,/home/jukebox/DPUmesh/bench/report/data/l4-20260728-022756/raw/mpstat/load-64-q7-envoy-strict-r2.txt,NA,ok
load-64-q7-dpumesh-preload-r2,load,dpumesh-preload,64,8,4,const,7,659082,659082,2,10.000,572141.000,0.2929,155437.00,264216.00,323364.00,407006.00,428724.00,153413.17,46.72,431105.75,5720621,6590799,96068,0,773310,0,0,0.977915,0.249445,0.728471,0.979744,0.216872,0.762872,0.000000,0.000000,0.000000,0.000000,0.000000,0.000000,1.957659,0.466317,1.491343,1.957482,0.468222,1.489260,0.000000,0.000000,0.114104,3.774051,0.000000,0.000000,18;19,/home/jukebox/DPUmesh/bench/report/data/l4-20260728-022756/raw/mpstat/load-64-q7-dpumesh-preload-r2.txt,NA,ok
load-64-q7-plain-r2,load,plain,64,8,4,const,7,659082,659082,2,10.000,207420.000,0.1062,18.00,11480.00,21860.00,31626.00,38472.00,1582.21,5.49,40099.62,2074784,6592379,111,0,4516684,0,0,0.976035,0.053632,0.922403,0.857684,0.033371,0.824313,0.000000,0.000000,0.000000,0.000000,0.000000,0.000000,1.833719,0.087003,1.746716,1.813843,0.085724,0.956603,0.000000,0.771517,0.998490,NA,0.000000,0.000000,20;21,/home/jukebox/DPUmesh/bench/report/data/l4-20260728-022756/raw/mpstat/load-64-q7-plain-r2.txt,NA,ok
load-64-q6-plain-r2,load,plain,64,8,4,const,6,333981,333981,2,10.000,333972.000,0.1710,72.00,121.00,156.00,195.00,265.00,75.09,6.34,3437.04,3337695,3339795,25,0,1275,0,0,0.984281,0.049719,0.934562,0.899392,0.029549,0.869843,0.000000,0.000000,0.000000,0.000000,0.000000,0.000000,1.883673,0.079268,1.804405,1.873892,0.080661,0.909895,0.000000,0.883336,1.036789,NA,0.000000,0.000000,20;21,/home/jukebox/DPUmesh/bench/report/data/l4-20260728-022756/raw/mpstat/load-64-q6-plain-r2.txt,NA,ok
load-64-q6-envoy-permissive-r2,load,envoy-permissive,64,8,4,const,6,333981,333981,2,10.000,333979.000,0.1710,268.00,364.00,388.00,429.00,547.00,271.88,77.49,823.81,3338915,3339793,78,0,0,0,0,0.260057,0.028519,0.231537,0.220756,0.023799,0.196956,0.724225,0.161241,0.562984,0.758596,0.182078,0.576518,1.963634,0.395637,1.567995,1.963919,0.397308,1.004087,0.000000,0.562525,0.658901,NA,0.000000,0.000000,22;23,/home/jukebox/DPUmesh/bench/report/data/l4-20260728-022756/raw/mpstat/load-64-q6-envoy-permissive-r2.txt,NA,ok
load-64-q6-envoy-strict-r2,load,envoy-strict,64,8,4,const,6,333981,333981,2,10.000,333978.000,0.1710,276.00,359.00,416.00,461.00,599.00,273.65,82.39,833.07,3338907,3339786,79,0,0,0,0,0.243384,0.028483,0.214901,0.193841,0.016451,0.177390,0.740843,0.183381,0.557462,0.759054,0.226995,0.532059,1.937122,0.455310,1.481812,1.935129,0.457233,0.930199,0.000000,0.547697,0.640127,NA,0.000000,0.000000,24;25,/home/jukebox/DPUmesh/bench/report/data/l4-20260728-022756/raw/mpstat/load-64-q6-envoy-strict-r2.txt,NA,ok
load-64-q6-dpumesh-preload-r2,load,dpumesh-preload,64,8,4,const,6,333981,333981,2,10.000,331520.000,0.1697,73715.00,142581.00,179155.00,229648.00,255909.00,75346.12,11.51,258848.16,3314308,3339811,24699,0,4,0,0,0.980518,0.264607,0.715911,0.972036,0.214726,0.757310,0.000000,0.000000,0.000000,0.000000,0.000000,0.000000,1.952554,0.479333,1.473221,1.949457,0.479004,1.470453,0.000000,0.000000,0.126882,3.731499,0.000000,0.000000,18;19,/home/jukebox/DPUmesh/bench/report/data/l4-20260728-022756/raw/mpstat/load-64-q6-dpumesh-preload-r2.txt,NA,ok
load-64-q5-dpumesh-preload-r2,load,dpumesh-preload,64,8,4,const,5,169240,169240,2,10.000,167890.000,0.0860,73645.00,160114.00,170502.00,256755.00,285460.00,77740.88,17.68,288631.16,1678090,1692398,13508,0,0,0,0,0.975029,0.220376,0.754652,0.879297,0.201455,0.677842,0.000000,0.000000,0.000000,0.000000,0.000000,0.000000,1.854326,0.421831,1.432494,1.841087,0.418965,1.422122,0.000000,0.000000,0.108184,3.555261,0.000000,0.000000,18;19,/home/jukebox/DPUmesh/bench/report/data/l4-20260728-022756/raw/mpstat/load-64-q5-dpumesh-preload-r2.txt,NA,ok
load-64-q5-plain-r2,load,plain,64,8,4,const,5,169240,169240,2,10.000,169249.000,0.0867,71.00,109.00,124.00,142.00,879.00,73.20,18.38,10261.40,1691190,1692397,9,0,398,0,0,0.984216,0.052657,0.931559,0.923023,0.035550,0.887473,0.000000,0.000000,0.000000,0.000000,0.000000,0.000000,1.907239,0.088207,1.819032,1.900423,0.090496,0.904963,0.000000,0.904963,1.094809,NA,0.000000,0.000000,20;21,/home/jukebox/DPUmesh/bench/report/data/l4-20260728-022756/raw/mpstat/load-64-q5-plain-r2.txt,NA,ok
load-64-q5-envoy-permissive-r2,load,envoy-permissive,64,8,4,const,5,169240,169240,2,10.000,169237.000,0.0866,268.00,352.00,375.00,431.00,600.00,261.05,83.79,873.01,1691548,1692384,36,0,0,0,0,0.258057,0.023565,0.234492,0.190926,0.015161,0.175765,0.726184,0.161043,0.565142,0.706807,0.165270,0.541536,1.881974,0.365039,1.516935,1.885140,0.365818,0.950929,0.000000,0.568394,0.693283,NA,0.000000,0.000000,22;23,/home/jukebox/DPUmesh/bench/report/data/l4-20260728-022756/raw/mpstat/load-64-q5-envoy-permissive-r2.txt,NA,ok
load-64-q5-envoy-strict-r2,load,envoy-strict,64,8,4,const,5,169240,169240,2,10.000,169237.000,0.0866,267.00,363.00,401.00,464.00,606.00,264.51,82.01,964.76,1691551,1692390,39,0,0,0,0,0.237264,0.027034,0.210230,0.193280,0.013455,0.179825,0.746918,0.193331,0.553588,0.765139,0.225507,0.539631,1.942601,0.459327,1.483274,1.941003,0.458210,0.933137,0.000000,0.549656,0.640118,NA,0.000000,0.000000,24;25,/home/jukebox/DPUmesh/bench/report/data/l4-20260728-022756/raw/mpstat/load-64-q5-envoy-strict-r2.txt,NA,ok
load-64-q4-envoy-strict-r2,load,envoy-strict,64,8,4,const,4,85760,85760,2,10.000,85759.000,0.0439,257.00,333.00,373.00,632.00,8522.00,255.93,79.12,9617.75,856782,857599,17,0,0,0,0,0.230835,0.016865,0.213970,0.190287,0.009730,0.180557,0.753088,0.200403,0.552686,0.763506,0.216502,0.547003,1.937716,0.443500,1.494216,1.942234,0.447451,0.950957,0.000000,0.543825,0.652000,NA,0.000000,0.000000,24;25,/home/jukebox/DPUmesh/bench/report/data/l4-20260728-022756/raw/mpstat/load-64-q4-envoy-strict-r2.txt,NA,ok
load-64-q4-dpumesh-preload-r2,load,dpumesh-preload,64,8,4,const,4,85760,85760,2,10.000,85760.000,0.0439,167.00,259.00,312.00,620.00,1445.00,176.97,64.84,2598.09,856788,857600,12,0,0,0,0,0.884882,0.230126,0.654756,0.746662,0.167665,0.578997,0.000000,0.000000,0.000000,0.000000,0.000000,0.000000,1.631544,0.397791,1.233753,1.613998,0.393418,1.220580,0.000000,0.000000,0.109174,3.469194,0.000000,0.000000,18;19,/home/jukebox/DPUmesh/bench/report/data/l4-20260728-022756/raw/mpstat/load-64-q4-dpumesh-preload-r2.txt,NA,ok
load-64-q4-plain-r2,load,plain,64,8,4,const,4,85760,85760,2,10.000,85759.000,0.0439,54.00,98.00,148.00,349.00,1838.00,58.95,9.80,2747.43,856797,857597,0,0,0,0,0,0.743158,0.057346,0.685812,0.571625,0.018846,0.552779,0.000000,0.000000,0.000000,0.000000,0.000000,0.000000,1.314783,0.076192,1.238591,1.204237,0.071821,0.603103,0.000000,0.529313,0.608022,NA,0.000000,0.000000,20;21,/home/jukebox/DPUmesh/bench/report/data/l4-20260728-022756/raw/mpstat/load-64-q4-plain-r2.txt,NA,ok
load-64-q4-envoy-permissive-r2,load,envoy-permissive,64,8,4,const,4,85760,85760,2,10.000,85759.000,0.0439,255.00,352.00,384.00,423.00,554.00,256.47,78.82,767.74,856778,857596,18,0,0,0,0,0.248803,0.026554,0.222249,0.204150,0.014645,0.189506,0.735430,0.161410,0.574020,0.756983,0.188438,0.568546,1.945366,0.391047,1.554321,1.943354,0.390441,0.973644,0.000000,0.579269,0.703187,NA,0.000000,0.000000,22;23,/home/jukebox/DPUmesh/bench/report/data/l4-20260728-022756/raw/mpstat/load-64-q4-envoy-permissive-r2.txt,NA,ok
load-64-q3-envoy-permissive-r2,load,envoy-permissive,64,8,4,const,3,43458,43458,2,10.000,43457.000,0.0223,256.00,334.00,357.00,432.00,558.00,249.41,78.33,830.43,433769,434577,8,0,0,0,0,0.244393,0.023372,0.221021,0.199699,0.011687,0.188012,0.739894,0.168313,0.571581,0.737730,0.185894,0.551837,1.921716,0.389266,1.532451,1.917851,0.389471,0.931387,0.000000,0.596993,0.737635,NA,0.000000,0.000000,22;23,/home/jukebox/DPUmesh/bench/report/data/l4-20260728-022756/raw/mpstat/load-64-q3-envoy-permissive-r2.txt,NA,ok
load-64-q3-envoy-strict-r2,load,envoy-strict,64,8,4,const,3,43458,43458,2,10.000,43457.000,0.0223,277.00,356.00,380.00,460.00,594.00,270.79,78.66,911.95,433769,434579,10,0,0,0,0,0.233423,0.021970,0.211453,0.196370,0.015924,0.180445,0.750741,0.203189,0.547552,0.766336,0.211793,0.554543,1.946870,0.452876,1.493993,1.948428,0.453420,0.908807,0.000000,0.586200,0.679638,NA,0.000000,0.000000,24;25,/home/jukebox/DPUmesh/bench/report/data/l4-20260728-022756/raw/mpstat/load-64-q3-envoy-strict-r2.txt,NA,ok
load-64-q3-dpumesh-preload-r2,load,dpumesh-preload,64,8,4,const,3,43458,43458,2,10.000,43458.000,0.0223,171.00,204.00,217.00,837.00,2019.00,173.58,71.16,3075.81,433776,434580,4,0,0,0,0,0.590825,0.151044,0.439781,0.467669,0.116691,0.350978,0.000000,0.000000,0.000000,0.000000,0.000000,0.000000,1.058494,0.267735,0.790759,1.018065,0.258697,0.759369,0.000000,0.000000,0.064920,2.527014,0.000000,0.000000,18;19,/home/jukebox/DPUmesh/bench/report/data/l4-20260728-022756/raw/mpstat/load-64-q3-dpumesh-preload-r2.txt,NA,ok
load-64-q3-plain-r2,load,plain,64,8,4,const,3,43458,43458,2,10.000,43456.000,0.0222,72.00,93.00,159.00,1264.00,9146.00,75.90,13.09,10226.47,433761,434580,0,0,19,0,0,0.642839,0.051770,0.591069,0.446874,0.015576,0.431299,0.000000,0.000000,0.000000,0.000000,0.000000,0.000000,1.089713,0.067346,1.022368,0.981935,0.061986,0.489983,0.000000,0.429965,0.489983,NA,0.000000,0.000000,20;21,/home/jukebox/DPUmesh/bench/report/data/l4-20260728-022756/raw/mpstat/load-64-q3-plain-r2.txt,NA,ok
load-64-q2-plain-r2,load,plain,64,8,4,const,2,22022,22022,2,10.000,22022.000,0.0113,77.00,267.00,323.00,457.00,1765.00,110.99,17.38,2625.60,219420,220220,0,0,0,0,0,0.310199,0.036180,0.274018,0.288833,0.009741,0.279092,0.000000,0.000000,0.000000,0.000000,0.000000,0.000000,0.599032,0.045921,0.553110,0.385656,0.037385,0.187909,0.000000,0.160362,0.177087,NA,0.000000,0.000000,20;21,/home/jukebox/DPUmesh/bench/report/data/l4-20260728-022756/raw/mpstat/load-64-q2-plain-r2.txt,NA,ok
load-64-q2-envoy-permissive-r2,load,envoy-permissive,64,8,4,const,2,22022,22022,2,10.000,22022.000,0.0113,162.00,345.00,510.00,596.00,2000.00,177.95,56.05,2625.01,219420,220220,0,0,0,0,0,0.195542,0.022953,0.172589,0.116675,0.003854,0.112821,0.551156,0.137726,0.413430,0.464999,0.096278,0.368721,1.328372,0.260811,1.067561,1.350819,0.269573,0.669014,0.000000,0.412231,0.440762,NA,0.000000,0.000000,22;23,/home/jukebox/DPUmesh/bench/report/data/l4-20260728-022756/raw/mpstat/load-64-q2-envoy-permissive-r2.txt,NA,ok
load-64-q2-envoy-strict-r2,load,envoy-strict,64,8,4,const,2,22022,22022,2,10.000,22022.000,0.0113,157.00,341.00,541.00,6370.00,14344.00,195.58,61.07,15276.31,219420,220220,0,0,0,0,0,0.182965,0.031620,0.151346,0.117695,0.008851,0.108844,0.537036,0.151660,0.385375,0.505770,0.138257,0.367513,1.343466,0.330388,1.013078,1.363440,0.340368,0.647290,0.000000,0.375782,0.422017,NA,0.000000,0.000000,24;25,/home/jukebox/DPUmesh/bench/report/data/l4-20260728-022756/raw/mpstat/load-64-q2-envoy-strict-r2.txt,NA,ok
load-64-q2-dpumesh-preload-r2,load,dpumesh-preload,64,8,4,const,2,22022,22022,2,10.000,22022.000,0.0113,185.00,311.00,409.00,630.00,1782.00,194.02,71.55,2513.92,219419,220221,2,0,0,0,0,0.333660,0.080952,0.252708,0.276201,0.065240,0.210961,0.000000,0.000000,0.000000,0.000000,0.000000,0.000000,0.609861,0.146192,0.463669,0.568606,0.139692,0.428914,0.000000,0.000000,0.020659,1.591350,0.000000,0.000000,18;19,/home/jukebox/DPUmesh/bench/report/data/l4-20260728-022756/raw/mpstat/load-64-q2-dpumesh-preload-r2.txt,NA,ok
load-64-q1-dpumesh-preload-r2,load,dpumesh-preload,64,8,4,const,1,11159,11159,2,10.000,11158.000,0.0057,207.00,363.00,425.00,701.00,2046.00,244.59,90.79,3111.72,110788,111592,4,0,0,0,0,0.162328,0.043803,0.118526,0.177163,0.041618,0.135545,0.000000,0.000000,0.000000,0.000000,0.000000,0.000000,0.339491,0.085421,0.254071,0.229166,0.059996,0.169170,0.000000,0.000000,0.006885,0.869070,0.000000,0.000000,18;19,/home/jukebox/DPUmesh/bench/report/data/l4-20260728-022756/raw/mpstat/load-64-q1-dpumesh-preload-r2.txt,NA,ok
load-64-q1-plain-r2,load,plain,64,8,4,const,1,11159,11159,2,10.000,11159.000,0.0057,107.00,244.00,279.00,818.00,2138.00,134.99,24.70,2878.24,110792,111592,0,0,0,0,0,0.154189,0.019388,0.134800,0.182158,0.007245,0.174913,0.000000,0.000000,0.000000,0.000000,0.000000,0.000000,0.336347,0.026633,0.309713,0.177141,0.021651,0.084634,0.000000,0.070857,0.079714,NA,0.000000,0.000000,20;21,/home/jukebox/DPUmesh/bench/report/data/l4-20260728-022756/raw/mpstat/load-64-q1-plain-r2.txt,NA,ok
load-64-q1-envoy-permissive-r2,load,envoy-permissive,64,8,4,const,1,11159,11159,2,10.000,11159.000,0.0057,174.00,438.00,529.00,2285.00,7910.00,218.82,57.80,8985.58,110790,111592,2,0,0,0,0,0.098594,0.014696,0.083898,0.063534,0.002957,0.060577,0.260184,0.067134,0.193050,0.285994,0.064042,0.221952,0.708306,0.148829,0.559477,0.676968,0.147595,0.323724,0.000000,0.205649,0.222376,NA,0.000000,0.000000,22;23,/home/jukebox/DPUmesh/bench/report/data/l4-20260728-022756/raw/mpstat/load-64-q1-envoy-permissive-r2.txt,NA,ok
load-64-q1-envoy-strict-r2,load,envoy-strict,64,8,4,const,1,11159,11159,2,10.000,11159.000,0.0057,192.00,505.00,552.00,623.00,1791.00,232.06,67.14,2789.81,110790,111592,2,0,0,0,0,0.102174,0.014730,0.087444,0.064383,0.003328,0.061055,0.286239,0.084872,0.201367,0.309929,0.077818,0.232110,0.762725,0.180748,0.581976,0.722238,0.180068,0.341440,0.000000,0.200731,0.210571,NA,0.000000,0.000000,24;25,/home/jukebox/DPUmesh/bench/report/data/l4-20260728-022756/raw/mpstat/load-64-q1-envoy-strict-r2.txt,NA,ok
load-64-q1-plain-r3,load,plain,64,8,4,const,1,11159,11159,3,10.000,11159.000,0.0057,133.00,244.00,281.00,720.00,1818.00,135.98,25.12,2513.15,110792,111592,0,0,0,0,0,0.152191,0.014853,0.137339,0.184395,0.007528,0.176867,0.000000,0.000000,0.000000,0.000000,0.000000,0.000000,0.336586,0.022381,0.314206,0.178149,0.017717,0.090551,0.000000,0.069882,0.080709,NA,0.000000,0.000000,20;21,/home/jukebox/DPUmesh/bench/report/data/l4-20260728-022756/raw/mpstat/load-64-q1-plain-r3.txt,NA,ok
load-64-q1-envoy-permissive-r3,load,envoy-permissive,64,8,4,const,1,11159,11159,3,10.000,11159.000,0.0057,154.00,439.00,517.00,736.00,2187.00,204.65,55.71,2904.28,110789,111592,3,0,0,0,0,0.101642,0.014492,0.087150,0.064421,0.004180,0.060240,0.267751,0.070900,0.196851,0.283683,0.064361,0.219322,0.717497,0.153933,0.563563,0.663135,0.144630,0.316809,0.000000,0.201695,0.210550,NA,0.000000,0.000000,22;23,/home/jukebox/DPUmesh/bench/report/data/l4-20260728-022756/raw/mpstat/load-64-q1-envoy-permissive-r3.txt,NA,ok
load-64-q1-envoy-strict-r3,load,envoy-strict,64,8,4,const,1,11159,11159,3,10.000,11159.000,0.0057,190.00,504.00,551.00,847.00,2743.00,235.26,66.75,3819.24,110789,111592,3,0,0,0,0,0.100573,0.014996,0.085577,0.064277,0.003054,0.061223,0.281170,0.084530,0.196640,0.313935,0.085555,0.228380,0.759955,0.188135,0.571820,0.712462,0.185004,0.324741,0.000000,0.202717,0.218462,NA,0.000000,0.000000,24;25,/home/jukebox/DPUmesh/bench/report/data/l4-20260728-022756/raw/mpstat/load-64-q1-envoy-strict-r3.txt,NA,ok
load-64-q1-dpumesh-preload-r3,load,dpumesh-preload,64,8,4,const,1,11159,11159,3,10.000,11159.000,0.0057,202.00,359.00,425.00,1072.00,2450.00,232.94,92.99,3167.43,110789,111592,3,0,0,0,0,0.172369,0.040719,0.131651,0.175808,0.039407,0.136401,0.000000,0.000000,0.000000,0.000000,0.000000,0.000000,0.348177,0.080126,0.268052,0.254762,0.063936,0.190825,0.000000,0.000000,0.012787,0.909005,0.000000,0.000000,18;19,/home/jukebox/DPUmesh/bench/report/data/l4-20260728-022756/raw/mpstat/load-64-q1-dpumesh-preload-r3.txt,NA,ok
load-64-q2-envoy-permissive-r3,load,envoy-permissive,64,8,4,const,2,22022,22022,3,10.000,22021.000,0.0113,163.00,392.00,525.00,584.00,2049.00,181.33,55.98,2593.94,219417,220220,3,0,0,0,0,0.184477,0.027715,0.156763,0.113067,0.006422,0.106645,0.499916,0.108304,0.391611,0.480450,0.097787,0.382663,1.277910,0.240228,1.037682,1.314170,0.255560,0.668389,0.000000,0.390221,0.416760,NA,0.000000,0.000000,22;23,/home/jukebox/DPUmesh/bench/report/data/l4-20260728-022756/raw/mpstat/load-64-q2-envoy-permissive-r3.txt,NA,ok
load-64-q2-envoy-strict-r3,load,envoy-strict,64,8,4,const,2,22022,22022,3,10.000,22021.000,0.0113,171.00,349.00,534.00,615.00,1299.00,188.33,64.01,1860.27,219417,220220,3,0,0,0,0,0.189016,0.020303,0.168713,0.114872,0.009301,0.105571,0.559171,0.154221,0.404950,0.515405,0.128180,0.387225,1.378464,0.312005,1.066459,1.428259,0.332473,0.681669,0.000000,0.414116,0.443626,NA,0.000000,0.000000,24;25,/home/jukebox/DPUmesh/bench/report/data/l4-20260728-022756/raw/mpstat/load-64-q2-envoy-strict-r3.txt,NA,ok
load-64-q2-dpumesh-preload-r3,load,dpumesh-preload,64,8,4,const,2,22022,22022,3,10.000,22021.000,0.0113,190.00,363.00,429.00,1345.00,3189.00,209.07,72.79,4406.65,219416,220220,4,0,0,0,0,0.304896,0.073905,0.230990,0.273881,0.065185,0.208696,0.000000,0.000000,0.000000,0.000000,0.000000,0.000000,0.578777,0.139090,0.439686,0.520396,0.127886,0.392510,0.000000,0.000000,0.018691,1.643330,0.000000,0.000000,18;19,/home/jukebox/DPUmesh/bench/report/data/l4-20260728-022756/raw/mpstat/load-64-q2-dpumesh-preload-r3.txt,NA,ok
load-64-q2-plain-r3,load,plain,64,8,4,const,2,22022,22022,3,10.000,22021.000,0.0113,81.00,262.00,319.00,406.00,2134.00,110.37,17.65,2704.20,219417,220220,3,0,0,0,0,0.296946,0.032541,0.264405,0.301817,0.010974,0.290843,0.000000,0.000000,0.000000,0.000000,0.000000,0.000000,0.598763,0.043515,0.555248,0.342365,0.031482,0.161344,0.000000,0.149539,0.166264,NA,0.000000,0.000000,20;21,/home/jukebox/DPUmesh/bench/report/data/l4-20260728-022756/raw/mpstat/load-64-q2-plain-r3.txt,NA,ok
load-64-q3-envoy-strict-r3,load,envoy-strict,64,8,4,const,3,43458,43458,3,10.000,43457.000,0.0223,250.00,319.00,363.00,417.00,586.00,243.95,77.53,795.60,433772,434581,9,0,0,0,0,0.226544,0.023055,0.203489,0.189082,0.008114,0.180967,0.756764,0.200685,0.556080,0.786047,0.220781,0.565267,1.958437,0.452635,1.505803,1.960523,0.456439,0.967965,0.000000,0.536119,0.633506,NA,0.000000,0.000000,24;25,/home/jukebox/DPUmesh/bench/report/data/l4-20260728-022756/raw/mpstat/load-64-q3-envoy-strict-r3.txt,NA,ok
load-64-q3-dpumesh-preload-r3,load,dpumesh-preload,64,8,4,const,3,43458,43458,3,10.000,43451.000,0.0222,172.00,224.00,272.00,2398.00,10444.00,179.98,69.61,11374.55,433712,434580,4,0,64,0,0,0.619449,0.164027,0.455421,0.510471,0.117358,0.393113,0.000000,0.000000,0.000000,0.000000,0.000000,0.000000,1.129920,0.281385,0.848534,1.074927,0.269469,0.805458,0.000000,0.000000,0.090479,2.837915,0.000000,0.000000,18;19,/home/jukebox/DPUmesh/bench/report/data/l4-20260728-022756/raw/mpstat/load-64-q3-dpumesh-preload-r3.txt,NA,ok
load-64-q3-plain-r3,load,plain,64,8,4,const,3,43458,43458,3,10.000,43457.000,0.0223,65.00,98.00,194.00,383.00,2497.00,68.81,13.27,3433.86,433778,434580,2,0,0,0,0,0.636245,0.049254,0.586991,0.440450,0.017277,0.423173,0.000000,0.000000,0.000000,0.000000,0.000000,0.000000,1.076695,0.066531,1.010164,0.656281,0.042309,0.331584,0.000000,0.282388,0.307970,NA,0.000000,0.000000,20;21,/home/jukebox/DPUmesh/bench/report/data/l4-20260728-022756/raw/mpstat/load-64-q3-plain-r3.txt,NA,ok
load-64-q3-envoy-permissive-r3,load,envoy-permissive,64,8,4,const,3,43458,43458,3,10.000,43457.000,0.0223,246.00,340.00,363.00,434.00,561.00,239.96,70.36,895.63,433773,434581,8,0,0,0,0,0.243218,0.016464,0.226754,0.176013,0.010505,0.165508,0.740518,0.166393,0.574125,0.683913,0.158216,0.525697,1.843662,0.351578,1.492084,1.838934,0.352053,0.922417,0.000000,0.564464,0.623467,NA,0.000000,0.000000,22;23,/home/jukebox/DPUmesh/bench/report/data/l4-20260728-022756/raw/mpstat/load-64-q3-envoy-permissive-r3.txt,NA,ok
load-64-q4-dpumesh-preload-r3,load,dpumesh-preload,64,8,4,const,4,85760,85760,3,10.000,85759.000,0.0439,164.00,214.00,240.00,554.00,1623.00,166.47,67.27,2214.72,856787,857600,13,0,0,0,0,0.866255,0.223135,0.643120,0.743066,0.162634,0.580431,0.000000,0.000000,0.000000,0.000000,0.000000,0.000000,1.609321,0.385769,1.223551,1.596606,0.382674,1.213932,0.000000,0.000000,0.085585,3.199052,0.000000,0.000000,18;19,/home/jukebox/DPUmesh/bench/report/data/l4-20260728-022756/raw/mpstat/load-64-q4-dpumesh-preload-r3.txt,NA,ok
load-64-q4-plain-r3,load,plain,64,8,4,const,4,85760,85760,3,10.000,85759.000,0.0439,50.00,88.00,119.00,322.00,1779.00,55.21,12.48,2344.43,856795,857595,0,0,0,0,0,0.763116,0.055818,0.707298,0.563276,0.019616,0.543660,0.000000,0.000000,0.000000,0.000000,0.000000,0.000000,1.326392,0.075434,1.250958,1.139252,0.064931,0.541096,0.000000,0.533225,0.606027,NA,0.000000,0.000000,20;21,/home/jukebox/DPUmesh/bench/report/data/l4-20260728-022756/raw/mpstat/load-64-q4-plain-r3.txt,NA,ok
load-64-q4-envoy-permissive-r3,load,envoy-permissive,64,8,4,const,4,85760,85760,3,10.000,85758.000,0.0439,238.00,299.00,320.00,397.00,515.00,234.45,70.00,798.73,856784,857600,16,0,0,0,0,0.248554,0.023577,0.224977,0.197787,0.012891,0.184896,0.735702,0.158743,0.576959,0.752283,0.177884,0.574399,1.934326,0.373095,1.561231,1.935620,0.373748,0.967810,0.000000,0.594062,0.705203,NA,0.000000,0.000000,22;23,/home/jukebox/DPUmesh/bench/report/data/l4-20260728-022756/raw/mpstat/load-64-q4-envoy-permissive-r3.txt,NA,ok
load-64-q4-envoy-strict-r3,load,envoy-strict,64,8,4,const,4,85760,85760,3,10.000,85759.000,0.0439,281.00,367.00,394.00,484.00,609.00,273.45,82.76,817.66,856778,857598,20,0,0,0,0,0.235925,0.018928,0.216997,0.184813,0.015254,0.169559,0.748424,0.203389,0.545035,0.734144,0.194434,0.539710,1.903306,0.432005,1.471301,1.902969,0.431733,0.925423,0.000000,0.545813,0.641207,NA,0.000000,0.000000,24;25,/home/jukebox/DPUmesh/bench/report/data/l4-20260728-022756/raw/mpstat/load-64-q4-envoy-strict-r3.txt,NA,ok
load-64-q5-plain-r3,load,plain,64,8,4,const,5,169240,169240,3,10.000,169256.000,0.0867,79.00,123.00,141.00,165.00,2777.00,82.48,15.09,11838.84,1691264,1692395,11,0,320,0,0,0.984304,0.055499,0.928806,0.881873,0.038512,0.843361,0.000000,0.000000,0.000000,0.000000,0.000000,0.000000,1.866177,0.094011,1.772167,1.854769,0.095444,0.893438,0.000000,0.865887,1.042016,NA,0.000000,0.000000,20;21,/home/jukebox/DPUmesh/bench/report/data/l4-20260728-022756/raw/mpstat/load-64-q5-plain-r3.txt,NA,ok
load-64-q5-envoy-permissive-r3,load,envoy-permissive,64,8,4,const,5,169240,169240,3,10.000,169240.000,0.0867,246.00,321.00,372.00,421.00,601.00,241.89,74.72,940.52,1691565,1692391,26,0,0,0,0,0.247943,0.029371,0.218573,0.200823,0.014588,0.186235,0.736344,0.155074,0.581270,0.745017,0.177629,0.567388,1.930127,0.376662,1.553466,1.930501,0.378626,0.954924,0.000000,0.596951,0.690378,NA,0.000000,0.000000,22;23,/home/jukebox/DPUmesh/bench/report/data/l4-20260728-022756/raw/mpstat/load-64-q5-envoy-permissive-r3.txt,NA,ok
load-64-q5-envoy-strict-r3,load,envoy-strict,64,8,4,const,5,169240,169240,3,10.000,169239.000,0.0867,257.00,329.00,354.00,443.00,583.00,250.38,81.22,922.09,1691560,1692393,33,0,0,0,0,0.235449,0.020316,0.215134,0.188425,0.015587,0.172838,0.748974,0.184781,0.564194,0.760811,0.204975,0.555835,1.933659,0.425659,1.508001,1.937488,0.427821,0.940223,0.000000,0.569445,0.670745,NA,0.000000,0.000000,24;25,/home/jukebox/DPUmesh/bench/report/data/l4-20260728-022756/raw/mpstat/load-64-q5-envoy-strict-r3.txt,NA,ok
load-64-q5-dpumesh-preload-r3,load,dpumesh-preload,64,8,4,const,5,169240,169240,3,10.000,168097.000,0.0861,62628.00,132138.00,141777.00,218901.00,245998.00,65486.29,16.99,249235.83,1680156,1692397,11441,0,0,0,0,0.980054,0.232826,0.747229,0.845956,0.180623,0.665332,0.000000,0.000000,0.000000,0.000000,0.000000,0.000000,1.826010,0.413449,1.412561,1.789281,0.406252,1.383029,0.000000,0.000000,0.092464,3.799242,0.000000,0.000000,18;19,/home/jukebox/DPUmesh/bench/report/data/l4-20260728-022756/raw/mpstat/load-64-q5-dpumesh-preload-r3.txt,NA,ok
load-64-q6-envoy-permissive-r3,load,envoy-permissive,64,8,4,const,6,333981,333981,3,10.000,333988.000,0.1710,276.00,369.00,394.00,469.00,685.00,268.03,80.32,1108.01,3338896,3339781,85,0,0,0,0,0.264907,0.037488,0.227419,0.190628,0.021613,0.169015,0.719362,0.156631,0.562730,0.684129,0.164665,0.519464,1.859026,0.380397,1.478628,1.853695,0.380573,0.915539,0.000000,0.557584,0.656906,NA,0.000000,0.000000,22;23,/home/jukebox/DPUmesh/bench/report/data/l4-20260728-022756/raw/mpstat/load-64-q6-envoy-permissive-r3.txt,NA,ok
load-64-q6-envoy-strict-r3,load,envoy-strict,64,8,4,const,6,333981,333981,3,10.000,333974.000,0.1710,294.00,395.00,424.00,532.00,748.00,285.76,84.21,1052.62,3338900,3339780,80,0,0,0,0,0.258264,0.034866,0.223397,0.170692,0.017155,0.153538,0.725922,0.189487,0.536435,0.681911,0.196069,0.485842,1.836789,0.437577,1.399212,1.841662,0.443454,0.887891,0.000000,0.510316,0.619459,NA,0.000000,0.000000,24;25,/home/jukebox/DPUmesh/bench/report/data/l4-20260728-022756/raw/mpstat/load-64-q6-envoy-strict-r3.txt,NA,ok
load-64-q6-dpumesh-preload-r3,load,dpumesh-preload,64,8,4,const,6,333981,333981,3,10.000,331437.000,0.1697,74461.00,144159.00,185945.00,219845.00,227931.00,75872.14,14.89,229677.48,3313552,3339804,25444,0,8,0,0,0.976268,0.264607,0.711661,0.946145,0.205028,0.741116,0.000000,0.000000,0.000000,0.000000,0.000000,0.000000,1.922413,0.469635,1.452777,1.924506,0.471047,1.453459,0.000000,0.000000,0.097356,3.703318,0.000000,0.000000,18;19,/home/jukebox/DPUmesh/bench/report/data/l4-20260728-022756/raw/mpstat/load-64-q6-dpumesh-preload-r3.txt,NA,ok
load-64-q6-plain-r3,load,plain,64,8,4,const,6,333981,333981,3,10.000,333981.000,0.1710,93.00,164.00,199.00,236.00,354.00,95.17,7.09,1437.21,3338449,3339802,10,0,543,0,0,0.975741,0.064023,0.911718,0.774306,0.028588,0.745718,0.000000,0.000000,0.000000,0.000000,0.000000,0.000000,1.750047,0.092611,1.657436,1.742221,0.092568,0.803877,0.000000,0.845776,1.027988,NA,0.000000,0.000000,20;21,/home/jukebox/DPUmesh/bench/report/data/l4-20260728-022756/raw/mpstat/load-64-q6-plain-r3.txt,NA,ok
load-64-q7-envoy-strict-r3,load,envoy-strict,64,8,4,const,7,659082,659082,3,10.000,659076.000,0.3374,310.00,408.00,466.00,523.00,716.00,313.78,92.52,954.08,6589807,6590771,164,0,0,0,0,0.251024,0.041151,0.209873,0.191455,0.026341,0.165114,0.733265,0.192443,0.540822,0.790625,0.225274,0.565351,1.966369,0.485209,1.481160,1.965714,0.483808,0.914514,0.000000,0.567392,0.664744,NA,0.000000,0.000000,24;25,/home/jukebox/DPUmesh/bench/report/data/l4-20260728-022756/raw/mpstat/load-64-q7-envoy-strict-r3.txt,NA,ok
load-64-q7-dpumesh-preload-r3,load,dpumesh-preload,64,8,4,const,7,659082,659082,3,10.000,537022.000,0.2750,177326.00,280257.00,344462.00,418307.00,441598.00,173688.43,60.90,442006.28,5369368,6590826,97257,0,1123401,0,0,0.980183,0.237487,0.742696,0.981271,0.209874,0.771397,0.000000,0.000000,0.000000,0.000000,0.000000,0.000000,1.961454,0.447361,1.514093,1.963099,0.448483,1.514615,0.000000,0.000000,0.113104,4.099620,0.000000,0.000000,18;19,/home/jukebox/DPUmesh/bench/report/data/l4-20260728-022756/raw/mpstat/load-64-q7-dpumesh-preload-r3.txt,NA,ok
load-64-q7-plain-r3,load,plain,64,8,4,const,7,659082,659082,3,10.000,442319.000,0.2265,144.00,893.00,11867.00,27772.00,35923.00,520.06,5.61,40103.74,4419183,6590730,28,0,2170719,0,0,0.975493,0.048002,0.927491,0.889178,0.039880,0.849297,0.000000,0.000000,0.000000,0.000000,0.000000,0.000000,1.864671,0.087882,1.776788,1.838569,0.088664,0.957771,0.000000,0.792134,1.019154,NA,0.000000,0.000000,20;21,/home/jukebox/DPUmesh/bench/report/data/l4-20260728-022756/raw/mpstat/load-64-q7-plain-r3.txt,NA,ok
load-64-q7-envoy-permissive-r3,load,envoy-permissive,64,8,4,const,7,659082,659082,3,10.000,659077.000,0.3374,281.00,363.00,419.00,472.00,596.00,283.65,89.88,842.93,6589822,6590775,153,0,0,0,0,0.271487,0.043276,0.228211,0.204677,0.028089,0.176588,0.712750,0.143468,0.569283,0.769517,0.174011,0.595506,1.958431,0.388844,1.569588,1.958867,0.388430,0.959766,0.000000,0.610671,0.700157,NA,0.000000,0.000000,22;23,/home/jukebox/DPUmesh/bench/report/data/l4-20260728-022756/raw/mpstat/load-64-q7-envoy-permissive-r3.txt,NA,ok
load-64-q8-dpumesh-preload-r3,load,dpumesh-preload,64,8,4,const,8,1300643,1300643,3,10.000,940221.000,0.4814,101741.00,178390.00,215095.00,247642.00,257400.00,94759.12,3.98,260862.97,9401434,13006438,87662,0,3516542,0,0,0.978999,0.282637,0.696362,0.977503,0.221914,0.755589,0.000000,0.000000,0.000000,0.000000,0.000000,0.000000,1.956502,0.504551,1.451951,1.957515,0.504626,1.452889,0.000000,0.000000,0.099351,3.793169,0.000000,0.000000,18;19,/home/jukebox/DPUmesh/bench/report/data/l4-20260728-022756/raw/mpstat/load-64-q8-dpumesh-preload-r3.txt,NA,ok
load-64-q8-plain-r3,load,plain,64,8,4,const,8,1300643,1300643,3,10.000,340744.000,0.1745,18.00,73.00,24050.00,31943.00,35999.00,962.13,5.00,36134.10,3405574,13009007,220,0,9602413,0,0,0.984808,0.052851,0.931957,0.907389,0.040127,0.867262,0.000000,0.000000,0.000000,0.000000,0.000000,0.000000,1.892197,0.092978,1.799219,1.888076,0.094404,0.985340,0.000000,0.808332,1.030575,NA,0.000000,0.000000,20;21,/home/jukebox/DPUmesh/bench/report/data/l4-20260728-022756/raw/mpstat/load-64-q8-plain-r3.txt,NA,ok
load-64-q8-envoy-permissive-r3,load,envoy-permissive,64,8,4,const,8,1300643,1300643,3,10.000,1300595.000,0.6659,348.00,474.00,546.00,775.00,1240.00,342.60,91.91,2050.13,13004635,13006377,393,0,549,0,0,0.422949,0.078608,0.344341,0.160906,0.030763,0.130144,0.561472,0.105914,0.455558,0.608299,0.114010,0.494289,1.753626,0.329295,1.424332,1.763433,0.331443,0.908763,0.000000,0.523227,0.571419,NA,0.000000,0.000000,22;23,/home/jukebox/DPUmesh/bench/report/data/l4-20260728-022756/raw/mpstat/load-64-q8-envoy-permissive-r3.txt,NA,ok
load-64-q8-envoy-strict-r3,load,envoy-strict,64,8,4,const,8,1300643,1300643,3,10.000,1300596.000,0.6659,389.00,534.00,645.00,868.00,995.00,384.06,114.21,1306.54,13004397,13006295,394,0,704,0,0,0.415132,0.081959,0.333173,0.146562,0.034705,0.111857,0.569103,0.154109,0.414995,0.619313,0.160023,0.459290,1.750110,0.430796,1.319315,1.749214,0.431650,0.839701,0.000000,0.477863,0.517193,NA,0.000000,0.000000,24;25,/home/jukebox/DPUmesh/bench/report/data/l4-20260728-022756/raw/mpstat/load-64-q8-envoy-strict-r3.txt,NA,ok
load-64-q9-plain-r3,load,plain,64,8,4,const,9,2566708,2566708,3,10.000,656692.000,0.3362,20.00,26.00,24008.00,32016.00,36093.00,538.31,5.77,40179.01,6564571,25665388,134,0,19099883,0,0,0.975349,0.065673,0.909676,0.836977,0.053390,0.783586,0.000000,0.000000,0.000000,0.000000,0.000000,0.000000,1.812326,0.119063,1.693262,1.798318,0.117875,0.913771,0.000000,0.766672,1.030672,NA,0.000000,0.000000,20;21,/home/jukebox/DPUmesh/bench/report/data/l4-20260728-022756/raw/mpstat/load-64-q9-plain-r3.txt,NA,ok
load-64-q9-envoy-permissive-r3,load,envoy-permissive,64,8,4,const,9,2566708,2566708,3,10.000,590665.000,0.3024,14567.00,25394.00,32296.00,40458.00,47976.00,14752.91,2.31,52982.31,5905717,25663135,5096,0,19751522,0,0,0.873827,0.114307,0.759521,0.019509,0.004288,0.015221,0.108771,0.018289,0.090483,0.042306,0.009183,0.033122,1.044413,0.146067,0.898347,1.002390,0.136466,0.695095,0.000000,0.170828,0.180646,NA,0.000000,0.000000,22;23,/home/jukebox/DPUmesh/bench/report/data/l4-20260728-022756/raw/mpstat/load-64-q9-envoy-permissive-r3.txt,NA,ok
load-64-q9-envoy-strict-r3,load,envoy-strict,64,8,4,const,9,2566708,2566708,3,10.000,570894.000,0.2923,14660.00,28961.00,34335.00,52421.00,56952.00,15960.78,2.27,60905.59,5708097,25653723,6777,0,19938049,0,0,0.852254,0.094277,0.757977,0.018637,0.001701,0.016936,0.132358,0.035458,0.096901,0.068661,0.019577,0.049085,1.071910,0.151013,0.920899,0.997484,0.117062,0.711224,0.000000,0.169198,0.181003,NA,0.000000,0.000000,24;25,/home/jukebox/DPUmesh/bench/report/data/l4-20260728-022756/raw/mpstat/load-64-q9-envoy-strict-r3.txt,NA,ok
load-64-q9-dpumesh-preload-r3,load,dpumesh-preload,64,8,4,const,9,2566708,2566708,3,10.000,1114184.000,0.5705,113728.00,185523.00,257617.00,355077.00,450914.00,97280.89,12.61,451753.90,11140836,25666909,123931,0,14401342,0,0,0.979146,0.249211,0.729936,0.948520,0.234689,0.713831,0.000000,0.000000,0.000000,0.000000,0.000000,0.000000,1.927666,0.483900,1.443767,1.924332,0.482804,1.441529,0.000000,0.000000,0.081615,3.835227,0.000000,0.000000,18;19,/home/jukebox/DPUmesh/bench/report/data/l4-20260728-022756/raw/mpstat/load-64-q9-dpumesh-preload-r3.txt,NA,ok
load-1024-q1-envoy-strict-r1,load,envoy-strict,1024,8,4,const,1,10522,10522,1,10.000,10522.000,0.0862,207.00,534.00,577.00,660.00,2824.00,272.74,71.67,3642.96,104420,105220,0,0,0,0,0,0.093730,0.010608,0.083121,0.064690,0.004568,0.060122,0.260873,0.076475,0.184398,0.347077,0.096749,0.250327,0.766370,0.188400,0.577968,0.680691,0.173124,0.318705,0.000000,0.188862,0.203617,NA,0.000000,0.000000,24;25,/home/jukebox/DPUmesh/bench/report/data/l4-20260728-022756/raw/mpstat/load-1024-q1-envoy-strict-r1.txt,NA,ok
load-1024-q1-dpumesh-preload-r1,load,dpumesh-preload,1024,8,4,const,1,10522,10522,1,10.000,10522.000,0.0862,214.00,373.00,421.00,7172.00,12058.00,267.58,83.58,12617.04,104420,105220,0,0,0,0,0,0.152942,0.030052,0.122890,0.170950,0.044141,0.126808,0.000000,0.000000,0.000000,0.000000,0.000000,0.000000,0.323892,0.074193,0.249698,0.235096,0.056069,0.179027,0.000000,0.000000,0.009837,0.848341,0.000000,0.000000,18;19,/home/jukebox/DPUmesh/bench/report/data/l4-20260728-022756/raw/mpstat/load-1024-q1-dpumesh-preload-r1.txt,NA,ok
load-1024-q1-plain-r1,load,plain,1024,8,4,const,1,10522,10522,1,10.000,10522.000,0.0862,146.00,244.00,280.00,593.00,1738.00,137.00,23.61,2817.93,104420,105220,0,0,0,0,0,0.142070,0.011898,0.130171,0.175971,0.006014,0.169957,0.000000,0.000000,0.000000,0.000000,0.000000,0.000000,0.318041,0.017912,0.300128,0.156429,0.016725,0.078707,0.000000,0.060998,0.071820,NA,0.000000,0.000000,20;21,/home/jukebox/DPUmesh/bench/report/data/l4-20260728-022756/raw/mpstat/load-1024-q1-plain-r1.txt,NA,ok
load-1024-q1-envoy-permissive-r1,load,envoy-permissive,1024,8,4,const,1,10522,10522,1,10.000,10522.000,0.0862,185.00,437.00,544.00,988.00,2668.00,239.83,63.41,3464.23,104420,105220,0,0,0,0,0,0.093467,0.012657,0.080810,0.063005,0.005365,0.057640,0.246414,0.050971,0.195443,0.302552,0.064514,0.238038,0.705438,0.133507,0.571931,0.653209,0.127887,0.327588,0.000000,0.197733,0.206587,NA,0.000000,0.000000,22;23,/home/jukebox/DPUmesh/bench/report/data/l4-20260728-022756/raw/mpstat/load-1024-q1-envoy-permissive-r1.txt,NA,ok
load-1024-q2-dpumesh-preload-r1,load,dpumesh-preload,1024,8,4,const,2,20423,20423,1,10.000,20423.000,0.1673,191.00,332.00,418.00,900.00,2285.00,202.39,74.95,2982.33,203428,204232,4,0,0,0,0,0.312974,0.085358,0.227616,0.271885,0.063137,0.208748,0.000000,0.000000,0.000000,0.000000,0.000000,0.000000,0.584859,0.148495,0.436364,0.536159,0.138713,0.397446,0.000000,0.000000,0.016724,1.507067,0.000000,0.000000,18;19,/home/jukebox/DPUmesh/bench/report/data/l4-20260728-022756/raw/mpstat/load-1024-q2-dpumesh-preload-r1.txt,NA,ok
load-1024-q2-plain-r1,load,plain,1024,8,4,const,2,20423,20423,1,10.000,20422.000,0.1673,78.00,263.00,326.00,2439.00,11128.00,118.92,17.86,12108.26,203431,204232,1,0,0,0,0,0.295341,0.035387,0.259953,0.274115,0.010105,0.264010,0.000000,0.000000,0.000000,0.000000,0.000000,0.000000,0.569456,0.045492,0.523963,0.409114,0.038354,0.218325,0.000000,0.152434,0.165219,NA,0.000000,0.000000,20;21,/home/jukebox/DPUmesh/bench/report/data/l4-20260728-022756/raw/mpstat/load-1024-q2-plain-r1.txt,NA,ok
load-1024-q2-envoy-permissive-r1,load,envoy-permissive,1024,8,4,const,2,20423,20423,1,10.000,20422.000,0.1673,159.00,326.00,499.00,744.00,2012.00,174.43,55.80,2802.98,203428,204232,4,0,0,0,0,0.176119,0.024205,0.151915,0.110074,0.005117,0.104957,0.480084,0.113218,0.366866,0.444059,0.103025,0.341034,1.210336,0.245565,0.964772,1.194139,0.246894,0.621661,0.000000,0.325585,0.342307,NA,0.000000,0.000000,22;23,/home/jukebox/DPUmesh/bench/report/data/l4-20260728-022756/raw/mpstat/load-1024-q2-envoy-permissive-r1.txt,NA,ok
load-1024-q2-envoy-strict-r1,load,envoy-strict,1024,8,4,const,2,20423,20423,1,10.000,20422.000,0.1673,175.00,483.00,580.00,1336.00,9222.00,213.75,63.30,10084.53,203428,204232,4,0,0,0,0,0.176572,0.024654,0.151918,0.107001,0.005386,0.101615,0.520279,0.149170,0.371109,0.498190,0.124679,0.373512,1.302042,0.303889,0.998154,1.305289,0.311813,0.623627,0.000000,0.369848,0.382635,NA,0.000000,0.000000,24;25,/home/jukebox/DPUmesh/bench/report/data/l4-20260728-022756/raw/mpstat/load-1024-q2-envoy-strict-r1.txt,NA,ok
load-1024-q3-plain-r1,load,plain,1024,8,4,const,3,39643,39643,1,10.000,39642.000,0.3248,68.00,93.00,107.00,496.00,2499.00,70.51,15.80,3255.86,395627,396430,3,0,0,0,0,0.584950,0.073859,0.511091,0.408558,0.018565,0.389994,0.000000,0.000000,0.000000,0.000000,0.000000,0.000000,0.993508,0.092424,0.901085,0.730112,0.077734,0.416223,0.000000,0.236155,0.290274,NA,0.000000,0.000000,20;21,/home/jukebox/DPUmesh/bench/report/data/l4-20260728-022756/raw/mpstat/load-1024-q3-plain-r1.txt,NA,ok
load-1024-q3-envoy-permissive-r1,load,envoy-permissive,1024,8,4,const,3,39643,39643,1,10.000,39642.000,0.3248,250.00,290.00,330.00,384.00,533.00,237.93,70.05,698.06,395620,396428,8,0,0,0,0,0.237571,0.019306,0.218265,0.196555,0.010874,0.185681,0.745358,0.151728,0.593630,0.756957,0.180355,0.576601,1.936441,0.362263,1.574177,1.938227,0.363848,0.966655,0.000000,0.607724,0.709011,NA,0.000000,0.000000,22;23,/home/jukebox/DPUmesh/bench/report/data/l4-20260728-022756/raw/mpstat/load-1024-q3-envoy-permissive-r1.txt,NA,ok
load-1024-q3-envoy-strict-r1,load,envoy-strict,1024,8,4,const,3,39643,39643,1,10.000,39642.000,0.3247,275.00,369.00,403.00,467.00,609.00,273.00,74.59,885.34,395620,396428,8,0,0,0,0,0.224067,0.025170,0.198897,0.190699,0.013874,0.176825,0.758442,0.203227,0.555215,0.781851,0.212740,0.569111,1.955059,0.455011,1.500048,1.956583,0.457421,0.926647,0.000000,0.572515,0.665966,NA,0.000000,0.000000,24;25,/home/jukebox/DPUmesh/bench/report/data/l4-20260728-022756/raw/mpstat/load-1024-q3-envoy-strict-r1.txt,NA,ok
load-1024-q3-dpumesh-preload-r1,load,dpumesh-preload,1024,8,4,const,3,39643,39643,1,10.000,39643.000,0.3248,180.00,214.00,224.00,1136.00,9744.00,184.52,74.13,13196.01,395627,396431,4,0,0,0,0,0.551757,0.135168,0.416588,0.427086,0.095718,0.331368,0.000000,0.000000,0.000000,0.000000,0.000000,0.000000,0.978843,0.230886,0.747956,0.904066,0.213474,0.690592,0.000000,0.000000,0.045252,2.479167,0.000000,0.000000,18;19,/home/jukebox/DPUmesh/bench/report/data/l4-20260728-022756/raw/mpstat/load-1024-q3-dpumesh-preload-r1.txt,NA,ok
load-1024-q4-envoy-permissive-r1,load,envoy-permissive,1024,8,4,const,4,76949,76949,1,10.000,76948.000,0.6304,277.00,349.00,372.00,442.00,628.00,271.23,90.28,847.21,768671,769484,13,0,0,0,0,0.251899,0.024402,0.227496,0.172106,0.009892,0.162214,0.732280,0.164098,0.568183,0.764269,0.146884,0.617385,1.920554,0.345276,1.575278,1.927397,0.348112,0.960748,0.000000,0.618537,0.693273,NA,0.000000,0.000000,22;23,/home/jukebox/DPUmesh/bench/report/data/l4-20260728-022756/raw/mpstat/load-1024-q4-envoy-permissive-r1.txt,NA,ok
load-1024-q4-envoy-strict-r1,load,envoy-strict,1024,8,4,const,4,76949,76949,1,10.000,76948.000,0.6304,274.00,344.00,409.00,479.00,600.00,275.04,102.11,883.04,768673,769490,17,0,0,0,0,0.213255,0.019816,0.193439,0.171123,0.012608,0.158515,0.770971,0.211833,0.559138,0.808924,0.203271,0.605652,1.964273,0.447528,1.516744,1.963750,0.447424,0.920416,0.000000,0.595910,0.674578,NA,0.000000,0.000000,24;25,/home/jukebox/DPUmesh/bench/report/data/l4-20260728-022756/raw/mpstat/load-1024-q4-envoy-strict-r1.txt,NA,ok
load-1024-q4-dpumesh-preload-r1,load,dpumesh-preload,1024,8,4,const,4,76949,76949,1,10.000,76946.000,0.6303,166.00,252.00,307.00,794.00,3393.00,175.23,66.35,4283.98,768656,769489,13,0,20,0,0,0.830761,0.204763,0.625999,0.707627,0.162905,0.544721,0.000000,0.000000,0.000000,0.000000,0.000000,0.000000,1.538388,0.367668,1.170720,1.495497,0.361084,1.134413,0.000000,0.000000,0.078710,3.389943,0.000000,0.000000,18;19,/home/jukebox/DPUmesh/bench/report/data/l4-20260728-022756/raw/mpstat/load-1024-q4-dpumesh-preload-r1.txt,NA,ok
load-1024-q4-plain-r1,load,plain,1024,8,4,const,4,76949,76949,1,10.000,76948.000,0.6304,59.00,97.00,137.00,376.00,1579.00,63.19,12.94,2410.79,768685,769489,4,0,0,0,0,0.676977,0.060048,0.616929,0.566334,0.018185,0.548149,0.000000,0.000000,0.000000,0.000000,0.000000,0.000000,1.243311,0.078233,1.165078,1.204411,0.078720,0.583510,0.000000,0.542182,0.598270,NA,0.000000,0.000000,20;21,/home/jukebox/DPUmesh/bench/report/data/l4-20260728-022756/raw/mpstat/load-1024-q4-plain-r1.txt,NA,ok
load-1024-q5-envoy-strict-r1,load,envoy-strict,1024,8,4,const,5,149363,149363,1,10.000,149364.000,1.2236,313.00,398.00,425.00,502.00,692.00,305.40,99.16,944.35,1492786,1493620,34,0,0,0,0,0.235101,0.023548,0.211553,0.160485,0.008841,0.151645,0.749390,0.229780,0.519610,0.772403,0.195170,0.577233,1.917379,0.457339,1.460041,1.923880,0.458348,0.870467,0.000000,0.595065,0.665883,NA,0.000000,0.000000,24;25,/home/jukebox/DPUmesh/bench/report/data/l4-20260728-022756/raw/mpstat/load-1024-q5-envoy-strict-r1.txt,NA,ok
load-1024-q5-dpumesh-preload-r1,load,dpumesh-preload,1024,8,4,const,5,149363,149363,1,10.000,148326.000,1.2151,65156.00,135457.00,150065.00,228479.00,242286.00,67795.10,19.52,244639.38,1482451,1493634,10383,0,0,0,0,0.975466,0.253824,0.721642,0.849050,0.194191,0.654859,0.000000,0.000000,0.000000,0.000000,0.000000,0.000000,1.824516,0.448015,1.376501,1.816386,0.446475,1.369911,0.000000,0.000000,0.090475,3.729858,0.000000,0.000000,18;19,/home/jukebox/DPUmesh/bench/report/data/l4-20260728-022756/raw/mpstat/load-1024-q5-dpumesh-preload-r1.txt,NA,ok
load-1024-q5-plain-r1,load,plain,1024,8,4,const,5,149363,149363,1,10.000,149363.000,1.2236,70.00,110.00,130.00,207.00,462.00,72.07,6.35,1554.75,1492817,1493625,8,0,0,0,0,0.984569,0.047679,0.936890,0.975642,0.025794,0.949848,0.000000,0.000000,0.000000,0.000000,0.000000,0.000000,1.960211,0.073473,1.886738,1.957993,0.075762,0.888476,0.000000,0.993755,1.085259,NA,0.000000,0.000000,20;21,/home/jukebox/DPUmesh/bench/report/data/l4-20260728-022756/raw/mpstat/load-1024-q5-plain-r1.txt,NA,ok
load-1024-q5-envoy-permissive-r1,load,envoy-permissive,1024,8,4,const,5,149363,149363,1,10.000,149362.000,1.2236,263.00,327.00,388.00,445.00,561.00,264.72,88.22,777.33,1492783,1493619,36,0,0,0,0,0.250378,0.022102,0.228276,0.183908,0.011847,0.172061,0.733899,0.149797,0.584102,0.797969,0.152860,0.645109,1.966154,0.336606,1.629548,1.967850,0.341251,0.973599,0.000000,0.653000,0.729707,NA,0.000000,0.000000,22;23,/home/jukebox/DPUmesh/bench/report/data/l4-20260728-022756/raw/mpstat/load-1024-q5-envoy-permissive-r1.txt,NA,ok
load-1024-q6-dpumesh-preload-r1,load,dpumesh-preload,1024,8,4,const,6,289922,289922,1,10.000,287749.000,2.3572,74161.00,143099.00,195274.00,267724.00,278150.00,75970.11,14.06,280403.92,2876664,2899214,21593,0,157,0,0,0.980161,0.284026,0.696134,0.950180,0.208041,0.742139,0.000000,0.000000,0.000000,0.000000,0.000000,0.000000,1.930341,0.492067,1.438273,1.921183,0.489887,1.431296,0.000000,0.000000,0.052137,3.804924,0.000000,0.000000,18;19,/home/jukebox/DPUmesh/bench/report/data/l4-20260728-022756/raw/mpstat/load-1024-q6-dpumesh-preload-r1.txt,NA,ok
load-1024-q6-plain-r1,load,plain,1024,8,4,const,6,289922,289922,1,10.000,289723.000,2.3734,96.00,169.00,203.00,242.00,7919.00,100.48,6.76,9139.66,2895182,2899207,18,0,3207,0,0,0.983841,0.062575,0.921267,0.891101,0.029241,0.861860,0.000000,0.000000,0.000000,0.000000,0.000000,0.000000,1.874942,0.091816,1.783127,1.851623,0.093467,0.847103,0.000000,0.911054,0.965166,NA,0.000000,0.000000,20;21,/home/jukebox/DPUmesh/bench/report/data/l4-20260728-022756/raw/mpstat/load-1024-q6-plain-r1.txt,NA,ok
load-1024-q6-envoy-permissive-r1,load,envoy-permissive,1024,8,4,const,6,289922,289922,1,10.000,289920.000,2.3750,299.00,384.00,410.00,484.00,792.00,290.96,96.96,1528.41,2898323,2899194,71,0,0,0,0,0.272652,0.041995,0.230656,0.171630,0.011604,0.160026,0.711532,0.147904,0.563627,0.727866,0.137077,0.590789,1.883680,0.338580,1.545098,1.879147,0.338266,0.939082,0.000000,0.601799,0.677515,NA,0.000000,0.000000,22;23,/home/jukebox/DPUmesh/bench/report/data/l4-20260728-022756/raw/mpstat/load-1024-q6-envoy-permissive-r1.txt,NA,ok
load-1024-q6-envoy-strict-r1,load,envoy-strict,1024,8,4,const,6,289922,289922,1,10.000,289930.000,2.3751,337.00,432.00,464.00,574.00,861.00,327.70,107.61,1153.51,2898317,2899192,75,0,0,0,0,0.243497,0.038711,0.204785,0.153290,0.015191,0.138099,0.740885,0.250631,0.490254,0.761572,0.221238,0.540334,1.899244,0.525771,1.373472,1.894998,0.520215,0.880137,0.000000,0.494647,0.530049,NA,0.000000,0.000000,24;25,/home/jukebox/DPUmesh/bench/report/data/l4-20260728-022756/raw/mpstat/load-1024-q6-envoy-strict-r1.txt,NA,ok
load-1024-q7-plain-r1,load,plain,1024,8,4,const,7,562756,562756,1,10.000,191911.000,1.5721,26.00,6553.00,12790.00,21940.00,28712.00,1076.92,6.89,29772.15,1918945,5627457,11,0,3707701,0,0,0.976487,0.059979,0.916507,0.903229,0.035192,0.868037,0.000000,0.000000,0.000000,0.000000,0.000000,0.000000,1.879716,0.095171,1.784544,1.863535,0.095466,0.952712,0.000000,0.815358,1.079350,NA,0.000000,0.000000,20;21,/home/jukebox/DPUmesh/bench/report/data/l4-20260728-022756/raw/mpstat/load-1024-q7-plain-r1.txt,NA,ok
load-1024-q7-envoy-permissive-r1,load,envoy-permissive,1024,8,4,const,7,562756,562756,1,10.000,562748.000,4.6100,348.00,446.00,485.00,634.00,1073.00,341.07,107.37,2111.84,5626459,5627509,153,0,97,0,0,0.310135,0.060622,0.249513,0.172591,0.020368,0.152223,0.674152,0.143205,0.530947,0.688972,0.132488,0.556483,1.845850,0.356683,1.489166,1.840022,0.356006,0.950006,0.000000,0.534010,0.559579,NA,0.000000,0.000000,22;23,/home/jukebox/DPUmesh/bench/report/data/l4-20260728-022756/raw/mpstat/load-1024-q7-envoy-permissive-r1.txt,NA,ok
load-1024-q7-envoy-strict-r1,load,envoy-strict,1024,8,4,const,7,562756,562756,1,10.000,562490.000,4.6079,715.00,1059.00,1257.00,1483.00,1654.00,715.56,214.63,2008.87,5623333,5627464,388,0,2943,0,0,0.250796,0.049904,0.200892,0.103106,0.016315,0.086790,0.732761,0.237290,0.495471,0.672926,0.239800,0.433126,1.759589,0.543309,1.216279,1.755061,0.545386,0.770419,0.000000,0.439257,0.449083,NA,0.000000,0.000000,24;25,/home/jukebox/DPUmesh/bench/report/data/l4-20260728-022756/raw/mpstat/load-1024-q7-envoy-strict-r1.txt,NA,ok
load-1024-q7-dpumesh-preload-r1,load,dpumesh-preload,1024,8,4,const,7,562756,562756,1,10.000,355817.000,2.9149,148352.00,223172.00,294183.00,377909.00,387245.00,141360.37,28.02,388400.05,3557620,5627564,57001,0,2012143,0,0,0.980849,0.267202,0.713647,0.983332,0.216833,0.766499,0.000000,0.000000,0.000000,0.000000,0.000000,0.000000,1.964181,0.484035,1.480146,1.965133,0.484890,1.480243,0.000000,0.000000,0.044260,4.218957,0.000000,0.000000,18;19,/home/jukebox/DPUmesh/bench/report/data/l4-20260728-022756/raw/mpstat/load-1024-q7-dpumesh-preload-r1.txt,NA,ok
load-1024-q8-envoy-permissive-r1,load,envoy-permissive,1024,8,4,const,8,1092341,1092341,1,10.000,892039.000,7.3076,1599.00,3558.00,4774.00,6759.00,9604.00,1800.93,188.06,10543.28,8917516,10922919,1294,0,2003309,0,0,0.633117,0.114507,0.518610,0.128645,0.023756,0.104889,0.350743,0.036910,0.313833,0.368861,0.050444,0.318417,1.481366,0.225617,1.255749,1.462727,0.222162,0.955491,0.000000,0.285075,0.301786,NA,0.000000,0.000000,22;23,/home/jukebox/DPUmesh/bench/report/data/l4-20260728-022756/raw/mpstat/load-1024-q8-envoy-permissive-r1.txt,NA,ok
load-1024-q8-envoy-strict-r1,load,envoy-strict,1024,8,4,const,8,1092341,1092341,1,10.000,554428.000,4.5419,2988.00,7305.00,10621.00,14375.00,16782.00,3414.30,457.91,19465.87,5542638,10922722,1667,0,5377617,0,0,0.415211,0.065255,0.349956,0.081441,0.014257,0.067184,0.566262,0.195005,0.371257,0.527546,0.200384,0.327161,1.590460,0.474901,1.115558,1.628730,0.488325,0.762885,0.000000,0.377520,0.392229,NA,0.000000,0.000000,24;25,/home/jukebox/DPUmesh/bench/report/data/l4-20260728-022756/raw/mpstat/load-1024-q8-envoy-strict-r1.txt,NA,ok
load-1024-q8-dpumesh-preload-r1,load,dpumesh-preload,1024,8,4,const,8,1092341,1092341,1,10.000,523341.000,4.2872,155063.00,232224.00,291383.00,380735.00,387974.00,148728.70,6.24,388638.68,5232661,10923402,79931,0,5610010,0,0,0.981256,0.278453,0.702803,0.982719,0.233473,0.749246,0.000000,0.000000,0.000000,0.000000,0.000000,0.000000,1.963975,0.511926,1.452049,1.964303,0.513922,1.450381,0.000000,0.000000,0.030462,4.196023,0.000000,0.000000,18;19,/home/jukebox/DPUmesh/bench/report/data/l4-20260728-022756/raw/mpstat/load-1024-q8-dpumesh-preload-r1.txt,NA,ok
load-1024-q8-plain-r1,load,plain,1024,8,4,const,8,1092341,1092341,1,10.000,283200.000,2.3200,26.00,40.00,24021.00,31958.00,36003.00,778.87,6.74,40122.32,2829654,10924886,86,0,8094346,0,0,0.975770,0.062428,0.913342,0.913933,0.027611,0.886321,0.000000,0.000000,0.000000,0.000000,0.000000,0.000000,1.889703,0.090039,1.799663,1.886156,0.092554,0.949898,0.000000,0.843704,1.106753,NA,0.000000,0.000000,20;21,/home/jukebox/DPUmesh/bench/report/data/l4-20260728-022756/raw/mpstat/load-1024-q8-plain-r1.txt,NA,ok
load-1024-q9-envoy-strict-r1,load,envoy-strict,1024,8,4,const,9,2120295,2120295,1,10.000,386199.000,3.1637,24734.00,64381.00,90911.00,107863.00,124281.00,28628.24,2.65,126192.71,3860961,21179244,7519,0,17309964,0,0,0.613689,0.080422,0.533267,0.051590,0.005821,0.045770,0.371386,0.127178,0.244207,0.330045,0.140769,0.189275,1.366710,0.354190,1.012519,1.326628,0.340514,0.705632,0.000000,0.280481,0.290323,NA,0.000000,0.000000,24;25,/home/jukebox/DPUmesh/bench/report/data/l4-20260728-022756/raw/mpstat/load-1024-q9-envoy-strict-r1.txt,NA,ok
load-1024-q9-dpumesh-preload-r1,load,dpumesh-preload,1024,8,4,const,9,2120295,2120295,1,10.000,576642.000,4.7238,147245.00,222939.00,265849.00,294760.00,314511.00,140398.25,3.52,315720.46,5765384,21202960,104149,0,15332627,0,0,0.983690,0.316092,0.667598,0.984717,0.226607,0.758110,0.000000,0.000000,0.000000,0.000000,0.000000,0.000000,1.968407,0.542699,1.425708,1.968176,0.541962,1.426215,0.000000,0.000000,0.030491,4.215705,0.000000,0.000000,18;19,/home/jukebox/DPUmesh/bench/report/data/l4-20260728-022756/raw/mpstat/load-1024-q9-dpumesh-preload-r1.txt,NA,ok
load-1024-q9-plain-r1,load,plain,1024,8,4,const,9,2120295,2120295,1,10.000,539893.000,4.4228,26.00,39.00,20111.00,29855.00,32183.00,452.99,6.62,36199.59,5398990,21192476,54,0,15792632,0,0,0.976787,0.077092,0.899695,0.912571,0.028885,0.883686,0.000000,0.000000,0.000000,0.000000,0.000000,0.000000,1.889358,0.105977,1.783381,1.895931,0.106196,0.980117,0.000000,0.809619,1.081441,NA,0.000000,0.000000,20;21,/home/jukebox/DPUmesh/bench/report/data/l4-20260728-022756/raw/mpstat/load-1024-q9-plain-r1.txt,NA,ok
load-1024-q9-envoy-permissive-r1,load,envoy-permissive,1024,8,4,const,9,2120295,2120295,1,10.000,441629.000,3.6178,14671.00,22962.00,31419.00,37600.00,44722.00,14836.29,2.48,54901.33,4414774,21189962,6927,0,16767461,0,0,0.782250,0.086713,0.695537,0.058371,0.005601,0.052770,0.201873,0.036226,0.165647,0.158531,0.030517,0.128014,1.201025,0.159057,1.041968,1.027580,0.117016,0.715864,0.000000,0.194699,0.212399,NA,0.000000,0.000000,22;23,/home/jukebox/DPUmesh/bench/report/data/l4-20260728-022756/raw/mpstat/load-1024-q9-envoy-permissive-r1.txt,NA,ok
load-1024-q9-dpumesh-preload-r2,load,dpumesh-preload,1024,8,4,const,9,2120295,2120295,2,10.000,581947.000,4.7673,151072.00,250322.00,327330.00,360914.00,386080.00,147811.29,17.45,387622.68,5818762,21202960,84172,0,15299226,0,0,0.982429,0.297648,0.684781,0.984570,0.226252,0.758318,0.000000,0.000000,0.000000,0.000000,0.000000,0.000000,1.966999,0.523900,1.443099,1.966292,0.523295,1.442997,0.000000,0.000000,0.027542,4.169508,0.000000,0.000000,18;19,/home/jukebox/DPUmesh/bench/report/data/l4-20260728-022756/raw/mpstat/load-1024-q9-dpumesh-preload-r2.txt,NA,ok
load-1024-q9-plain-r2,load,plain,1024,8,4,const,9,2120295,2120295,2,10.000,539493.000,4.4195,25.00,37.00,20117.00,28141.00,32156.00,449.59,5.48,36184.22,5389733,21204602,276,0,15813793,0,0,0.984536,0.078697,0.905838,0.942397,0.028903,0.913495,0.000000,0.000000,0.000000,0.000000,0.000000,0.000000,1.926933,0.107600,1.819333,1.937999,0.108213,0.951292,0.000000,0.878494,0.932601,NA,0.000000,0.000000,20;21,/home/jukebox/DPUmesh/bench/report/data/l4-20260728-022756/raw/mpstat/load-1024-q9-plain-r2.txt,NA,ok
load-1024-q9-envoy-permissive-r2,load,envoy-permissive,1024,8,4,const,9,2120295,2120295,2,10.000,432541.000,3.5434,14651.00,22743.00,31044.00,37519.00,44727.00,14804.54,2.46,53019.76,4324009,21191116,6618,0,16859689,0,0,0.784308,0.095254,0.689054,0.057304,0.005505,0.051799,0.199922,0.036703,0.163219,0.156000,0.032311,0.123689,1.197534,0.169773,1.027761,1.008937,0.123905,0.688359,0.000000,0.196674,0.209458,NA,0.000000,0.000000,22;23,/home/jukebox/DPUmesh/bench/report/data/l4-20260728-022756/raw/mpstat/load-1024-q9-envoy-permissive-r2.txt,NA,ok
load-1024-q9-envoy-strict-r2,load,envoy-strict,1024,8,4,const,9,2120295,2120295,2,10.000,536163.000,4.3922,32404.00,156974.00,174583.00,192408.00,208236.00,62422.81,4.78,209248.13,5358243,21185190,35845,0,15790302,0,0,0.484219,0.071551,0.412669,0.071530,0.012898,0.058632,0.495876,0.168317,0.327560,0.442583,0.180993,0.261590,1.494208,0.433759,1.060451,1.517395,0.447387,0.774361,0.000000,0.295647,0.310332,NA,0.000000,0.000000,24;25,/home/jukebox/DPUmesh/bench/report/data/l4-20260728-022756/raw/mpstat/load-1024-q9-envoy-strict-r2.txt,NA,ok
load-1024-q8-envoy-strict-r2,load,envoy-strict,1024,8,4,const,8,1092341,1092341,2,10.000,700456.000,5.7381,1184.00,1490.00,1624.00,1906.00,2275.00,1122.91,322.92,3076.22,7002488,10923255,564,0,3919403,0,0,0.288662,0.067171,0.221491,0.119563,0.022857,0.096705,0.694875,0.244786,0.450089,0.705744,0.267286,0.438458,1.808844,0.602100,1.206743,1.821782,0.605295,0.807716,0.000000,0.408771,0.421545,NA,0.000000,0.000000,24;25,/home/jukebox/DPUmesh/bench/report/data/l4-20260728-022756/raw/mpstat/load-1024-q8-envoy-strict-r2.txt,NA,ok
load-1024-q8-dpumesh-preload-r2,load,dpumesh-preload,1024,8,4,const,8,1092341,1092341,2,10.000,510467.000,4.1817,153033.00,233495.00,274774.00,334653.00,363894.00,147411.40,7.52,364682.22,5104373,10924107,79512,0,5739422,0,0,0.983107,0.276339,0.706768,0.984467,0.215990,0.768477,0.000000,0.000000,0.000000,0.000000,0.000000,0.000000,1.967574,0.492329,1.475245,1.965268,0.490825,1.474443,0.000000,0.000000,0.049181,4.231499,0.000000,0.000000,18;19,/home/jukebox/DPUmesh/bench/report/data/l4-20260728-022756/raw/mpstat/load-1024-q8-dpumesh-preload-r2.txt,NA,ok
load-1024-q8-plain-r2,load,plain,1024,8,4,const,8,1092341,1092341,2,10.000,283365.000,2.3213,27.00,43.00,24023.00,31980.00,36041.00,784.10,6.62,40130.82,2833926,10923122,178,0,8088218,0,0,0.976933,0.075030,0.901903,0.948734,0.033006,0.915728,0.000000,0.000000,0.000000,0.000000,0.000000,0.000000,1.925667,0.108036,1.817631,1.931077,0.108148,0.943129,0.000000,0.879800,1.083430,NA,0.000000,0.000000,20;21,/home/jukebox/DPUmesh/bench/report/data/l4-20260728-022756/raw/mpstat/load-1024-q8-plain-r2.txt,NA,ok
load-1024-q8-envoy-permissive-r2,load,envoy-permissive,1024,8,4,const,8,1092341,1092341,2,10.000,1090939.000,8.9370,533.00,691.00,759.00,1241.00,7098.00,532.31,117.89,8373.26,10907042,10923322,531,0,14949,0,0,0.453584,0.090715,0.362869,0.199448,0.035368,0.164080,0.530687,0.071336,0.459350,0.625463,0.090336,0.535127,1.809182,0.287755,1.521426,1.825218,0.294041,1.070939,0.000000,0.460238,0.468105,NA,0.000000,0.000000,22;23,/home/jukebox/DPUmesh/bench/report/data/l4-20260728-022756/raw/mpstat/load-1024-q8-envoy-permissive-r2.txt,NA,ok
load-1024-q7-envoy-permissive-r2,load,envoy-permissive,1024,8,4,const,7,562756,562756,2,10.000,562740.000,4.6100,318.00,437.00,488.00,571.00,813.00,324.76,106.73,1086.05,5626463,5627517,145,0,109,0,0,0.287284,0.052851,0.234432,0.203804,0.022788,0.181016,0.696970,0.144891,0.552079,0.778315,0.172960,0.605355,1.966373,0.393490,1.572882,1.966841,0.393368,1.014890,0.000000,0.558583,0.582185,NA,0.000000,0.000000,22;23,/home/jukebox/DPUmesh/bench/report/data/l4-20260728-022756/raw/mpstat/load-1024-q7-envoy-permissive-r2.txt,NA,ok
load-1024-q7-envoy-strict-r2,load,envoy-strict,1024,8,4,const,7,562756,562756,2,10.000,562771.000,4.6102,453.00,629.00,739.00,894.00,1315.00,452.91,146.79,1569.14,5626223,5627480,263,0,194,0,0,0.225966,0.044577,0.181389,0.138030,0.015022,0.123008,0.758087,0.259163,0.498924,0.808380,0.277502,0.530878,1.930463,0.596264,1.334199,1.926900,0.595766,0.859240,0.000000,0.471894,0.494505,NA,0.000000,0.000000,24;25,/home/jukebox/DPUmesh/bench/report/data/l4-20260728-022756/raw/mpstat/load-1024-q7-envoy-strict-r2.txt,NA,ok
load-1024-q7-dpumesh-preload-r2,load,dpumesh-preload,1024,8,4,const,7,562756,562756,2,10.000,370662.000,3.0365,140563.00,226988.00,288572.00,348002.00,404135.00,143213.88,5.67,405388.70,3705946,5627549,50874,0,1869929,0,0,0.982117,0.284036,0.698081,0.983525,0.232114,0.751410,0.000000,0.000000,0.000000,0.000000,0.000000,0.000000,1.965642,0.516150,1.449491,1.966435,0.516448,1.449988,0.000000,0.000000,0.049185,3.933452,0.000000,0.000000,18;19,/home/jukebox/DPUmesh/bench/report/data/l4-20260728-022756/raw/mpstat/load-1024-q7-dpumesh-preload-r2.txt,NA,ok
load-1024-q7-plain-r2,load,plain,1024,8,4,const,7,562756,562756,2,10.000,205089.000,1.6801,28.00,5562.00,10700.00,17766.00,24860.00,978.58,6.99,26285.07,2049881,5627383,79,0,3576623,0,0,0.984549,0.070418,0.914131,0.874724,0.033831,0.840892,0.000000,0.000000,0.000000,0.000000,0.000000,0.000000,1.859273,0.104249,1.755023,1.849292,0.104269,0.934482,0.000000,0.810541,1.073179,NA,0.000000,0.000000,20;21,/home/jukebox/DPUmesh/bench/report/data/l4-20260728-022756/raw/mpstat/load-1024-q7-plain-r2.txt,NA,ok
load-1024-q6-plain-r2,load,plain,1024,8,4,const,6,289922,289922,2,10.000,289923.000,2.3751,80.00,125.00,149.00,179.00,228.00,81.15,6.20,1457.02,2897240,2899209,17,0,1152,0,0,0.984675,0.056170,0.928506,0.977486,0.028618,0.948868,0.000000,0.000000,0.000000,0.000000,0.000000,0.000000,1.962161,0.084788,1.877374,1.959116,0.087575,0.883619,0.000000,0.987922,1.060737,NA,0.000000,0.000000,20;21,/home/jukebox/DPUmesh/bench/report/data/l4-20260728-022756/raw/mpstat/load-1024-q6-plain-r2.txt,NA,ok
load-1024-q6-envoy-permissive-r2,load,envoy-permissive,1024,8,4,const,6,289922,289922,2,10.000,289918.000,2.3750,297.00,379.00,403.00,469.00,690.00,289.14,96.45,1099.26,2898324,2899195,71,0,0,0,0,0.269729,0.038704,0.231026,0.174332,0.016472,0.157860,0.714466,0.149464,0.565002,0.737910,0.136322,0.601588,1.896437,0.340962,1.555476,1.896902,0.342209,0.941076,0.000000,0.613617,0.708019,NA,0.000000,0.000000,22;23,/home/jukebox/DPUmesh/bench/report/data/l4-20260728-022756/raw/mpstat/load-1024-q6-envoy-permissive-r2.txt,NA,ok
load-1024-q6-envoy-strict-r2,load,envoy-strict,1024,8,4,const,6,289922,289922,2,10.000,289923.000,2.3751,312.00,379.00,442.00,526.00,775.00,313.37,109.02,1066.16,2898320,2899192,72,0,0,0,0,0.232348,0.033335,0.199014,0.165716,0.016287,0.149429,0.752054,0.220714,0.531340,0.815133,0.240399,0.574734,1.965251,0.510735,1.454517,1.966883,0.514340,0.891982,0.000000,0.560562,0.606783,NA,0.000000,0.000000,24;25,/home/jukebox/DPUmesh/bench/report/data/l4-20260728-022756/raw/mpstat/load-1024-q6-envoy-strict-r2.txt,NA,ok
load-1024-q6-dpumesh-preload-r2,load,dpumesh-preload,1024,8,4,const,6,289922,289922,2,10.000,287556.000,2.3557,80466.00,165768.00,192758.00,253831.00,269231.00,82306.65,15.19,272314.75,2874734,2899220,21841,0,1845,0,0,0.979655,0.272452,0.707203,0.940839,0.193552,0.747287,0.000000,0.000000,0.000000,0.000000,0.000000,0.000000,1.920494,0.466004,1.454490,1.920123,0.466259,1.453863,0.000000,0.000000,0.043281,3.829060,0.000000,0.000000,18;19,/home/jukebox/DPUmesh/bench/report/data/l4-20260728-022756/raw/mpstat/load-1024-q6-dpumesh-preload-r2.txt,NA,ok
load-1024-q5-dpumesh-preload-r2,load,dpumesh-preload,1024,8,4,const,5,149363,149363,2,10.000,148121.000,1.2134,71855.00,160386.00,170838.00,251806.00,273809.00,76518.28,12.47,277071.65,1480401,1493630,12429,0,0,0,0,0.974507,0.228495,0.746012,0.874739,0.209536,0.665204,0.000000,0.000000,0.000000,0.000000,0.000000,0.000000,1.849246,0.438031,1.411216,1.842324,0.436728,1.405596,0.000000,0.000000,0.102297,3.517211,0.000000,0.000000,18;19,/home/jukebox/DPUmesh/bench/report/data/l4-20260728-022756/raw/mpstat/load-1024-q5-dpumesh-preload-r2.txt,NA,ok
load-1024-q5-plain-r2,load,plain,1024,8,4,const,5,149363,149363,2,10.000,149363.000,1.2236,69.00,112.00,137.00,240.00,446.00,72.12,6.30,1158.28,1492821,1493629,8,0,0,0,0,0.984555,0.041769,0.942786,0.977697,0.023518,0.954179,0.000000,0.000000,0.000000,0.000000,0.000000,0.000000,1.962252,0.065287,1.896965,1.960989,0.067892,0.920966,0.000000,0.972131,1.076429,NA,0.000000,0.000000,20;21,/home/jukebox/DPUmesh/bench/report/data/l4-20260728-022756/raw/mpstat/load-1024-q5-plain-r2.txt,NA,ok
load-1024-q5-envoy-permissive-r2,load,envoy-permissive,1024,8,4,const,5,149363,149363,2,10.000,149360.000,1.2236,260.00,324.00,382.00,453.00,569.00,261.41,87.94,872.42,1492797,1493628,31,0,0,0,0,0.246090,0.023277,0.222813,0.182960,0.014186,0.168774,0.738053,0.156824,0.581230,0.796698,0.159808,0.636890,1.963801,0.354095,1.609707,1.966733,0.352045,0.994184,0.000000,0.620504,0.699174,NA,0.000000,0.000000,22;23,/home/jukebox/DPUmesh/bench/report/data/l4-20260728-022756/raw/mpstat/load-1024-q5-envoy-permissive-r2.txt,NA,ok
load-1024-q5-envoy-strict-r2,load,envoy-strict,1024,8,4,const,5,149363,149363,2,10.000,149362.000,1.2236,288.00,352.00,421.00,486.00,631.00,290.75,102.73,932.63,1492784,1493618,34,0,0,0,0,0.219864,0.025331,0.194533,0.169424,0.010036,0.159387,0.764593,0.205846,0.558748,0.812591,0.225643,0.586948,1.966472,0.466856,1.499616,1.966014,0.466178,0.922522,0.000000,0.577314,0.655010,NA,0.000000,0.000000,24;25,/home/jukebox/DPUmesh/bench/report/data/l4-20260728-022756/raw/mpstat/load-1024-q5-envoy-strict-r2.txt,NA,ok
load-1024-q4-envoy-strict-r2,load,envoy-strict,1024,8,4,const,4,76949,76949,2,10.000,76948.000,0.6304,301.00,377.00,405.00,477.00,633.00,294.52,94.77,893.13,768671,769488,17,0,0,0,0,0.231083,0.023024,0.208058,0.165465,0.011939,0.153527,0.753088,0.210267,0.542821,0.778179,0.203844,0.574335,1.927815,0.449074,1.478741,1.926216,0.450335,0.897721,0.000000,0.578160,0.666654,NA,0.000000,0.000000,24;25,/home/jukebox/DPUmesh/bench/report/data/l4-20260728-022756/raw/mpstat/load-1024-q4-envoy-strict-r2.txt,NA,ok
load-1024-q4-dpumesh-preload-r2,load,dpumesh-preload,1024,8,4,const,4,76949,76949,2,10.000,76948.000,0.6304,166.00,254.00,308.00,547.00,1613.00,174.80,65.50,2582.46,768676,769491,15,0,0,0,0,0.851317,0.225684,0.625633,0.708733,0.167513,0.541220,0.000000,0.000000,0.000000,0.000000,0.000000,0.000000,1.560050,0.393197,1.166853,1.520704,0.385586,1.135118,0.000000,0.000000,0.088527,3.378199,0.000000,0.000000,18;19,/home/jukebox/DPUmesh/bench/report/data/l4-20260728-022756/raw/mpstat/load-1024-q4-dpumesh-preload-r2.txt,NA,ok
load-1024-q4-plain-r2,load,plain,1024,8,4,const,4,76949,76949,2,10.000,76948.000,0.6304,55.00,98.00,120.00,327.00,1556.00,61.36,8.26,2129.38,768685,769491,6,0,0,0,0,0.692726,0.051090,0.641637,0.592129,0.014165,0.577964,0.000000,0.000000,0.000000,0.000000,0.000000,0.000000,1.284855,0.065255,1.219601,1.215260,0.062977,0.575649,0.000000,0.576633,0.634690,NA,0.000000,0.000000,20;21,/home/jukebox/DPUmesh/bench/report/data/l4-20260728-022756/raw/mpstat/load-1024-q4-plain-r2.txt,NA,ok
load-1024-q4-envoy-permissive-r2,load,envoy-permissive,1024,8,4,const,4,76949,76949,2,10.000,76948.000,0.6304,258.00,321.00,379.00,429.00,559.00,257.36,92.63,863.92,768674,769491,17,0,0,0,0,0.240459,0.020257,0.220202,0.184154,0.010085,0.174070,0.743688,0.157031,0.586657,0.798199,0.165636,0.632563,1.966500,0.353009,1.613492,1.966130,0.354080,0.948149,0.000000,0.663901,0.733733,NA,0.000000,0.000000,22;23,/home/jukebox/DPUmesh/bench/report/data/l4-20260728-022756/raw/mpstat/load-1024-q4-envoy-permissive-r2.txt,NA,ok
load-1024-q3-envoy-permissive-r2,load,envoy-permissive,1024,8,4,const,3,39643,39643,2,10.000,39642.000,0.3248,264.00,338.00,379.00,443.00,578.00,259.21,86.53,875.92,395621,396429,8,0,0,0,0,0.243009,0.027565,0.215443,0.201929,0.015088,0.186841,0.740515,0.181503,0.559012,0.756019,0.179031,0.576988,1.941472,0.403187,1.538284,1.940545,0.402272,0.956011,0.000000,0.582262,0.695370,NA,0.000000,0.000000,22;23,/home/jukebox/DPUmesh/bench/report/data/l4-20260728-022756/raw/mpstat/load-1024-q3-envoy-permissive-r2.txt,NA,ok
load-1024-q3-envoy-strict-r2,load,envoy-strict,1024,8,4,const,3,39643,39643,2,10.000,39643.000,0.3248,264.00,315.00,374.00,452.00,609.00,259.96,75.29,912.19,395620,396428,8,0,0,0,0,0.228210,0.016957,0.211253,0.186068,0.013838,0.172229,0.752253,0.199435,0.552818,0.774756,0.214212,0.560544,1.941287,0.444442,1.496844,1.944317,0.450428,0.930361,0.000000,0.563527,0.615651,NA,0.000000,0.000000,24;25,/home/jukebox/DPUmesh/bench/report/data/l4-20260728-022756/raw/mpstat/load-1024-q3-envoy-strict-r2.txt,NA,ok
load-1024-q3-dpumesh-preload-r2,load,dpumesh-preload,1024,8,4,const,3,39643,39643,2,10.000,39643.000,0.3248,183.00,218.00,228.00,739.00,2205.00,182.41,69.74,2779.59,395627,396431,4,0,0,0,0,0.550656,0.147418,0.403238,0.432623,0.105733,0.326890,0.000000,0.000000,0.000000,0.000000,0.000000,0.000000,0.983279,0.253151,0.730128,0.944133,0.242918,0.701215,0.000000,0.000000,0.047207,2.503795,0.000000,0.000000,18;19,/home/jukebox/DPUmesh/bench/report/data/l4-20260728-022756/raw/mpstat/load-1024-q3-dpumesh-preload-r2.txt,NA,ok
load-1024-q3-plain-r2,load,plain,1024,8,4,const,3,39643,39643,2,10.000,39642.000,0.3248,69.00,94.00,117.00,411.00,3797.00,71.18,11.85,4806.20,395629,396430,1,0,0,0,0,0.605736,0.056720,0.549016,0.417092,0.020486,0.396606,0.000000,0.000000,0.000000,0.000000,0.000000,0.000000,1.022828,0.077206,0.945622,0.767431,0.064937,0.418152,0.000000,0.284343,0.336489,NA,0.000000,0.000000,20;21,/home/jukebox/DPUmesh/bench/report/data/l4-20260728-022756/raw/mpstat/load-1024-q3-plain-r2.txt,NA,ok
load-1024-q2-plain-r2,load,plain,1024,8,4,const,2,20423,20423,2,10.000,20422.000,0.1673,80.00,261.00,323.00,505.00,2389.00,109.30,17.22,3421.57,203428,204232,4,0,0,0,0,0.278128,0.031943,0.246185,0.279497,0.011185,0.268312,0.000000,0.000000,0.000000,0.000000,0.000000,0.000000,0.557625,0.043128,0.514497,0.326630,0.033450,0.153477,0.000000,0.139703,0.154460,NA,0.000000,0.000000,20;21,/home/jukebox/DPUmesh/bench/report/data/l4-20260728-022756/raw/mpstat/load-1024-q2-plain-r2.txt,NA,ok
load-1024-q2-envoy-permissive-r2,load,envoy-permissive,1024,8,4,const,2,20423,20423,2,10.000,20423.000,0.1673,162.00,331.00,506.00,1163.00,7657.00,181.79,60.85,8661.95,203429,204232,3,0,0,0,0,0.177598,0.018519,0.159079,0.110357,0.004154,0.106203,0.488405,0.119247,0.369158,0.446866,0.085001,0.361864,1.223226,0.226921,0.996304,1.214966,0.230204,0.616829,0.000000,0.367933,0.385641,NA,0.000000,0.000000,22;23,/home/jukebox/DPUmesh/bench/report/data/l4-20260728-022756/raw/mpstat/load-1024-q2-envoy-permissive-r2.txt,NA,ok
load-1024-q2-envoy-strict-r2,load,envoy-strict,1024,8,4,const,2,20423,20423,2,10.000,20422.000,0.1673,185.00,455.00,575.00,629.00,1822.00,208.08,64.56,2617.69,203428,204232,4,0,0,0,0,0.179165,0.025631,0.153534,0.107125,0.004830,0.102295,0.523445,0.144169,0.379277,0.496314,0.133422,0.362892,1.306049,0.308052,0.997998,1.322093,0.323637,0.621698,0.000000,0.376757,0.393480,NA,0.000000,0.000000,24;25,/home/jukebox/DPUmesh/bench/report/data/l4-20260728-022756/raw/mpstat/load-1024-q2-envoy-strict-r2.txt,NA,ok
load-1024-q2-dpumesh-preload-r2,load,dpumesh-preload,1024,8,4,const,2,20423,20423,2,10.000,20423.000,0.1673,196.00,355.00,442.00,3821.00,12407.00,220.60,77.44,13407.53,203428,204232,4,0,0,0,0,0.314954,0.084482,0.230473,0.282351,0.073618,0.208733,0.000000,0.000000,0.000000,0.000000,0.000000,0.000000,0.597305,0.158100,0.439206,0.561678,0.154437,0.407241,0.000000,0.000000,0.018690,1.506608,0.000000,0.000000,18;19,/home/jukebox/DPUmesh/bench/report/data/l4-20260728-022756/raw/mpstat/load-1024-q2-dpumesh-preload-r2.txt,NA,ok
load-1024-q1-dpumesh-preload-r2,load,dpumesh-preload,1024,8,4,const,1,10522,10522,2,10.000,10522.000,0.0862,214.00,374.00,423.00,1980.00,8309.00,258.31,101.41,9186.99,104420,105220,0,0,0,0,0,0.154122,0.038345,0.115777,0.167207,0.037963,0.129244,0.000000,0.000000,0.000000,0.000000,0.000000,0.000000,0.321329,0.076308,0.245021,0.226215,0.057046,0.169170,0.000000,0.000000,0.008852,0.847104,0.000000,0.000000,18;19,/home/jukebox/DPUmesh/bench/report/data/l4-20260728-022756/raw/mpstat/load-1024-q1-dpumesh-preload-r2.txt,NA,ok
load-1024-q1-plain-r2,load,plain,1024,8,4,const,1,10522,10522,2,10.000,10522.000,0.0862,108.00,245.00,281.00,1077.00,2648.00,135.05,21.39,3111.61,104420,105220,0,0,0,0,0,0.146689,0.020081,0.126607,0.172609,0.006254,0.166355,0.000000,0.000000,0.000000,0.000000,0.000000,0.000000,0.319298,0.026335,0.292962,0.170209,0.021645,0.080677,0.000000,0.067887,0.075758,NA,0.000000,0.000000,20;21,/home/jukebox/DPUmesh/bench/report/data/l4-20260728-022756/raw/mpstat/load-1024-q1-plain-r2.txt,NA,ok
load-1024-q1-envoy-permissive-r2,load,envoy-permissive,1024,8,4,const,1,10522,10522,2,10.000,10522.000,0.0862,183.00,427.00,544.00,799.00,3029.00,235.29,65.66,3885.65,104420,105220,0,0,0,0,0,0.095182,0.014152,0.081030,0.061643,0.003448,0.058196,0.242423,0.051545,0.190878,0.291114,0.060465,0.230649,0.690362,0.129610,0.560753,0.643390,0.124940,0.314808,0.000000,0.203642,0.217415,NA,0.000000,0.000000,22;23,/home/jukebox/DPUmesh/bench/report/data/l4-20260728-022756/raw/mpstat/load-1024-q1-envoy-permissive-r2.txt,NA,ok
load-1024-q1-envoy-strict-r2,load,envoy-strict,1024,8,4,const,1,10522,10522,2,10.000,10522.000,0.0862,201.00,530.00,576.00,762.00,1827.00,263.26,71.66,2188.46,104420,105220,0,0,0,0,0,0.094820,0.014585,0.080235,0.064946,0.005504,0.059442,0.268818,0.075385,0.193433,0.339636,0.087392,0.252245,0.768220,0.182866,0.585355,0.712155,0.176071,0.324601,0.000000,0.211483,0.222303,NA,0.000000,0.000000,24;25,/home/jukebox/DPUmesh/bench/report/data/l4-20260728-022756/raw/mpstat/load-1024-q1-envoy-strict-r2.txt,NA,ok
load-1024-q1-plain-r3,load,plain,1024,8,4,const,1,10522,10522,3,10.000,10522.000,0.0862,158.00,247.00,282.00,1325.00,7106.00,147.37,25.89,7604.78,104420,105220,0,0,0,0,0,0.144934,0.011291,0.133642,0.181250,0.008014,0.173236,0.000000,0.000000,0.000000,0.000000,0.000000,0.000000,0.326184,0.019305,0.306878,0.173119,0.017705,0.083609,0.000000,0.071805,0.079674,NA,0.000000,0.000000,20;21,/home/jukebox/DPUmesh/bench/report/data/l4-20260728-022756/raw/mpstat/load-1024-q1-plain-r3.txt,NA,ok
load-1024-q1-envoy-permissive-r3,load,envoy-permissive,1024,8,4,const,1,10522,10522,3,10.000,10522.000,0.0862,183.00,430.00,545.00,665.00,1703.00,231.99,57.64,2518.56,104420,105220,0,0,0,0,0,0.094546,0.012154,0.082392,0.061720,0.005487,0.056233,0.250166,0.056879,0.193287,0.294339,0.072516,0.221823,0.700771,0.147036,0.553735,0.657171,0.143633,0.314812,0.000000,0.198725,0.209547,NA,0.000000,0.000000,22;23,/home/jukebox/DPUmesh/bench/report/data/l4-20260728-022756/raw/mpstat/load-1024-q1-envoy-permissive-r3.txt,NA,ok
load-1024-q1-envoy-strict-r3,load,envoy-strict,1024,8,4,const,1,10522,10522,3,10.000,10521.000,0.0862,198.00,549.00,594.00,1865.00,8946.00,279.21,72.03,9765.40,104417,105220,3,0,0,0,0,0.095145,0.015847,0.079298,0.063661,0.004550,0.059111,0.262584,0.068651,0.193933,0.336350,0.096090,0.240260,0.757740,0.185138,0.572602,0.676647,0.173096,0.303901,0.000000,0.199650,0.208502,NA,0.000000,0.000000,24;25,/home/jukebox/DPUmesh/bench/report/data/l4-20260728-022756/raw/mpstat/load-1024-q1-envoy-strict-r3.txt,NA,ok
load-1024-q1-dpumesh-preload-r3,load,dpumesh-preload,1024,8,4,const,1,10522,10522,3,10.000,10522.000,0.0862,208.00,370.00,431.00,7556.00,12654.00,258.35,83.06,13171.17,104420,105220,0,0,0,0,0,0.163172,0.038662,0.124510,0.164102,0.035036,0.129065,0.000000,0.000000,0.000000,0.000000,0.000000,0.000000,0.327274,0.073698,0.253575,0.238983,0.059008,0.179975,0.000000,0.000000,0.010818,0.878558,0.000000,0.000000,18;19,/home/jukebox/DPUmesh/bench/report/data/l4-20260728-022756/raw/mpstat/load-1024-q1-dpumesh-preload-r3.txt,NA,ok
load-1024-q2-envoy-permissive-r3,load,envoy-permissive,1024,8,4,const,2,20423,20423,3,10.000,20422.000,0.1673,156.00,350.00,508.00,576.00,798.00,176.73,53.38,1177.48,203428,204232,4,0,0,0,0,0.186611,0.023874,0.162736,0.109212,0.005790,0.103422,0.511679,0.135487,0.376192,0.440419,0.100821,0.339598,1.247921,0.265972,0.981948,1.252251,0.270518,0.639406,0.000000,0.342328,0.360035,NA,0.000000,0.000000,22;23,/home/jukebox/DPUmesh/bench/report/data/l4-20260728-022756/raw/mpstat/load-1024-q2-envoy-permissive-r3.txt,NA,ok
load-1024-q2-envoy-strict-r3,load,envoy-strict,1024,8,4,const,2,20423,20423,3,10.000,20422.000,0.1673,181.00,407.00,558.00,605.00,727.00,203.64,63.24,1568.13,203428,204232,4,0,0,0,0,0.174153,0.024467,0.149686,0.110210,0.006027,0.104182,0.498227,0.139022,0.359204,0.487503,0.126474,0.361029,1.270093,0.295990,0.974101,1.288374,0.309800,0.597963,0.000000,0.380611,0.398314,NA,0.000000,0.000000,24;25,/home/jukebox/DPUmesh/bench/report/data/l4-20260728-022756/raw/mpstat/load-1024-q2-envoy-strict-r3.txt,NA,ok
load-1024-q2-dpumesh-preload-r3,load,dpumesh-preload,1024,8,4,const,2,20423,20423,3,10.000,20422.000,0.1673,208.00,384.00,442.00,991.00,1949.00,231.27,73.31,2673.65,203428,204232,4,0,0,0,0,0.285814,0.072006,0.213809,0.278190,0.064183,0.214006,0.000000,0.000000,0.000000,0.000000,0.000000,0.000000,0.564004,0.136189,0.427815,0.514452,0.128859,0.385593,0.000000,0.000000,0.014755,1.527856,0.000000,0.000000,18;19,/home/jukebox/DPUmesh/bench/report/data/l4-20260728-022756/raw/mpstat/load-1024-q2-dpumesh-preload-r3.txt,NA,ok
load-1024-q2-plain-r3,load,plain,1024,8,4,const,2,20423,20423,3,10.000,20422.000,0.1673,80.00,244.00,314.00,1215.00,7050.00,107.20,17.52,8098.90,203429,204232,3,0,0,0,0,0.286411,0.023544,0.262866,0.267211,0.009691,0.257521,0.000000,0.000000,0.000000,0.000000,0.000000,0.000000,0.553622,0.033235,0.520387,0.470328,0.032470,0.233196,0.000000,0.204661,0.218437,NA,0.000000,0.000000,20;21,/home/jukebox/DPUmesh/bench/report/data/l4-20260728-022756/raw/mpstat/load-1024-q2-plain-r3.txt,NA,ok
load-1024-q3-envoy-strict-r3,load,envoy-strict,1024,8,4,const,3,39643,39643,3,10.000,39643.000,0.3248,269.00,321.00,375.00,450.00,567.00,256.41,74.27,840.98,395621,396428,7,0,0,0,0,0.226551,0.030095,0.196456,0.186264,0.016061,0.170203,0.755450,0.199943,0.555507,0.780317,0.224557,0.555760,1.948582,0.470656,1.477926,1.950358,0.473082,0.921576,0.000000,0.555699,0.631432,NA,0.000000,0.000000,24;25,/home/jukebox/DPUmesh/bench/report/data/l4-20260728-022756/raw/mpstat/load-1024-q3-envoy-strict-r3.txt,NA,ok
load-1024-q3-dpumesh-preload-r3,load,dpumesh-preload,1024,8,4,const,3,39643,39643,3,10.000,39643.000,0.3248,181.00,226.00,275.00,436.00,1371.00,179.14,70.30,1778.65,395624,396429,5,0,0,0,0,0.579042,0.145101,0.433941,0.460364,0.114376,0.345988,0.000000,0.000000,0.000000,0.000000,0.000000,0.000000,1.039406,0.259477,0.779929,1.020095,0.255762,0.764334,0.000000,0.000000,0.064924,2.768281,0.000000,0.000000,18;19,/home/jukebox/DPUmesh/bench/report/data/l4-20260728-022756/raw/mpstat/load-1024-q3-dpumesh-preload-r3.txt,NA,ok
load-1024-q3-plain-r3,load,plain,1024,8,4,const,3,39643,39643,3,10.000,39642.000,0.3248,68.00,100.00,190.00,345.00,3651.00,71.45,15.97,4692.74,395629,396430,1,0,0,0,0,0.586732,0.066731,0.520001,0.395972,0.013662,0.382310,0.000000,0.000000,0.000000,0.000000,0.000000,0.000000,0.982704,0.080393,0.902311,0.778350,0.065929,0.394587,0.000000,0.317835,0.361131,NA,0.000000,0.000000,20;21,/home/jukebox/DPUmesh/bench/report/data/l4-20260728-022756/raw/mpstat/load-1024-q3-plain-r3.txt,NA,ok
load-1024-q3-envoy-permissive-r3,load,envoy-permissive,1024,8,4,const,3,39643,39643,3,10.000,39642.000,0.3247,250.00,326.00,361.00,400.00,590.00,246.68,82.27,986.13,395621,396431,10,0,0,0,0,0.238469,0.019128,0.219341,0.204883,0.009743,0.195141,0.744575,0.158875,0.585700,0.762548,0.162862,0.599687,1.950475,0.350608,1.599869,1.953890,0.354001,0.993170,0.000000,0.606719,0.706036,NA,0.000000,0.000000,22;23,/home/jukebox/DPUmesh/bench/report/data/l4-20260728-022756/raw/mpstat/load-1024-q3-envoy-permissive-r3.txt,NA,ok
load-1024-q4-dpumesh-preload-r3,load,dpumesh-preload,1024,8,4,const,4,76949,76949,3,10.000,76948.000,0.6304,164.00,223.00,245.00,1020.00,3191.00,168.92,64.07,4285.49,768677,769490,13,0,0,0,0,0.838571,0.227394,0.611177,0.711751,0.163470,0.548280,0.000000,0.000000,0.000000,0.000000,0.000000,0.000000,1.550322,0.390864,1.159457,1.501243,0.379738,1.121505,0.000000,0.000000,0.086572,3.115530,0.000000,0.000000,18;19,/home/jukebox/DPUmesh/bench/report/data/l4-20260728-022756/raw/mpstat/load-1024-q4-dpumesh-preload-r3.txt,NA,ok
load-1024-q4-plain-r3,load,plain,1024,8,4,const,4,76949,76949,3,10.000,76916.000,0.6301,56.00,93.00,105.00,309.00,7787.00,61.77,12.28,8735.20,768366,769490,3,0,321,0,0,0.702072,0.060121,0.641952,0.589149,0.017743,0.571406,0.000000,0.000000,0.000000,0.000000,0.000000,0.000000,1.291221,0.077864,1.213358,1.213281,0.074724,0.564362,0.000000,0.574194,0.650885,NA,0.000000,0.000000,20;21,/home/jukebox/DPUmesh/bench/report/data/l4-20260728-022756/raw/mpstat/load-1024-q4-plain-r3.txt,NA,ok
load-1024-q4-envoy-permissive-r3,load,envoy-permissive,1024,8,4,const,4,76949,76949,3,10.000,76948.000,0.6304,260.00,349.00,395.00,455.00,567.00,262.78,90.95,826.62,768670,769488,18,0,0,0,0,0.240257,0.024200,0.216058,0.187151,0.013899,0.173252,0.743947,0.146588,0.597360,0.795188,0.164032,0.631156,1.966543,0.348719,1.617826,1.970148,0.352128,0.974746,0.000000,0.643274,0.736715,NA,0.000000,0.000000,22;23,/home/jukebox/DPUmesh/bench/report/data/l4-20260728-022756/raw/mpstat/load-1024-q4-envoy-permissive-r3.txt,NA,ok
load-1024-q4-envoy-strict-r3,load,envoy-strict,1024,8,4,const,4,76949,76949,3,10.000,76948.000,0.6304,281.00,342.00,409.00,473.00,610.00,282.27,94.07,890.08,768669,769486,17,0,0,0,0,0.218067,0.026388,0.191679,0.170556,0.008635,0.161922,0.766162,0.201425,0.564737,0.811144,0.209009,0.602135,1.965929,0.445457,1.520473,1.968698,0.446448,0.925347,0.000000,0.596903,0.665738,NA,0.000000,0.000000,24;25,/home/jukebox/DPUmesh/bench/report/data/l4-20260728-022756/raw/mpstat/load-1024-q4-envoy-strict-r3.txt,NA,ok
load-1024-q5-plain-r3,load,plain,1024,8,4,const,5,149363,149363,3,10.000,149362.000,1.2236,71.00,112.00,134.00,189.00,626.00,72.78,8.78,1242.18,1492818,1493626,8,0,0,0,0,0.984361,0.047993,0.936368,0.974426,0.023459,0.950967,0.000000,0.000000,0.000000,0.000000,0.000000,0.000000,1.958787,0.071452,1.887335,1.962568,0.075748,0.908979,0.000000,0.977841,1.071297,NA,0.000000,0.000000,20;21,/home/jukebox/DPUmesh/bench/report/data/l4-20260728-022756/raw/mpstat/load-1024-q5-plain-r3.txt,NA,ok
load-1024-q5-envoy-permissive-r3,load,envoy-permissive,1024,8,4,const,5,149363,149363,3,10.000,149361.000,1.2236,294.00,367.00,436.00,496.00,645.00,297.18,105.64,943.39,1492787,1493621,34,0,0,0,0,0.249067,0.029880,0.219188,0.191519,0.016774,0.174746,0.735296,0.172580,0.562715,0.788541,0.164351,0.624191,1.964423,0.383585,1.580840,1.964128,0.387514,0.950099,0.000000,0.626514,0.717000,NA,0.000000,0.000000,22;23,/home/jukebox/DPUmesh/bench/report/data/l4-20260728-022756/raw/mpstat/load-1024-q5-envoy-permissive-r3.txt,NA,ok
load-1024-q5-envoy-strict-r3,load,envoy-strict,1024,8,4,const,5,149363,149363,3,10.000,149361.000,1.2236,289.00,352.00,423.00,500.00,656.00,291.65,102.29,921.15,1492783,1493620,37,0,0,0,0,0.222386,0.021679,0.200707,0.167625,0.011163,0.156462,0.761970,0.214352,0.547619,0.814207,0.220742,0.593464,1.966188,0.467936,1.498252,1.965901,0.467135,0.907717,0.000000,0.591049,0.646122,NA,0.000000,0.000000,24;25,/home/jukebox/DPUmesh/bench/report/data/l4-20260728-022756/raw/mpstat/load-1024-q5-envoy-strict-r3.txt,NA,ok
load-1024-q5-dpumesh-preload-r3,load,dpumesh-preload,1024,8,4,const,5,149363,149363,3,10.000,148396.000,1.2157,61196.00,129285.00,136129.00,168520.00,196884.00,63700.05,19.44,199999.47,1483159,1493629,9670,0,0,0,0,0.979740,0.251931,0.727810,0.826974,0.192814,0.634160,0.000000,0.000000,0.000000,0.000000,0.000000,0.000000,1.806714,0.444745,1.361970,1.795261,0.442667,1.352594,0.000000,0.000000,0.071810,3.801708,0.000000,0.000000,18;19,/home/jukebox/DPUmesh/bench/report/data/l4-20260728-022756/raw/mpstat/load-1024-q5-dpumesh-preload-r3.txt,NA,ok
load-1024-q6-envoy-permissive-r3,load,envoy-permissive,1024,8,4,const,6,289922,289922,3,10.000,289919.000,2.3750,265.00,330.00,393.00,459.00,586.00,266.94,95.55,925.75,2898343,2899203,60,0,0,0,0,0.257523,0.030703,0.226820,0.188108,0.013571,0.174537,0.726869,0.161919,0.564949,0.792088,0.143804,0.648284,1.964588,0.349997,1.614590,1.965024,0.350124,1.001198,0.000000,0.613701,0.701232,NA,0.000000,0.000000,22;23,/home/jukebox/DPUmesh/bench/report/data/l4-20260728-022756/raw/mpstat/load-1024-q6-envoy-permissive-r3.txt,NA,ok
load-1024-q6-envoy-strict-r3,load,envoy-strict,1024,8,4,const,6,289922,289922,3,10.000,289920.000,2.3750,310.00,381.00,451.00,546.00,777.00,308.87,101.84,1172.47,2898327,2899198,71,0,0,0,0,0.234133,0.035020,0.199113,0.163073,0.015812,0.147260,0.750207,0.234343,0.515864,0.814881,0.246559,0.568322,1.962294,0.531734,1.430559,1.964840,0.533005,0.879162,0.000000,0.552673,0.602826,NA,0.000000,0.000000,24;25,/home/jukebox/DPUmesh/bench/report/data/l4-20260728-022756/raw/mpstat/load-1024-q6-envoy-strict-r3.txt,NA,ok
load-1024-q6-dpumesh-preload-r3,load,dpumesh-preload,1024,8,4,const,6,289922,289922,3,10.000,287716.000,2.3570,75532.00,145901.00,202516.00,267979.00,279874.00,77444.04,15.61,282684.96,2876331,2899214,21798,0,285,0,0,0.976802,0.274446,0.702355,0.970979,0.223210,0.747769,0.000000,0.000000,0.000000,0.000000,0.000000,0.000000,1.947781,0.497656,1.450124,1.952859,0.498791,1.454068,0.000000,0.000000,0.051158,3.730114,0.000000,0.000000,18;19,/home/jukebox/DPUmesh/bench/report/data/l4-20260728-022756/raw/mpstat/load-1024-q6-dpumesh-preload-r3.txt,NA,ok
load-1024-q6-plain-r3,load,plain,1024,8,4,const,6,289922,289922,3,10.000,289934.000,2.3751,81.00,135.00,163.00,207.00,632.00,83.56,7.19,6539.47,2897479,2899208,23,0,906,0,0,0.960210,0.057483,0.902727,0.983223,0.036463,0.946760,0.000000,0.000000,0.000000,0.000000,0.000000,0.000000,1.943433,0.093946,1.849487,1.937174,0.094448,0.898243,0.000000,0.944483,1.048770,NA,0.000000,0.000000,20;21,/home/jukebox/DPUmesh/bench/report/data/l4-20260728-022756/raw/mpstat/load-1024-q6-plain-r3.txt,NA,ok
load-1024-q7-envoy-strict-r3,load,envoy-strict,1024,8,4,const,7,562756,562756,3,10.000,562762.000,4.6101,462.00,638.00,744.00,896.00,1298.00,465.78,152.74,1905.37,5626300,5627503,218,0,185,0,0,0.222251,0.047284,0.174967,0.144600,0.018101,0.126499,0.761914,0.251361,0.510554,0.817706,0.312981,0.504725,1.946471,0.629727,1.316745,1.948782,0.634190,0.817072,0.000000,0.497519,0.516201,NA,0.000000,0.000000,24;25,/home/jukebox/DPUmesh/bench/report/data/l4-20260728-022756/raw/mpstat/load-1024-q7-envoy-strict-r3.txt,NA,ok
load-1024-q7-dpumesh-preload-r3,load,dpumesh-preload,1024,8,4,const,7,562756,562756,3,10.000,374062.000,3.0643,134387.00,215004.00,252927.00,274868.00,302996.00,135325.69,39.54,303568.47,3739998,5627539,63315,0,1823426,0,0,0.981420,0.284603,0.696817,0.983043,0.216445,0.766598,0.000000,0.000000,0.000000,0.000000,0.000000,0.000000,1.964463,0.501048,1.463415,1.963074,0.502570,1.460503,0.000000,0.000000,0.040324,4.170616,0.000000,0.000000,18;19,/home/jukebox/DPUmesh/bench/report/data/l4-20260728-022756/raw/mpstat/load-1024-q7-dpumesh-preload-r3.txt,NA,ok
load-1024-q7-plain-r3,load,plain,1024,8,4,const,7,562756,562756,3,10.000,434792.000,3.5618,212.00,1182.00,1873.00,2984.00,4188.00,353.77,6.03,5900.58,4346751,5627547,11,0,1279985,0,0,0.976307,0.075154,0.901153,0.888063,0.037453,0.850610,0.000000,0.000000,0.000000,0.000000,0.000000,0.000000,1.864370,0.112607,1.751763,1.837324,0.111058,0.926456,0.000000,0.799811,0.931327,NA,0.000000,0.000000,20;21,/home/jukebox/DPUmesh/bench/report/data/l4-20260728-022756/raw/mpstat/load-1024-q7-plain-r3.txt,NA,ok
load-1024-q7-envoy-permissive-r3,load,envoy-permissive,1024,8,4,const,7,562756,562756,3,10.000,562761.000,4.6101,346.00,441.00,485.00,619.00,1694.00,337.89,104.41,2842.49,5626431,5627499,172,0,96,0,0,0.315416,0.056938,0.258478,0.172305,0.017578,0.154727,0.668937,0.157646,0.511290,0.699547,0.133640,0.565907,1.856205,0.365802,1.490402,1.850981,0.364885,0.970732,0.000000,0.515363,0.540935,NA,0.000000,0.000000,22;23,/home/jukebox/DPUmesh/bench/report/data/l4-20260728-022756/raw/mpstat/load-1024-q7-envoy-permissive-r3.txt,NA,ok
load-1024-q8-dpumesh-preload-r3,load,dpumesh-preload,1024,8,4,const,8,1092341,1092341,3,10.000,511067.000,4.1867,144319.00,215264.00,276248.00,313675.00,315026.00,137460.69,20.44,345058.62,5109975,10923379,64428,0,5748176,0,0,0.983145,0.287632,0.695513,0.984178,0.232921,0.751257,0.000000,0.000000,0.000000,0.000000,0.000000,0.000000,1.967323,0.520553,1.446770,1.967125,0.520304,1.446820,0.000000,0.000000,0.032458,4.205492,0.000000,0.000000,18;19,/home/jukebox/DPUmesh/bench/report/data/l4-20260728-022756/raw/mpstat/load-1024-q8-dpumesh-preload-r3.txt,NA,ok
load-1024-q8-plain-r3,load,plain,1024,8,4,const,8,1092341,1092341,3,10.000,283596.000,2.3232,25.00,40.00,24016.00,31971.00,36092.00,789.71,5.33,44135.68,2836488,10919215,32,0,8081895,0,0,0.976288,0.067306,0.908982,0.950500,0.031876,0.918623,0.000000,0.000000,0.000000,0.000000,0.000000,0.000000,1.926788,0.099182,1.827605,1.931854,0.101318,0.982002,0.000000,0.848535,1.116442,NA,0.000000,0.000000,20;21,/home/jukebox/DPUmesh/bench/report/data/l4-20260728-022756/raw/mpstat/load-1024-q8-plain-r3.txt,NA,ok
load-1024-q8-envoy-permissive-r3,load,envoy-permissive,1024,8,4,const,8,1092341,1092341,3,10.000,892905.000,7.3147,1589.00,3461.00,4830.00,6751.00,8133.00,1779.67,184.22,9082.08,8926567,10923194,1365,0,1994462,0,0,0.633400,0.115475,0.517924,0.129437,0.025092,0.104344,0.350592,0.042964,0.307628,0.368205,0.048347,0.319859,1.481634,0.231878,1.249755,1.484593,0.233996,0.958595,0.000000,0.292003,0.302818,NA,0.000000,0.000000,22;23,/home/jukebox/DPUmesh/bench/report/data/l4-20260728-022756/raw/mpstat/load-1024-q8-envoy-permissive-r3.txt,NA,ok
load-1024-q8-envoy-strict-r3,load,envoy-strict,1024,8,4,const,8,1092341,1092341,3,10.000,563637.000,4.6173,2747.00,6432.00,10241.00,15488.00,18930.00,3127.41,418.90,21052.59,5634748,10923025,806,0,5286671,0,0,0.414697,0.073458,0.341239,0.083147,0.015016,0.068131,0.567032,0.188937,0.378095,0.537064,0.209763,0.327301,1.601940,0.487174,1.114766,1.621343,0.489444,0.772909,0.000000,0.358991,0.372723,NA,0.000000,0.000000,24;25,/home/jukebox/DPUmesh/bench/report/data/l4-20260728-022756/raw/mpstat/load-1024-q8-envoy-strict-r3.txt,NA,ok
load-1024-q9-plain-r3,load,plain,1024,8,4,const,9,2120295,2120295,3,10.000,540112.000,4.4246,28.00,40.00,20989.00,28154.00,36042.00,458.89,6.80,36197.28,5403092,21197582,54,0,15793636,0,0,0.977267,0.078273,0.898994,0.940776,0.032140,0.908637,0.000000,0.000000,0.000000,0.000000,0.000000,0.000000,1.918043,0.110413,1.807631,1.928089,0.111011,0.988389,0.000000,0.828689,1.081872,NA,0.000000,0.000000,20;21,/home/jukebox/DPUmesh/bench/report/data/l4-20260728-022756/raw/mpstat/load-1024-q9-plain-r3.txt,NA,ok
load-1024-q9-envoy-permissive-r3,load,envoy-permissive,1024,8,4,const,9,2120295,2120295,3,10.000,456233.000,3.7375,14443.00,22041.00,30067.00,36812.00,43977.00,14331.87,2.51,48835.69,4560918,21190783,6606,0,16622459,0,0,0.778217,0.083073,0.695145,0.060541,0.006127,0.054415,0.205630,0.037443,0.168187,0.162393,0.032393,0.130001,1.206781,0.159036,1.047748,1.028363,0.116993,0.720641,0.000000,0.190729,0.203510,NA,0.000000,0.000000,22;23,/home/jukebox/DPUmesh/bench/report/data/l4-20260728-022756/raw/mpstat/load-1024-q9-envoy-permissive-r3.txt,NA,ok
load-1024-q9-envoy-strict-r3,load,envoy-strict,1024,8,4,const,9,2120295,2120295,3,10.000,375178.000,3.0735,26083.00,46508.00,59423.00,75276.00,87357.00,26722.42,3.42,94358.22,3750361,21190692,7732,0,17431799,0,0,0.600142,0.074559,0.525583,0.049674,0.006330,0.043344,0.375995,0.119316,0.256678,0.320958,0.132655,0.188303,1.346769,0.332860,1.013908,1.344825,0.335475,0.728487,0.000000,0.280863,0.297441,NA,0.000000,0.000000,24;25,/home/jukebox/DPUmesh/bench/report/data/l4-20260728-022756/raw/mpstat/load-1024-q9-envoy-strict-r3.txt,NA,ok
load-1024-q9-dpumesh-preload-r3,load,dpumesh-preload,1024,8,4,const,9,2120295,2120295,3,10.000,583491.000,4.7800,102928.00,150085.00,187887.00,208997.00,229742.00,95323.81,2.53,230553.53,5833724,21203066,54132,0,15314410,0,0,0.981328,0.306725,0.674602,0.983899,0.228321,0.755578,0.000000,0.000000,0.000000,0.000000,0.000000,0.000000,1.965227,0.535046,1.430180,1.965146,0.535055,1.430091,0.000000,0.000000,0.031474,3.270142,0.000000,0.000000,18;19,/home/jukebox/DPUmesh/bench/report/data/l4-20260728-022756/raw/mpstat/load-1024-q9-dpumesh-preload-r3.txt,NA,ok
load-8192-q1-envoy-strict-r1,load,envoy-strict,8192,8,4,const,1,5545,5545,1,10.000,5545.000,0.3634,386.00,457.00,488.00,599.00,1921.00,334.89,88.56,2282.67,54648,55452,4,0,0,0,0,0.052882,0.007880,0.045002,0.040379,0.001725,0.038653,0.166483,0.061362,0.105121,0.243333,0.081828,0.161505,0.503077,0.152795,0.350281,0.428956,0.135771,0.172173,0.000000,0.121013,0.130851,NA,0.000000,0.000000,24;25,/home/jukebox/DPUmesh/bench/report/data/l4-20260728-022756/raw/mpstat/load-8192-q1-envoy-strict-r1.txt,NA,ok
load-8192-q1-dpumesh-preload-r1,load,dpumesh-preload,8192,8,4,const,1,5545,5545,1,10.000,5545.000,0.3634,334.00,390.00,434.00,1640.00,3774.00,313.97,137.17,4657.97,54651,55452,1,0,0,0,0,0.099015,0.026761,0.072254,0.181715,0.040209,0.141507,0.000000,0.000000,0.000000,0.000000,0.000000,0.000000,0.280730,0.066970,0.213761,0.209540,0.052139,0.157401,0.000000,0.000000,0.010821,0.559242,0.000000,0.000000,18;19,/home/jukebox/DPUmesh/bench/report/data/l4-20260728-022756/raw/mpstat/load-8192-q1-dpumesh-preload-r1.txt,NA,ok
load-8192-q1-plain-r1,load,plain,8192,8,4,const,1,5545,5545,1,10.000,5545.000,0.3634,142.00,249.00,286.00,1709.00,8026.00,149.17,31.86,8821.17,54652,55452,0,0,0,0,0,0.101672,0.008253,0.093418,0.103553,0.004783,0.098770,0.000000,0.000000,0.000000,0.000000,0.000000,0.000000,0.205225,0.013036,0.192188,0.117059,0.013772,0.060005,0.000000,0.043282,0.052136,NA,0.000000,0.000000,20;21,/home/jukebox/DPUmesh/bench/report/data/l4-20260728-022756/raw/mpstat/load-8192-q1-plain-r1.txt,NA,ok
load-8192-q1-envoy-permissive-r1,load,envoy-permissive,8192,8,4,const,1,5545,5545,1,10.000,5544.000,0.3634,336.00,413.00,448.00,965.00,4550.00,288.46,74.84,5296.63,54648,55452,4,0,0,0,0,0.054394,0.008241,0.046153,0.038399,0.001943,0.036456,0.154625,0.033670,0.120955,0.204809,0.046834,0.157975,0.452227,0.090688,0.361539,0.400396,0.081653,0.190852,0.000000,0.127891,0.137728,NA,0.000000,0.000000,22;23,/home/jukebox/DPUmesh/bench/report/data/l4-20260728-022756/raw/mpstat/load-8192-q1-envoy-permissive-r1.txt,NA,ok
load-8192-q2-dpumesh-preload-r1,load,dpumesh-preload,8192,8,4,const,2,9838,9838,1,10.000,9838.000,0.6447,236.00,392.00,446.00,927.00,2159.00,263.45,119.64,2346.82,97580,98380,0,0,0,0,0,0.150764,0.042029,0.108735,0.257630,0.055181,0.202449,0.000000,0.000000,0.000000,0.000000,0.000000,0.000000,0.408394,0.097210,0.311184,0.323770,0.078728,0.245041,0.000000,0.000000,0.010825,0.891247,0.000000,0.000000,18;19,/home/jukebox/DPUmesh/bench/report/data/l4-20260728-022756/raw/mpstat/load-8192-q2-dpumesh-preload-r1.txt,NA,ok
load-8192-q2-plain-r1,load,plain,8192,8,4,const,2,9838,9838,1,10.000,9838.000,0.6447,136.00,246.00,282.00,680.00,1988.00,138.35,26.49,2276.65,97580,98380,0,0,0,0,0,0.179164,0.016715,0.162449,0.171301,0.004364,0.166937,0.000000,0.000000,0.000000,0.000000,0.000000,0.000000,0.350465,0.021079,0.329386,0.225331,0.017712,0.116109,0.000000,0.091510,0.100366,NA,0.000000,0.000000,20;21,/home/jukebox/DPUmesh/bench/report/data/l4-20260728-022756/raw/mpstat/load-8192-q2-plain-r1.txt,NA,ok
load-8192-q2-envoy-permissive-r1,load,envoy-permissive,8192,8,4,const,2,9838,9838,1,10.000,9838.000,0.6447,188.00,426.00,500.00,651.00,1822.00,247.25,66.04,2275.46,97580,98380,0,0,0,0,0,0.093632,0.012915,0.080717,0.063213,0.003754,0.059459,0.273716,0.053057,0.220659,0.303715,0.064612,0.239103,0.734276,0.134338,0.599938,0.670083,0.125948,0.315854,0.000000,0.228281,0.237136,NA,0.000000,0.000000,22;23,/home/jukebox/DPUmesh/bench/report/data/l4-20260728-022756/raw/mpstat/load-8192-q2-envoy-permissive-r1.txt,NA,ok
load-8192-q2-envoy-strict-r1,load,envoy-strict,8192,8,4,const,2,9838,9838,1,10.000,9838.000,0.6447,187.00,507.00,582.00,660.00,3297.00,259.67,71.02,4162.44,97577,98380,3,0,0,0,0,0.090721,0.016429,0.074292,0.063370,0.002118,0.061252,0.294925,0.077305,0.217620,0.336292,0.106777,0.229516,0.785308,0.202629,0.582680,0.698479,0.184949,0.308905,0.000000,0.204625,0.216430,NA,0.000000,0.000000,24;25,/home/jukebox/DPUmesh/bench/report/data/l4-20260728-022756/raw/mpstat/load-8192-q2-envoy-strict-r1.txt,NA,ok
load-8192-q3-plain-r1,load,plain,8192,8,4,const,3,17455,17455,1,10.000,17455.000,1.1439,86.00,249.00,317.00,460.00,1896.00,102.89,19.49,2725.14,173752,174552,0,0,0,0,0,0.327824,0.023328,0.304496,0.246226,0.008489,0.237737,0.000000,0.000000,0.000000,0.000000,0.000000,0.000000,0.574050,0.031817,0.542233,0.371904,0.022629,0.186936,0.000000,0.162339,0.171194,NA,0.000000,0.000000,20;21,/home/jukebox/DPUmesh/bench/report/data/l4-20260728-022756/raw/mpstat/load-8192-q3-plain-r1.txt,NA,ok
load-8192-q3-envoy-permissive-r1,load,envoy-permissive,8192,8,4,const,3,17455,17455,1,10.000,17454.000,1.1439,155.00,386.00,488.00,2956.00,11894.00,195.20,61.90,12859.22,173748,174552,4,0,0,0,0,0.166836,0.023870,0.142967,0.099601,0.006984,0.092617,0.501245,0.096991,0.404254,0.398278,0.090238,0.308040,1.165960,0.218083,0.947878,1.148843,0.221310,0.555733,0.000000,0.371800,0.383603,NA,0.000000,0.000000,22;23,/home/jukebox/DPUmesh/bench/report/data/l4-20260728-022756/raw/mpstat/load-8192-q3-envoy-permissive-r1.txt,NA,ok
load-8192-q3-envoy-strict-r1,load,envoy-strict,8192,8,4,const,3,17455,17455,1,10.000,17454.000,1.1439,185.00,452.00,638.00,703.00,3840.00,219.62,65.19,4786.69,173749,174552,3,0,0,0,0,0.153917,0.023285,0.130632,0.098897,0.005303,0.093593,0.526034,0.145278,0.380756,0.473069,0.152861,0.320208,1.251917,0.326727,0.925189,1.214761,0.322625,0.539020,0.000000,0.353117,0.364920,NA,0.000000,0.000000,24;25,/home/jukebox/DPUmesh/bench/report/data/l4-20260728-022756/raw/mpstat/load-8192-q3-envoy-strict-r1.txt,NA,ok
load-8192-q3-dpumesh-preload-r1,load,dpumesh-preload,8192,8,4,const,3,17455,17455,1,10.000,17455.000,1.1439,216.00,361.00,446.00,2407.00,8307.00,239.72,97.09,9937.96,173748,174552,4,0,0,0,0,0.290005,0.078997,0.211008,0.367615,0.085685,0.281930,0.000000,0.000000,0.000000,0.000000,0.000000,0.000000,0.657620,0.164682,0.492938,0.596900,0.152421,0.443496,0.000000,0.000983,0.010817,1.500474,0.000000,0.000000,18;19,/home/jukebox/DPUmesh/bench/report/data/l4-20260728-022756/raw/mpstat/load-8192-q3-dpumesh-preload-r1.txt,NA,ok
load-8192-q4-envoy-permissive-r1,load,envoy-permissive,8192,8,4,const,4,30970,30970,1,10.000,30970.000,2.0296,278.00,356.00,418.00,518.00,660.00,273.86,82.15,1047.54,308895,309700,5,0,0,0,0,0.237989,0.031040,0.206950,0.187874,0.009642,0.178232,0.744233,0.146983,0.597250,0.740153,0.171412,0.568742,1.910249,0.359077,1.551174,1.914575,0.360888,0.948929,0.000000,0.604758,0.665725,NA,0.000000,0.000000,22;23,/home/jukebox/DPUmesh/bench/report/data/l4-20260728-022756/raw/mpstat/load-8192-q4-envoy-permissive-r1.txt,NA,ok
load-8192-q4-envoy-strict-r1,load,envoy-strict,8192,8,4,const,4,30970,30970,1,10.000,30969.000,2.0296,310.00,390.00,452.00,580.00,1834.00,292.88,82.80,2872.35,308894,309700,6,0,0,0,0,0.202635,0.017033,0.185602,0.158946,0.005141,0.153805,0.780494,0.220745,0.559749,0.708801,0.218876,0.489926,1.850876,0.461795,1.389082,1.859265,0.462112,0.846551,0.000000,0.550602,0.600746,NA,0.000000,0.000000,24;25,/home/jukebox/DPUmesh/bench/report/data/l4-20260728-022756/raw/mpstat/load-8192-q4-envoy-strict-r1.txt,NA,ok
load-8192-q4-dpumesh-preload-r1,load,dpumesh-preload,8192,8,4,const,4,30970,30970,1,10.000,30969.000,2.0296,202.00,255.00,296.00,1955.00,5246.00,210.84,85.73,6838.04,308896,309700,4,0,0,0,0,0.505873,0.141868,0.364005,0.617029,0.156713,0.460316,0.000000,0.000000,0.000000,0.000000,0.000000,0.000000,1.122902,0.298581,0.824321,1.088855,0.290165,0.798691,0.000000,0.000000,0.040328,2.544508,0.000000,0.000000,18;19,/home/jukebox/DPUmesh/bench/report/data/l4-20260728-022756/raw/mpstat/load-8192-q4-dpumesh-preload-r1.txt,NA,ok
load-8192-q4-plain-r1,load,plain,8192,8,4,const,4,30970,30970,1,10.000,30970.000,2.0296,79.00,95.00,99.00,696.00,2274.00,75.92,24.34,3059.12,308900,309700,0,0,0,0,0,0.596617,0.052325,0.544292,0.385154,0.014864,0.370290,0.000000,0.000000,0.000000,0.000000,0.000000,0.000000,0.981771,0.067189,0.914582,0.737801,0.054105,0.371852,0.000000,0.311844,0.365949,NA,0.000000,0.000000,20;21,/home/jukebox/DPUmesh/bench/report/data/l4-20260728-022756/raw/mpstat/load-8192-q4-plain-r1.txt,NA,ok
load-8192-q5-envoy-strict-r1,load,envoy-strict,8192,8,4,const,5,54951,54951,1,10.000,54950.000,3.6012,373.00,469.00,524.00,682.00,952.00,365.60,133.99,1326.14,548696,549509,13,0,0,0,0,0.186331,0.022875,0.163455,0.142582,0.009272,0.133310,0.797882,0.248037,0.549845,0.825037,0.287053,0.537983,1.951832,0.567237,1.384593,1.953839,0.568354,0.838764,0.000000,0.546721,0.588020,NA,0.000000,0.000000,24;25,/home/jukebox/DPUmesh/bench/report/data/l4-20260728-022756/raw/mpstat/load-8192-q5-envoy-strict-r1.txt,NA,ok
load-8192-q5-dpumesh-preload-r1,load,dpumesh-preload,8192,8,4,const,5,54951,54951,1,10.000,54949.000,3.6012,431.00,1222.00,1725.00,2068.00,2289.00,523.00,94.27,2933.20,548692,549509,17,0,0,0,0,0.836674,0.241427,0.595248,0.979348,0.191340,0.788008,0.000000,0.000000,0.000000,0.000000,0.000000,0.000000,1.816022,0.432767,1.383256,1.799647,0.429987,1.369660,0.000000,0.000000,0.037390,2.919355,0.000000,0.000000,18;19,/home/jukebox/DPUmesh/bench/report/data/l4-20260728-022756/raw/mpstat/load-8192-q5-dpumesh-preload-r1.txt,NA,ok
load-8192-q5-plain-r1,load,plain,8192,8,4,const,5,54951,54951,1,10.000,54941.000,3.6006,83.00,126.00,147.00,218.00,6285.00,83.52,12.57,7574.94,548616,549508,3,0,89,0,0,0.891802,0.046609,0.845192,0.611176,0.023214,0.587961,0.000000,0.000000,0.000000,0.000000,0.000000,0.000000,1.502978,0.069823,1.433153,1.431530,0.068871,0.678870,0.000000,0.683789,0.807757,NA,0.000000,0.000000,20;21,/home/jukebox/DPUmesh/bench/report/data/l4-20260728-022756/raw/mpstat/load-8192-q5-plain-r1.txt,NA,ok
load-8192-q5-envoy-permissive-r1,load,envoy-permissive,8192,8,4,const,5,54951,54951,1,10.000,54950.000,3.6012,295.00,410.00,449.00,550.00,701.00,301.55,98.69,1063.67,548698,549510,12,0,0,0,0,0.240333,0.032160,0.208173,0.201377,0.015251,0.186126,0.744046,0.153699,0.590347,0.777917,0.172398,0.605519,1.963673,0.373508,1.590165,1.961398,0.370836,0.989552,0.000000,0.601010,0.634454,NA,0.000000,0.000000,22;23,/home/jukebox/DPUmesh/bench/report/data/l4-20260728-022756/raw/mpstat/load-8192-q5-envoy-permissive-r1.txt,NA,ok
load-8192-q6-dpumesh-preload-r1,load,dpumesh-preload,8192,8,4,const,6,97499,97499,1,10.000,69165.000,4.5328,46468.00,75949.00,78011.00,80359.00,81580.00,47808.41,99.59,82418.98,691078,974992,3264,0,279850,0,0,0.932118,0.254938,0.677180,0.983892,0.197278,0.786614,0.000000,0.000000,0.000000,0.000000,0.000000,0.000000,1.916010,0.452216,1.463794,1.906400,0.450532,1.455868,0.000000,0.000000,0.039348,3.747628,0.000000,0.000000,18;19,/home/jukebox/DPUmesh/bench/report/data/l4-20260728-022756/raw/mpstat/load-8192-q6-dpumesh-preload-r1.txt,NA,ok
load-8192-q6-plain-r1,load,plain,8192,8,4,const,6,97499,97499,1,10.000,96102.000,6.2981,70.00,120.00,146.00,207.00,145326.00,112.72,7.72,146724.85,960232,974991,5,0,13954,0,0,0.931881,0.056625,0.875256,0.926797,0.031017,0.895779,0.000000,0.000000,0.000000,0.000000,0.000000,0.000000,1.858678,0.087642,1.771035,1.812144,0.085036,0.879682,0.000000,0.847427,0.954943,NA,0.000000,0.000000,20;21,/home/jukebox/DPUmesh/bench/report/data/l4-20260728-022756/raw/mpstat/load-8192-q6-plain-r1.txt,NA,ok
load-8192-q6-envoy-permissive-r1,load,envoy-permissive,8192,8,4,const,6,97499,97499,1,10.000,97498.000,6.3896,330.00,421.00,486.00,663.00,835.00,326.25,109.20,1124.57,974159,974988,29,0,0,0,0,0.272362,0.040005,0.232357,0.174816,0.011458,0.163358,0.711901,0.154979,0.556922,0.746845,0.141714,0.605131,1.905924,0.348156,1.557768,1.907870,0.348137,1.015892,0.000000,0.543841,0.558593,NA,0.000000,0.000000,22;23,/home/jukebox/DPUmesh/bench/report/data/l4-20260728-022756/raw/mpstat/load-8192-q6-envoy-permissive-r1.txt,NA,ok
load-8192-q6-envoy-strict-r1,load,envoy-strict,8192,8,4,const,6,97499,97499,1,10.000,97498.000,6.3896,728.00,990.00,1247.00,1595.00,2006.00,734.04,212.54,2536.48,974128,974982,54,0,0,0,0,0.171779,0.033134,0.138645,0.126955,0.005536,0.121419,0.811732,0.256782,0.554950,0.829649,0.301294,0.528355,1.940115,0.596746,1.343369,1.945544,0.597420,0.865669,0.000000,0.482456,0.495229,NA,0.000000,0.000000,24;25,/home/jukebox/DPUmesh/bench/report/data/l4-20260728-022756/raw/mpstat/load-8192-q6-envoy-strict-r1.txt,NA,ok
load-8192-q7-plain-r1,load,plain,8192,8,4,const,7,172993,172993,1,10.000,172992.000,11.3372,91.00,147.00,174.00,208.00,257.00,94.11,12.11,422.63,1728355,1729926,12,0,759,0,0,0.984456,0.082455,0.902002,0.981203,0.029294,0.951909,0.000000,0.000000,0.000000,0.000000,0.000000,0.000000,1.965659,0.111749,1.853911,1.967970,0.112174,0.962337,0.000000,0.893459,0.920026,NA,0.000000,0.000000,20;21,/home/jukebox/DPUmesh/bench/report/data/l4-20260728-022756/raw/mpstat/load-8192-q7-plain-r1.txt,NA,ok
load-8192-q7-envoy-permissive-r1,load,envoy-permissive,8192,8,4,const,7,172993,172993,1,10.000,172993.000,11.3372,367.00,539.00,686.00,909.00,1226.00,379.38,137.63,1577.41,1729071,1729921,50,0,0,0,0,0.301374,0.059064,0.242310,0.194767,0.010856,0.183912,0.682857,0.131574,0.551283,0.783331,0.123082,0.660249,1.962329,0.324576,1.637754,1.966767,0.328450,1.142691,0.000000,0.495625,0.512343,NA,0.000000,0.000000,22;23,/home/jukebox/DPUmesh/bench/report/data/l4-20260728-022756/raw/mpstat/load-8192-q7-envoy-permissive-r1.txt,NA,ok
load-8192-q7-envoy-strict-r1,load,envoy-strict,8192,8,4,const,7,172993,172993,1,10.000,113910.000,7.4652,5676.00,7994.00,8904.00,27498.00,32864.00,5912.74,2221.08,34520.79,1137652,1729924,482,0,590990,0,0,0.173553,0.035190,0.138363,0.095858,0.003546,0.092312,0.803079,0.260981,0.542097,0.730381,0.315186,0.415195,1.802871,0.614903,1.187967,1.826450,0.623452,0.768826,0.000000,0.434172,0.443929,NA,0.000000,0.000000,24;25,/home/jukebox/DPUmesh/bench/report/data/l4-20260728-022756/raw/mpstat/load-8192-q7-envoy-strict-r1.txt,NA,ok
load-8192-q7-dpumesh-preload-r1,load,dpumesh-preload,8192,8,4,const,7,172993,172993,1,10.000,76602.000,5.0202,43560.00,78565.00,79374.00,80153.00,81214.00,49135.73,8.43,81673.76,765632,1729926,3796,0,959698,0,0,0.979933,0.254022,0.725911,0.985203,0.223172,0.762031,0.000000,0.000000,0.000000,0.000000,0.000000,0.000000,1.965136,0.477194,1.487942,1.965389,0.478067,1.487321,0.000000,0.000000,0.042298,3.750000,0.000000,0.000000,18;19,/home/jukebox/DPUmesh/bench/report/data/l4-20260728-022756/raw/mpstat/load-8192-q7-dpumesh-preload-r1.txt,NA,ok
load-8192-q8-envoy-permissive-r1,load,envoy-permissive,8192,8,4,const,8,306941,306941,1,10.000,256773.000,16.8279,3387.00,4050.00,4271.00,4610.00,5032.00,3296.42,909.02,6277.02,2565722,3069252,752,0,501978,0,0,0.370142,0.083446,0.286697,0.228968,0.009702,0.219266,0.611460,0.043226,0.568234,0.616316,0.053275,0.563041,1.826886,0.189649,1.637238,1.834015,0.197132,1.335791,0.000000,0.301092,0.318746,NA,0.000000,0.000000,22;23,/home/jukebox/DPUmesh/bench/report/data/l4-20260728-022756/raw/mpstat/load-8192-q8-envoy-permissive-r1.txt,NA,ok
load-8192-q8-envoy-strict-r1,load,envoy-strict,8192,8,4,const,8,306941,306941,1,10.000,123931.000,8.1219,8007.00,9655.00,11090.00,12035.00,14091.00,7289.86,2408.73,14925.50,1237955,3069270,777,0,1829738,0,0,0.183000,0.044028,0.138971,0.108798,0.004438,0.104360,0.801613,0.275674,0.525938,0.773658,0.317169,0.456489,1.867069,0.641309,1.225758,1.843201,0.628498,0.818326,0.000000,0.396377,0.409163,NA,0.000000,0.000000,24;25,/home/jukebox/DPUmesh/bench/report/data/l4-20260728-022756/raw/mpstat/load-8192-q8-envoy-strict-r1.txt,NA,ok
load-8192-q8-dpumesh-preload-r1,load,dpumesh-preload,8192,8,4,const,8,306941,306941,1,10.000,86838.000,5.6910,17479.00,28928.00,29321.00,29675.00,30422.00,19652.23,26.02,30623.93,867748,3069403,1934,0,2198921,0,0,0.711294,0.225006,0.486288,0.984831,0.231069,0.753762,0.000000,0.000000,0.000000,0.000000,0.000000,0.000000,1.696125,0.456075,1.240050,1.660217,0.446527,1.213689,0.000000,0.000000,0.033440,2.302370,0.000000,0.000000,18;19,/home/jukebox/DPUmesh/bench/report/data/l4-20260728-022756/raw/mpstat/load-8192-q8-dpumesh-preload-r1.txt,NA,ok
load-8192-q8-plain-r1,load,plain,8192,8,4,const,8,306941,306941,1,10.000,306941.000,20.1157,156.00,258.00,299.00,350.00,1075.00,158.78,8.13,2604.08,3068313,3069399,17,0,269,0,0,0.975765,0.104240,0.871525,0.886752,0.021599,0.865152,0.000000,0.000000,0.000000,0.000000,0.000000,0.000000,1.862517,0.125839,1.736677,1.857109,0.124717,0.971426,0.000000,0.760967,0.800915,NA,0.000000,0.000000,20;21,/home/jukebox/DPUmesh/bench/report/data/l4-20260728-022756/raw/mpstat/load-8192-q8-plain-r1.txt,NA,ok
load-8192-q9-envoy-strict-r1,load,envoy-strict,8192,8,4,const,9,544607,544607,1,10.000,124314.000,8.1470,18334.00,45016.00,53825.00,59908.00,64645.00,21994.85,3634.31,66397.02,1241080,5445598,2500,0,4201218,0,0,0.192804,0.042670,0.150135,0.113534,0.005641,0.107893,0.790296,0.273208,0.517088,0.756364,0.324701,0.431663,1.852998,0.646220,1.206779,1.895673,0.662651,0.822669,0.000000,0.410353,0.423115,NA,0.000000,0.000000,24;25,/home/jukebox/DPUmesh/bench/report/data/l4-20260728-022756/raw/mpstat/load-8192-q9-envoy-strict-r1.txt,NA,ok
load-8192-q9-dpumesh-preload-r1,load,dpumesh-preload,8192,8,4,const,9,544607,544607,1,10.000,83615.000,5.4798,72539.00,134248.00,153336.00,236985.00,445859.00,74119.70,39.22,446148.66,835531,5446057,7105,0,4602621,0,0,0.965904,0.257628,0.708276,0.984823,0.226535,0.758288,0.000000,0.000000,0.000000,0.000000,0.000000,0.000000,1.950727,0.484163,1.466564,1.928903,0.479273,1.449630,0.000000,0.000000,0.028540,3.249289,0.000000,0.000000,18;19,/home/jukebox/DPUmesh/bench/report/data/l4-20260728-022756/raw/mpstat/load-8192-q9-dpumesh-preload-r1.txt,NA,ok
load-8192-q9-plain-r1,load,plain,8192,8,4,const,9,544607,544607,1,10.000,154255.000,10.1093,30.00,11481.00,23827.00,31867.00,36408.00,1365.08,7.97,40180.63,1541635,5440303,12,0,3897856,0,0,0.975947,0.072949,0.902998,0.907049,0.023173,0.883875,0.000000,0.000000,0.000000,0.000000,0.000000,0.000000,1.882996,0.096122,1.786873,1.868450,0.096442,1.018003,0.000000,0.754004,0.965398,NA,0.000000,0.000000,20;21,/home/jukebox/DPUmesh/bench/report/data/l4-20260728-022756/raw/mpstat/load-8192-q9-plain-r1.txt,NA,ok
load-8192-q9-envoy-permissive-r1,load,envoy-permissive,8192,8,4,const,9,544607,544607,1,10.000,235299.000,15.4205,12836.00,18410.00,19872.00,30499.00,41120.00,13187.31,2482.63,42073.67,2350922,5446022,3310,0,3090990,0,0,0.388764,0.083119,0.305646,0.214682,0.009211,0.205472,0.590500,0.036255,0.554245,0.542906,0.044613,0.498293,1.736852,0.173198,1.563656,1.758376,0.182981,1.315113,0.000000,0.260283,0.274960,NA,0.000000,0.000000,22;23,/home/jukebox/DPUmesh/bench/report/data/l4-20260728-022756/raw/mpstat/load-8192-q9-envoy-permissive-r1.txt,NA,ok
load-8192-q9-dpumesh-preload-r2,load,dpumesh-preload,8192,8,4,const,9,544607,544607,2,10.000,85121.000,5.5785,130825.00,210091.00,234569.00,279585.00,316847.00,128020.21,253.26,317513.97,850719,5446064,11641,0,4582904,0,0,0.981432,0.283564,0.697867,0.985098,0.226371,0.758728,0.000000,0.000000,0.000000,0.000000,0.000000,0.000000,1.966530,0.509935,1.456595,1.964100,0.509466,1.454634,0.000000,0.000000,0.029506,4.147059,0.000000,0.000000,18;19,/home/jukebox/DPUmesh/bench/report/data/l4-20260728-022756/raw/mpstat/load-8192-q9-dpumesh-preload-r2.txt,NA,ok
load-8192-q9-plain-r2,load,plain,8192,8,4,const,9,544607,544607,2,10.000,150708.000,9.8768,30.00,12271.00,24574.00,32036.00,36159.00,1400.35,7.83,44181.71,1507161,5447095,76,0,3939058,0,0,0.976544,0.073806,0.902738,0.930032,0.022550,0.907481,0.000000,0.000000,0.000000,0.000000,0.000000,0.000000,1.906576,0.096356,1.810219,1.907421,0.097417,1.043334,0.000000,0.766670,0.964426,NA,0.000000,0.000000,20;21,/home/jukebox/DPUmesh/bench/report/data/l4-20260728-022756/raw/mpstat/load-8192-q9-plain-r2.txt,NA,ok
load-8192-q9-envoy-permissive-r2,load,envoy-permissive,8192,8,4,const,9,544607,544607,2,10.000,243644.000,15.9675,11845.00,16922.00,17889.00,19317.00,20404.00,12108.45,2085.58,20768.51,2433843,5444654,3270,0,3006741,0,0,0.398583,0.089245,0.309338,0.220946,0.010410,0.210537,0.581828,0.029821,0.552007,0.567480,0.036481,0.530999,1.768837,0.165957,1.602881,1.797531,0.172406,1.353781,0.000000,0.271344,0.285058,NA,0.000000,0.000000,22;23,/home/jukebox/DPUmesh/bench/report/data/l4-20260728-022756/raw/mpstat/load-8192-q9-envoy-permissive-r2.txt,NA,ok
load-8192-q9-envoy-strict-r2,load,envoy-strict,8192,8,4,const,9,544607,544607,2,10.000,124004.000,8.1267,19419.00,43687.00,52858.00,61176.00,67367.00,22612.15,4001.21,68961.70,1238018,5446015,3231,0,4203966,0,0,0.193157,0.045657,0.147501,0.113639,0.004908,0.108731,0.786420,0.279622,0.506798,0.760888,0.325500,0.435388,1.854104,0.655687,1.198418,1.906227,0.673879,0.812763,0.000000,0.419585,0.427410,NA,0.000000,0.000000,24;25,/home/jukebox/DPUmesh/bench/report/data/l4-20260728-022756/raw/mpstat/load-8192-q9-envoy-strict-r2.txt,NA,ok
load-8192-q8-envoy-strict-r2,load,envoy-strict,8192,8,4,const,8,306941,306941,2,10.000,115588.000,7.5752,6885.00,10938.00,12388.00,13377.00,21303.00,7480.84,1677.99,27463.02,1154118,3068828,842,0,1913068,0,0,0.180643,0.046672,0.133971,0.100012,0.006620,0.093392,0.802819,0.275265,0.527554,0.740209,0.293433,0.446776,1.823683,0.621990,1.201693,1.795217,0.610197,0.777239,0.000000,0.407780,0.420554,NA,0.000000,0.000000,24;25,/home/jukebox/DPUmesh/bench/report/data/l4-20260728-022756/raw/mpstat/load-8192-q8-envoy-strict-r2.txt,NA,ok
load-8192-q8-dpumesh-preload-r2,load,dpumesh-preload,8192,8,4,const,8,306941,306941,2,10.000,72991.000,4.7835,39739.00,69312.00,71045.00,72196.00,74733.00,42671.64,42.39,74753.54,729634,3069405,3233,0,2335738,0,0,0.978285,0.271690,0.706595,0.984480,0.235812,0.748668,0.000000,0.000000,0.000000,0.000000,0.000000,0.000000,1.962765,0.507502,1.455263,1.961074,0.505512,1.455561,0.000000,0.000000,0.026554,3.181214,0.000000,0.000000,18;19,/home/jukebox/DPUmesh/bench/report/data/l4-20260728-022756/raw/mpstat/load-8192-q8-dpumesh-preload-r2.txt,NA,ok
load-8192-q8-plain-r2,load,plain,8192,8,4,const,8,306941,306941,2,10.000,306944.000,20.1159,165.00,262.00,297.00,337.00,383.00,169.24,8.41,1025.46,3067452,3069410,36,0,1122,0,0,0.984808,0.098947,0.885860,0.924725,0.021302,0.903424,0.000000,0.000000,0.000000,0.000000,0.000000,0.000000,1.909533,0.120249,1.789284,1.909997,0.123003,0.998788,0.000000,0.788206,0.824615,NA,0.000000,0.000000,20;21,/home/jukebox/DPUmesh/bench/report/data/l4-20260728-022756/raw/mpstat/load-8192-q8-plain-r2.txt,NA,ok
load-8192-q8-envoy-permissive-r2,load,envoy-permissive,8192,8,4,const,8,306941,306941,2,10.000,242988.000,15.9245,3701.00,4443.00,4733.00,5175.00,5709.00,3539.35,1004.77,6955.08,2427783,3069285,790,0,639912,0,0,0.370380,0.081599,0.288781,0.214172,0.010037,0.204135,0.610693,0.055322,0.555371,0.592479,0.044614,0.547865,1.787724,0.191572,1.596152,1.843765,0.205843,1.329157,0.000000,0.308764,0.319547,NA,0.000000,0.000000,22;23,/home/jukebox/DPUmesh/bench/report/data/l4-20260728-022756/raw/mpstat/load-8192-q8-envoy-permissive-r2.txt,NA,ok
load-8192-q7-envoy-permissive-r2,load,envoy-permissive,8192,8,4,const,7,172993,172993,2,10.000,173001.000,11.3378,534.00,669.00,793.00,1026.00,1605.00,536.74,171.52,2516.83,1729034,1729909,75,0,0,0,0,0.347952,0.066354,0.281597,0.226243,0.018352,0.207891,0.636167,0.110849,0.525318,0.715669,0.109226,0.606443,1.926031,0.304781,1.621249,1.929299,0.304833,1.147550,0.000000,0.476917,0.491667,NA,0.000000,0.000000,22;23,/home/jukebox/DPUmesh/bench/report/data/l4-20260728-022756/raw/mpstat/load-8192-q7-envoy-permissive-r2.txt,NA,ok
load-8192-q7-envoy-strict-r2,load,envoy-strict,8192,8,4,const,7,172993,172993,2,10.000,126295.000,8.2769,6253.00,7178.00,7627.00,8502.00,9910.00,6149.91,2287.52,12051.55,1261487,1729707,629,0,466791,0,0,0.180129,0.051783,0.128346,0.126866,0.007658,0.119208,0.796269,0.269815,0.526455,0.844920,0.338029,0.506890,1.948184,0.667285,1.280899,1.947024,0.666241,0.836947,0.000000,0.443836,0.457492,NA,0.000000,0.000000,24;25,/home/jukebox/DPUmesh/bench/report/data/l4-20260728-022756/raw/mpstat/load-8192-q7-envoy-strict-r2.txt,NA,ok
load-8192-q7-dpumesh-preload-r2,load,dpumesh-preload,8192,8,4,const,7,172993,172993,2,10.000,76648.000,5.0232,43402.00,78383.00,79237.00,80239.00,81871.00,49123.82,31.50,82649.43,766102,1729933,3803,0,959228,0,0,0.979322,0.270581,0.708742,0.985053,0.229809,0.755243,0.000000,0.000000,0.000000,0.000000,0.000000,0.000000,1.964375,0.500390,1.463985,1.965141,0.499645,1.465496,0.000000,0.000000,0.026556,3.489418,0.000000,0.000000,18;19,/home/jukebox/DPUmesh/bench/report/data/l4-20260728-022756/raw/mpstat/load-8192-q7-dpumesh-preload-r2.txt,NA,ok
load-8192-q7-plain-r2,load,plain,8192,8,4,const,7,172993,172993,2,10.000,172992.000,11.3372,82.00,130.00,155.00,187.00,314.00,85.11,13.94,1292.70,1728343,1729925,13,0,769,0,0,0.984363,0.076172,0.908190,0.978451,0.024840,0.953611,0.000000,0.000000,0.000000,0.000000,0.000000,0.000000,1.962814,0.101012,1.861801,1.962584,0.101326,0.942434,0.000000,0.918824,0.979816,NA,0.000000,0.000000,20;21,/home/jukebox/DPUmesh/bench/report/data/l4-20260728-022756/raw/mpstat/load-8192-q7-plain-r2.txt,NA,ok
load-8192-q6-plain-r2,load,plain,8192,8,4,const,6,97499,97499,2,10.000,97499.000,6.3897,79.00,126.00,152.00,197.00,376.00,81.93,9.61,1162.59,974182,974989,7,0,0,0,0,0.982810,0.066012,0.916798,0.950589,0.020857,0.929732,0.000000,0.000000,0.000000,0.000000,0.000000,0.000000,1.933399,0.086869,1.846530,1.929404,0.088550,0.911080,0.000000,0.929774,1.058663,NA,0.000000,0.000000,20;21,/home/jukebox/DPUmesh/bench/report/data/l4-20260728-022756/raw/mpstat/load-8192-q6-plain-r2.txt,NA,ok
load-8192-q6-envoy-permissive-r2,load,envoy-permissive,8192,8,4,const,6,97499,97499,2,10.000,97498.000,6.3896,290.00,370.00,443.00,545.00,801.00,294.22,113.06,1108.52,974161,974985,24,0,0,0,0,0.250932,0.033466,0.217466,0.187962,0.008792,0.179171,0.733282,0.151486,0.581797,0.791524,0.147937,0.643587,1.963700,0.341681,1.622021,1.961740,0.344165,1.056094,0.000000,0.561480,0.578197,NA,0.000000,0.000000,22;23,/home/jukebox/DPUmesh/bench/report/data/l4-20260728-022756/raw/mpstat/load-8192-q6-envoy-permissive-r2.txt,NA,ok
load-8192-q6-envoy-strict-r2,load,envoy-strict,8192,8,4,const,6,97499,97499,2,10.000,97505.000,6.3901,876.00,1166.00,1453.00,1790.00,2072.00,862.49,305.89,2637.07,974121,974984,63,0,0,0,0,0.182902,0.035974,0.146928,0.130241,0.008951,0.121290,0.800476,0.255345,0.545130,0.802473,0.314863,0.487610,1.916092,0.615133,1.300958,1.918644,0.614988,0.825223,0.000000,0.478433,0.496116,NA,0.000000,0.000000,24;25,/home/jukebox/DPUmesh/bench/report/data/l4-20260728-022756/raw/mpstat/load-8192-q6-envoy-strict-r2.txt,NA,ok
load-8192-q6-dpumesh-preload-r2,load,dpumesh-preload,8192,8,4,const,6,97499,97499,2,10.000,69234.000,4.5374,46376.00,75913.00,78024.00,80982.00,83039.00,47757.88,87.88,83992.72,691765,974989,3291,0,279133,0,0,0.920052,0.242336,0.677716,0.984165,0.214324,0.769841,0.000000,0.000000,0.000000,0.000000,0.000000,0.000000,1.904217,0.456660,1.447557,1.892669,0.455460,1.437208,0.000000,0.000000,0.032463,3.796209,0.000000,0.000000,18;19,/home/jukebox/DPUmesh/bench/report/data/l4-20260728-022756/raw/mpstat/load-8192-q6-dpumesh-preload-r2.txt,NA,ok
load-8192-q5-dpumesh-preload-r2,load,dpumesh-preload,8192,8,4,const,5,54951,54951,2,10.000,54949.000,3.6012,388.00,890.00,3027.00,5808.00,12515.00,490.17,74.86,14201.08,548691,549510,19,0,0,0,0,0.829381,0.231066,0.598315,0.978529,0.210404,0.768125,0.000000,0.000000,0.000000,0.000000,0.000000,0.000000,1.807910,0.441470,1.366440,1.776686,0.433842,1.342844,0.000000,0.000000,0.033448,2.731041,0.000000,0.000000,18;19,/home/jukebox/DPUmesh/bench/report/data/l4-20260728-022756/raw/mpstat/load-8192-q5-dpumesh-preload-r2.txt,NA,ok
load-8192-q5-plain-r2,load,plain,8192,8,4,const,5,54951,54951,2,10.000,54950.000,3.6012,82.00,124.00,148.00,269.00,2550.00,81.04,12.37,3485.71,548707,549509,2,0,0,0,0,0.875568,0.045485,0.830082,0.601551,0.019256,0.582295,0.000000,0.000000,0.000000,0.000000,0.000000,0.000000,1.477119,0.064741,1.412377,1.400144,0.062972,0.666126,0.000000,0.671046,0.756648,NA,0.000000,0.000000,20;21,/home/jukebox/DPUmesh/bench/report/data/l4-20260728-022756/raw/mpstat/load-8192-q5-plain-r2.txt,NA,ok
load-8192-q5-envoy-permissive-r2,load,envoy-permissive,8192,8,4,const,5,54951,54951,2,10.000,54951.000,3.6012,280.00,360.00,430.00,526.00,713.00,280.29,91.59,1061.31,548698,549509,11,0,0,0,0,0.239433,0.026090,0.213343,0.192435,0.013678,0.178757,0.744763,0.148215,0.596548,0.771220,0.157219,0.614001,1.947851,0.345202,1.602649,1.946322,0.346188,0.968736,0.000000,0.631399,0.670739,NA,0.000000,0.000000,22;23,/home/jukebox/DPUmesh/bench/report/data/l4-20260728-022756/raw/mpstat/load-8192-q5-envoy-permissive-r2.txt,NA,ok
load-8192-q5-envoy-strict-r2,load,envoy-strict,8192,8,4,const,5,54951,54951,2,10.000,54951.000,3.6013,416.00,541.00,595.00,780.00,998.00,403.31,157.89,1309.69,548693,549507,14,0,0,0,0,0.186396,0.028249,0.158147,0.129239,0.004418,0.124821,0.797524,0.260125,0.537399,0.770321,0.241693,0.528628,1.883480,0.534485,1.348995,1.894264,0.537707,0.830645,0.000000,0.525911,0.577028,NA,0.000000,0.000000,24;25,/home/jukebox/DPUmesh/bench/report/data/l4-20260728-022756/raw/mpstat/load-8192-q5-envoy-strict-r2.txt,NA,ok
load-8192-q4-envoy-strict-r2,load,envoy-strict,8192,8,4,const,4,30970,30970,2,10.000,30969.000,2.0296,318.00,387.00,442.00,560.00,807.00,295.36,89.44,1126.88,308889,309697,8,0,0,0,0,0.197507,0.016465,0.181042,0.165799,0.011120,0.154679,0.785288,0.211091,0.574197,0.716712,0.230017,0.486696,1.865306,0.468693,1.396614,1.865267,0.470004,0.842664,0.000000,0.552599,0.619461,NA,0.000000,0.000000,24;25,/home/jukebox/DPUmesh/bench/report/data/l4-20260728-022756/raw/mpstat/load-8192-q4-envoy-strict-r2.txt,NA,ok
load-8192-q4-dpumesh-preload-r2,load,dpumesh-preload,8192,8,4,const,4,30970,30970,2,10.000,30970.000,2.0296,212.00,247.00,284.00,909.00,2986.00,210.82,83.74,4500.04,308896,309700,4,0,0,0,0,0.497547,0.125159,0.372388,0.607214,0.140038,0.467176,0.000000,0.000000,0.000000,0.000000,0.000000,0.000000,1.104761,0.265197,0.839564,1.076120,0.258702,0.817418,0.000000,0.000000,0.064921,2.537441,0.000000,0.000000,18;19,/home/jukebox/DPUmesh/bench/report/data/l4-20260728-022756/raw/mpstat/load-8192-q4-dpumesh-preload-r2.txt,NA,ok
load-8192-q4-plain-r2,load,plain,8192,8,4,const,4,30970,30970,2,10.000,30968.000,2.0295,81.00,93.00,97.00,2820.00,10837.00,82.23,21.53,12037.61,308880,309700,0,0,20,0,0,0.609470,0.044299,0.565171,0.352081,0.014292,0.337789,0.000000,0.000000,0.000000,0.000000,0.000000,0.000000,0.961551,0.058591,0.902960,0.719305,0.049200,0.359161,0.000000,0.310945,0.367033,NA,0.000000,0.000000,20;21,/home/jukebox/DPUmesh/bench/report/data/l4-20260728-022756/raw/mpstat/load-8192-q4-plain-r2.txt,NA,ok
load-8192-q4-envoy-permissive-r2,load,envoy-permissive,8192,8,4,const,4,30970,30970,2,10.000,30970.000,2.0296,290.00,367.00,399.00,510.00,1609.00,279.31,82.17,2653.58,308895,309700,5,0,0,0,0,0.229657,0.030326,0.199332,0.192194,0.009329,0.182865,0.753790,0.156230,0.597560,0.714754,0.167896,0.546858,1.890395,0.363781,1.526615,1.887177,0.361897,0.904744,0.000000,0.620536,0.698226,NA,0.000000,0.000000,22;23,/home/jukebox/DPUmesh/bench/report/data/l4-20260728-022756/raw/mpstat/load-8192-q4-envoy-permissive-r2.txt,NA,ok
load-8192-q3-envoy-permissive-r2,load,envoy-permissive,8192,8,4,const,3,17455,17455,2,10.000,17454.000,1.1439,174.00,383.00,465.00,644.00,2023.00,195.66,61.40,2766.67,173748,174552,4,0,0,0,0,0.163605,0.023087,0.140518,0.102176,0.003983,0.098194,0.488784,0.095811,0.392972,0.394570,0.081718,0.312852,1.149135,0.204599,0.944536,1.143753,0.209475,0.556633,0.000000,0.377645,0.391413,NA,0.000000,0.000000,22;23,/home/jukebox/DPUmesh/bench/report/data/l4-20260728-022756/raw/mpstat/load-8192-q3-envoy-permissive-r2.txt,NA,ok
load-8192-q3-envoy-strict-r2,load,envoy-strict,8192,8,4,const,3,17455,17455,2,10.000,17454.000,1.1439,194.00,465.00,658.00,697.00,1365.00,225.80,68.87,2309.04,173748,174552,4,0,0,0,0,0.158273,0.025079,0.133194,0.099159,0.003716,0.095443,0.547667,0.153678,0.393988,0.473678,0.135807,0.337871,1.278777,0.318280,0.960496,1.235268,0.309800,0.566492,0.000000,0.358975,0.375695,NA,0.000000,0.000000,24;25,/home/jukebox/DPUmesh/bench/report/data/l4-20260728-022756/raw/mpstat/load-8192-q3-envoy-strict-r2.txt,NA,ok
load-8192-q3-dpumesh-preload-r2,load,dpumesh-preload,8192,8,4,const,3,17455,17455,2,10.000,17455.000,1.1439,218.00,366.00,456.00,2859.00,6241.00,242.90,87.63,7195.88,173748,174552,4,0,0,0,0,0.293845,0.078291,0.215555,0.370742,0.085194,0.285548,0.000000,0.000000,0.000000,0.000000,0.000000,0.000000,0.664587,0.163485,0.501103,0.604821,0.153418,0.451403,0.000000,0.000000,0.015735,1.515180,0.000000,0.000000,18;19,/home/jukebox/DPUmesh/bench/report/data/l4-20260728-022756/raw/mpstat/load-8192-q3-dpumesh-preload-r2.txt,NA,ok
load-8192-q3-plain-r2,load,plain,8192,8,4,const,3,17455,17455,2,10.000,17455.000,1.1439,86.00,254.00,326.00,1847.00,8114.00,110.95,19.46,9173.66,173752,174552,0,0,0,0,0,0.325291,0.022029,0.303262,0.250471,0.008657,0.241814,0.000000,0.000000,0.000000,0.000000,0.000000,0.000000,0.575762,0.030686,0.545076,0.362054,0.021645,0.196768,0.000000,0.143641,0.156431,NA,0.000000,0.000000,20;21,/home/jukebox/DPUmesh/bench/report/data/l4-20260728-022756/raw/mpstat/load-8192-q3-plain-r2.txt,NA,ok
load-8192-q2-plain-r2,load,plain,8192,8,4,const,2,9838,9838,2,10.000,9838.000,0.6447,144.00,248.00,284.00,853.00,2647.00,144.00,28.21,3066.55,97580,98380,0,0,0,0,0,0.177259,0.015072,0.162187,0.178721,0.008658,0.170063,0.000000,0.000000,0.000000,0.000000,0.000000,0.000000,0.355980,0.023730,0.332250,0.213508,0.019678,0.097407,0.000000,0.096423,0.103311,NA,0.000000,0.000000,20;21,/home/jukebox/DPUmesh/bench/report/data/l4-20260728-022756/raw/mpstat/load-8192-q2-plain-r2.txt,NA,ok
load-8192-q2-envoy-permissive-r2,load,envoy-permissive,8192,8,4,const,2,9838,9838,2,10.000,9838.000,0.6447,170.00,418.00,492.00,626.00,1803.00,242.26,58.84,2240.05,97580,98380,0,0,0,0,0,0.089827,0.014003,0.075824,0.062684,0.003273,0.059411,0.260485,0.045428,0.215057,0.307884,0.064709,0.243176,0.720880,0.127413,0.593468,0.642380,0.115097,0.323649,0.000000,0.203633,0.212487,NA,0.000000,0.000000,22;23,/home/jukebox/DPUmesh/bench/report/data/l4-20260728-022756/raw/mpstat/load-8192-q2-envoy-permissive-r2.txt,NA,ok
load-8192-q2-envoy-strict-r2,load,envoy-strict,8192,8,4,const,2,9838,9838,2,10.000,9838.000,0.6447,199.00,528.00,604.00,652.00,2619.00,261.93,83.76,3463.45,97580,98380,0,0,0,0,0,0.091473,0.013477,0.077996,0.064590,0.000968,0.063622,0.306067,0.077440,0.228626,0.334688,0.105374,0.229314,0.796818,0.197259,0.599558,0.715194,0.179044,0.328576,0.000000,0.207573,0.218395,NA,0.000000,0.000000,24;25,/home/jukebox/DPUmesh/bench/report/data/l4-20260728-022756/raw/mpstat/load-8192-q2-envoy-strict-r2.txt,NA,ok
load-8192-q2-dpumesh-preload-r2,load,dpumesh-preload,8192,8,4,const,2,9838,9838,2,10.000,9838.000,0.6447,237.00,395.00,459.00,4644.00,12571.00,278.29,100.52,13791.26,97580,98380,0,0,0,0,0,0.177773,0.047103,0.130670,0.251731,0.061448,0.190284,0.000000,0.000000,0.000000,0.000000,0.000000,0.000000,0.429504,0.108551,0.320954,0.345277,0.090500,0.254777,0.000000,0.000000,0.010821,0.899293,0.000000,0.000000,18;19,/home/jukebox/DPUmesh/bench/report/data/l4-20260728-022756/raw/mpstat/load-8192-q2-dpumesh-preload-r2.txt,NA,ok
load-8192-q1-dpumesh-preload-r2,load,dpumesh-preload,8192,8,4,const,1,5545,5545,2,10.000,5545.000,0.3634,336.00,401.00,439.00,1161.00,1898.00,312.41,136.18,2578.77,54650,55452,2,0,0,0,0,0.083866,0.023255,0.060611,0.175719,0.038236,0.137484,0.000000,0.000000,0.000000,0.000000,0.000000,0.000000,0.259585,0.061491,0.198095,0.189840,0.047214,0.142626,0.000000,0.000000,0.006885,0.558405,0.000000,0.000000,18;19,/home/jukebox/DPUmesh/bench/report/data/l4-20260728-022756/raw/mpstat/load-8192-q1-dpumesh-preload-r2.txt,NA,ok
load-8192-q1-plain-r2,load,plain,8192,8,4,const,1,5545,5545,2,10.000,5545.000,0.3634,135.00,254.00,287.00,1112.00,2469.00,143.60,25.07,2839.60,54652,55452,0,0,0,0,0,0.101813,0.009768,0.092044,0.106581,0.003458,0.103122,0.000000,0.000000,0.000000,0.000000,0.000000,0.000000,0.208394,0.013226,0.195166,0.125920,0.016724,0.063944,0.000000,0.045252,0.054106,NA,0.000000,0.000000,20;21,/home/jukebox/DPUmesh/bench/report/data/l4-20260728-022756/raw/mpstat/load-8192-q1-plain-r2.txt,NA,ok
load-8192-q1-envoy-permissive-r2,load,envoy-permissive,8192,8,4,const,1,5545,5545,2,10.000,5545.000,0.3634,332.00,410.00,445.00,1111.00,2445.00,286.65,71.90,2818.04,54649,55452,3,0,0,0,0,0.054385,0.004810,0.049575,0.038882,0.001025,0.037857,0.153763,0.035724,0.118039,0.206754,0.047194,0.159560,0.453784,0.088753,0.365031,0.386637,0.078705,0.184956,0.000000,0.122976,0.128879,NA,0.000000,0.000000,22;23,/home/jukebox/DPUmesh/bench/report/data/l4-20260728-022756/raw/mpstat/load-8192-q1-envoy-permissive-r2.txt,NA,ok
load-8192-q1-envoy-strict-r2,load,envoy-strict,8192,8,4,const,1,5545,5545,2,10.000,5545.000,0.3634,379.00,449.00,482.00,1065.00,2568.00,324.83,95.72,3322.51,54648,55452,4,0,0,0,0,0.054572,0.005662,0.048909,0.040332,0.001430,0.038902,0.171471,0.041196,0.130275,0.243355,0.074495,0.168861,0.509730,0.122783,0.386947,0.422999,0.102307,0.194776,0.000000,0.125916,0.134769,NA,0.000000,0.000000,24;25,/home/jukebox/DPUmesh/bench/report/data/l4-20260728-022756/raw/mpstat/load-8192-q1-envoy-strict-r2.txt,NA,ok
load-8192-q1-plain-r3,load,plain,8192,8,4,const,1,5545,5545,3,10.000,5545.000,0.3634,156.00,251.00,286.00,980.00,2317.00,153.97,28.10,2750.23,54652,55452,0,0,0,0,0,0.100127,0.010891,0.089236,0.107746,0.004499,0.103248,0.000000,0.000000,0.000000,0.000000,0.000000,0.000000,0.207873,0.015390,0.192484,0.129858,0.016724,0.049188,0.000000,0.063945,0.075750,NA,0.000000,0.000000,20;21,/home/jukebox/DPUmesh/bench/report/data/l4-20260728-022756/raw/mpstat/load-8192-q1-plain-r3.txt,NA,ok
load-8192-q1-envoy-permissive-r3,load,envoy-permissive,8192,8,4,const,1,5545,5545,3,10.000,5545.000,0.3634,342.00,412.00,446.00,743.00,1861.00,295.19,71.50,2008.40,54650,55452,2,0,0,0,0,0.053974,0.010631,0.043342,0.038572,0.001434,0.037138,0.152800,0.031372,0.121429,0.207723,0.038901,0.168822,0.453069,0.082338,0.370731,0.387574,0.072793,0.185917,0.000000,0.128863,0.136733,NA,0.000000,0.000000,22;23,/home/jukebox/DPUmesh/bench/report/data/l4-20260728-022756/raw/mpstat/load-8192-q1-envoy-permissive-r3.txt,NA,ok
load-8192-q1-envoy-strict-r3,load,envoy-strict,8192,8,4,const,1,5545,5545,3,10.000,5545.000,0.3634,386.00,458.00,491.00,5721.00,14437.00,342.59,93.49,15240.13,54652,55452,0,0,0,0,0,0.054265,0.011028,0.043237,0.039369,0.001854,0.037515,0.170837,0.044356,0.126481,0.239061,0.076763,0.162297,0.503532,0.134001,0.369530,0.432722,0.118999,0.186857,0.000000,0.126866,0.133750,NA,0.000000,0.000000,24;25,/home/jukebox/DPUmesh/bench/report/data/l4-20260728-022756/raw/mpstat/load-8192-q1-envoy-strict-r3.txt,NA,ok
load-8192-q1-dpumesh-preload-r3,load,dpumesh-preload,8192,8,4,const,1,5545,5545,3,10.000,5498.000,0.3603,319.00,386.00,637.00,121810.00,130344.00,844.52,90.77,131640.89,54196,55452,0,0,456,0,0,0.084638,0.026109,0.058529,0.165671,0.042609,0.123062,0.000000,0.000000,0.000000,0.000000,0.000000,0.000000,0.250309,0.068718,0.181591,0.182152,0.056800,0.125352,0.000000,0.000000,0.008814,0.566447,0.000000,0.000000,18;19,/home/jukebox/DPUmesh/bench/report/data/l4-20260728-022756/raw/mpstat/load-8192-q1-dpumesh-preload-r3.txt,NA,ok
load-8192-q2-envoy-permissive-r3,load,envoy-permissive,8192,8,4,const,2,9838,9838,3,10.000,9838.000,0.6447,190.00,421.00,516.00,1137.00,7888.00,244.81,66.45,8763.97,97578,98380,2,0,0,0,0,0.093583,0.015574,0.078009,0.063094,0.005325,0.057768,0.273468,0.055278,0.218191,0.307052,0.060996,0.246056,0.737197,0.137173,0.600024,0.660146,0.125929,0.331549,0.000000,0.202668,0.212506,NA,0.000000,0.000000,22;23,/home/jukebox/DPUmesh/bench/report/data/l4-20260728-022756/raw/mpstat/load-8192-q2-envoy-permissive-r3.txt,NA,ok
load-8192-q2-envoy-strict-r3,load,envoy-strict,8192,8,4,const,2,9838,9838,3,10.000,9838.000,0.6447,219.00,571.00,628.00,1117.00,3058.00,282.59,86.06,3624.66,97580,98380,0,0,0,0,0,0.091740,0.012425,0.079315,0.062986,0.002354,0.060632,0.303503,0.090800,0.212702,0.339163,0.114348,0.224815,0.797392,0.219927,0.577464,0.717048,0.203606,0.300000,0.000000,0.213442,0.221311,NA,0.000000,0.000000,24;25,/home/jukebox/DPUmesh/bench/report/data/l4-20260728-022756/raw/mpstat/load-8192-q2-envoy-strict-r3.txt,NA,ok
load-8192-q2-dpumesh-preload-r3,load,dpumesh-preload,8192,8,4,const,2,9838,9838,3,10.000,9838.000,0.6447,235.00,392.00,446.00,1589.00,2747.00,271.49,112.88,3149.81,97580,98380,0,0,0,0,0,0.168902,0.039078,0.129824,0.247684,0.059242,0.188443,0.000000,0.000000,0.000000,0.000000,0.000000,0.000000,0.416586,0.098320,0.318267,0.316810,0.076743,0.240067,0.000000,0.000000,0.009839,0.912713,0.000000,0.000000,18;19,/home/jukebox/DPUmesh/bench/report/data/l4-20260728-022756/raw/mpstat/load-8192-q2-dpumesh-preload-r3.txt,NA,ok
load-8192-q2-plain-r3,load,plain,8192,8,4,const,2,9838,9838,3,10.000,9838.000,0.6447,140.00,247.00,282.00,1112.00,3388.00,141.69,26.98,4014.07,97580,98380,0,0,0,0,0,0.178359,0.014065,0.164295,0.176914,0.007492,0.169422,0.000000,0.000000,0.000000,0.000000,0.000000,0.000000,0.355273,0.021557,0.333717,0.210584,0.017713,0.103324,0.000000,0.089547,0.099388,NA,0.000000,0.000000,20;21,/home/jukebox/DPUmesh/bench/report/data/l4-20260728-022756/raw/mpstat/load-8192-q2-plain-r3.txt,NA,ok
load-8192-q3-envoy-strict-r3,load,envoy-strict,8192,8,4,const,3,17455,17455,3,10.000,17454.000,1.1439,194.00,458.00,647.00,707.00,2738.00,225.61,63.81,3234.10,173748,174552,4,0,0,0,0,0.153871,0.024182,0.129690,0.099239,0.007370,0.091869,0.527787,0.159681,0.368107,0.472220,0.150022,0.322198,1.253117,0.341255,0.911864,1.217757,0.337391,0.528219,0.000000,0.352146,0.362966,NA,0.000000,0.000000,24;25,/home/jukebox/DPUmesh/bench/report/data/l4-20260728-022756/raw/mpstat/load-8192-q3-envoy-strict-r3.txt,NA,ok
load-8192-q3-dpumesh-preload-r3,load,dpumesh-preload,8192,8,4,const,3,17455,17455,3,10.000,17455.000,1.1439,215.00,362.00,445.00,4079.00,10846.00,231.73,91.09,13570.68,173748,174552,4,0,0,0,0,0.311163,0.084651,0.226512,0.379114,0.081359,0.297754,0.000000,0.000000,0.000000,0.000000,0.000000,0.000000,0.690277,0.166010,0.524266,0.623561,0.152448,0.471113,0.000000,0.000000,0.013769,1.592242,0.000000,0.000000,18;19,/home/jukebox/DPUmesh/bench/report/data/l4-20260728-022756/raw/mpstat/load-8192-q3-dpumesh-preload-r3.txt,NA,ok
load-8192-q3-plain-r3,load,plain,8192,8,4,const,3,17455,17455,3,10.000,17454.000,1.1439,86.00,252.00,318.00,471.00,2597.00,105.53,17.62,3731.53,173749,174552,3,0,0,0,0,0.321654,0.028035,0.293619,0.250312,0.008981,0.241331,0.000000,0.000000,0.000000,0.000000,0.000000,0.000000,0.571966,0.037016,0.534950,0.337420,0.026561,0.176088,0.000000,0.134771,0.148543,NA,0.000000,0.000000,20;21,/home/jukebox/DPUmesh/bench/report/data/l4-20260728-022756/raw/mpstat/load-8192-q3-plain-r3.txt,NA,ok
load-8192-q3-envoy-permissive-r3,load,envoy-permissive,8192,8,4,const,3,17455,17455,3,10.000,17454.000,1.1439,157.00,378.00,474.00,669.00,2914.00,184.93,59.85,3417.55,173749,174552,3,0,0,0,0,0.166239,0.022764,0.143475,0.098989,0.002677,0.096313,0.496962,0.089896,0.407065,0.395094,0.086604,0.308490,1.157284,0.201941,0.955343,1.137927,0.202604,0.557653,0.000000,0.377670,0.394390,NA,0.000000,0.000000,22;23,/home/jukebox/DPUmesh/bench/report/data/l4-20260728-022756/raw/mpstat/load-8192-q3-envoy-permissive-r3.txt,NA,ok
load-8192-q4-dpumesh-preload-r3,load,dpumesh-preload,8192,8,4,const,4,30970,30970,3,10.000,30970.000,2.0296,212.00,239.00,253.00,1220.00,7754.00,218.32,85.80,11075.86,308896,309700,4,0,0,0,0,0.501732,0.144957,0.356776,0.598541,0.149401,0.449139,0.000000,0.000000,0.000000,0.000000,0.000000,0.000000,1.100273,0.294358,0.805915,1.036716,0.278359,0.758357,0.000000,0.000000,0.047213,2.367773,0.000000,0.000000,18;19,/home/jukebox/DPUmesh/bench/report/data/l4-20260728-022756/raw/mpstat/load-8192-q4-dpumesh-preload-r3.txt,NA,ok
load-8192-q4-plain-r3,load,plain,8192,8,4,const,4,30970,30970,3,10.000,30970.000,2.0296,79.00,99.00,101.00,174.00,1732.00,75.29,17.49,2766.04,308900,309700,0,0,0,0,0,0.575948,0.053160,0.522789,0.400050,0.015011,0.385038,0.000000,0.000000,0.000000,0.000000,0.000000,0.000000,0.975998,0.068171,0.907827,0.529242,0.045251,0.286263,0.000000,0.197728,0.229207,NA,0.000000,0.000000,20;21,/home/jukebox/DPUmesh/bench/report/data/l4-20260728-022756/raw/mpstat/load-8192-q4-plain-r3.txt,NA,ok
load-8192-q4-envoy-permissive-r3,load,envoy-permissive,8192,8,4,const,4,30970,30970,3,10.000,30969.000,2.0296,239.00,357.00,389.00,498.00,618.00,241.59,65.22,856.02,308894,309699,5,0,0,0,0,0.228373,0.020046,0.208326,0.190086,0.012453,0.177633,0.753188,0.154681,0.598507,0.718461,0.166182,0.552280,1.890108,0.353362,1.536746,1.890427,0.355070,0.933411,0.000000,0.601947,0.718992,NA,0.000000,0.000000,22;23,/home/jukebox/DPUmesh/bench/report/data/l4-20260728-022756/raw/mpstat/load-8192-q4-envoy-permissive-r3.txt,NA,ok
load-8192-q4-envoy-strict-r3,load,envoy-strict,8192,8,4,const,4,30970,30970,3,10.000,30969.000,2.0296,338.00,458.00,501.00,635.00,864.00,326.36,95.98,1542.67,308892,309700,8,0,0,0,0,0.203616,0.025247,0.178369,0.155426,0.012853,0.142573,0.779602,0.221159,0.558443,0.715299,0.242905,0.472394,1.853943,0.502164,1.351779,1.854217,0.501405,0.818962,0.000000,0.533849,0.596771,NA,0.000000,0.000000,24;25,/home/jukebox/DPUmesh/bench/report/data/l4-20260728-022756/raw/mpstat/load-8192-q4-envoy-strict-r3.txt,NA,ok
load-8192-q5-plain-r3,load,plain,8192,8,4,const,5,54951,54951,3,10.000,54950.000,3.6012,71.00,116.00,144.00,344.00,850.00,71.88,12.31,1389.19,548707,549510,3,0,0,0,0,0.777232,0.060915,0.716317,0.679515,0.020324,0.659192,0.000000,0.000000,0.000000,0.000000,0.000000,0.000000,1.456747,0.081239,1.375509,1.326427,0.073800,0.634677,0.000000,0.617949,0.676989,NA,0.000000,0.000000,20;21,/home/jukebox/DPUmesh/bench/report/data/l4-20260728-022756/raw/mpstat/load-8192-q5-plain-r3.txt,NA,ok
load-8192-q5-envoy-permissive-r3,load,envoy-permissive,8192,8,4,const,5,54951,54951,3,10.000,54950.000,3.6012,310.00,387.00,466.00,559.00,708.00,311.73,105.01,964.89,548693,549508,15,0,0,0,0,0.242949,0.027629,0.215320,0.187368,0.012389,0.174979,0.741511,0.159665,0.581845,0.771589,0.149206,0.622383,1.943417,0.348889,1.594527,1.943759,0.352159,1.014178,0.000000,0.577422,0.605949,NA,0.000000,0.000000,22;23,/home/jukebox/DPUmesh/bench/report/data/l4-20260728-022756/raw/mpstat/load-8192-q5-envoy-permissive-r3.txt,NA,ok
load-8192-q5-envoy-strict-r3,load,envoy-strict,8192,8,4,const,5,54951,54951,3,10.000,54950.000,3.6012,383.00,470.00,555.00,681.00,906.00,380.90,141.23,1331.65,548688,549506,18,0,0,0,0,0.180216,0.024519,0.155697,0.150024,0.006750,0.143274,0.803978,0.246735,0.557243,0.827710,0.272187,0.555523,1.961928,0.550191,1.411737,1.964563,0.553578,0.881005,0.000000,0.529980,0.568327,NA,0.000000,0.000000,24;25,/home/jukebox/DPUmesh/bench/report/data/l4-20260728-022756/raw/mpstat/load-8192-q5-envoy-strict-r3.txt,NA,ok
load-8192-q5-dpumesh-preload-r3,load,dpumesh-preload,8192,8,4,const,5,54951,54951,3,10.000,54517.000,3.5728,31390.00,64852.00,70526.00,73591.00,78264.00,32114.58,96.20,81247.42,544370,549509,1934,0,2405,0,0,0.830635,0.224477,0.606158,0.982529,0.250162,0.732366,0.000000,0.000000,0.000000,0.000000,0.000000,0.000000,1.813164,0.474639,1.338524,1.787218,0.468198,1.319020,0.000000,0.000000,0.054098,3.648008,0.000000,0.000000,18;19,/home/jukebox/DPUmesh/bench/report/data/l4-20260728-022756/raw/mpstat/load-8192-q5-dpumesh-preload-r3.txt,NA,ok
load-8192-q6-envoy-permissive-r3,load,envoy-permissive,8192,8,4,const,6,97499,97499,3,10.000,97498.000,6.3896,302.00,441.00,500.00,649.00,850.00,313.48,116.09,1191.47,974159,974987,28,0,0,0,0,0.247946,0.029911,0.218036,0.197221,0.010533,0.186688,0.736219,0.151069,0.585150,0.781873,0.167121,0.614752,1.963259,0.358634,1.604626,1.968753,0.360905,1.039446,0.000000,0.568401,0.580202,NA,0.000000,0.000000,22;23,/home/jukebox/DPUmesh/bench/report/data/l4-20260728-022756/raw/mpstat/load-8192-q6-envoy-permissive-r3.txt,NA,ok
load-8192-q6-envoy-strict-r3,load,envoy-strict,8192,8,4,const,6,97499,97499,3,10.000,97510.000,6.3904,847.00,1110.00,1509.00,1989.00,6351.00,841.63,271.39,7667.59,974122,974982,60,0,0,0,0,0.186004,0.036418,0.149587,0.135335,0.006260,0.129075,0.797583,0.270791,0.526792,0.809362,0.290134,0.519227,1.928284,0.603603,1.324681,1.926168,0.601436,0.862844,0.000000,0.461887,0.474663,NA,0.000000,0.000000,24;25,/home/jukebox/DPUmesh/bench/report/data/l4-20260728-022756/raw/mpstat/load-8192-q6-envoy-strict-r3.txt,NA,ok
load-8192-q6-dpumesh-preload-r3,load,dpumesh-preload,8192,8,4,const,6,97499,97499,3,10.000,67157.000,4.4012,48236.00,79246.00,80849.00,81883.00,82493.00,49722.47,67.15,83154.33,671014,974989,3402,0,299773,0,0,0.907567,0.228761,0.678806,0.984125,0.222864,0.761261,0.000000,0.000000,0.000000,0.000000,0.000000,0.000000,1.891692,0.451625,1.440067,1.887934,0.450586,1.437348,0.000000,0.000000,0.033450,3.665403,0.000000,0.000000,18;19,/home/jukebox/DPUmesh/bench/report/data/l4-20260728-022756/raw/mpstat/load-8192-q6-dpumesh-preload-r3.txt,NA,ok
load-8192-q6-plain-r3,load,plain,8192,8,4,const,6,97499,97499,3,10.000,97498.000,6.3897,70.00,124.00,148.00,185.00,277.00,72.69,7.77,707.31,974185,974989,4,0,0,0,0,0.973838,0.063693,0.910145,0.890848,0.030523,0.860325,0.000000,0.000000,0.000000,0.000000,0.000000,0.000000,1.864686,0.094216,1.770470,1.846776,0.095438,0.892395,0.000000,0.858943,1.023254,NA,0.000000,0.000000,20;21,/home/jukebox/DPUmesh/bench/report/data/l4-20260728-022756/raw/mpstat/load-8192-q6-plain-r3.txt,NA,ok
load-8192-q7-envoy-strict-r3,load,envoy-strict,8192,8,4,const,7,172993,172993,3,10.000,113537.000,7.4407,5575.00,7949.00,8507.00,9520.00,10578.00,5809.31,1751.28,11388.21,1134087,1729800,546,0,594367,0,0,0.173287,0.045616,0.127671,0.095472,0.005316,0.090156,0.802454,0.288431,0.514023,0.731993,0.286391,0.445603,1.803206,0.625754,1.177453,1.799317,0.624790,0.740780,0.000000,0.433746,0.446418,NA,0.000000,0.000000,24;25,/home/jukebox/DPUmesh/bench/report/data/l4-20260728-022756/raw/mpstat/load-8192-q7-envoy-strict-r3.txt,NA,ok
load-8192-q7-dpumesh-preload-r3,load,dpumesh-preload,8192,8,4,const,7,172993,172993,3,10.000,74730.000,4.8975,48838.00,84708.00,88505.00,90032.00,92593.00,52401.19,34.99,92883.39,746913,1729929,4322,0,977894,0,0,0.972071,0.271682,0.700389,0.984850,0.215388,0.769462,0.000000,0.000000,0.000000,0.000000,0.000000,0.000000,1.956921,0.487070,1.469851,1.954380,0.486874,1.467506,0.000000,0.000000,0.034425,3.873226,0.000000,0.000000,18;19,/home/jukebox/DPUmesh/bench/report/data/l4-20260728-022756/raw/mpstat/load-8192-q7-dpumesh-preload-r3.txt,NA,ok
load-8192-q7-plain-r3,load,plain,8192,8,4,const,7,172993,172993,3,10.000,172992.000,11.3372,83.00,129.00,153.00,178.00,227.00,84.90,13.21,544.97,1728433,1729923,14,0,676,0,0,0.984487,0.077495,0.906992,0.980265,0.021435,0.958830,0.000000,0.000000,0.000000,0.000000,0.000000,0.000000,1.964752,0.098930,1.865822,1.963613,0.099361,0.945407,0.000000,0.918845,1.002466,NA,0.000000,0.000000,20;21,/home/jukebox/DPUmesh/bench/report/data/l4-20260728-022756/raw/mpstat/load-8192-q7-plain-r3.txt,NA,ok
load-8192-q7-envoy-permissive-r3,load,envoy-permissive,8192,8,4,const,7,172993,172993,3,10.000,173000.000,11.3377,557.00,707.00,871.00,1138.00,1437.00,556.27,167.39,1814.76,1729038,1729922,84,0,0,0,0,0.343814,0.060689,0.283125,0.229647,0.011196,0.218451,0.640356,0.109806,0.530550,0.710899,0.106434,0.604465,1.924716,0.288125,1.636591,1.923320,0.289088,1.172085,0.000000,0.462147,0.474930,NA,0.000000,0.000000,22;23,/home/jukebox/DPUmesh/bench/report/data/l4-20260728-022756/raw/mpstat/load-8192-q7-envoy-permissive-r3.txt,NA,ok
load-8192-q8-dpumesh-preload-r3,load,dpumesh-preload,8192,8,4,const,8,306941,306941,3,10.000,88252.000,5.7837,16989.00,29055.00,29602.00,29901.00,30220.00,18362.15,4.16,30764.34,882236,3069395,1602,0,2184757,0,0,0.712137,0.224405,0.487732,0.973695,0.217047,0.756648,0.000000,0.000000,0.000000,0.000000,0.000000,0.000000,1.685832,0.441452,1.244380,1.634650,0.426858,1.207792,0.000000,0.000000,0.031473,2.287204,0.000000,0.000000,18;19,/home/jukebox/DPUmesh/bench/report/data/l4-20260728-022756/raw/mpstat/load-8192-q8-dpumesh-preload-r3.txt,NA,ok
load-8192-q8-plain-r3,load,plain,8192,8,4,const,8,306941,306941,3,10.000,306939.000,20.1155,164.00,259.00,294.00,333.00,372.00,167.05,7.35,474.22,3068349,3069398,37,0,212,0,0,0.976065,0.108476,0.867589,0.882204,0.028712,0.853491,0.000000,0.000000,0.000000,0.000000,0.000000,0.000000,1.858269,0.137188,1.721080,1.858170,0.137390,0.955881,0.000000,0.764900,0.811671,NA,0.000000,0.000000,20;21,/home/jukebox/DPUmesh/bench/report/data/l4-20260728-022756/raw/mpstat/load-8192-q8-plain-r3.txt,NA,ok
load-8192-q8-envoy-permissive-r3,load,envoy-permissive,8192,8,4,const,8,306941,306941,3,10.000,240963.000,15.7918,3719.00,4491.00,4806.00,5255.00,5944.00,3541.96,998.00,6825.66,2407523,3069224,787,0,660114,0,0,0.368083,0.092560,0.275523,0.212884,0.011392,0.201492,0.613415,0.054768,0.558647,0.595849,0.057708,0.538141,1.790231,0.216428,1.573803,1.795534,0.218681,1.265013,0.000000,0.311840,0.320666,NA,0.000000,0.000000,22;23,/home/jukebox/DPUmesh/bench/report/data/l4-20260728-022756/raw/mpstat/load-8192-q8-envoy-permissive-r3.txt,NA,ok
load-8192-q8-envoy-strict-r3,load,envoy-strict,8192,8,4,const,8,306941,306941,3,10.000,115548.000,7.5726,6905.00,11069.00,12357.00,14651.00,17297.00,7462.03,2596.78,22288.60,1153726,3068766,567,0,1913673,0,0,0.181173,0.052375,0.128799,0.099086,0.006685,0.092401,0.802741,0.287208,0.515533,0.742025,0.300477,0.441548,1.825025,0.646745,1.178281,1.795890,0.635983,0.750008,0.000000,0.409899,0.421695,NA,0.000000,0.000000,24;25,/home/jukebox/DPUmesh/bench/report/data/l4-20260728-022756/raw/mpstat/load-8192-q8-envoy-strict-r3.txt,NA,ok
load-8192-q9-plain-r3,load,plain,8192,8,4,const,9,544607,544607,3,10.000,149309.000,9.7851,31.00,13046.00,27731.00,32120.00,36162.00,1416.92,7.63,40168.88,1492893,5443761,15,0,3950053,0,0,0.976572,0.080341,0.896231,0.944666,0.033269,0.911397,0.000000,0.000000,0.000000,0.000000,0.000000,0.000000,1.921238,0.113610,1.807628,1.926945,0.114954,1.031666,0.000000,0.780325,0.908918,NA,0.000000,0.000000,20;21,/home/jukebox/DPUmesh/bench/report/data/l4-20260728-022756/raw/mpstat/load-8192-q9-plain-r3.txt,NA,ok
load-8192-q9-envoy-permissive-r3,load,envoy-permissive,8192,8,4,const,9,544607,544607,3,10.000,239297.000,15.6826,12503.00,17978.00,19289.00,20674.00,21690.00,12498.58,2515.55,26258.44,2389858,5446051,1909,0,3053484,0,0,0.394760,0.074912,0.319849,0.217597,0.005852,0.211745,0.585808,0.036012,0.549796,0.564205,0.044819,0.519387,1.762370,0.161595,1.600777,1.784206,0.167545,1.322723,0.000000,0.293938,0.307656,NA,0.000000,0.000000,22;23,/home/jukebox/DPUmesh/bench/report/data/l4-20260728-022756/raw/mpstat/load-8192-q9-envoy-permissive-r3.txt,NA,ok
load-8192-q9-envoy-strict-r3,load,envoy-strict,8192,8,4,const,9,544607,544607,3,10.000,114030.000,7.4731,27881.00,54539.00,62889.00,70761.00,75944.00,29309.10,3697.88,83267.70,1138943,5445208,3746,0,4301719,0,0,0.184483,0.035818,0.148666,0.102325,0.004138,0.098188,0.799480,0.277075,0.522405,0.731502,0.292976,0.438526,1.817790,0.610007,1.207785,1.895586,0.643654,0.805796,0.000000,0.446136,0.458911,NA,0.000000,0.000000,24;25,/home/jukebox/DPUmesh/bench/report/data/l4-20260728-022756/raw/mpstat/load-8192-q9-envoy-strict-r3.txt,NA,ok
load-8192-q9-dpumesh-preload-r3,load,dpumesh-preload,8192,8,4,const,9,544607,544607,3,10.000,137234.000,8.9938,260.00,416.00,1414.00,3023.00,11910.00,290.90,4.02,32508.77,1371660,5446105,244,0,4073401,0,0,0.814902,0.273773,0.541129,0.620229,0.194225,0.426004,0.000000,0.000000,0.000000,0.000000,0.000000,0.000000,1.435131,0.467998,0.967133,1.394939,0.456454,0.937501,0.000000,0.000984,0.019675,1.482008,0.000000,0.000000,18;19,/home/jukebox/DPUmesh/bench/report/data/l4-20260728-022756/raw/mpstat/load-8192-q9-dpumesh-preload-r3.txt,NA,ok
