[0;34m[l4][0m output=/home/jukebox/DPUmesh/bench/report/data/l4-20260728-022756
[0;34m[l4][0m planned: load=324 idle=12 calibration=24 perf_replays=12 timed_windows~59.0min
[sudo] password for jukebox: [0;34m[l4][0m using existing deployment (--no-deploy)
[0;32m[INFO][0m Host NUMA: PCI 94:00.0 -> node 1, benchmark cores 18-35
[0;34m[STEP][0m === Pinning pods to dedicated cores (taskset, profile=l4) ===
[0;32m[INFO][0m CPU governor=performance, fixed 2.5 GHz on cores 18-35
[0;32m[INFO][0m bench-dpumesh → core(s) 26 (pod=3e0d64342364b139037e5969d7e68442b1e404031d525fe0cf8add40ed559496)
[0;32m[INFO][0m   bench-dpumesh (PID 1964054) → 26
[0;32m[INFO][0m bench-dpumesh-2 → core(s) 28 (pod=c588bb7943e3866ea57a8aa55e8b450d4147c3ad5d3c9ddfdcfa5853a858cdb2)
[0;32m[INFO][0m   bench-dpumesh-2 (PID 1964304) → 28
[0;32m[INFO][0m bench-dpumesh-3 → core(s) 29 (pod=7e389148b25321890cdd83545f450fd0bc8df80d884c09e68acf5a38ea4a34dc)
[0;32m[INFO][0m   bench-dpumesh-3 (PID 1964519) → 29
[0;32m[INFO][0m echo-dpumesh → core(s) 27 (pod=4755a70626534b1486bb9086a0631b0c5ea0c03ed7e0958f0ec431c1d970efe0)
[0;32m[INFO][0m   echo-dpumesh (PID 1963252) → 27
[0;32m[INFO][0m echo-dpumesh-13 → core(s) 30 (pod=c404336510899b1889e44b5ca7e79b8bb1e832cb20bdd545e8e003b59e661031)
[0;32m[INFO][0m   echo-dpumesh-13 (PID 1963653) → 30
[0;32m[INFO][0m echo-dpumesh-14 → core(s) 31 (pod=0c18451ea04861a5b9ddad756a599b360be6b2eb5e6c0ef1781f2c26aaf6eb4c)
[0;32m[INFO][0m   echo-dpumesh-14 (PID 1963851) → 31
[0;32m[INFO][0m loopback-dpumesh → core(s) 32 (pod=3b5c9b798c7b99464ce323c129455c3bd564d36abbe79aab24c39a0127344cde)
[0;32m[INFO][0m   loopback-dpumesh (PID 1964730) → 32
[0;32m[INFO][0m stream-dpumesh → core(s) 33 (pod=db7cd6a757eaeb1571873485efbc99eb0cf791b5d2640c62fb7e5e7316998cbd)
[0;32m[INFO][0m   stream-dpumesh (PID 1965825) → 33
[0;32m[INFO][0m verbs-dpumesh → core(s) 34 (pod=be0d1dfcd1e26758ad443639bee436c073fa8bfe195d7b86d1d15b64a1e78b31)
[0;32m[INFO][0m   verbs-dpumesh (PID 1965614) → 34
[0;32m[INFO][0m preload-dpumesh → core(s) 35 (pod=2396b689830bdd2232d02c4fea80f312c118ef6af1fcd66b36610a90250230f1)
[0;32m[INFO][0m   preload-dpumesh (PID 1964972) → 35
[0;32m[INFO][0m preload-echo → core(s) 19 (pod=856567f755a7b33a28c844a4cd5ffa7af7749f3aa90180b8a7aa254965cffd42)
[0;32m[INFO][0m   preload-echo (PID 1965182) → 19
[0;32m[INFO][0m preload-bench → core(s) 18 (pod=155aece260fadebd10e9f5b219f12c594a16c436ebdbb42cdf47bee1d99a9bae)
[0;32m[INFO][0m   preload-bench (PID 1965407) → 18
[0;32m[INFO][0m bench-tcp → core(s) 22 (pod=11b1ebcb29bb3d609224a633bd2c4759139c3e51691f7c83494066f8a500e16d)
[0;32m[INFO][0m   sidecar1 (PID 1967748) → 22
[0;32m[INFO][0m   bench-tcp (PID 1967723) → 22
[0;32m[INFO][0m echo-tcp → core(s) 23 (pod=c54c7fdf264f60992411ee5a8df2542a930fbba8e2f2db00ed0cb3a4d101c808)
[0;32m[INFO][0m   sidecar2 (PID 1967449) → 23
[0;32m[INFO][0m   echo-tcp (PID 1967427) → 23
[0;32m[INFO][0m bench-tcp-strict → core(s) 24 (pod=32043378ca040a7326cc8526279f6381513718daad59f4116174656aef2bddc0)
[0;32m[INFO][0m   sidecar1 (PID 1967095) → 24
[0;32m[INFO][0m   bench-tcp-strict (PID 1967072) → 24
[0;32m[INFO][0m echo-tcp-strict → core(s) 25 (pod=1c683c7b43581719588d7566dfe95b4d0be61c108bc023aebe3626c930318b62)
[0;32m[INFO][0m   sidecar2 (PID 1966798) → 25
[0;32m[INFO][0m   echo-tcp-strict (PID 1966776) → 25
[0;32m[INFO][0m bench-direct → core(s) 20 (pod=d9a48423dba53b13a85ddc5dcc64f17c89b96169a8cf8319243ef8ac64ed58a6)
[0;32m[INFO][0m   bench-direct (PID 1968018) → 20
[0;32m[INFO][0m echo-plain → core(s) 21 (pod=7dd798f145ac78cd3f3c01e81b9a1b77b2952ced87b13fa0a35cba479e86827a)
[0;32m[INFO][0m   echo-plain (PID 1966569) → 21
[0;32m[INFO][0m Pinning done
[0;34m[l4][0m binary equivalence PASS (bench_sock and echo_sock hashes match)
[0;34m[l4][0m smoke plain: OK mrps=0.366848 gbps=0.1878 p50=42.00 p95=44.00 p99=53.00 p999=65.00 p9999=80.00 avg=42.26 min=19.04 max=2078.27 rcnt=732164 scheduled=732260 pending=16 fail=0 conc=4 threads=4 reqsz=64 repsz=8 durs=2.000 offered_mrps=0.366848 drops=0 overflow=0 reorder=0 mode=closed arr=const
[0;34m[l4][0m smoke envoy-permissive: OK mrps=0.148394 gbps=0.0760 p50=102.00 p95=131.00 p99=159.00 p999=238.00 p9999=575.00 avg=106.71 min=54.36 max=1232.10 rcnt=296616 scheduled=296712 pending=16 fail=0 conc=4 threads=4 reqsz=64 repsz=8 durs=2.000 offered_mrps=0.148394 drops=0 overflow=0 reorder=0 mode=closed arr=const
[0;34m[l4][0m smoke envoy-strict: OK mrps=0.136952 gbps=0.0701 p50=113.00 p95=141.00 p99=180.00 p999=244.00 p9999=434.00 avg=115.77 min=58.60 max=500.64 rcnt=273808 scheduled=273904 pending=16 fail=0 conc=4 threads=4 reqsz=64 repsz=8 durs=2.000 offered_mrps=0.136952 drops=0 overflow=0 reorder=0 mode=closed arr=const
[0;34m[l4][0m smoke dpumesh-preload: OK mrps=0.106368 gbps=0.0545 p50=143.00 p95=162.00 p99=289.00 p999=516.00 p9999=583.00 avg=146.76 min=65.40 max=618.76 rcnt=212584 scheduled=212680 pending=16 fail=0 conc=4 threads=4 reqsz=64 repsz=8 durs=2.000 offered_mrps=0.106368 drops=0 overflow=0 reorder=0 mode=closed arr=const
[0;34m[l4][0m cal-low-64-plain concurrency=4 peak=0.362735 Mrps
[0;34m[l4][0m cal-high-64-plain concurrency=32 peak=2.231920 Mrps
[0;34m[l4][0m cal-low-64-envoy-permissive concurrency=4 peak=0.144282 Mrps
[0;34m[l4][0m cal-high-64-envoy-permissive concurrency=32 peak=0.996147 Mrps
[0;34m[l4][0m cal-low-64-envoy-strict concurrency=4 peak=0.136993 Mrps
[0;34m[l4][0m cal-high-64-envoy-strict concurrency=32 peak=0.931687 Mrps
[0;34m[l4][0m cal-low-64-dpumesh-preload concurrency=4 peak=0.111591 Mrps
[0;34m[l4][0m cal-high-64-dpumesh-preload concurrency=32 peak=0.785443 Mrps
[0;34m[l4][0m payload=64 common rate range 11159..2566708 rps
[0;34m[l4][0m cal-low-1024-plain concurrency=4 peak=0.264021 Mrps
[0;34m[l4][0m cal-high-1024-plain concurrency=32 peak=1.843735 Mrps
[0;34m[l4][0m cal-low-1024-envoy-permissive concurrency=4 peak=0.127013 Mrps
[0;34m[l4][0m cal-high-1024-envoy-permissive concurrency=32 peak=0.815277 Mrps
[0;34m[l4][0m cal-low-1024-envoy-strict concurrency=4 peak=0.120049 Mrps
[0;34m[l4][0m cal-high-1024-envoy-strict concurrency=32 peak=0.524336 Mrps
[0;34m[l4][0m cal-low-1024-dpumesh-preload concurrency=4 peak=0.105218 Mrps
[0;34m[l4][0m cal-high-1024-dpumesh-preload concurrency=32 peak=0.403007 Mrps
[0;34m[l4][0m payload=1024 common rate range 10522..2120295 rps
[0;34m[l4][0m cal-low-8192-plain concurrency=4 peak=0.243961 Mrps
[0;34m[l4][0m cal-high-8192-plain concurrency=32 peak=0.473571 Mrps
[0;34m[l4][0m cal-low-8192-envoy-permissive concurrency=4 peak=0.105109 Mrps
[0;34m[l4][0m cal-high-8192-envoy-permissive concurrency=32 peak=0.240647 Mrps
[0;34m[l4][0m cal-low-8192-envoy-strict concurrency=4 peak=0.068030 Mrps
[0;34m[l4][0m cal-high-8192-envoy-strict concurrency=32 peak=0.117187 Mrps
[0;34m[l4][0m cal-low-8192-dpumesh-preload concurrency=4 peak=0.055445 Mrps
[0;34m[l4][0m cal-high-8192-dpumesh-preload concurrency=32 peak=0.144221 Mrps
[0;34m[l4][0m payload=8192 common rate range 5545..544607 rps
[0;34m[l4][0m collecting idle baselines
[0;34m[l4][0m idle-0-q0-envoy-permissive-r1 offered=0 achieved=0.000 p99=0 host_cgroup=0.007616 host_busy=0.019990 dpu=NA status=ok
[0;34m[l4][0m idle-0-q0-envoy-strict-r1 offered=0 achieved=0.000 p99=0 host_cgroup=0.006905 host_busy=0.019991 dpu=NA status=ok
[0;34m[l4][0m idle-0-q0-dpumesh-preload-r1 offered=0 achieved=0.000 p99=0 host_cgroup=0.000158 host_busy=0.021989 dpu=0.151852 status=ok
[0;34m[l4][0m idle-0-q0-plain-r1 offered=0 achieved=0.000 p99=0 host_cgroup=0.000000 host_busy=0.013993 dpu=NA status=ok
[0;34m[l4][0m idle-0-q0-envoy-strict-r2 offered=0 achieved=0.000 p99=0 host_cgroup=0.006849 host_busy=0.015992 dpu=NA status=ok
[0;34m[l4][0m idle-0-q0-dpumesh-preload-r2 offered=0 achieved=0.000 p99=0 host_cgroup=0.000151 host_busy=0.023989 dpu=0.142857 status=ok
[0;34m[l4][0m idle-0-q0-plain-r2 offered=0 achieved=0.000 p99=0 host_cgroup=0.000000 host_busy=0.013993 dpu=NA status=ok
[0;34m[l4][0m idle-0-q0-envoy-permissive-r2 offered=0 achieved=0.000 p99=0 host_cgroup=0.007447 host_busy=0.009995 dpu=NA status=ok
[0;34m[l4][0m idle-0-q0-dpumesh-preload-r3 offered=0 achieved=0.000 p99=0 host_cgroup=0.000147 host_busy=0.017991 dpu=0.142857 status=ok
[0;34m[l4][0m idle-0-q0-plain-r3 offered=0 achieved=0.000 p99=0 host_cgroup=0.000000 host_busy=0.027985 dpu=NA status=ok
[0;34m[l4][0m idle-0-q0-envoy-permissive-r3 offered=0 achieved=0.000 p99=0 host_cgroup=0.007379 host_busy=0.019990 dpu=NA status=ok
[0;34m[l4][0m idle-0-q0-envoy-strict-r3 offered=0 achieved=0.000 p99=0 host_cgroup=0.006912 host_busy=0.033984 dpu=NA status=ok
[0;34m[l4][0m collecting open-loop load sweep
[0;34m[l4][0m load-64-q1-envoy-strict-r1 offered=11159 achieved=11159.000 p99=553.00 host_cgroup=0.767076 host_busy=0.727223 dpu=NA status=ok
[0;34m[l4][0m load-64-q1-dpumesh-preload-r1 offered=11159 achieved=11158.000 p99=430.00 host_cgroup=0.349631 host_busy=0.249865 dpu=0.910816 status=ok
[0;34m[l4][0m load-64-q1-plain-r1 offered=11159 achieved=11068.000 p99=295.00 host_cgroup=0.329268 host_busy=0.179701 dpu=NA status=ok
[0;34m[l4][0m load-64-q1-envoy-permissive-r1 offered=11159 achieved=11159.000 p99=505.00 host_cgroup=0.702345 host_busy=0.636591 dpu=NA status=ok
[0;34m[l4][0m load-64-q2-dpumesh-preload-r1 offered=22022 achieved=22021.000 p99=434.00 host_cgroup=0.578390 host_busy=0.536094 dpu=1.655924 status=ok
[0;34m[l4][0m load-64-q2-plain-r1 offered=22022 achieved=22022.000 p99=320.00 host_cgroup=0.597226 host_busy=0.397511 dpu=NA status=ok
[0;34m[l4][0m load-64-q2-envoy-permissive-r1 offered=22022 achieved=22021.000 p99=518.00 host_cgroup=1.236493 host_busy=1.257112 dpu=NA status=ok
[0;34m[l4][0m load-64-q2-envoy-strict-r1 offered=22022 achieved=22023.000 p99=542.00 host_cgroup=1.369720 host_busy=1.456862 dpu=NA status=ok
[0;34m[l4][0m load-64-q3-plain-r1 offered=43458 achieved=43457.000 p99=272.00 host_cgroup=1.055398 host_busy=0.742818 dpu=NA status=ok
[0;34m[l4][0m load-64-q3-envoy-permissive-r1 offered=43458 achieved=43458.000 p99=388.00 host_cgroup=1.960103 host_busy=1.963208 dpu=NA status=ok
[0;34m[l4][0m load-64-q3-envoy-strict-r1 offered=43458 achieved=43458.000 p99=383.00 host_cgroup=1.849460 host_busy=1.849927 dpu=NA status=ok
[0;34m[l4][0m load-64-q3-dpumesh-preload-r1 offered=43458 achieved=43458.000 p99=275.00 host_cgroup=1.118109 host_busy=1.066331 dpu=2.849289 status=ok
[0;34m[l4][0m load-64-q4-envoy-permissive-r1 offered=85760 achieved=85759.000 p99=386.00 host_cgroup=1.958186 host_busy=1.960310 dpu=NA status=ok
[0;34m[l4][0m load-64-q4-envoy-strict-r1 offered=85760 achieved=85759.000 p99=352.00 host_cgroup=1.944630 host_busy=1.941941 dpu=NA status=ok
[0;34m[l4][0m load-64-q4-dpumesh-preload-r1 offered=85760 achieved=85760.000 p99=239.00 host_cgroup=1.582353 host_busy=1.564716 dpu=3.154502 status=ok
[0;34m[l4][0m load-64-q4-plain-r1 offered=85760 achieved=85759.000 p99=131.00 host_cgroup=1.255127 host_busy=1.113746 dpu=NA status=ok
[0;34m[l4][0m load-64-q5-envoy-strict-r1 offered=169240 achieved=169239.000 p99=353.00 host_cgroup=1.928224 host_busy=1.927247 dpu=NA status=ok
[0;34m[l4][0m load-64-q5-dpumesh-preload-r1 offered=169240 achieved=168030.000 p99=165938.00 host_cgroup=1.845591 host_busy=1.799008 dpu=3.832227 status=ok
[0;34m[l4][0m load-64-q5-plain-r1 offered=169240 achieved=169238.000 p99=121.00 host_cgroup=1.876501 host_busy=1.871907 dpu=NA status=ok
[0;34m[l4][0m load-64-q5-envoy-permissive-r1 offered=169240 achieved=169239.000 p99=381.00 host_cgroup=1.842098 host_busy=1.839644 dpu=NA status=ok
[0;34m[l4][0m load-64-q6-dpumesh-preload-r1 offered=333981 achieved=331289.000 p99=187975.00 host_cgroup=1.953948 host_busy=1.953582 dpu=3.699526 status=ok
[0;34m[l4][0m load-64-q6-plain-r1 offered=333981 achieved=333995.000 p99=154.00 host_cgroup=1.877012 host_busy=1.866395 dpu=NA status=ok
[0;34m[l4][0m load-64-q6-envoy-permissive-r1 offered=333981 achieved=333981.000 p99=365.00 host_cgroup=1.919556 host_busy=1.920785 dpu=NA status=ok
[0;34m[l4][0m load-64-q6-envoy-strict-r1 offered=333981 achieved=333977.000 p99=412.00 host_cgroup=1.872448 host_busy=1.866518 dpu=NA status=ok
[0;34m[l4][0m load-64-q7-plain-r1 offered=659082 achieved=341242.000 p99=19580.00 host_cgroup=1.865847 host_busy=1.859333 dpu=NA status=ok
[0;34m[l4][0m load-64-q7-envoy-permissive-r1 offered=659082 achieved=659076.000 p99=427.00 host_cgroup=1.927729 host_busy=1.931142 dpu=NA status=ok
[0;34m[l4][0m load-64-q7-envoy-strict-r1 offered=659082 achieved=659076.000 p99=400.00 host_cgroup=1.952434 host_busy=1.954307 dpu=NA status=ok
[0;34m[l4][0m load-64-q7-dpumesh-preload-r1 offered=659082 achieved=574621.000 p99=295397.00 host_cgroup=1.961940 host_busy=1.955575 dpu=4.087204 status=ok
[0;34m[l4][0m load-64-q8-envoy-permissive-r1 offered=1300643 achieved=1300568.000 p99=595.00 host_cgroup=1.737901 host_busy=1.733011 dpu=NA status=ok
[0;34m[l4][0m load-64-q8-envoy-strict-r1 offered=1300643 achieved=1300580.000 p99=746.00 host_cgroup=1.706576 host_busy=1.692167 dpu=NA status=ok
[0;34m[l4][0m load-64-q8-dpumesh-preload-r1 offered=1300643 achieved=850019.000 p99=299442.00 host_cgroup=1.952885 host_busy=1.952352 dpu=3.821801 status=ok
[0;34m[l4][0m load-64-q8-plain-r1 offered=1300643 achieved=340768.000 p99=24043.00 host_cgroup=1.854725 host_busy=1.834300 dpu=NA status=ok
[0;34m[l4][0m load-64-q9-envoy-strict-r1 offered=2566708 achieved=570731.000 p99=32526.00 host_cgroup=1.071540 host_busy=0.996444 dpu=NA status=ok
[0;34m[l4][0m load-64-q9-dpumesh-preload-r1 offered=2566708 achieved=1215124.000 p99=235015.00 host_cgroup=1.927910 host_busy=1.927811 dpu=3.826211 status=ok
[0;34m[l4][0m load-64-q9-plain-r1 offered=2566708 achieved=656700.000 p99=24016.00 host_cgroup=1.909622 host_busy=1.910497 dpu=NA status=ok
[0;34m[l4][0m load-64-q9-envoy-permissive-r1 offered=2566708 achieved=633073.000 p99=28547.00 host_cgroup=1.049779 host_busy=1.037379 dpu=NA status=ok
[0;34m[l4][0m load-64-q9-dpumesh-preload-r2 offered=2566708 achieved=1223175.000 p99=238946.00 host_cgroup=1.960767 host_busy=1.962121 dpu=3.727273 status=ok
[0;34m[l4][0m load-64-q9-plain-r2 offered=2566708 achieved=656772.000 p99=24014.00 host_cgroup=1.921051 host_busy=1.916664 dpu=NA status=ok
[0;34m[l4][0m load-64-q9-envoy-permissive-r2 offered=2566708 achieved=622073.000 p99=33561.00 host_cgroup=1.045881 host_busy=1.004663 dpu=NA status=ok
[0;34m[l4][0m load-64-q9-envoy-strict-r2 offered=2566708 achieved=578184.000 p99=31854.00 host_cgroup=1.072842 host_busy=1.009413 dpu=NA status=ok
[0;34m[l4][0m load-64-q8-envoy-strict-r2 offered=1300643 achieved=1090958.000 p99=8773.00 host_cgroup=1.182048 host_busy=1.155617 dpu=NA status=ok
[0;34m[l4][0m load-64-q8-dpumesh-preload-r2 offered=1300643 achieved=847144.000 p99=268136.00 host_cgroup=1.951975 host_busy=1.951202 dpu=3.920379 status=ok
[0;34m[l4][0m load-64-q8-plain-r2 offered=1300643 achieved=341116.000 p99=24055.00 host_cgroup=1.813318 host_busy=1.791634 dpu=NA status=ok
[0;34m[l4][0m load-64-q8-envoy-permissive-r2 offered=1300643 achieved=1300582.000 p99=572.00 host_cgroup=1.745121 host_busy=1.740809 dpu=NA status=ok
[0;34m[l4][0m load-64-q7-envoy-permissive-r2 offered=659082 achieved=659088.000 p99=405.00 host_cgroup=1.896112 host_busy=1.902894 dpu=NA status=ok
[0;34m[l4][0m load-64-q7-envoy-strict-r2 offered=659082 achieved=659076.000 p99=466.00 host_cgroup=1.835411 host_busy=1.846044 dpu=NA status=ok
[0;34m[l4][0m load-64-q7-dpumesh-preload-r2 offered=659082 achieved=572141.000 p99=323364.00 host_cgroup=1.957659 host_busy=1.957482 dpu=3.774051 status=ok
[0;34m[l4][0m load-64-q7-plain-r2 offered=659082 achieved=207420.000 p99=21860.00 host_cgroup=1.833719 host_busy=1.813843 dpu=NA status=ok
[0;34m[l4][0m load-64-q6-plain-r2 offered=333981 achieved=333972.000 p99=156.00 host_cgroup=1.883673 host_busy=1.873892 dpu=NA status=ok
[0;34m[l4][0m load-64-q6-envoy-permissive-r2 offered=333981 achieved=333979.000 p99=388.00 host_cgroup=1.963634 host_busy=1.963919 dpu=NA status=ok
[0;34m[l4][0m load-64-q6-envoy-strict-r2 offered=333981 achieved=333978.000 p99=416.00 host_cgroup=1.937122 host_busy=1.935129 dpu=NA status=ok
[0;34m[l4][0m load-64-q6-dpumesh-preload-r2 offered=333981 achieved=331520.000 p99=179155.00 host_cgroup=1.952554 host_busy=1.949457 dpu=3.731499 status=ok
[0;34m[l4][0m load-64-q5-dpumesh-preload-r2 offered=169240 achieved=167890.000 p99=170502.00 host_cgroup=1.854326 host_busy=1.841087 dpu=3.555261 status=ok
[0;34m[l4][0m load-64-q5-plain-r2 offered=169240 achieved=169249.000 p99=124.00 host_cgroup=1.907239 host_busy=1.900423 dpu=NA status=ok
[0;34m[l4][0m load-64-q5-envoy-permissive-r2 offered=169240 achieved=169237.000 p99=375.00 host_cgroup=1.881974 host_busy=1.885140 dpu=NA status=ok
[0;34m[l4][0m load-64-q5-envoy-strict-r2 offered=169240 achieved=169237.000 p99=401.00 host_cgroup=1.942601 host_busy=1.941003 dpu=NA status=ok
[0;34m[l4][0m load-64-q4-envoy-strict-r2 offered=85760 achieved=85759.000 p99=373.00 host_cgroup=1.937716 host_busy=1.942234 dpu=NA status=ok
[0;34m[l4][0m load-64-q4-dpumesh-preload-r2 offered=85760 achieved=85760.000 p99=312.00 host_cgroup=1.631544 host_busy=1.613998 dpu=3.469194 status=ok
[0;34m[l4][0m load-64-q4-plain-r2 offered=85760 achieved=85759.000 p99=148.00 host_cgroup=1.314783 host_busy=1.204237 dpu=NA status=ok
[0;34m[l4][0m load-64-q4-envoy-permissive-r2 offered=85760 achieved=85759.000 p99=384.00 host_cgroup=1.945366 host_busy=1.943354 dpu=NA status=ok
[0;34m[l4][0m load-64-q3-envoy-permissive-r2 offered=43458 achieved=43457.000 p99=357.00 host_cgroup=1.921716 host_busy=1.917851 dpu=NA status=ok
[0;34m[l4][0m load-64-q3-envoy-strict-r2 offered=43458 achieved=43457.000 p99=380.00 host_cgroup=1.946870 host_busy=1.948428 dpu=NA status=ok
[0;34m[l4][0m load-64-q3-dpumesh-preload-r2 offered=43458 achieved=43458.000 p99=217.00 host_cgroup=1.058494 host_busy=1.018065 dpu=2.527014 status=ok
[0;34m[l4][0m load-64-q3-plain-r2 offered=43458 achieved=43456.000 p99=159.00 host_cgroup=1.089713 host_busy=0.981935 dpu=NA status=ok
[0;34m[l4][0m load-64-q2-plain-r2 offered=22022 achieved=22022.000 p99=323.00 host_cgroup=0.599032 host_busy=0.385656 dpu=NA status=ok
[0;34m[l4][0m load-64-q2-envoy-permissive-r2 offered=22022 achieved=22022.000 p99=510.00 host_cgroup=1.328372 host_busy=1.350819 dpu=NA status=ok
[0;34m[l4][0m load-64-q2-envoy-strict-r2 offered=22022 achieved=22022.000 p99=541.00 host_cgroup=1.343466 host_busy=1.363440 dpu=NA status=ok
[0;34m[l4][0m load-64-q2-dpumesh-preload-r2 offered=22022 achieved=22022.000 p99=409.00 host_cgroup=0.609861 host_busy=0.568606 dpu=1.591350 status=ok
[0;34m[l4][0m load-64-q1-dpumesh-preload-r2 offered=11159 achieved=11158.000 p99=425.00 host_cgroup=0.339491 host_busy=0.229166 dpu=0.869070 status=ok
[0;34m[l4][0m load-64-q1-plain-r2 offered=11159 achieved=11159.000 p99=279.00 host_cgroup=0.336347 host_busy=0.177141 dpu=NA status=ok
[0;34m[l4][0m load-64-q1-envoy-permissive-r2 offered=11159 achieved=11159.000 p99=529.00 host_cgroup=0.708306 host_busy=0.676968 dpu=NA status=ok
[0;34m[l4][0m load-64-q1-envoy-strict-r2 offered=11159 achieved=11159.000 p99=552.00 host_cgroup=0.762725 host_busy=0.722238 dpu=NA status=ok
[0;34m[l4][0m load-64-q1-plain-r3 offered=11159 achieved=11159.000 p99=281.00 host_cgroup=0.336586 host_busy=0.178149 dpu=NA status=ok
[0;34m[l4][0m load-64-q1-envoy-permissive-r3 offered=11159 achieved=11159.000 p99=517.00 host_cgroup=0.717497 host_busy=0.663135 dpu=NA status=ok
[0;34m[l4][0m load-64-q1-envoy-strict-r3 offered=11159 achieved=11159.000 p99=551.00 host_cgroup=0.759955 host_busy=0.712462 dpu=NA status=ok
[0;34m[l4][0m load-64-q1-dpumesh-preload-r3 offered=11159 achieved=11159.000 p99=425.00 host_cgroup=0.348177 host_busy=0.254762 dpu=0.909005 status=ok
[0;34m[l4][0m load-64-q2-envoy-permissive-r3 offered=22022 achieved=22021.000 p99=525.00 host_cgroup=1.277910 host_busy=1.314170 dpu=NA status=ok
[0;34m[l4][0m load-64-q2-envoy-strict-r3 offered=22022 achieved=22021.000 p99=534.00 host_cgroup=1.378464 host_busy=1.428259 dpu=NA status=ok
[0;34m[l4][0m load-64-q2-dpumesh-preload-r3 offered=22022 achieved=22021.000 p99=429.00 host_cgroup=0.578777 host_busy=0.520396 dpu=1.643330 status=ok
[0;34m[l4][0m load-64-q2-plain-r3 offered=22022 achieved=22021.000 p99=319.00 host_cgroup=0.598763 host_busy=0.342365 dpu=NA status=ok
[0;34m[l4][0m load-64-q3-envoy-strict-r3 offered=43458 achieved=43457.000 p99=363.00 host_cgroup=1.958437 host_busy=1.960523 dpu=NA status=ok
[0;34m[l4][0m load-64-q3-dpumesh-preload-r3 offered=43458 achieved=43451.000 p99=272.00 host_cgroup=1.129920 host_busy=1.074927 dpu=2.837915 status=ok
[0;34m[l4][0m load-64-q3-plain-r3 offered=43458 achieved=43457.000 p99=194.00 host_cgroup=1.076695 host_busy=0.656281 dpu=NA status=ok
[0;34m[l4][0m load-64-q3-envoy-permissive-r3 offered=43458 achieved=43457.000 p99=363.00 host_cgroup=1.843662 host_busy=1.838934 dpu=NA status=ok
[0;34m[l4][0m load-64-q4-dpumesh-preload-r3 offered=85760 achieved=85759.000 p99=240.00 host_cgroup=1.609321 host_busy=1.596606 dpu=3.199052 status=ok
[0;34m[l4][0m load-64-q4-plain-r3 offered=85760 achieved=85759.000 p99=119.00 host_cgroup=1.326392 host_busy=1.139252 dpu=NA status=ok
[0;34m[l4][0m load-64-q4-envoy-permissive-r3 offered=85760 achieved=85758.000 p99=320.00 host_cgroup=1.934326 host_busy=1.935620 dpu=NA status=ok
[0;34m[l4][0m load-64-q4-envoy-strict-r3 offered=85760 achieved=85759.000 p99=394.00 host_cgroup=1.903306 host_busy=1.902969 dpu=NA status=ok
[0;34m[l4][0m load-64-q5-plain-r3 offered=169240 achieved=169256.000 p99=141.00 host_cgroup=1.866177 host_busy=1.854769 dpu=NA status=ok
[0;34m[l4][0m load-64-q5-envoy-permissive-r3 offered=169240 achieved=169240.000 p99=372.00 host_cgroup=1.930127 host_busy=1.930501 dpu=NA status=ok
[0;34m[l4][0m load-64-q5-envoy-strict-r3 offered=169240 achieved=169239.000 p99=354.00 host_cgroup=1.933659 host_busy=1.937488 dpu=NA status=ok
[0;34m[l4][0m load-64-q5-dpumesh-preload-r3 offered=169240 achieved=168097.000 p99=141777.00 host_cgroup=1.826010 host_busy=1.789281 dpu=3.799242 status=ok
[0;34m[l4][0m load-64-q6-envoy-permissive-r3 offered=333981 achieved=333988.000 p99=394.00 host_cgroup=1.859026 host_busy=1.853695 dpu=NA status=ok
[0;34m[l4][0m load-64-q6-envoy-strict-r3 offered=333981 achieved=333974.000 p99=424.00 host_cgroup=1.836789 host_busy=1.841662 dpu=NA status=ok
[0;34m[l4][0m load-64-q6-dpumesh-preload-r3 offered=333981 achieved=331437.000 p99=185945.00 host_cgroup=1.922413 host_busy=1.924506 dpu=3.703318 status=ok
[0;34m[l4][0m load-64-q6-plain-r3 offered=333981 achieved=333981.000 p99=199.00 host_cgroup=1.750047 host_busy=1.742221 dpu=NA status=ok
[0;34m[l4][0m load-64-q7-envoy-strict-r3 offered=659082 achieved=659076.000 p99=466.00 host_cgroup=1.966369 host_busy=1.965714 dpu=NA status=ok
[0;34m[l4][0m load-64-q7-dpumesh-preload-r3 offered=659082 achieved=537022.000 p99=344462.00 host_cgroup=1.961454 host_busy=1.963099 dpu=4.099620 status=ok
[0;34m[l4][0m load-64-q7-plain-r3 offered=659082 achieved=442319.000 p99=11867.00 host_cgroup=1.864671 host_busy=1.838569 dpu=NA status=ok
[0;34m[l4][0m load-64-q7-envoy-permissive-r3 offered=659082 achieved=659077.000 p99=419.00 host_cgroup=1.958431 host_busy=1.958867 dpu=NA status=ok
[0;34m[l4][0m load-64-q8-dpumesh-preload-r3 offered=1300643 achieved=940221.000 p99=215095.00 host_cgroup=1.956502 host_busy=1.957515 dpu=3.793169 status=ok
[0;34m[l4][0m load-64-q8-plain-r3 offered=1300643 achieved=340744.000 p99=24050.00 host_cgroup=1.892197 host_busy=1.888076 dpu=NA status=ok
[0;34m[l4][0m load-64-q8-envoy-permissive-r3 offered=1300643 achieved=1300595.000 p99=546.00 host_cgroup=1.753626 host_busy=1.763433 dpu=NA status=ok
[0;34m[l4][0m load-64-q8-envoy-strict-r3 offered=1300643 achieved=1300596.000 p99=645.00 host_cgroup=1.750110 host_busy=1.749214 dpu=NA status=ok
[0;34m[l4][0m load-64-q9-plain-r3 offered=2566708 achieved=656692.000 p99=24008.00 host_cgroup=1.812326 host_busy=1.798318 dpu=NA status=ok
[0;34m[l4][0m load-64-q9-envoy-permissive-r3 offered=2566708 achieved=590665.000 p99=32296.00 host_cgroup=1.044413 host_busy=1.002390 dpu=NA status=ok
[0;34m[l4][0m load-64-q9-envoy-strict-r3 offered=2566708 achieved=570894.000 p99=34335.00 host_cgroup=1.071910 host_busy=0.997484 dpu=NA status=ok
[0;34m[l4][0m load-64-q9-dpumesh-preload-r3 offered=2566708 achieved=1114184.000 p99=257617.00 host_cgroup=1.927666 host_busy=1.924332 dpu=3.835227 status=ok
[0;34m[l4][0m load-1024-q1-envoy-strict-r1 offered=10522 achieved=10522.000 p99=577.00 host_cgroup=0.766370 host_busy=0.680691 dpu=NA status=ok
[0;34m[l4][0m load-1024-q1-dpumesh-preload-r1 offered=10522 achieved=10522.000 p99=421.00 host_cgroup=0.323892 host_busy=0.235096 dpu=0.848341 status=ok
[0;34m[l4][0m load-1024-q1-plain-r1 offered=10522 achieved=10522.000 p99=280.00 host_cgroup=0.318041 host_busy=0.156429 dpu=NA status=ok
[0;34m[l4][0m load-1024-q1-envoy-permissive-r1 offered=10522 achieved=10522.000 p99=544.00 host_cgroup=0.705438 host_busy=0.653209 dpu=NA status=ok
[0;34m[l4][0m load-1024-q2-dpumesh-preload-r1 offered=20423 achieved=20423.000 p99=418.00 host_cgroup=0.584859 host_busy=0.536159 dpu=1.507067 status=ok
[0;34m[l4][0m load-1024-q2-plain-r1 offered=20423 achieved=20422.000 p99=326.00 host_cgroup=0.569456 host_busy=0.409114 dpu=NA status=ok
[0;34m[l4][0m load-1024-q2-envoy-permissive-r1 offered=20423 achieved=20422.000 p99=499.00 host_cgroup=1.210336 host_busy=1.194139 dpu=NA status=ok
[0;34m[l4][0m load-1024-q2-envoy-strict-r1 offered=20423 achieved=20422.000 p99=580.00 host_cgroup=1.302042 host_busy=1.305289 dpu=NA status=ok
[0;34m[l4][0m load-1024-q3-plain-r1 offered=39643 achieved=39642.000 p99=107.00 host_cgroup=0.993508 host_busy=0.730112 dpu=NA status=ok
[0;34m[l4][0m load-1024-q3-envoy-permissive-r1 offered=39643 achieved=39642.000 p99=330.00 host_cgroup=1.936441 host_busy=1.938227 dpu=NA status=ok
[0;34m[l4][0m load-1024-q3-envoy-strict-r1 offered=39643 achieved=39642.000 p99=403.00 host_cgroup=1.955059 host_busy=1.956583 dpu=NA status=ok
[0;34m[l4][0m load-1024-q3-dpumesh-preload-r1 offered=39643 achieved=39643.000 p99=224.00 host_cgroup=0.978843 host_busy=0.904066 dpu=2.479167 status=ok
[0;34m[l4][0m load-1024-q4-envoy-permissive-r1 offered=76949 achieved=76948.000 p99=372.00 host_cgroup=1.920554 host_busy=1.927397 dpu=NA status=ok
[0;34m[l4][0m load-1024-q4-envoy-strict-r1 offered=76949 achieved=76948.000 p99=409.00 host_cgroup=1.964273 host_busy=1.963750 dpu=NA status=ok
[0;34m[l4][0m load-1024-q4-dpumesh-preload-r1 offered=76949 achieved=76946.000 p99=307.00 host_cgroup=1.538388 host_busy=1.495497 dpu=3.389943 status=ok
[0;34m[l4][0m load-1024-q4-plain-r1 offered=76949 achieved=76948.000 p99=137.00 host_cgroup=1.243311 host_busy=1.204411 dpu=NA status=ok
[0;34m[l4][0m load-1024-q5-envoy-strict-r1 offered=149363 achieved=149364.000 p99=425.00 host_cgroup=1.917379 host_busy=1.923880 dpu=NA status=ok
[0;34m[l4][0m load-1024-q5-dpumesh-preload-r1 offered=149363 achieved=148326.000 p99=150065.00 host_cgroup=1.824516 host_busy=1.816386 dpu=3.729858 status=ok
[0;34m[l4][0m load-1024-q5-plain-r1 offered=149363 achieved=149363.000 p99=130.00 host_cgroup=1.960211 host_busy=1.957993 dpu=NA status=ok
[0;34m[l4][0m load-1024-q5-envoy-permissive-r1 offered=149363 achieved=149362.000 p99=388.00 host_cgroup=1.966154 host_busy=1.967850 dpu=NA status=ok
[0;34m[l4][0m load-1024-q6-dpumesh-preload-r1 offered=289922 achieved=287749.000 p99=195274.00 host_cgroup=1.930341 host_busy=1.921183 dpu=3.804924 status=ok
[0;34m[l4][0m load-1024-q6-plain-r1 offered=289922 achieved=289723.000 p99=203.00 host_cgroup=1.874942 host_busy=1.851623 dpu=NA status=ok
[0;34m[l4][0m load-1024-q6-envoy-permissive-r1 offered=289922 achieved=289920.000 p99=410.00 host_cgroup=1.883680 host_busy=1.879147 dpu=NA status=ok
[0;34m[l4][0m load-1024-q6-envoy-strict-r1 offered=289922 achieved=289930.000 p99=464.00 host_cgroup=1.899244 host_busy=1.894998 dpu=NA status=ok
[0;34m[l4][0m load-1024-q7-plain-r1 offered=562756 achieved=191911.000 p99=12790.00 host_cgroup=1.879716 host_busy=1.863535 dpu=NA status=ok
[0;34m[l4][0m load-1024-q7-envoy-permissive-r1 offered=562756 achieved=562748.000 p99=485.00 host_cgroup=1.845850 host_busy=1.840022 dpu=NA status=ok
[0;34m[l4][0m load-1024-q7-envoy-strict-r1 offered=562756 achieved=562490.000 p99=1257.00 host_cgroup=1.759589 host_busy=1.755061 dpu=NA status=ok
[0;34m[l4][0m load-1024-q7-dpumesh-preload-r1 offered=562756 achieved=355817.000 p99=294183.00 host_cgroup=1.964181 host_busy=1.965133 dpu=4.218957 status=ok
[0;34m[l4][0m load-1024-q8-envoy-permissive-r1 offered=1092341 achieved=892039.000 p99=4774.00 host_cgroup=1.481366 host_busy=1.462727 dpu=NA status=ok
[0;34m[l4][0m load-1024-q8-envoy-strict-r1 offered=1092341 achieved=554428.000 p99=10621.00 host_cgroup=1.590460 host_busy=1.628730 dpu=NA status=ok
[0;34m[l4][0m load-1024-q8-dpumesh-preload-r1 offered=1092341 achieved=523341.000 p99=291383.00 host_cgroup=1.963975 host_busy=1.964303 dpu=4.196023 status=ok
[0;34m[l4][0m load-1024-q8-plain-r1 offered=1092341 achieved=283200.000 p99=24021.00 host_cgroup=1.889703 host_busy=1.886156 dpu=NA status=ok
[0;34m[l4][0m load-1024-q9-envoy-strict-r1 offered=2120295 achieved=386199.000 p99=90911.00 host_cgroup=1.366710 host_busy=1.326628 dpu=NA status=ok
[0;34m[l4][0m load-1024-q9-dpumesh-preload-r1 offered=2120295 achieved=576642.000 p99=265849.00 host_cgroup=1.968407 host_busy=1.968176 dpu=4.215705 status=ok
[0;34m[l4][0m load-1024-q9-plain-r1 offered=2120295 achieved=539893.000 p99=20111.00 host_cgroup=1.889358 host_busy=1.895931 dpu=NA status=ok
[0;34m[l4][0m load-1024-q9-envoy-permissive-r1 offered=2120295 achieved=441629.000 p99=31419.00 host_cgroup=1.201025 host_busy=1.027580 dpu=NA status=ok
[0;34m[l4][0m load-1024-q9-dpumesh-preload-r2 offered=2120295 achieved=581947.000 p99=327330.00 host_cgroup=1.966999 host_busy=1.966292 dpu=4.169508 status=ok
[0;34m[l4][0m load-1024-q9-plain-r2 offered=2120295 achieved=539493.000 p99=20117.00 host_cgroup=1.926933 host_busy=1.937999 dpu=NA status=ok
[0;34m[l4][0m load-1024-q9-envoy-permissive-r2 offered=2120295 achieved=432541.000 p99=31044.00 host_cgroup=1.197534 host_busy=1.008937 dpu=NA status=ok
[0;34m[l4][0m load-1024-q9-envoy-strict-r2 offered=2120295 achieved=536163.000 p99=174583.00 host_cgroup=1.494208 host_busy=1.517395 dpu=NA status=ok
[0;34m[l4][0m load-1024-q8-envoy-strict-r2 offered=1092341 achieved=700456.000 p99=1624.00 host_cgroup=1.808844 host_busy=1.821782 dpu=NA status=ok
[0;34m[l4][0m load-1024-q8-dpumesh-preload-r2 offered=1092341 achieved=510467.000 p99=274774.00 host_cgroup=1.967574 host_busy=1.965268 dpu=4.231499 status=ok
[0;34m[l4][0m load-1024-q8-plain-r2 offered=1092341 achieved=283365.000 p99=24023.00 host_cgroup=1.925667 host_busy=1.931077 dpu=NA status=ok
[0;34m[l4][0m load-1024-q8-envoy-permissive-r2 offered=1092341 achieved=1090939.000 p99=759.00 host_cgroup=1.809182 host_busy=1.825218 dpu=NA status=ok
[0;34m[l4][0m load-1024-q7-envoy-permissive-r2 offered=562756 achieved=562740.000 p99=488.00 host_cgroup=1.966373 host_busy=1.966841 dpu=NA status=ok
[0;34m[l4][0m load-1024-q7-envoy-strict-r2 offered=562756 achieved=562771.000 p99=739.00 host_cgroup=1.930463 host_busy=1.926900 dpu=NA status=ok
[0;34m[l4][0m load-1024-q7-dpumesh-preload-r2 offered=562756 achieved=370662.000 p99=288572.00 host_cgroup=1.965642 host_busy=1.966435 dpu=3.933452 status=ok
[0;34m[l4][0m load-1024-q7-plain-r2 offered=562756 achieved=205089.000 p99=10700.00 host_cgroup=1.859273 host_busy=1.849292 dpu=NA status=ok
[0;34m[l4][0m load-1024-q6-plain-r2 offered=289922 achieved=289923.000 p99=149.00 host_cgroup=1.962161 host_busy=1.959116 dpu=NA status=ok
[0;34m[l4][0m load-1024-q6-envoy-permissive-r2 offered=289922 achieved=289918.000 p99=403.00 host_cgroup=1.896437 host_busy=1.896902 dpu=NA status=ok
[0;34m[l4][0m load-1024-q6-envoy-strict-r2 offered=289922 achieved=289923.000 p99=442.00 host_cgroup=1.965251 host_busy=1.966883 dpu=NA status=ok
[0;34m[l4][0m load-1024-q6-dpumesh-preload-r2 offered=289922 achieved=287556.000 p99=192758.00 host_cgroup=1.920494 host_busy=1.920123 dpu=3.829060 status=ok
[0;34m[l4][0m load-1024-q5-dpumesh-preload-r2 offered=149363 achieved=148121.000 p99=170838.00 host_cgroup=1.849246 host_busy=1.842324 dpu=3.517211 status=ok
[0;34m[l4][0m load-1024-q5-plain-r2 offered=149363 achieved=149363.000 p99=137.00 host_cgroup=1.962252 host_busy=1.960989 dpu=NA status=ok
[0;34m[l4][0m load-1024-q5-envoy-permissive-r2 offered=149363 achieved=149360.000 p99=382.00 host_cgroup=1.963801 host_busy=1.966733 dpu=NA status=ok
[0;34m[l4][0m load-1024-q5-envoy-strict-r2 offered=149363 achieved=149362.000 p99=421.00 host_cgroup=1.966472 host_busy=1.966014 dpu=NA status=ok
[0;34m[l4][0m load-1024-q4-envoy-strict-r2 offered=76949 achieved=76948.000 p99=405.00 host_cgroup=1.927815 host_busy=1.926216 dpu=NA status=ok
[0;34m[l4][0m load-1024-q4-dpumesh-preload-r2 offered=76949 achieved=76948.000 p99=308.00 host_cgroup=1.560050 host_busy=1.520704 dpu=3.378199 status=ok
[0;34m[l4][0m load-1024-q4-plain-r2 offered=76949 achieved=76948.000 p99=120.00 host_cgroup=1.284855 host_busy=1.215260 dpu=NA status=ok
[0;34m[l4][0m load-1024-q4-envoy-permissive-r2 offered=76949 achieved=76948.000 p99=379.00 host_cgroup=1.966500 host_busy=1.966130 dpu=NA status=ok
[0;34m[l4][0m load-1024-q3-envoy-permissive-r2 offered=39643 achieved=39642.000 p99=379.00 host_cgroup=1.941472 host_busy=1.940545 dpu=NA status=ok
[0;34m[l4][0m load-1024-q3-envoy-strict-r2 offered=39643 achieved=39643.000 p99=374.00 host_cgroup=1.941287 host_busy=1.944317 dpu=NA status=ok
[0;34m[l4][0m load-1024-q3-dpumesh-preload-r2 offered=39643 achieved=39643.000 p99=228.00 host_cgroup=0.983279 host_busy=0.944133 dpu=2.503795 status=ok
[0;34m[l4][0m load-1024-q3-plain-r2 offered=39643 achieved=39642.000 p99=117.00 host_cgroup=1.022828 host_busy=0.767431 dpu=NA status=ok
[0;34m[l4][0m load-1024-q2-plain-r2 offered=20423 achieved=20422.000 p99=323.00 host_cgroup=0.557625 host_busy=0.326630 dpu=NA status=ok
[0;34m[l4][0m load-1024-q2-envoy-permissive-r2 offered=20423 achieved=20423.000 p99=506.00 host_cgroup=1.223226 host_busy=1.214966 dpu=NA status=ok
[0;34m[l4][0m load-1024-q2-envoy-strict-r2 offered=20423 achieved=20422.000 p99=575.00 host_cgroup=1.306049 host_busy=1.322093 dpu=NA status=ok
[0;34m[l4][0m load-1024-q2-dpumesh-preload-r2 offered=20423 achieved=20423.000 p99=442.00 host_cgroup=0.597305 host_busy=0.561678 dpu=1.506608 status=ok
[0;34m[l4][0m load-1024-q1-dpumesh-preload-r2 offered=10522 achieved=10522.000 p99=423.00 host_cgroup=0.321329 host_busy=0.226215 dpu=0.847104 status=ok
[0;34m[l4][0m load-1024-q1-plain-r2 offered=10522 achieved=10522.000 p99=281.00 host_cgroup=0.319298 host_busy=0.170209 dpu=NA status=ok
[0;34m[l4][0m load-1024-q1-envoy-permissive-r2 offered=10522 achieved=10522.000 p99=544.00 host_cgroup=0.690362 host_busy=0.643390 dpu=NA status=ok
[0;34m[l4][0m load-1024-q1-envoy-strict-r2 offered=10522 achieved=10522.000 p99=576.00 host_cgroup=0.768220 host_busy=0.712155 dpu=NA status=ok
[0;34m[l4][0m load-1024-q1-plain-r3 offered=10522 achieved=10522.000 p99=282.00 host_cgroup=0.326184 host_busy=0.173119 dpu=NA status=ok
[0;34m[l4][0m load-1024-q1-envoy-permissive-r3 offered=10522 achieved=10522.000 p99=545.00 host_cgroup=0.700771 host_busy=0.657171 dpu=NA status=ok
[0;34m[l4][0m load-1024-q1-envoy-strict-r3 offered=10522 achieved=10521.000 p99=594.00 host_cgroup=0.757740 host_busy=0.676647 dpu=NA status=ok
[0;34m[l4][0m load-1024-q1-dpumesh-preload-r3 offered=10522 achieved=10522.000 p99=431.00 host_cgroup=0.327274 host_busy=0.238983 dpu=0.878558 status=ok
[0;34m[l4][0m load-1024-q2-envoy-permissive-r3 offered=20423 achieved=20422.000 p99=508.00 host_cgroup=1.247921 host_busy=1.252251 dpu=NA status=ok
[0;34m[l4][0m load-1024-q2-envoy-strict-r3 offered=20423 achieved=20422.000 p99=558.00 host_cgroup=1.270093 host_busy=1.288374 dpu=NA status=ok
[0;34m[l4][0m load-1024-q2-dpumesh-preload-r3 offered=20423 achieved=20422.000 p99=442.00 host_cgroup=0.564004 host_busy=0.514452 dpu=1.527856 status=ok
[0;34m[l4][0m load-1024-q2-plain-r3 offered=20423 achieved=20422.000 p99=314.00 host_cgroup=0.553622 host_busy=0.470328 dpu=NA status=ok
[0;34m[l4][0m load-1024-q3-envoy-strict-r3 offered=39643 achieved=39643.000 p99=375.00 host_cgroup=1.948582 host_busy=1.950358 dpu=NA status=ok
[0;34m[l4][0m load-1024-q3-dpumesh-preload-r3 offered=39643 achieved=39643.000 p99=275.00 host_cgroup=1.039406 host_busy=1.020095 dpu=2.768281 status=ok
[0;34m[l4][0m load-1024-q3-plain-r3 offered=39643 achieved=39642.000 p99=190.00 host_cgroup=0.982704 host_busy=0.778350 dpu=NA status=ok
[0;34m[l4][0m load-1024-q3-envoy-permissive-r3 offered=39643 achieved=39642.000 p99=361.00 host_cgroup=1.950475 host_busy=1.953890 dpu=NA status=ok
[0;34m[l4][0m load-1024-q4-dpumesh-preload-r3 offered=76949 achieved=76948.000 p99=245.00 host_cgroup=1.550322 host_busy=1.501243 dpu=3.115530 status=ok
[0;34m[l4][0m load-1024-q4-plain-r3 offered=76949 achieved=76916.000 p99=105.00 host_cgroup=1.291221 host_busy=1.213281 dpu=NA status=ok
[0;34m[l4][0m load-1024-q4-envoy-permissive-r3 offered=76949 achieved=76948.000 p99=395.00 host_cgroup=1.966543 host_busy=1.970148 dpu=NA status=ok
[0;34m[l4][0m load-1024-q4-envoy-strict-r3 offered=76949 achieved=76948.000 p99=409.00 host_cgroup=1.965929 host_busy=1.968698 dpu=NA status=ok
[0;34m[l4][0m load-1024-q5-plain-r3 offered=149363 achieved=149362.000 p99=134.00 host_cgroup=1.958787 host_busy=1.962568 dpu=NA status=ok
[0;34m[l4][0m load-1024-q5-envoy-permissive-r3 offered=149363 achieved=149361.000 p99=436.00 host_cgroup=1.964423 host_busy=1.964128 dpu=NA status=ok
[0;34m[l4][0m load-1024-q5-envoy-strict-r3 offered=149363 achieved=149361.000 p99=423.00 host_cgroup=1.966188 host_busy=1.965901 dpu=NA status=ok
[0;34m[l4][0m load-1024-q5-dpumesh-preload-r3 offered=149363 achieved=148396.000 p99=136129.00 host_cgroup=1.806714 host_busy=1.795261 dpu=3.801708 status=ok
[0;34m[l4][0m load-1024-q6-envoy-permissive-r3 offered=289922 achieved=289919.000 p99=393.00 host_cgroup=1.964588 host_busy=1.965024 dpu=NA status=ok
[0;34m[l4][0m load-1024-q6-envoy-strict-r3 offered=289922 achieved=289920.000 p99=451.00 host_cgroup=1.962294 host_busy=1.964840 dpu=NA status=ok
[0;34m[l4][0m load-1024-q6-dpumesh-preload-r3 offered=289922 achieved=287716.000 p99=202516.00 host_cgroup=1.947781 host_busy=1.952859 dpu=3.730114 status=ok
[0;34m[l4][0m load-1024-q6-plain-r3 offered=289922 achieved=289934.000 p99=163.00 host_cgroup=1.943433 host_busy=1.937174 dpu=NA status=ok
[0;34m[l4][0m load-1024-q7-envoy-strict-r3 offered=562756 achieved=562762.000 p99=744.00 host_cgroup=1.946471 host_busy=1.948782 dpu=NA status=ok
[0;34m[l4][0m load-1024-q7-dpumesh-preload-r3 offered=562756 achieved=374062.000 p99=252927.00 host_cgroup=1.964463 host_busy=1.963074 dpu=4.170616 status=ok
[0;34m[l4][0m load-1024-q7-plain-r3 offered=562756 achieved=434792.000 p99=1873.00 host_cgroup=1.864370 host_busy=1.837324 dpu=NA status=ok
[0;34m[l4][0m load-1024-q7-envoy-permissive-r3 offered=562756 achieved=562761.000 p99=485.00 host_cgroup=1.856205 host_busy=1.850981 dpu=NA status=ok
[0;34m[l4][0m load-1024-q8-dpumesh-preload-r3 offered=1092341 achieved=511067.000 p99=276248.00 host_cgroup=1.967323 host_busy=1.967125 dpu=4.205492 status=ok
[0;34m[l4][0m load-1024-q8-plain-r3 offered=1092341 achieved=283596.000 p99=24016.00 host_cgroup=1.926788 host_busy=1.931854 dpu=NA status=ok
[0;34m[l4][0m load-1024-q8-envoy-permissive-r3 offered=1092341 achieved=892905.000 p99=4830.00 host_cgroup=1.481634 host_busy=1.484593 dpu=NA status=ok
[0;34m[l4][0m load-1024-q8-envoy-strict-r3 offered=1092341 achieved=563637.000 p99=10241.00 host_cgroup=1.601940 host_busy=1.621343 dpu=NA status=ok
[0;34m[l4][0m load-1024-q9-plain-r3 offered=2120295 achieved=540112.000 p99=20989.00 host_cgroup=1.918043 host_busy=1.928089 dpu=NA status=ok
[0;34m[l4][0m load-1024-q9-envoy-permissive-r3 offered=2120295 achieved=456233.000 p99=30067.00 host_cgroup=1.206781 host_busy=1.028363 dpu=NA status=ok
[0;34m[l4][0m load-1024-q9-envoy-strict-r3 offered=2120295 achieved=375178.000 p99=59423.00 host_cgroup=1.346769 host_busy=1.344825 dpu=NA status=ok
[0;34m[l4][0m load-1024-q9-dpumesh-preload-r3 offered=2120295 achieved=583491.000 p99=187887.00 host_cgroup=1.965227 host_busy=1.965146 dpu=3.270142 status=ok
[0;34m[l4][0m load-8192-q1-envoy-strict-r1 offered=5545 achieved=5545.000 p99=488.00 host_cgroup=0.503077 host_busy=0.428956 dpu=NA status=ok
[0;34m[l4][0m load-8192-q1-dpumesh-preload-r1 offered=5545 achieved=5545.000 p99=434.00 host_cgroup=0.280730 host_busy=0.209540 dpu=0.559242 status=ok
[0;34m[l4][0m load-8192-q1-plain-r1 offered=5545 achieved=5545.000 p99=286.00 host_cgroup=0.205225 host_busy=0.117059 dpu=NA status=ok
[0;34m[l4][0m load-8192-q1-envoy-permissive-r1 offered=5545 achieved=5544.000 p99=448.00 host_cgroup=0.452227 host_busy=0.400396 dpu=NA status=ok
[0;34m[l4][0m load-8192-q2-dpumesh-preload-r1 offered=9838 achieved=9838.000 p99=446.00 host_cgroup=0.408394 host_busy=0.323770 dpu=0.891247 status=ok
[0;34m[l4][0m load-8192-q2-plain-r1 offered=9838 achieved=9838.000 p99=282.00 host_cgroup=0.350465 host_busy=0.225331 dpu=NA status=ok
[0;34m[l4][0m load-8192-q2-envoy-permissive-r1 offered=9838 achieved=9838.000 p99=500.00 host_cgroup=0.734276 host_busy=0.670083 dpu=NA status=ok
[0;34m[l4][0m load-8192-q2-envoy-strict-r1 offered=9838 achieved=9838.000 p99=582.00 host_cgroup=0.785308 host_busy=0.698479 dpu=NA status=ok
[0;34m[l4][0m load-8192-q3-plain-r1 offered=17455 achieved=17455.000 p99=317.00 host_cgroup=0.574050 host_busy=0.371904 dpu=NA status=ok
[0;34m[l4][0m load-8192-q3-envoy-permissive-r1 offered=17455 achieved=17454.000 p99=488.00 host_cgroup=1.165960 host_busy=1.148843 dpu=NA status=ok
[0;34m[l4][0m load-8192-q3-envoy-strict-r1 offered=17455 achieved=17454.000 p99=638.00 host_cgroup=1.251917 host_busy=1.214761 dpu=NA status=ok
[0;34m[l4][0m load-8192-q3-dpumesh-preload-r1 offered=17455 achieved=17455.000 p99=446.00 host_cgroup=0.657620 host_busy=0.596900 dpu=1.500474 status=ok
[0;34m[l4][0m load-8192-q4-envoy-permissive-r1 offered=30970 achieved=30970.000 p99=418.00 host_cgroup=1.910249 host_busy=1.914575 dpu=NA status=ok
[0;34m[l4][0m load-8192-q4-envoy-strict-r1 offered=30970 achieved=30969.000 p99=452.00 host_cgroup=1.850876 host_busy=1.859265 dpu=NA status=ok
[0;34m[l4][0m load-8192-q4-dpumesh-preload-r1 offered=30970 achieved=30969.000 p99=296.00 host_cgroup=1.122902 host_busy=1.088855 dpu=2.544508 status=ok
[0;34m[l4][0m load-8192-q4-plain-r1 offered=30970 achieved=30970.000 p99=99.00 host_cgroup=0.981771 host_busy=0.737801 dpu=NA status=ok
[0;34m[l4][0m load-8192-q5-envoy-strict-r1 offered=54951 achieved=54950.000 p99=524.00 host_cgroup=1.951832 host_busy=1.953839 dpu=NA status=ok
[0;34m[l4][0m load-8192-q5-dpumesh-preload-r1 offered=54951 achieved=54949.000 p99=1725.00 host_cgroup=1.816022 host_busy=1.799647 dpu=2.919355 status=ok
[0;34m[l4][0m load-8192-q5-plain-r1 offered=54951 achieved=54941.000 p99=147.00 host_cgroup=1.502978 host_busy=1.431530 dpu=NA status=ok
[0;34m[l4][0m load-8192-q5-envoy-permissive-r1 offered=54951 achieved=54950.000 p99=449.00 host_cgroup=1.963673 host_busy=1.961398 dpu=NA status=ok
[0;34m[l4][0m load-8192-q6-dpumesh-preload-r1 offered=97499 achieved=69165.000 p99=78011.00 host_cgroup=1.916010 host_busy=1.906400 dpu=3.747628 status=ok
[0;34m[l4][0m load-8192-q6-plain-r1 offered=97499 achieved=96102.000 p99=146.00 host_cgroup=1.858678 host_busy=1.812144 dpu=NA status=ok
[0;34m[l4][0m load-8192-q6-envoy-permissive-r1 offered=97499 achieved=97498.000 p99=486.00 host_cgroup=1.905924 host_busy=1.907870 dpu=NA status=ok
[0;34m[l4][0m load-8192-q6-envoy-strict-r1 offered=97499 achieved=97498.000 p99=1247.00 host_cgroup=1.940115 host_busy=1.945544 dpu=NA status=ok
[0;34m[l4][0m load-8192-q7-plain-r1 offered=172993 achieved=172992.000 p99=174.00 host_cgroup=1.965659 host_busy=1.967970 dpu=NA status=ok
[0;34m[l4][0m load-8192-q7-envoy-permissive-r1 offered=172993 achieved=172993.000 p99=686.00 host_cgroup=1.962329 host_busy=1.966767 dpu=NA status=ok
[0;34m[l4][0m load-8192-q7-envoy-strict-r1 offered=172993 achieved=113910.000 p99=8904.00 host_cgroup=1.802871 host_busy=1.826450 dpu=NA status=ok
[0;34m[l4][0m load-8192-q7-dpumesh-preload-r1 offered=172993 achieved=76602.000 p99=79374.00 host_cgroup=1.965136 host_busy=1.965389 dpu=3.750000 status=ok
[0;34m[l4][0m load-8192-q8-envoy-permissive-r1 offered=306941 achieved=256773.000 p99=4271.00 host_cgroup=1.826886 host_busy=1.834015 dpu=NA status=ok
[0;34m[l4][0m load-8192-q8-envoy-strict-r1 offered=306941 achieved=123931.000 p99=11090.00 host_cgroup=1.867069 host_busy=1.843201 dpu=NA status=ok
[0;34m[l4][0m load-8192-q8-dpumesh-preload-r1 offered=306941 achieved=86838.000 p99=29321.00 host_cgroup=1.696125 host_busy=1.660217 dpu=2.302370 status=ok
[0;34m[l4][0m load-8192-q8-plain-r1 offered=306941 achieved=306941.000 p99=299.00 host_cgroup=1.862517 host_busy=1.857109 dpu=NA status=ok
[0;34m[l4][0m load-8192-q9-envoy-strict-r1 offered=544607 achieved=124314.000 p99=53825.00 host_cgroup=1.852998 host_busy=1.895673 dpu=NA status=ok
[0;34m[l4][0m load-8192-q9-dpumesh-preload-r1 offered=544607 achieved=83615.000 p99=153336.00 host_cgroup=1.950727 host_busy=1.928903 dpu=3.249289 status=ok
[0;34m[l4][0m load-8192-q9-plain-r1 offered=544607 achieved=154255.000 p99=23827.00 host_cgroup=1.882996 host_busy=1.868450 dpu=NA status=ok
[0;34m[l4][0m load-8192-q9-envoy-permissive-r1 offered=544607 achieved=235299.000 p99=19872.00 host_cgroup=1.736852 host_busy=1.758376 dpu=NA status=ok
[0;34m[l4][0m load-8192-q9-dpumesh-preload-r2 offered=544607 achieved=85121.000 p99=234569.00 host_cgroup=1.966530 host_busy=1.964100 dpu=4.147059 status=ok
[0;34m[l4][0m load-8192-q9-plain-r2 offered=544607 achieved=150708.000 p99=24574.00 host_cgroup=1.906576 host_busy=1.907421 dpu=NA status=ok
[0;34m[l4][0m load-8192-q9-envoy-permissive-r2 offered=544607 achieved=243644.000 p99=17889.00 host_cgroup=1.768837 host_busy=1.797531 dpu=NA status=ok
[0;34m[l4][0m load-8192-q9-envoy-strict-r2 offered=544607 achieved=124004.000 p99=52858.00 host_cgroup=1.854104 host_busy=1.906227 dpu=NA status=ok
[0;34m[l4][0m load-8192-q8-envoy-strict-r2 offered=306941 achieved=115588.000 p99=12388.00 host_cgroup=1.823683 host_busy=1.795217 dpu=NA status=ok
[0;34m[l4][0m load-8192-q8-dpumesh-preload-r2 offered=306941 achieved=72991.000 p99=71045.00 host_cgroup=1.962765 host_busy=1.961074 dpu=3.181214 status=ok
[0;34m[l4][0m load-8192-q8-plain-r2 offered=306941 achieved=306944.000 p99=297.00 host_cgroup=1.909533 host_busy=1.909997 dpu=NA status=ok
[0;34m[l4][0m load-8192-q8-envoy-permissive-r2 offered=306941 achieved=242988.000 p99=4733.00 host_cgroup=1.787724 host_busy=1.843765 dpu=NA status=ok
[0;34m[l4][0m load-8192-q7-envoy-permissive-r2 offered=172993 achieved=173001.000 p99=793.00 host_cgroup=1.926031 host_busy=1.929299 dpu=NA status=ok
[0;34m[l4][0m load-8192-q7-envoy-strict-r2 offered=172993 achieved=126295.000 p99=7627.00 host_cgroup=1.948184 host_busy=1.947024 dpu=NA status=ok
[0;34m[l4][0m load-8192-q7-dpumesh-preload-r2 offered=172993 achieved=76648.000 p99=79237.00 host_cgroup=1.964375 host_busy=1.965141 dpu=3.489418 status=ok
[0;34m[l4][0m load-8192-q7-plain-r2 offered=172993 achieved=172992.000 p99=155.00 host_cgroup=1.962814 host_busy=1.962584 dpu=NA status=ok
[0;34m[l4][0m load-8192-q6-plain-r2 offered=97499 achieved=97499.000 p99=152.00 host_cgroup=1.933399 host_busy=1.929404 dpu=NA status=ok
[0;34m[l4][0m load-8192-q6-envoy-permissive-r2 offered=97499 achieved=97498.000 p99=443.00 host_cgroup=1.963700 host_busy=1.961740 dpu=NA status=ok
[0;34m[l4][0m load-8192-q6-envoy-strict-r2 offered=97499 achieved=97505.000 p99=1453.00 host_cgroup=1.916092 host_busy=1.918644 dpu=NA status=ok
[0;34m[l4][0m load-8192-q6-dpumesh-preload-r2 offered=97499 achieved=69234.000 p99=78024.00 host_cgroup=1.904217 host_busy=1.892669 dpu=3.796209 status=ok
[0;34m[l4][0m load-8192-q5-dpumesh-preload-r2 offered=54951 achieved=54949.000 p99=3027.00 host_cgroup=1.807910 host_busy=1.776686 dpu=2.731041 status=ok
[0;34m[l4][0m load-8192-q5-plain-r2 offered=54951 achieved=54950.000 p99=148.00 host_cgroup=1.477119 host_busy=1.400144 dpu=NA status=ok
[0;34m[l4][0m load-8192-q5-envoy-permissive-r2 offered=54951 achieved=54951.000 p99=430.00 host_cgroup=1.947851 host_busy=1.946322 dpu=NA status=ok
[0;34m[l4][0m load-8192-q5-envoy-strict-r2 offered=54951 achieved=54951.000 p99=595.00 host_cgroup=1.883480 host_busy=1.894264 dpu=NA status=ok
[0;34m[l4][0m load-8192-q4-envoy-strict-r2 offered=30970 achieved=30969.000 p99=442.00 host_cgroup=1.865306 host_busy=1.865267 dpu=NA status=ok
[0;34m[l4][0m load-8192-q4-dpumesh-preload-r2 offered=30970 achieved=30970.000 p99=284.00 host_cgroup=1.104761 host_busy=1.076120 dpu=2.537441 status=ok
[0;34m[l4][0m load-8192-q4-plain-r2 offered=30970 achieved=30968.000 p99=97.00 host_cgroup=0.961551 host_busy=0.719305 dpu=NA status=ok
[0;34m[l4][0m load-8192-q4-envoy-permissive-r2 offered=30970 achieved=30970.000 p99=399.00 host_cgroup=1.890395 host_busy=1.887177 dpu=NA status=ok
[0;34m[l4][0m load-8192-q3-envoy-permissive-r2 offered=17455 achieved=17454.000 p99=465.00 host_cgroup=1.149135 host_busy=1.143753 dpu=NA status=ok
[0;34m[l4][0m load-8192-q3-envoy-strict-r2 offered=17455 achieved=17454.000 p99=658.00 host_cgroup=1.278777 host_busy=1.235268 dpu=NA status=ok
[0;34m[l4][0m load-8192-q3-dpumesh-preload-r2 offered=17455 achieved=17455.000 p99=456.00 host_cgroup=0.664587 host_busy=0.604821 dpu=1.515180 status=ok
[0;34m[l4][0m load-8192-q3-plain-r2 offered=17455 achieved=17455.000 p99=326.00 host_cgroup=0.575762 host_busy=0.362054 dpu=NA status=ok
[0;34m[l4][0m load-8192-q2-plain-r2 offered=9838 achieved=9838.000 p99=284.00 host_cgroup=0.355980 host_busy=0.213508 dpu=NA status=ok
[0;34m[l4][0m load-8192-q2-envoy-permissive-r2 offered=9838 achieved=9838.000 p99=492.00 host_cgroup=0.720880 host_busy=0.642380 dpu=NA status=ok
[0;34m[l4][0m load-8192-q2-envoy-strict-r2 offered=9838 achieved=9838.000 p99=604.00 host_cgroup=0.796818 host_busy=0.715194 dpu=NA status=ok
[0;34m[l4][0m load-8192-q2-dpumesh-preload-r2 offered=9838 achieved=9838.000 p99=459.00 host_cgroup=0.429504 host_busy=0.345277 dpu=0.899293 status=ok
[0;34m[l4][0m load-8192-q1-dpumesh-preload-r2 offered=5545 achieved=5545.000 p99=439.00 host_cgroup=0.259585 host_busy=0.189840 dpu=0.558405 status=ok
[0;34m[l4][0m load-8192-q1-plain-r2 offered=5545 achieved=5545.000 p99=287.00 host_cgroup=0.208394 host_busy=0.125920 dpu=NA status=ok
[0;34m[l4][0m load-8192-q1-envoy-permissive-r2 offered=5545 achieved=5545.000 p99=445.00 host_cgroup=0.453784 host_busy=0.386637 dpu=NA status=ok
[0;34m[l4][0m load-8192-q1-envoy-strict-r2 offered=5545 achieved=5545.000 p99=482.00 host_cgroup=0.509730 host_busy=0.422999 dpu=NA status=ok
[0;34m[l4][0m load-8192-q1-plain-r3 offered=5545 achieved=5545.000 p99=286.00 host_cgroup=0.207873 host_busy=0.129858 dpu=NA status=ok
[0;34m[l4][0m load-8192-q1-envoy-permissive-r3 offered=5545 achieved=5545.000 p99=446.00 host_cgroup=0.453069 host_busy=0.387574 dpu=NA status=ok
[0;34m[l4][0m load-8192-q1-envoy-strict-r3 offered=5545 achieved=5545.000 p99=491.00 host_cgroup=0.503532 host_busy=0.432722 dpu=NA status=ok
[0;34m[l4][0m load-8192-q1-dpumesh-preload-r3 offered=5545 achieved=5498.000 p99=637.00 host_cgroup=0.250309 host_busy=0.182152 dpu=0.566447 status=ok
[0;34m[l4][0m load-8192-q2-envoy-permissive-r3 offered=9838 achieved=9838.000 p99=516.00 host_cgroup=0.737197 host_busy=0.660146 dpu=NA status=ok
[0;34m[l4][0m load-8192-q2-envoy-strict-r3 offered=9838 achieved=9838.000 p99=628.00 host_cgroup=0.797392 host_busy=0.717048 dpu=NA status=ok
[0;34m[l4][0m load-8192-q2-dpumesh-preload-r3 offered=9838 achieved=9838.000 p99=446.00 host_cgroup=0.416586 host_busy=0.316810 dpu=0.912713 status=ok
[0;34m[l4][0m load-8192-q2-plain-r3 offered=9838 achieved=9838.000 p99=282.00 host_cgroup=0.355273 host_busy=0.210584 dpu=NA status=ok
[0;34m[l4][0m load-8192-q3-envoy-strict-r3 offered=17455 achieved=17454.000 p99=647.00 host_cgroup=1.253117 host_busy=1.217757 dpu=NA status=ok
[0;34m[l4][0m load-8192-q3-dpumesh-preload-r3 offered=17455 achieved=17455.000 p99=445.00 host_cgroup=0.690277 host_busy=0.623561 dpu=1.592242 status=ok
[0;34m[l4][0m load-8192-q3-plain-r3 offered=17455 achieved=17454.000 p99=318.00 host_cgroup=0.571966 host_busy=0.337420 dpu=NA status=ok
[0;34m[l4][0m load-8192-q3-envoy-permissive-r3 offered=17455 achieved=17454.000 p99=474.00 host_cgroup=1.157284 host_busy=1.137927 dpu=NA status=ok
[0;34m[l4][0m load-8192-q4-dpumesh-preload-r3 offered=30970 achieved=30970.000 p99=253.00 host_cgroup=1.100273 host_busy=1.036716 dpu=2.367773 status=ok
[0;34m[l4][0m load-8192-q4-plain-r3 offered=30970 achieved=30970.000 p99=101.00 host_cgroup=0.975998 host_busy=0.529242 dpu=NA status=ok
[0;34m[l4][0m load-8192-q4-envoy-permissive-r3 offered=30970 achieved=30969.000 p99=389.00 host_cgroup=1.890108 host_busy=1.890427 dpu=NA status=ok
[0;34m[l4][0m load-8192-q4-envoy-strict-r3 offered=30970 achieved=30969.000 p99=501.00 host_cgroup=1.853943 host_busy=1.854217 dpu=NA status=ok
[0;34m[l4][0m load-8192-q5-plain-r3 offered=54951 achieved=54950.000 p99=144.00 host_cgroup=1.456747 host_busy=1.326427 dpu=NA status=ok
[0;34m[l4][0m load-8192-q5-envoy-permissive-r3 offered=54951 achieved=54950.000 p99=466.00 host_cgroup=1.943417 host_busy=1.943759 dpu=NA status=ok
[0;34m[l4][0m load-8192-q5-envoy-strict-r3 offered=54951 achieved=54950.000 p99=555.00 host_cgroup=1.961928 host_busy=1.964563 dpu=NA status=ok
[0;34m[l4][0m load-8192-q5-dpumesh-preload-r3 offered=54951 achieved=54517.000 p99=70526.00 host_cgroup=1.813164 host_busy=1.787218 dpu=3.648008 status=ok
[0;34m[l4][0m load-8192-q6-envoy-permissive-r3 offered=97499 achieved=97498.000 p99=500.00 host_cgroup=1.963259 host_busy=1.968753 dpu=NA status=ok
[0;34m[l4][0m load-8192-q6-envoy-strict-r3 offered=97499 achieved=97510.000 p99=1509.00 host_cgroup=1.928284 host_busy=1.926168 dpu=NA status=ok
[0;34m[l4][0m load-8192-q6-dpumesh-preload-r3 offered=97499 achieved=67157.000 p99=80849.00 host_cgroup=1.891692 host_busy=1.887934 dpu=3.665403 status=ok
[0;34m[l4][0m load-8192-q6-plain-r3 offered=97499 achieved=97498.000 p99=148.00 host_cgroup=1.864686 host_busy=1.846776 dpu=NA status=ok
[0;34m[l4][0m load-8192-q7-envoy-strict-r3 offered=172993 achieved=113537.000 p99=8507.00 host_cgroup=1.803206 host_busy=1.799317 dpu=NA status=ok
[0;34m[l4][0m load-8192-q7-dpumesh-preload-r3 offered=172993 achieved=74730.000 p99=88505.00 host_cgroup=1.956921 host_busy=1.954380 dpu=3.873226 status=ok
[0;34m[l4][0m load-8192-q7-plain-r3 offered=172993 achieved=172992.000 p99=153.00 host_cgroup=1.964752 host_busy=1.963613 dpu=NA status=ok
[0;34m[l4][0m load-8192-q7-envoy-permissive-r3 offered=172993 achieved=173000.000 p99=871.00 host_cgroup=1.924716 host_busy=1.923320 dpu=NA status=ok
[0;34m[l4][0m load-8192-q8-dpumesh-preload-r3 offered=306941 achieved=88252.000 p99=29602.00 host_cgroup=1.685832 host_busy=1.634650 dpu=2.287204 status=ok
[0;34m[l4][0m load-8192-q8-plain-r3 offered=306941 achieved=306939.000 p99=294.00 host_cgroup=1.858269 host_busy=1.858170 dpu=NA status=ok
[0;34m[l4][0m load-8192-q8-envoy-permissive-r3 offered=306941 achieved=240963.000 p99=4806.00 host_cgroup=1.790231 host_busy=1.795534 dpu=NA status=ok
[0;34m[l4][0m load-8192-q8-envoy-strict-r3 offered=306941 achieved=115548.000 p99=12357.00 host_cgroup=1.825025 host_busy=1.795890 dpu=NA status=ok
[0;34m[l4][0m load-8192-q9-plain-r3 offered=544607 achieved=149309.000 p99=27731.00 host_cgroup=1.921238 host_busy=1.926945 dpu=NA status=ok
[0;34m[l4][0m load-8192-q9-envoy-permissive-r3 offered=544607 achieved=239297.000 p99=19289.00 host_cgroup=1.762370 host_busy=1.784206 dpu=NA status=ok
[0;34m[l4][0m load-8192-q9-envoy-strict-r3 offered=544607 achieved=114030.000 p99=62889.00 host_cgroup=1.817790 host_busy=1.895586 dpu=NA status=ok
[0;34m[l4][0m load-8192-q9-dpumesh-preload-r3 offered=544607 achieved=137234.000 p99=1414.00 host_cgroup=1.435131 host_busy=1.394939 dpu=1.482008 status=ok
[0;34m[l4][0m dataset validation PASS: load=324 idle=12 calibration=24
[0;34m[l4][0m selecting clean primary points and collecting separate perf replays
[0;34m[l4][0m profile-64-q4-plain perf replay complete: achieved=85759.000 p99=131.00
[0;34m[l4][0m profile-64-q7-envoy-permissive perf replay complete: achieved=659076.000 p99=432.00
[0;34m[l4][0m profile-64-q7-envoy-strict perf replay complete: achieved=659078.000 p99=463.00
[0;34m[l4][0m profile-64-q5-dpumesh-preload perf replay complete: achieved=168035.000 p99=140855.00
[0;31m[l4][0m profile-1024-q5-plain failed: status=drops result=OK mrps=0.149362 gbps=1.2236 p50=81.00 p95=129.00 p99=158.00 p999=259.00 p9999=392.00 avg=83.00 min=7.20 max=772.65 rcnt=1492374 scheduled=1493629 pending=9 fail=0 conc=0 threads=4 reqsz=1024 repsz=8 durs=10.000 offered_mrps=0.149363 drops=446 overflow=0 reorder=0 mode=open arr=const
[0;34m[l4][0m output=/home/jukebox/DPUmesh/bench/report/data/l4-20260728-022756
[0;34m[l4][0m planned: load=324 idle=12 calibration=24 perf_replays=12 timed_windows~59.0min
[sudo] password for jukebox: [0;34m[l4][0m using existing deployment (--no-deploy)
[0;32m[INFO][0m Host NUMA: PCI 94:00.0 -> node 1, benchmark cores 18-35
[0;34m[STEP][0m === Pinning pods to dedicated cores (taskset, profile=l4) ===
[0;32m[INFO][0m CPU governor=performance, fixed 2.5 GHz on cores 18-35
[0;32m[INFO][0m bench-dpumesh → core(s) 26 (pod=3e0d64342364b139037e5969d7e68442b1e404031d525fe0cf8add40ed559496)
[0;32m[INFO][0m   bench-dpumesh (PID 1964054) → 26
[0;32m[INFO][0m bench-dpumesh-2 → core(s) 28 (pod=c588bb7943e3866ea57a8aa55e8b450d4147c3ad5d3c9ddfdcfa5853a858cdb2)
[0;32m[INFO][0m   bench-dpumesh-2 (PID 1964304) → 28
[0;32m[INFO][0m bench-dpumesh-3 → core(s) 29 (pod=7e389148b25321890cdd83545f450fd0bc8df80d884c09e68acf5a38ea4a34dc)
[0;32m[INFO][0m   bench-dpumesh-3 (PID 1964519) → 29
[0;32m[INFO][0m echo-dpumesh → core(s) 27 (pod=4755a70626534b1486bb9086a0631b0c5ea0c03ed7e0958f0ec431c1d970efe0)
[0;32m[INFO][0m   echo-dpumesh (PID 1963252) → 27
[0;32m[INFO][0m echo-dpumesh-13 → core(s) 30 (pod=c404336510899b1889e44b5ca7e79b8bb1e832cb20bdd545e8e003b59e661031)
[0;32m[INFO][0m   echo-dpumesh-13 (PID 1963653) → 30
[0;32m[INFO][0m echo-dpumesh-14 → core(s) 31 (pod=0c18451ea04861a5b9ddad756a599b360be6b2eb5e6c0ef1781f2c26aaf6eb4c)
[0;32m[INFO][0m   echo-dpumesh-14 (PID 1963851) → 31
[0;32m[INFO][0m loopback-dpumesh → core(s) 32 (pod=3b5c9b798c7b99464ce323c129455c3bd564d36abbe79aab24c39a0127344cde)
[0;32m[INFO][0m   loopback-dpumesh (PID 1964730) → 32
[0;32m[INFO][0m stream-dpumesh → core(s) 33 (pod=db7cd6a757eaeb1571873485efbc99eb0cf791b5d2640c62fb7e5e7316998cbd)
[0;32m[INFO][0m   stream-dpumesh (PID 1965825) → 33
[0;32m[INFO][0m verbs-dpumesh → core(s) 34 (pod=be0d1dfcd1e26758ad443639bee436c073fa8bfe195d7b86d1d15b64a1e78b31)
[0;32m[INFO][0m   verbs-dpumesh (PID 1965614) → 34
[0;32m[INFO][0m preload-dpumesh → core(s) 35 (pod=2396b689830bdd2232d02c4fea80f312c118ef6af1fcd66b36610a90250230f1)
[0;32m[INFO][0m   preload-dpumesh (PID 1964972) → 35
[0;32m[INFO][0m preload-echo → core(s) 19 (pod=856567f755a7b33a28c844a4cd5ffa7af7749f3aa90180b8a7aa254965cffd42)
[0;32m[INFO][0m   preload-echo (PID 1965182) → 19
[0;32m[INFO][0m preload-bench → core(s) 18 (pod=155aece260fadebd10e9f5b219f12c594a16c436ebdbb42cdf47bee1d99a9bae)
[0;32m[INFO][0m   preload-bench (PID 1965407) → 18
[0;32m[INFO][0m bench-tcp → core(s) 22 (pod=11b1ebcb29bb3d609224a633bd2c4759139c3e51691f7c83494066f8a500e16d)
[0;32m[INFO][0m   sidecar1 (PID 1967748) → 22
[0;32m[INFO][0m   bench-tcp (PID 1967723) → 22
[0;32m[INFO][0m echo-tcp → core(s) 23 (pod=c54c7fdf264f60992411ee5a8df2542a930fbba8e2f2db00ed0cb3a4d101c808)
[0;32m[INFO][0m   sidecar2 (PID 1967449) → 23
[0;32m[INFO][0m   echo-tcp (PID 1967427) → 23
[0;32m[INFO][0m bench-tcp-strict → core(s) 24 (pod=32043378ca040a7326cc8526279f6381513718daad59f4116174656aef2bddc0)
[0;32m[INFO][0m   sidecar1 (PID 1967095) → 24
[0;32m[INFO][0m   bench-tcp-strict (PID 1967072) → 24
[0;32m[INFO][0m echo-tcp-strict → core(s) 25 (pod=1c683c7b43581719588d7566dfe95b4d0be61c108bc023aebe3626c930318b62)
[0;32m[INFO][0m   sidecar2 (PID 1966798) → 25
[0;32m[INFO][0m   echo-tcp-strict (PID 1966776) → 25
[0;32m[INFO][0m bench-direct → core(s) 20 (pod=d9a48423dba53b13a85ddc5dcc64f17c89b96169a8cf8319243ef8ac64ed58a6)
[0;32m[INFO][0m   bench-direct (PID 1968018) → 20
[0;32m[INFO][0m echo-plain → core(s) 21 (pod=7dd798f145ac78cd3f3c01e81b9a1b77b2952ced87b13fa0a35cba479e86827a)
[0;32m[INFO][0m   echo-plain (PID 1966569) → 21
[0;32m[INFO][0m Pinning done
[0;34m[l4][0m binary equivalence PASS (bench_sock and echo_sock hashes match)
[0;34m[l4][0m smoke plain: OK mrps=0.364650 gbps=0.1867 p50=42.00 p95=46.00 p99=54.00 p999=66.00 p9999=284.00 avg=42.51 min=18.71 max=2310.47 rcnt=727868 scheduled=727964 pending=16 fail=0 conc=4 threads=4 reqsz=64 repsz=8 durs=2.000 offered_mrps=0.364650 drops=0 overflow=0 reorder=0 mode=closed arr=const
[0;34m[l4][0m smoke envoy-permissive: OK mrps=0.144124 gbps=0.0738 p50=107.00 p95=142.00 p99=173.00 p999=244.00 p9999=488.00 avg=109.96 min=54.54 max=521.27 rcnt=288124 scheduled=288220 pending=16 fail=0 conc=4 threads=4 reqsz=64 repsz=8 durs=2.000 offered_mrps=0.144124 drops=0 overflow=0 reorder=0 mode=closed arr=const
[0;34m[l4][0m smoke envoy-strict: OK mrps=0.137379 gbps=0.0703 p50=113.00 p95=162.00 p99=173.00 p999=231.00 p9999=488.00 avg=115.39 min=57.10 max=670.42 rcnt=274612 scheduled=274708 pending=16 fail=0 conc=4 threads=4 reqsz=64 repsz=8 durs=2.000 offered_mrps=0.137379 drops=0 overflow=0 reorder=0 mode=closed arr=const
[0;34m[l4][0m smoke dpumesh-preload: OK mrps=0.109190 gbps=0.0559 p50=139.00 p95=162.00 p99=286.00 p999=498.00 p9999=1128.00 avg=142.86 min=68.05 max=2322.75 rcnt=218156 scheduled=218252 pending=16 fail=0 conc=4 threads=4 reqsz=64 repsz=8 durs=2.000 offered_mrps=0.109190 drops=0 overflow=0 reorder=0 mode=closed arr=const
[0;34m[l4][0m collecting idle baselines
[0;34m[l4][0m skip completed idle-0-q0-envoy-permissive-r1
[0;34m[l4][0m skip completed idle-0-q0-envoy-strict-r1
[0;34m[l4][0m skip completed idle-0-q0-dpumesh-preload-r1
[0;34m[l4][0m skip completed idle-0-q0-plain-r1
[0;34m[l4][0m skip completed idle-0-q0-envoy-strict-r2
[0;34m[l4][0m skip completed idle-0-q0-dpumesh-preload-r2
[0;34m[l4][0m skip completed idle-0-q0-plain-r2
[0;34m[l4][0m skip completed idle-0-q0-envoy-permissive-r2
[0;34m[l4][0m skip completed idle-0-q0-dpumesh-preload-r3
[0;34m[l4][0m skip completed idle-0-q0-plain-r3
[0;34m[l4][0m skip completed idle-0-q0-envoy-permissive-r3
[0;34m[l4][0m skip completed idle-0-q0-envoy-strict-r3
[0;34m[l4][0m collecting open-loop load sweep
[0;34m[l4][0m skip completed load-64-q1-envoy-strict-r1
[0;34m[l4][0m skip completed load-64-q1-dpumesh-preload-r1
[0;34m[l4][0m skip completed load-64-q1-plain-r1
[0;34m[l4][0m skip completed load-64-q1-envoy-permissive-r1
[0;34m[l4][0m skip completed load-64-q2-dpumesh-preload-r1
[0;34m[l4][0m skip completed load-64-q2-plain-r1
[0;34m[l4][0m skip completed load-64-q2-envoy-permissive-r1
[0;34m[l4][0m skip completed load-64-q2-envoy-strict-r1
[0;34m[l4][0m skip completed load-64-q3-plain-r1
[0;34m[l4][0m skip completed load-64-q3-envoy-permissive-r1
[0;34m[l4][0m skip completed load-64-q3-envoy-strict-r1
[0;34m[l4][0m skip completed load-64-q3-dpumesh-preload-r1
[0;34m[l4][0m skip completed load-64-q4-envoy-permissive-r1
[0;34m[l4][0m skip completed load-64-q4-envoy-strict-r1
[0;34m[l4][0m skip completed load-64-q4-dpumesh-preload-r1
[0;34m[l4][0m skip completed load-64-q4-plain-r1
[0;34m[l4][0m skip completed load-64-q5-envoy-strict-r1
[0;34m[l4][0m skip completed load-64-q5-dpumesh-preload-r1
[0;34m[l4][0m skip completed load-64-q5-plain-r1
[0;34m[l4][0m skip completed load-64-q5-envoy-permissive-r1
[0;34m[l4][0m skip completed load-64-q6-dpumesh-preload-r1
[0;34m[l4][0m skip completed load-64-q6-plain-r1
[0;34m[l4][0m skip completed load-64-q6-envoy-permissive-r1
[0;34m[l4][0m skip completed load-64-q6-envoy-strict-r1
[0;34m[l4][0m skip completed load-64-q7-plain-r1
[0;34m[l4][0m skip completed load-64-q7-envoy-permissive-r1
[0;34m[l4][0m skip completed load-64-q7-envoy-strict-r1
[0;34m[l4][0m skip completed load-64-q7-dpumesh-preload-r1
[0;34m[l4][0m skip completed load-64-q8-envoy-permissive-r1
[0;34m[l4][0m skip completed load-64-q8-envoy-strict-r1
[0;34m[l4][0m skip completed load-64-q8-dpumesh-preload-r1
[0;34m[l4][0m skip completed load-64-q8-plain-r1
[0;34m[l4][0m skip completed load-64-q9-envoy-strict-r1
[0;34m[l4][0m skip completed load-64-q9-dpumesh-preload-r1
[0;34m[l4][0m skip completed load-64-q9-plain-r1
[0;34m[l4][0m skip completed load-64-q9-envoy-permissive-r1
[0;34m[l4][0m skip completed load-64-q9-dpumesh-preload-r2
[0;34m[l4][0m skip completed load-64-q9-plain-r2
[0;34m[l4][0m skip completed load-64-q9-envoy-permissive-r2
[0;34m[l4][0m skip completed load-64-q9-envoy-strict-r2
[0;34m[l4][0m skip completed load-64-q8-envoy-strict-r2
[0;34m[l4][0m skip completed load-64-q8-dpumesh-preload-r2
[0;34m[l4][0m skip completed load-64-q8-plain-r2
[0;34m[l4][0m skip completed load-64-q8-envoy-permissive-r2
[0;34m[l4][0m skip completed load-64-q7-envoy-permissive-r2
[0;34m[l4][0m skip completed load-64-q7-envoy-strict-r2
[0;34m[l4][0m skip completed load-64-q7-dpumesh-preload-r2
[0;34m[l4][0m skip completed load-64-q7-plain-r2
[0;34m[l4][0m skip completed load-64-q6-plain-r2
[0;34m[l4][0m skip completed load-64-q6-envoy-permissive-r2
[0;34m[l4][0m skip completed load-64-q6-envoy-strict-r2
[0;34m[l4][0m skip completed load-64-q6-dpumesh-preload-r2
[0;34m[l4][0m skip completed load-64-q5-dpumesh-preload-r2
[0;34m[l4][0m skip completed load-64-q5-plain-r2
[0;34m[l4][0m skip completed load-64-q5-envoy-permissive-r2
[0;34m[l4][0m skip completed load-64-q5-envoy-strict-r2
[0;34m[l4][0m skip completed load-64-q4-envoy-strict-r2
[0;34m[l4][0m skip completed load-64-q4-dpumesh-preload-r2
[0;34m[l4][0m skip completed load-64-q4-plain-r2
[0;34m[l4][0m skip completed load-64-q4-envoy-permissive-r2
[0;34m[l4][0m skip completed load-64-q3-envoy-permissive-r2
[0;34m[l4][0m skip completed load-64-q3-envoy-strict-r2
[0;34m[l4][0m skip completed load-64-q3-dpumesh-preload-r2
[0;34m[l4][0m skip completed load-64-q3-plain-r2
[0;34m[l4][0m skip completed load-64-q2-plain-r2
[0;34m[l4][0m skip completed load-64-q2-envoy-permissive-r2
[0;34m[l4][0m skip completed load-64-q2-envoy-strict-r2
[0;34m[l4][0m skip completed load-64-q2-dpumesh-preload-r2
[0;34m[l4][0m skip completed load-64-q1-dpumesh-preload-r2
[0;34m[l4][0m skip completed load-64-q1-plain-r2
[0;34m[l4][0m skip completed load-64-q1-envoy-permissive-r2
[0;34m[l4][0m skip completed load-64-q1-envoy-strict-r2
[0;34m[l4][0m skip completed load-64-q1-plain-r3
[0;34m[l4][0m skip completed load-64-q1-envoy-permissive-r3
[0;34m[l4][0m skip completed load-64-q1-envoy-strict-r3
[0;34m[l4][0m skip completed load-64-q1-dpumesh-preload-r3
[0;34m[l4][0m skip completed load-64-q2-envoy-permissive-r3
[0;34m[l4][0m skip completed load-64-q2-envoy-strict-r3
[0;34m[l4][0m skip completed load-64-q2-dpumesh-preload-r3
[0;34m[l4][0m skip completed load-64-q2-plain-r3
[0;34m[l4][0m skip completed load-64-q3-envoy-strict-r3
[0;34m[l4][0m skip completed load-64-q3-dpumesh-preload-r3
[0;34m[l4][0m skip completed load-64-q3-plain-r3
[0;34m[l4][0m skip completed load-64-q3-envoy-permissive-r3
[0;34m[l4][0m skip completed load-64-q4-dpumesh-preload-r3
[0;34m[l4][0m skip completed load-64-q4-plain-r3
[0;34m[l4][0m skip completed load-64-q4-envoy-permissive-r3
[0;34m[l4][0m skip completed load-64-q4-envoy-strict-r3
[0;34m[l4][0m skip completed load-64-q5-plain-r3
[0;34m[l4][0m skip completed load-64-q5-envoy-permissive-r3
[0;34m[l4][0m skip completed load-64-q5-envoy-strict-r3
[0;34m[l4][0m skip completed load-64-q5-dpumesh-preload-r3
[0;34m[l4][0m skip completed load-64-q6-envoy-permissive-r3
[0;34m[l4][0m skip completed load-64-q6-envoy-strict-r3
[0;34m[l4][0m skip completed load-64-q6-dpumesh-preload-r3
[0;34m[l4][0m skip completed load-64-q6-plain-r3
[0;34m[l4][0m skip completed load-64-q7-envoy-strict-r3
[0;34m[l4][0m skip completed load-64-q7-dpumesh-preload-r3
[0;34m[l4][0m skip completed load-64-q7-plain-r3
[0;34m[l4][0m skip completed load-64-q7-envoy-permissive-r3
[0;34m[l4][0m skip completed load-64-q8-dpumesh-preload-r3
[0;34m[l4][0m skip completed load-64-q8-plain-r3
[0;34m[l4][0m skip completed load-64-q8-envoy-permissive-r3
[0;34m[l4][0m skip completed load-64-q8-envoy-strict-r3
[0;34m[l4][0m skip completed load-64-q9-plain-r3
[0;34m[l4][0m skip completed load-64-q9-envoy-permissive-r3
[0;34m[l4][0m skip completed load-64-q9-envoy-strict-r3
[0;34m[l4][0m skip completed load-64-q9-dpumesh-preload-r3
[0;34m[l4][0m skip completed load-1024-q1-envoy-strict-r1
[0;34m[l4][0m skip completed load-1024-q1-dpumesh-preload-r1
[0;34m[l4][0m skip completed load-1024-q1-plain-r1
[0;34m[l4][0m skip completed load-1024-q1-envoy-permissive-r1
[0;34m[l4][0m skip completed load-1024-q2-dpumesh-preload-r1
[0;34m[l4][0m skip completed load-1024-q2-plain-r1
[0;34m[l4][0m skip completed load-1024-q2-envoy-permissive-r1
[0;34m[l4][0m skip completed load-1024-q2-envoy-strict-r1
[0;34m[l4][0m skip completed load-1024-q3-plain-r1
[0;34m[l4][0m skip completed load-1024-q3-envoy-permissive-r1
[0;34m[l4][0m skip completed load-1024-q3-envoy-strict-r1
[0;34m[l4][0m skip completed load-1024-q3-dpumesh-preload-r1
[0;34m[l4][0m skip completed load-1024-q4-envoy-permissive-r1
[0;34m[l4][0m skip completed load-1024-q4-envoy-strict-r1
[0;34m[l4][0m skip completed load-1024-q4-dpumesh-preload-r1
[0;34m[l4][0m skip completed load-1024-q4-plain-r1
[0;34m[l4][0m skip completed load-1024-q5-envoy-strict-r1
[0;34m[l4][0m skip completed load-1024-q5-dpumesh-preload-r1
[0;34m[l4][0m skip completed load-1024-q5-plain-r1
[0;34m[l4][0m skip completed load-1024-q5-envoy-permissive-r1
[0;34m[l4][0m skip completed load-1024-q6-dpumesh-preload-r1
[0;34m[l4][0m skip completed load-1024-q6-plain-r1
[0;34m[l4][0m skip completed load-1024-q6-envoy-permissive-r1
[0;34m[l4][0m skip completed load-1024-q6-envoy-strict-r1
[0;34m[l4][0m skip completed load-1024-q7-plain-r1
[0;34m[l4][0m skip completed load-1024-q7-envoy-permissive-r1
[0;34m[l4][0m skip completed load-1024-q7-envoy-strict-r1
[0;34m[l4][0m skip completed load-1024-q7-dpumesh-preload-r1
[0;34m[l4][0m skip completed load-1024-q8-envoy-permissive-r1
[0;34m[l4][0m skip completed load-1024-q8-envoy-strict-r1
[0;34m[l4][0m skip completed load-1024-q8-dpumesh-preload-r1
[0;34m[l4][0m skip completed load-1024-q8-plain-r1
[0;34m[l4][0m skip completed load-1024-q9-envoy-strict-r1
[0;34m[l4][0m skip completed load-1024-q9-dpumesh-preload-r1
[0;34m[l4][0m skip completed load-1024-q9-plain-r1
[0;34m[l4][0m skip completed load-1024-q9-envoy-permissive-r1
[0;34m[l4][0m skip completed load-1024-q9-dpumesh-preload-r2
[0;34m[l4][0m skip completed load-1024-q9-plain-r2
[0;34m[l4][0m skip completed load-1024-q9-envoy-permissive-r2
[0;34m[l4][0m skip completed load-1024-q9-envoy-strict-r2
[0;34m[l4][0m skip completed load-1024-q8-envoy-strict-r2
[0;34m[l4][0m skip completed load-1024-q8-dpumesh-preload-r2
[0;34m[l4][0m skip completed load-1024-q8-plain-r2
[0;34m[l4][0m skip completed load-1024-q8-envoy-permissive-r2
[0;34m[l4][0m skip completed load-1024-q7-envoy-permissive-r2
[0;34m[l4][0m skip completed load-1024-q7-envoy-strict-r2
[0;34m[l4][0m skip completed load-1024-q7-dpumesh-preload-r2
[0;34m[l4][0m skip completed load-1024-q7-plain-r2
[0;34m[l4][0m skip completed load-1024-q6-plain-r2
[0;34m[l4][0m skip completed load-1024-q6-envoy-permissive-r2
[0;34m[l4][0m skip completed load-1024-q6-envoy-strict-r2
[0;34m[l4][0m skip completed load-1024-q6-dpumesh-preload-r2
[0;34m[l4][0m skip completed load-1024-q5-dpumesh-preload-r2
[0;34m[l4][0m skip completed load-1024-q5-plain-r2
[0;34m[l4][0m skip completed load-1024-q5-envoy-permissive-r2
[0;34m[l4][0m skip completed load-1024-q5-envoy-strict-r2
[0;34m[l4][0m skip completed load-1024-q4-envoy-strict-r2
[0;34m[l4][0m skip completed load-1024-q4-dpumesh-preload-r2
[0;34m[l4][0m skip completed load-1024-q4-plain-r2
[0;34m[l4][0m skip completed load-1024-q4-envoy-permissive-r2
[0;34m[l4][0m skip completed load-1024-q3-envoy-permissive-r2
[0;34m[l4][0m skip completed load-1024-q3-envoy-strict-r2
[0;34m[l4][0m skip completed load-1024-q3-dpumesh-preload-r2
[0;34m[l4][0m skip completed load-1024-q3-plain-r2
[0;34m[l4][0m skip completed load-1024-q2-plain-r2
[0;34m[l4][0m skip completed load-1024-q2-envoy-permissive-r2
[0;34m[l4][0m skip completed load-1024-q2-envoy-strict-r2
[0;34m[l4][0m skip completed load-1024-q2-dpumesh-preload-r2
[0;34m[l4][0m skip completed load-1024-q1-dpumesh-preload-r2
[0;34m[l4][0m skip completed load-1024-q1-plain-r2
[0;34m[l4][0m skip completed load-1024-q1-envoy-permissive-r2
[0;34m[l4][0m skip completed load-1024-q1-envoy-strict-r2
[0;34m[l4][0m skip completed load-1024-q1-plain-r3
[0;34m[l4][0m skip completed load-1024-q1-envoy-permissive-r3
[0;34m[l4][0m skip completed load-1024-q1-envoy-strict-r3
[0;34m[l4][0m skip completed load-1024-q1-dpumesh-preload-r3
[0;34m[l4][0m skip completed load-1024-q2-envoy-permissive-r3
[0;34m[l4][0m skip completed load-1024-q2-envoy-strict-r3
[0;34m[l4][0m skip completed load-1024-q2-dpumesh-preload-r3
[0;34m[l4][0m skip completed load-1024-q2-plain-r3
[0;34m[l4][0m skip completed load-1024-q3-envoy-strict-r3
[0;34m[l4][0m skip completed load-1024-q3-dpumesh-preload-r3
[0;34m[l4][0m skip completed load-1024-q3-plain-r3
[0;34m[l4][0m skip completed load-1024-q3-envoy-permissive-r3
[0;34m[l4][0m skip completed load-1024-q4-dpumesh-preload-r3
[0;34m[l4][0m skip completed load-1024-q4-plain-r3
[0;34m[l4][0m skip completed load-1024-q4-envoy-permissive-r3
[0;34m[l4][0m skip completed load-1024-q4-envoy-strict-r3
[0;34m[l4][0m skip completed load-1024-q5-plain-r3
[0;34m[l4][0m skip completed load-1024-q5-envoy-permissive-r3
[0;34m[l4][0m skip completed load-1024-q5-envoy-strict-r3
[0;34m[l4][0m skip completed load-1024-q5-dpumesh-preload-r3
[0;34m[l4][0m skip completed load-1024-q6-envoy-permissive-r3
[0;34m[l4][0m skip completed load-1024-q6-envoy-strict-r3
[0;34m[l4][0m skip completed load-1024-q6-dpumesh-preload-r3
[0;34m[l4][0m skip completed load-1024-q6-plain-r3
[0;34m[l4][0m skip completed load-1024-q7-envoy-strict-r3
[0;34m[l4][0m skip completed load-1024-q7-dpumesh-preload-r3
[0;34m[l4][0m skip completed load-1024-q7-plain-r3
[0;34m[l4][0m skip completed load-1024-q7-envoy-permissive-r3
[0;34m[l4][0m skip completed load-1024-q8-dpumesh-preload-r3
[0;34m[l4][0m skip completed load-1024-q8-plain-r3
[0;34m[l4][0m skip completed load-1024-q8-envoy-permissive-r3
[0;34m[l4][0m skip completed load-1024-q8-envoy-strict-r3
[0;34m[l4][0m skip completed load-1024-q9-plain-r3
[0;34m[l4][0m skip completed load-1024-q9-envoy-permissive-r3
[0;34m[l4][0m skip completed load-1024-q9-envoy-strict-r3
[0;34m[l4][0m skip completed load-1024-q9-dpumesh-preload-r3
[0;34m[l4][0m skip completed load-8192-q1-envoy-strict-r1
[0;34m[l4][0m skip completed load-8192-q1-dpumesh-preload-r1
[0;34m[l4][0m skip completed load-8192-q1-plain-r1
[0;34m[l4][0m skip completed load-8192-q1-envoy-permissive-r1
[0;34m[l4][0m skip completed load-8192-q2-dpumesh-preload-r1
[0;34m[l4][0m skip completed load-8192-q2-plain-r1
[0;34m[l4][0m skip completed load-8192-q2-envoy-permissive-r1
[0;34m[l4][0m skip completed load-8192-q2-envoy-strict-r1
[0;34m[l4][0m skip completed load-8192-q3-plain-r1
[0;34m[l4][0m skip completed load-8192-q3-envoy-permissive-r1
[0;34m[l4][0m skip completed load-8192-q3-envoy-strict-r1
[0;34m[l4][0m skip completed load-8192-q3-dpumesh-preload-r1
[0;34m[l4][0m skip completed load-8192-q4-envoy-permissive-r1
[0;34m[l4][0m skip completed load-8192-q4-envoy-strict-r1
[0;34m[l4][0m skip completed load-8192-q4-dpumesh-preload-r1
[0;34m[l4][0m skip completed load-8192-q4-plain-r1
[0;34m[l4][0m skip completed load-8192-q5-envoy-strict-r1
[0;34m[l4][0m skip completed load-8192-q5-dpumesh-preload-r1
[0;34m[l4][0m skip completed load-8192-q5-plain-r1
[0;34m[l4][0m skip completed load-8192-q5-envoy-permissive-r1
[0;34m[l4][0m skip completed load-8192-q6-dpumesh-preload-r1
[0;34m[l4][0m skip completed load-8192-q6-plain-r1
[0;34m[l4][0m skip completed load-8192-q6-envoy-permissive-r1
[0;34m[l4][0m skip completed load-8192-q6-envoy-strict-r1
[0;34m[l4][0m skip completed load-8192-q7-plain-r1
[0;34m[l4][0m skip completed load-8192-q7-envoy-permissive-r1
[0;34m[l4][0m skip completed load-8192-q7-envoy-strict-r1
[0;34m[l4][0m skip completed load-8192-q7-dpumesh-preload-r1
[0;34m[l4][0m skip completed load-8192-q8-envoy-permissive-r1
[0;34m[l4][0m skip completed load-8192-q8-envoy-strict-r1
[0;34m[l4][0m skip completed load-8192-q8-dpumesh-preload-r1
[0;34m[l4][0m skip completed load-8192-q8-plain-r1
[0;34m[l4][0m skip completed load-8192-q9-envoy-strict-r1
[0;34m[l4][0m skip completed load-8192-q9-dpumesh-preload-r1
[0;34m[l4][0m skip completed load-8192-q9-plain-r1
[0;34m[l4][0m skip completed load-8192-q9-envoy-permissive-r1
[0;34m[l4][0m skip completed load-8192-q9-dpumesh-preload-r2
[0;34m[l4][0m skip completed load-8192-q9-plain-r2
[0;34m[l4][0m skip completed load-8192-q9-envoy-permissive-r2
[0;34m[l4][0m skip completed load-8192-q9-envoy-strict-r2
[0;34m[l4][0m skip completed load-8192-q8-envoy-strict-r2
[0;34m[l4][0m skip completed load-8192-q8-dpumesh-preload-r2
[0;34m[l4][0m skip completed load-8192-q8-plain-r2
[0;34m[l4][0m skip completed load-8192-q8-envoy-permissive-r2
[0;34m[l4][0m skip completed load-8192-q7-envoy-permissive-r2
[0;34m[l4][0m skip completed load-8192-q7-envoy-strict-r2
[0;34m[l4][0m skip completed load-8192-q7-dpumesh-preload-r2
[0;34m[l4][0m skip completed load-8192-q7-plain-r2
[0;34m[l4][0m skip completed load-8192-q6-plain-r2
[0;34m[l4][0m skip completed load-8192-q6-envoy-permissive-r2
[0;34m[l4][0m skip completed load-8192-q6-envoy-strict-r2
[0;34m[l4][0m skip completed load-8192-q6-dpumesh-preload-r2
[0;34m[l4][0m skip completed load-8192-q5-dpumesh-preload-r2
[0;34m[l4][0m skip completed load-8192-q5-plain-r2
[0;34m[l4][0m skip completed load-8192-q5-envoy-permissive-r2
[0;34m[l4][0m skip completed load-8192-q5-envoy-strict-r2
[0;34m[l4][0m skip completed load-8192-q4-envoy-strict-r2
[0;34m[l4][0m skip completed load-8192-q4-dpumesh-preload-r2
[0;34m[l4][0m skip completed load-8192-q4-plain-r2
[0;34m[l4][0m skip completed load-8192-q4-envoy-permissive-r2
[0;34m[l4][0m skip completed load-8192-q3-envoy-permissive-r2
[0;34m[l4][0m skip completed load-8192-q3-envoy-strict-r2
[0;34m[l4][0m skip completed load-8192-q3-dpumesh-preload-r2
[0;34m[l4][0m skip completed load-8192-q3-plain-r2
[0;34m[l4][0m skip completed load-8192-q2-plain-r2
[0;34m[l4][0m skip completed load-8192-q2-envoy-permissive-r2
[0;34m[l4][0m skip completed load-8192-q2-envoy-strict-r2
[0;34m[l4][0m skip completed load-8192-q2-dpumesh-preload-r2
[0;34m[l4][0m skip completed load-8192-q1-dpumesh-preload-r2
[0;34m[l4][0m skip completed load-8192-q1-plain-r2
[0;34m[l4][0m skip completed load-8192-q1-envoy-permissive-r2
[0;34m[l4][0m skip completed load-8192-q1-envoy-strict-r2
[0;34m[l4][0m skip completed load-8192-q1-plain-r3
[0;34m[l4][0m skip completed load-8192-q1-envoy-permissive-r3
[0;34m[l4][0m skip completed load-8192-q1-envoy-strict-r3
[0;34m[l4][0m skip completed load-8192-q1-dpumesh-preload-r3
[0;34m[l4][0m skip completed load-8192-q2-envoy-permissive-r3
[0;34m[l4][0m skip completed load-8192-q2-envoy-strict-r3
[0;34m[l4][0m skip completed load-8192-q2-dpumesh-preload-r3
[0;34m[l4][0m skip completed load-8192-q2-plain-r3
[0;34m[l4][0m skip completed load-8192-q3-envoy-strict-r3
[0;34m[l4][0m skip completed load-8192-q3-dpumesh-preload-r3
[0;34m[l4][0m skip completed load-8192-q3-plain-r3
[0;34m[l4][0m skip completed load-8192-q3-envoy-permissive-r3
[0;34m[l4][0m skip completed load-8192-q4-dpumesh-preload-r3
[0;34m[l4][0m skip completed load-8192-q4-plain-r3
[0;34m[l4][0m skip completed load-8192-q4-envoy-permissive-r3
[0;34m[l4][0m skip completed load-8192-q4-envoy-strict-r3
[0;34m[l4][0m skip completed load-8192-q5-plain-r3
[0;34m[l4][0m skip completed load-8192-q5-envoy-permissive-r3
[0;34m[l4][0m skip completed load-8192-q5-envoy-strict-r3
[0;34m[l4][0m skip completed load-8192-q5-dpumesh-preload-r3
[0;34m[l4][0m skip completed load-8192-q6-envoy-permissive-r3
[0;34m[l4][0m skip completed load-8192-q6-envoy-strict-r3
[0;34m[l4][0m skip completed load-8192-q6-dpumesh-preload-r3
[0;34m[l4][0m skip completed load-8192-q6-plain-r3
[0;34m[l4][0m skip completed load-8192-q7-envoy-strict-r3
[0;34m[l4][0m skip completed load-8192-q7-dpumesh-preload-r3
[0;34m[l4][0m skip completed load-8192-q7-plain-r3
[0;34m[l4][0m skip completed load-8192-q7-envoy-permissive-r3
[0;34m[l4][0m skip completed load-8192-q8-dpumesh-preload-r3
[0;34m[l4][0m skip completed load-8192-q8-plain-r3
[0;34m[l4][0m skip completed load-8192-q8-envoy-permissive-r3
[0;34m[l4][0m skip completed load-8192-q8-envoy-strict-r3
[0;34m[l4][0m skip completed load-8192-q9-plain-r3
[0;34m[l4][0m skip completed load-8192-q9-envoy-permissive-r3
[0;34m[l4][0m skip completed load-8192-q9-envoy-strict-r3
[0;34m[l4][0m skip completed load-8192-q9-dpumesh-preload-r3
[0;34m[l4][0m dataset validation PASS: load=324 idle=12 calibration=24
[0;34m[l4][0m selecting clean primary points and collecting separate perf replays
[0;34m[l4][0m skip completed profile-64-q4-plain
[0;34m[l4][0m skip completed profile-64-q7-envoy-permissive
[0;34m[l4][0m skip completed profile-64-q7-envoy-strict
[0;34m[l4][0m skip completed profile-64-q5-dpumesh-preload
[1;33m[l4][0m retrying profile-1024-q5-plain after previous status=drops
[0;34m[l4][0m profile-1024-q5-plain perf replay complete: achieved=149270.000 p99=145.00
[0;34m[l4][0m profile-1024-q6-envoy-permissive perf replay complete: achieved=289920.000 p99=402.00
[0;34m[l4][0m profile-1024-q6-envoy-strict perf replay complete: achieved=289918.000 p99=453.00
[0;34m[l4][0m profile-1024-q5-dpumesh-preload perf replay complete: achieved=148186.000 p99=163872.00
[0;34m[l4][0m profile-8192-q3-plain perf replay complete: achieved=17455.000 p99=325.00
[0;34m[l4][0m profile-8192-q7-envoy-permissive perf replay complete: achieved=172992.000 p99=647.00
[0;34m[l4][0m profile-8192-q6-envoy-strict perf replay complete: achieved=97507.000 p99=3138.00
[0;34m[l4][0m profile-8192-q4-dpumesh-preload perf replay complete: achieved=30970.000 p99=295.00
[0;34m[l4][0m perf validation PASS: profiles=12
[0;34m[l4][0m output=/home/jukebox/DPUmesh/bench/report/data/l4-20260728-022756
[0;34m[l4][0m planned: load=324 idle=12 calibration=24 perf_replays=12 timed_windows~59.0min
[sudo] password for jukebox: [0;34m[l4][0m using existing deployment (--no-deploy)
[0;32m[INFO][0m Host NUMA: PCI 94:00.0 -> node 1, benchmark cores 18-35
[0;34m[STEP][0m === Pinning pods to dedicated cores (taskset, profile=l4) ===
[0;32m[INFO][0m CPU governor=performance, fixed 2.5 GHz on cores 18-35
[0;32m[INFO][0m bench-dpumesh → core(s) 26 (pod=3e0d64342364b139037e5969d7e68442b1e404031d525fe0cf8add40ed559496)
[0;32m[INFO][0m   bench-dpumesh (PID 1964054) → 26
[0;32m[INFO][0m bench-dpumesh-2 → core(s) 28 (pod=c588bb7943e3866ea57a8aa55e8b450d4147c3ad5d3c9ddfdcfa5853a858cdb2)
[0;32m[INFO][0m   bench-dpumesh-2 (PID 1964304) → 28
[0;32m[INFO][0m bench-dpumesh-3 → core(s) 29 (pod=7e389148b25321890cdd83545f450fd0bc8df80d884c09e68acf5a38ea4a34dc)
[0;32m[INFO][0m   bench-dpumesh-3 (PID 1964519) → 29
[0;32m[INFO][0m echo-dpumesh → core(s) 27 (pod=4755a70626534b1486bb9086a0631b0c5ea0c03ed7e0958f0ec431c1d970efe0)
[0;32m[INFO][0m   echo-dpumesh (PID 1963252) → 27
[0;32m[INFO][0m echo-dpumesh-13 → core(s) 30 (pod=c404336510899b1889e44b5ca7e79b8bb1e832cb20bdd545e8e003b59e661031)
[0;32m[INFO][0m   echo-dpumesh-13 (PID 1963653) → 30
[0;32m[INFO][0m echo-dpumesh-14 → core(s) 31 (pod=0c18451ea04861a5b9ddad756a599b360be6b2eb5e6c0ef1781f2c26aaf6eb4c)
[0;32m[INFO][0m   echo-dpumesh-14 (PID 1963851) → 31
[0;32m[INFO][0m loopback-dpumesh → core(s) 32 (pod=3b5c9b798c7b99464ce323c129455c3bd564d36abbe79aab24c39a0127344cde)
[0;32m[INFO][0m   loopback-dpumesh (PID 1964730) → 32
[0;32m[INFO][0m stream-dpumesh → core(s) 33 (pod=db7cd6a757eaeb1571873485efbc99eb0cf791b5d2640c62fb7e5e7316998cbd)
[0;32m[INFO][0m   stream-dpumesh (PID 1965825) → 33
[0;32m[INFO][0m verbs-dpumesh → core(s) 34 (pod=be0d1dfcd1e26758ad443639bee436c073fa8bfe195d7b86d1d15b64a1e78b31)
[0;32m[INFO][0m   verbs-dpumesh (PID 1965614) → 34
[0;32m[INFO][0m preload-dpumesh → core(s) 35 (pod=2396b689830bdd2232d02c4fea80f312c118ef6af1fcd66b36610a90250230f1)
[0;32m[INFO][0m   preload-dpumesh (PID 1964972) → 35
[0;32m[INFO][0m preload-echo → core(s) 19 (pod=856567f755a7b33a28c844a4cd5ffa7af7749f3aa90180b8a7aa254965cffd42)
[0;32m[INFO][0m   preload-echo (PID 1965182) → 19
[0;32m[INFO][0m preload-bench → core(s) 18 (pod=155aece260fadebd10e9f5b219f12c594a16c436ebdbb42cdf47bee1d99a9bae)
[0;32m[INFO][0m   preload-bench (PID 1965407) → 18
[0;32m[INFO][0m bench-tcp → core(s) 22 (pod=11b1ebcb29bb3d609224a633bd2c4759139c3e51691f7c83494066f8a500e16d)
[0;32m[INFO][0m   sidecar1 (PID 1967748) → 22
[0;32m[INFO][0m   bench-tcp (PID 1967723) → 22
[0;32m[INFO][0m echo-tcp → core(s) 23 (pod=c54c7fdf264f60992411ee5a8df2542a930fbba8e2f2db00ed0cb3a4d101c808)
[0;32m[INFO][0m   sidecar2 (PID 1967449) → 23
[0;32m[INFO][0m   echo-tcp (PID 1967427) → 23
[0;32m[INFO][0m bench-tcp-strict → core(s) 24 (pod=32043378ca040a7326cc8526279f6381513718daad59f4116174656aef2bddc0)
[0;32m[INFO][0m   sidecar1 (PID 1967095) → 24
[0;32m[INFO][0m   bench-tcp-strict (PID 1967072) → 24
[0;32m[INFO][0m echo-tcp-strict → core(s) 25 (pod=1c683c7b43581719588d7566dfe95b4d0be61c108bc023aebe3626c930318b62)
[0;32m[INFO][0m   sidecar2 (PID 1966798) → 25
[0;32m[INFO][0m   echo-tcp-strict (PID 1966776) → 25
[0;32m[INFO][0m bench-direct → core(s) 20 (pod=d9a48423dba53b13a85ddc5dcc64f17c89b96169a8cf8319243ef8ac64ed58a6)
[0;32m[INFO][0m   bench-direct (PID 1968018) → 20
[0;32m[INFO][0m echo-plain → core(s) 21 (pod=7dd798f145ac78cd3f3c01e81b9a1b77b2952ced87b13fa0a35cba479e86827a)
[0;32m[INFO][0m   echo-plain (PID 1966569) → 21
[0;32m[INFO][0m Pinning done
[0;34m[l4][0m binary equivalence PASS (bench_sock and echo_sock hashes match)
[0;34m[l4][0m smoke plain: OK mrps=0.369263 gbps=0.1891 p50=41.00 p95=52.00 p99=54.00 p999=65.00 p9999=86.00 avg=41.97 min=17.08 max=6934.85 rcnt=736944 scheduled=737040 pending=16 fail=0 conc=4 threads=4 reqsz=64 repsz=8 durs=2.000 offered_mrps=0.369263 drops=0 overflow=0 reorder=0 mode=closed arr=const
[0;34m[l4][0m smoke envoy-permissive: OK mrps=0.145140 gbps=0.0743 p50=107.00 p95=139.00 p99=171.00 p999=233.00 p9999=480.00 avg=109.18 min=54.09 max=519.39 rcnt=290132 scheduled=290228 pending=16 fail=0 conc=4 threads=4 reqsz=64 repsz=8 durs=2.000 offered_mrps=0.145140 drops=0 overflow=0 reorder=0 mode=closed arr=const
[0;34m[l4][0m smoke envoy-strict: OK mrps=0.136169 gbps=0.0697 p50=112.00 p95=142.00 p99=187.00 p999=236.00 p9999=463.00 avg=116.44 min=58.15 max=531.26 rcnt=272184 scheduled=272280 pending=16 fail=0 conc=4 threads=4 reqsz=64 repsz=8 durs=2.000 offered_mrps=0.136169 drops=0 overflow=0 reorder=0 mode=closed arr=const
[0;34m[l4][0m smoke dpumesh-preload: OK mrps=0.103146 gbps=0.0528 p50=144.00 p95=188.00 p99=342.00 p999=542.00 p9999=622.00 avg=151.47 min=70.47 max=1201.75 rcnt=206132 scheduled=206228 pending=16 fail=0 conc=4 threads=4 reqsz=64 repsz=8 durs=2.000 offered_mrps=0.103146 drops=0 overflow=0 reorder=0 mode=closed arr=const
[0;34m[l4][0m collecting idle baselines
[0;34m[l4][0m skip completed idle-0-q0-envoy-permissive-r1
[0;34m[l4][0m skip completed idle-0-q0-envoy-strict-r1
[0;34m[l4][0m skip completed idle-0-q0-dpumesh-preload-r1
[0;34m[l4][0m skip completed idle-0-q0-plain-r1
[0;34m[l4][0m skip completed idle-0-q0-envoy-strict-r2
[0;34m[l4][0m skip completed idle-0-q0-dpumesh-preload-r2
[0;34m[l4][0m skip completed idle-0-q0-plain-r2
[0;34m[l4][0m skip completed idle-0-q0-envoy-permissive-r2
[0;34m[l4][0m skip completed idle-0-q0-dpumesh-preload-r3
[0;34m[l4][0m skip completed idle-0-q0-plain-r3
[0;34m[l4][0m skip completed idle-0-q0-envoy-permissive-r3
[0;34m[l4][0m skip completed idle-0-q0-envoy-strict-r3
[0;34m[l4][0m collecting open-loop load sweep
[0;34m[l4][0m skip completed load-64-q1-envoy-strict-r1
[0;34m[l4][0m skip completed load-64-q1-dpumesh-preload-r1
[0;34m[l4][0m skip completed load-64-q1-plain-r1
[0;34m[l4][0m skip completed load-64-q1-envoy-permissive-r1
[0;34m[l4][0m skip completed load-64-q2-dpumesh-preload-r1
[0;34m[l4][0m skip completed load-64-q2-plain-r1
[0;34m[l4][0m skip completed load-64-q2-envoy-permissive-r1
[0;34m[l4][0m skip completed load-64-q2-envoy-strict-r1
[0;34m[l4][0m skip completed load-64-q3-plain-r1
[0;34m[l4][0m skip completed load-64-q3-envoy-permissive-r1
[0;34m[l4][0m skip completed load-64-q3-envoy-strict-r1
[0;34m[l4][0m skip completed load-64-q3-dpumesh-preload-r1
[0;34m[l4][0m skip completed load-64-q4-envoy-permissive-r1
[0;34m[l4][0m skip completed load-64-q4-envoy-strict-r1
[0;34m[l4][0m skip completed load-64-q4-dpumesh-preload-r1
[0;34m[l4][0m skip completed load-64-q4-plain-r1
[0;34m[l4][0m skip completed load-64-q5-envoy-strict-r1
[0;34m[l4][0m skip completed load-64-q5-dpumesh-preload-r1
[0;34m[l4][0m skip completed load-64-q5-plain-r1
[0;34m[l4][0m skip completed load-64-q5-envoy-permissive-r1
[0;34m[l4][0m skip completed load-64-q6-dpumesh-preload-r1
[0;34m[l4][0m skip completed load-64-q6-plain-r1
[0;34m[l4][0m skip completed load-64-q6-envoy-permissive-r1
[0;34m[l4][0m skip completed load-64-q6-envoy-strict-r1
[0;34m[l4][0m skip completed load-64-q7-plain-r1
[0;34m[l4][0m skip completed load-64-q7-envoy-permissive-r1
[0;34m[l4][0m skip completed load-64-q7-envoy-strict-r1
[0;34m[l4][0m skip completed load-64-q7-dpumesh-preload-r1
[0;34m[l4][0m skip completed load-64-q8-envoy-permissive-r1
[0;34m[l4][0m skip completed load-64-q8-envoy-strict-r1
[0;34m[l4][0m skip completed load-64-q8-dpumesh-preload-r1
[0;34m[l4][0m skip completed load-64-q8-plain-r1
[0;34m[l4][0m skip completed load-64-q9-envoy-strict-r1
[0;34m[l4][0m skip completed load-64-q9-dpumesh-preload-r1
[0;34m[l4][0m skip completed load-64-q9-plain-r1
[0;34m[l4][0m skip completed load-64-q9-envoy-permissive-r1
[0;34m[l4][0m skip completed load-64-q9-dpumesh-preload-r2
[0;34m[l4][0m skip completed load-64-q9-plain-r2
[0;34m[l4][0m skip completed load-64-q9-envoy-permissive-r2
[0;34m[l4][0m skip completed load-64-q9-envoy-strict-r2
[0;34m[l4][0m skip completed load-64-q8-envoy-strict-r2
[0;34m[l4][0m skip completed load-64-q8-dpumesh-preload-r2
[0;34m[l4][0m skip completed load-64-q8-plain-r2
[0;34m[l4][0m skip completed load-64-q8-envoy-permissive-r2
[0;34m[l4][0m skip completed load-64-q7-envoy-permissive-r2
[0;34m[l4][0m skip completed load-64-q7-envoy-strict-r2
[0;34m[l4][0m skip completed load-64-q7-dpumesh-preload-r2
[0;34m[l4][0m skip completed load-64-q7-plain-r2
[0;34m[l4][0m skip completed load-64-q6-plain-r2
[0;34m[l4][0m skip completed load-64-q6-envoy-permissive-r2
[0;34m[l4][0m skip completed load-64-q6-envoy-strict-r2
[0;34m[l4][0m skip completed load-64-q6-dpumesh-preload-r2
[0;34m[l4][0m skip completed load-64-q5-dpumesh-preload-r2
[0;34m[l4][0m skip completed load-64-q5-plain-r2
[0;34m[l4][0m skip completed load-64-q5-envoy-permissive-r2
[0;34m[l4][0m skip completed load-64-q5-envoy-strict-r2
[0;34m[l4][0m skip completed load-64-q4-envoy-strict-r2
[0;34m[l4][0m skip completed load-64-q4-dpumesh-preload-r2
[0;34m[l4][0m skip completed load-64-q4-plain-r2
[0;34m[l4][0m skip completed load-64-q4-envoy-permissive-r2
[0;34m[l4][0m skip completed load-64-q3-envoy-permissive-r2
[0;34m[l4][0m skip completed load-64-q3-envoy-strict-r2
[0;34m[l4][0m skip completed load-64-q3-dpumesh-preload-r2
[0;34m[l4][0m skip completed load-64-q3-plain-r2
[0;34m[l4][0m skip completed load-64-q2-plain-r2
[0;34m[l4][0m skip completed load-64-q2-envoy-permissive-r2
[0;34m[l4][0m skip completed load-64-q2-envoy-strict-r2
[0;34m[l4][0m skip completed load-64-q2-dpumesh-preload-r2
[0;34m[l4][0m skip completed load-64-q1-dpumesh-preload-r2
[0;34m[l4][0m skip completed load-64-q1-plain-r2
[0;34m[l4][0m skip completed load-64-q1-envoy-permissive-r2
[0;34m[l4][0m skip completed load-64-q1-envoy-strict-r2
[0;34m[l4][0m skip completed load-64-q1-plain-r3
[0;34m[l4][0m skip completed load-64-q1-envoy-permissive-r3
[0;34m[l4][0m skip completed load-64-q1-envoy-strict-r3
[0;34m[l4][0m skip completed load-64-q1-dpumesh-preload-r3
[0;34m[l4][0m skip completed load-64-q2-envoy-permissive-r3
[0;34m[l4][0m skip completed load-64-q2-envoy-strict-r3
[0;34m[l4][0m skip completed load-64-q2-dpumesh-preload-r3
[0;34m[l4][0m skip completed load-64-q2-plain-r3
[0;34m[l4][0m skip completed load-64-q3-envoy-strict-r3
[0;34m[l4][0m skip completed load-64-q3-dpumesh-preload-r3
[0;34m[l4][0m skip completed load-64-q3-plain-r3
[0;34m[l4][0m skip completed load-64-q3-envoy-permissive-r3
[0;34m[l4][0m skip completed load-64-q4-dpumesh-preload-r3
[0;34m[l4][0m skip completed load-64-q4-plain-r3
[0;34m[l4][0m skip completed load-64-q4-envoy-permissive-r3
[0;34m[l4][0m skip completed load-64-q4-envoy-strict-r3
[0;34m[l4][0m skip completed load-64-q5-plain-r3
[0;34m[l4][0m skip completed load-64-q5-envoy-permissive-r3
[0;34m[l4][0m skip completed load-64-q5-envoy-strict-r3
[0;34m[l4][0m skip completed load-64-q5-dpumesh-preload-r3
[0;34m[l4][0m skip completed load-64-q6-envoy-permissive-r3
[0;34m[l4][0m skip completed load-64-q6-envoy-strict-r3
[0;34m[l4][0m skip completed load-64-q6-dpumesh-preload-r3
[0;34m[l4][0m skip completed load-64-q6-plain-r3
[0;34m[l4][0m skip completed load-64-q7-envoy-strict-r3
[0;34m[l4][0m skip completed load-64-q7-dpumesh-preload-r3
[0;34m[l4][0m skip completed load-64-q7-plain-r3
[0;34m[l4][0m skip completed load-64-q7-envoy-permissive-r3
[0;34m[l4][0m skip completed load-64-q8-dpumesh-preload-r3
[0;34m[l4][0m skip completed load-64-q8-plain-r3
[0;34m[l4][0m skip completed load-64-q8-envoy-permissive-r3
[0;34m[l4][0m skip completed load-64-q8-envoy-strict-r3
[0;34m[l4][0m skip completed load-64-q9-plain-r3
[0;34m[l4][0m skip completed load-64-q9-envoy-permissive-r3
[0;34m[l4][0m skip completed load-64-q9-envoy-strict-r3
[0;34m[l4][0m skip completed load-64-q9-dpumesh-preload-r3
[0;34m[l4][0m skip completed load-1024-q1-envoy-strict-r1
[0;34m[l4][0m skip completed load-1024-q1-dpumesh-preload-r1
[0;34m[l4][0m skip completed load-1024-q1-plain-r1
[0;34m[l4][0m skip completed load-1024-q1-envoy-permissive-r1
[0;34m[l4][0m skip completed load-1024-q2-dpumesh-preload-r1
[0;34m[l4][0m skip completed load-1024-q2-plain-r1
[0;34m[l4][0m skip completed load-1024-q2-envoy-permissive-r1
[0;34m[l4][0m skip completed load-1024-q2-envoy-strict-r1
[0;34m[l4][0m skip completed load-1024-q3-plain-r1
[0;34m[l4][0m skip completed load-1024-q3-envoy-permissive-r1
[0;34m[l4][0m skip completed load-1024-q3-envoy-strict-r1
[0;34m[l4][0m skip completed load-1024-q3-dpumesh-preload-r1
[0;34m[l4][0m skip completed load-1024-q4-envoy-permissive-r1
[0;34m[l4][0m skip completed load-1024-q4-envoy-strict-r1
[0;34m[l4][0m skip completed load-1024-q4-dpumesh-preload-r1
[0;34m[l4][0m skip completed load-1024-q4-plain-r1
[0;34m[l4][0m skip completed load-1024-q5-envoy-strict-r1
[0;34m[l4][0m skip completed load-1024-q5-dpumesh-preload-r1
[0;34m[l4][0m skip completed load-1024-q5-plain-r1
[0;34m[l4][0m skip completed load-1024-q5-envoy-permissive-r1
[0;34m[l4][0m skip completed load-1024-q6-dpumesh-preload-r1
[0;34m[l4][0m skip completed load-1024-q6-plain-r1
[0;34m[l4][0m skip completed load-1024-q6-envoy-permissive-r1
[0;34m[l4][0m skip completed load-1024-q6-envoy-strict-r1
[0;34m[l4][0m skip completed load-1024-q7-plain-r1
[0;34m[l4][0m skip completed load-1024-q7-envoy-permissive-r1
[0;34m[l4][0m skip completed load-1024-q7-envoy-strict-r1
[0;34m[l4][0m skip completed load-1024-q7-dpumesh-preload-r1
[0;34m[l4][0m skip completed load-1024-q8-envoy-permissive-r1
[0;34m[l4][0m skip completed load-1024-q8-envoy-strict-r1
[0;34m[l4][0m skip completed load-1024-q8-dpumesh-preload-r1
[0;34m[l4][0m skip completed load-1024-q8-plain-r1
[0;34m[l4][0m skip completed load-1024-q9-envoy-strict-r1
[0;34m[l4][0m skip completed load-1024-q9-dpumesh-preload-r1
[0;34m[l4][0m skip completed load-1024-q9-plain-r1
[0;34m[l4][0m skip completed load-1024-q9-envoy-permissive-r1
[0;34m[l4][0m skip completed load-1024-q9-dpumesh-preload-r2
[0;34m[l4][0m skip completed load-1024-q9-plain-r2
[0;34m[l4][0m skip completed load-1024-q9-envoy-permissive-r2
[0;34m[l4][0m skip completed load-1024-q9-envoy-strict-r2
[0;34m[l4][0m skip completed load-1024-q8-envoy-strict-r2
[0;34m[l4][0m skip completed load-1024-q8-dpumesh-preload-r2
[0;34m[l4][0m skip completed load-1024-q8-plain-r2
[0;34m[l4][0m skip completed load-1024-q8-envoy-permissive-r2
[0;34m[l4][0m skip completed load-1024-q7-envoy-permissive-r2
[0;34m[l4][0m skip completed load-1024-q7-envoy-strict-r2
[0;34m[l4][0m skip completed load-1024-q7-dpumesh-preload-r2
[0;34m[l4][0m skip completed load-1024-q7-plain-r2
[0;34m[l4][0m skip completed load-1024-q6-plain-r2
[0;34m[l4][0m skip completed load-1024-q6-envoy-permissive-r2
[0;34m[l4][0m skip completed load-1024-q6-envoy-strict-r2
[0;34m[l4][0m skip completed load-1024-q6-dpumesh-preload-r2
[0;34m[l4][0m skip completed load-1024-q5-dpumesh-preload-r2
[0;34m[l4][0m skip completed load-1024-q5-plain-r2
[0;34m[l4][0m skip completed load-1024-q5-envoy-permissive-r2
[0;34m[l4][0m skip completed load-1024-q5-envoy-strict-r2
[0;34m[l4][0m skip completed load-1024-q4-envoy-strict-r2
[0;34m[l4][0m skip completed load-1024-q4-dpumesh-preload-r2
[0;34m[l4][0m skip completed load-1024-q4-plain-r2
[0;34m[l4][0m skip completed load-1024-q4-envoy-permissive-r2
[0;34m[l4][0m skip completed load-1024-q3-envoy-permissive-r2
[0;34m[l4][0m skip completed load-1024-q3-envoy-strict-r2
[0;34m[l4][0m skip completed load-1024-q3-dpumesh-preload-r2
[0;34m[l4][0m skip completed load-1024-q3-plain-r2
[0;34m[l4][0m skip completed load-1024-q2-plain-r2
[0;34m[l4][0m skip completed load-1024-q2-envoy-permissive-r2
[0;34m[l4][0m skip completed load-1024-q2-envoy-strict-r2
[0;34m[l4][0m skip completed load-1024-q2-dpumesh-preload-r2
[0;34m[l4][0m skip completed load-1024-q1-dpumesh-preload-r2
[0;34m[l4][0m skip completed load-1024-q1-plain-r2
[0;34m[l4][0m skip completed load-1024-q1-envoy-permissive-r2
[0;34m[l4][0m skip completed load-1024-q1-envoy-strict-r2
[0;34m[l4][0m skip completed load-1024-q1-plain-r3
[0;34m[l4][0m skip completed load-1024-q1-envoy-permissive-r3
[0;34m[l4][0m skip completed load-1024-q1-envoy-strict-r3
[0;34m[l4][0m skip completed load-1024-q1-dpumesh-preload-r3
[0;34m[l4][0m skip completed load-1024-q2-envoy-permissive-r3
[0;34m[l4][0m skip completed load-1024-q2-envoy-strict-r3
[0;34m[l4][0m skip completed load-1024-q2-dpumesh-preload-r3
[0;34m[l4][0m skip completed load-1024-q2-plain-r3
[0;34m[l4][0m skip completed load-1024-q3-envoy-strict-r3
[0;34m[l4][0m skip completed load-1024-q3-dpumesh-preload-r3
[0;34m[l4][0m skip completed load-1024-q3-plain-r3
[0;34m[l4][0m skip completed load-1024-q3-envoy-permissive-r3
[0;34m[l4][0m skip completed load-1024-q4-dpumesh-preload-r3
[0;34m[l4][0m skip completed load-1024-q4-plain-r3
[0;34m[l4][0m skip completed load-1024-q4-envoy-permissive-r3
[0;34m[l4][0m skip completed load-1024-q4-envoy-strict-r3
[0;34m[l4][0m skip completed load-1024-q5-plain-r3
[0;34m[l4][0m skip completed load-1024-q5-envoy-permissive-r3
[0;34m[l4][0m skip completed load-1024-q5-envoy-strict-r3
[0;34m[l4][0m skip completed load-1024-q5-dpumesh-preload-r3
[0;34m[l4][0m skip completed load-1024-q6-envoy-permissive-r3
[0;34m[l4][0m skip completed load-1024-q6-envoy-strict-r3
[0;34m[l4][0m skip completed load-1024-q6-dpumesh-preload-r3
[0;34m[l4][0m skip completed load-1024-q6-plain-r3
[0;34m[l4][0m skip completed load-1024-q7-envoy-strict-r3
[0;34m[l4][0m skip completed load-1024-q7-dpumesh-preload-r3
[0;34m[l4][0m skip completed load-1024-q7-plain-r3
[0;34m[l4][0m skip completed load-1024-q7-envoy-permissive-r3
[0;34m[l4][0m skip completed load-1024-q8-dpumesh-preload-r3
[0;34m[l4][0m skip completed load-1024-q8-plain-r3
[0;34m[l4][0m skip completed load-1024-q8-envoy-permissive-r3
[0;34m[l4][0m skip completed load-1024-q8-envoy-strict-r3
[0;34m[l4][0m skip completed load-1024-q9-plain-r3
[0;34m[l4][0m skip completed load-1024-q9-envoy-permissive-r3
[0;34m[l4][0m skip completed load-1024-q9-envoy-strict-r3
[0;34m[l4][0m skip completed load-1024-q9-dpumesh-preload-r3
[0;34m[l4][0m skip completed load-8192-q1-envoy-strict-r1
[0;34m[l4][0m skip completed load-8192-q1-dpumesh-preload-r1
[0;34m[l4][0m skip completed load-8192-q1-plain-r1
[0;34m[l4][0m skip completed load-8192-q1-envoy-permissive-r1
[0;34m[l4][0m skip completed load-8192-q2-dpumesh-preload-r1
[0;34m[l4][0m skip completed load-8192-q2-plain-r1
[0;34m[l4][0m skip completed load-8192-q2-envoy-permissive-r1
[0;34m[l4][0m skip completed load-8192-q2-envoy-strict-r1
[0;34m[l4][0m skip completed load-8192-q3-plain-r1
[0;34m[l4][0m skip completed load-8192-q3-envoy-permissive-r1
[0;34m[l4][0m skip completed load-8192-q3-envoy-strict-r1
[0;34m[l4][0m skip completed load-8192-q3-dpumesh-preload-r1
[0;34m[l4][0m skip completed load-8192-q4-envoy-permissive-r1
[0;34m[l4][0m skip completed load-8192-q4-envoy-strict-r1
[0;34m[l4][0m skip completed load-8192-q4-dpumesh-preload-r1
[0;34m[l4][0m skip completed load-8192-q4-plain-r1
[0;34m[l4][0m skip completed load-8192-q5-envoy-strict-r1
[0;34m[l4][0m skip completed load-8192-q5-dpumesh-preload-r1
[0;34m[l4][0m skip completed load-8192-q5-plain-r1
[0;34m[l4][0m skip completed load-8192-q5-envoy-permissive-r1
[0;34m[l4][0m skip completed load-8192-q6-dpumesh-preload-r1
[0;34m[l4][0m skip completed load-8192-q6-plain-r1
[0;34m[l4][0m skip completed load-8192-q6-envoy-permissive-r1
[0;34m[l4][0m skip completed load-8192-q6-envoy-strict-r1
[0;34m[l4][0m skip completed load-8192-q7-plain-r1
[0;34m[l4][0m skip completed load-8192-q7-envoy-permissive-r1
[0;34m[l4][0m skip completed load-8192-q7-envoy-strict-r1
[0;34m[l4][0m skip completed load-8192-q7-dpumesh-preload-r1
[0;34m[l4][0m skip completed load-8192-q8-envoy-permissive-r1
[0;34m[l4][0m skip completed load-8192-q8-envoy-strict-r1
[0;34m[l4][0m skip completed load-8192-q8-dpumesh-preload-r1
[0;34m[l4][0m skip completed load-8192-q8-plain-r1
[0;34m[l4][0m skip completed load-8192-q9-envoy-strict-r1
[0;34m[l4][0m skip completed load-8192-q9-dpumesh-preload-r1
[0;34m[l4][0m skip completed load-8192-q9-plain-r1
[0;34m[l4][0m skip completed load-8192-q9-envoy-permissive-r1
[0;34m[l4][0m skip completed load-8192-q9-dpumesh-preload-r2
[0;34m[l4][0m skip completed load-8192-q9-plain-r2
[0;34m[l4][0m skip completed load-8192-q9-envoy-permissive-r2
[0;34m[l4][0m skip completed load-8192-q9-envoy-strict-r2
[0;34m[l4][0m skip completed load-8192-q8-envoy-strict-r2
[0;34m[l4][0m skip completed load-8192-q8-dpumesh-preload-r2
[0;34m[l4][0m skip completed load-8192-q8-plain-r2
[0;34m[l4][0m skip completed load-8192-q8-envoy-permissive-r2
[0;34m[l4][0m skip completed load-8192-q7-envoy-permissive-r2
[0;34m[l4][0m skip completed load-8192-q7-envoy-strict-r2
[0;34m[l4][0m skip completed load-8192-q7-dpumesh-preload-r2
[0;34m[l4][0m skip completed load-8192-q7-plain-r2
[0;34m[l4][0m skip completed load-8192-q6-plain-r2
[0;34m[l4][0m skip completed load-8192-q6-envoy-permissive-r2
[0;34m[l4][0m skip completed load-8192-q6-envoy-strict-r2
[0;34m[l4][0m skip completed load-8192-q6-dpumesh-preload-r2
[0;34m[l4][0m skip completed load-8192-q5-dpumesh-preload-r2
[0;34m[l4][0m skip completed load-8192-q5-plain-r2
[0;34m[l4][0m skip completed load-8192-q5-envoy-permissive-r2
[0;34m[l4][0m skip completed load-8192-q5-envoy-strict-r2
[0;34m[l4][0m skip completed load-8192-q4-envoy-strict-r2
[0;34m[l4][0m skip completed load-8192-q4-dpumesh-preload-r2
[0;34m[l4][0m skip completed load-8192-q4-plain-r2
[0;34m[l4][0m skip completed load-8192-q4-envoy-permissive-r2
[0;34m[l4][0m skip completed load-8192-q3-envoy-permissive-r2
[0;34m[l4][0m skip completed load-8192-q3-envoy-strict-r2
[0;34m[l4][0m skip completed load-8192-q3-dpumesh-preload-r2
[0;34m[l4][0m skip completed load-8192-q3-plain-r2
[0;34m[l4][0m skip completed load-8192-q2-plain-r2
[0;34m[l4][0m skip completed load-8192-q2-envoy-permissive-r2
[0;34m[l4][0m skip completed load-8192-q2-envoy-strict-r2
[0;34m[l4][0m skip completed load-8192-q2-dpumesh-preload-r2
[0;34m[l4][0m skip completed load-8192-q1-dpumesh-preload-r2
[0;34m[l4][0m skip completed load-8192-q1-plain-r2
[0;34m[l4][0m skip completed load-8192-q1-envoy-permissive-r2
[0;34m[l4][0m skip completed load-8192-q1-envoy-strict-r2
[0;34m[l4][0m skip completed load-8192-q1-plain-r3
[0;34m[l4][0m skip completed load-8192-q1-envoy-permissive-r3
[0;34m[l4][0m skip completed load-8192-q1-envoy-strict-r3
[0;34m[l4][0m skip completed load-8192-q1-dpumesh-preload-r3
[0;34m[l4][0m skip completed load-8192-q2-envoy-permissive-r3
[0;34m[l4][0m skip completed load-8192-q2-envoy-strict-r3
[0;34m[l4][0m skip completed load-8192-q2-dpumesh-preload-r3
[0;34m[l4][0m skip completed load-8192-q2-plain-r3
[0;34m[l4][0m skip completed load-8192-q3-envoy-strict-r3
[0;34m[l4][0m skip completed load-8192-q3-dpumesh-preload-r3
[0;34m[l4][0m skip completed load-8192-q3-plain-r3
[0;34m[l4][0m skip completed load-8192-q3-envoy-permissive-r3
[0;34m[l4][0m skip completed load-8192-q4-dpumesh-preload-r3
[0;34m[l4][0m skip completed load-8192-q4-plain-r3
[0;34m[l4][0m skip completed load-8192-q4-envoy-permissive-r3
[0;34m[l4][0m skip completed load-8192-q4-envoy-strict-r3
[0;34m[l4][0m skip completed load-8192-q5-plain-r3
[0;34m[l4][0m skip completed load-8192-q5-envoy-permissive-r3
[0;34m[l4][0m skip completed load-8192-q5-envoy-strict-r3
[0;34m[l4][0m skip completed load-8192-q5-dpumesh-preload-r3
[0;34m[l4][0m skip completed load-8192-q6-envoy-permissive-r3
[0;34m[l4][0m skip completed load-8192-q6-envoy-strict-r3
[0;34m[l4][0m skip completed load-8192-q6-dpumesh-preload-r3
[0;34m[l4][0m skip completed load-8192-q6-plain-r3
[0;34m[l4][0m skip completed load-8192-q7-envoy-strict-r3
[0;34m[l4][0m skip completed load-8192-q7-dpumesh-preload-r3
[0;34m[l4][0m skip completed load-8192-q7-plain-r3
[0;34m[l4][0m skip completed load-8192-q7-envoy-permissive-r3
[0;34m[l4][0m skip completed load-8192-q8-dpumesh-preload-r3
[0;34m[l4][0m skip completed load-8192-q8-plain-r3
[0;34m[l4][0m skip completed load-8192-q8-envoy-permissive-r3
[0;34m[l4][0m skip completed load-8192-q8-envoy-strict-r3
[0;34m[l4][0m skip completed load-8192-q9-plain-r3
[0;34m[l4][0m skip completed load-8192-q9-envoy-permissive-r3
[0;34m[l4][0m skip completed load-8192-q9-envoy-strict-r3
[0;34m[l4][0m skip completed load-8192-q9-dpumesh-preload-r3
[0;34m[l4][0m dataset validation PASS: load=324 idle=12 calibration=24
[0;34m[l4][0m selecting clean primary points and collecting separate perf replays
[1;33m[l4][0m preserved 5 superseded perf profiles under /home/jukebox/DPUmesh/bench/report/data/l4-20260728-022756/raw/perf/obsolete
[0;34m[l4][0m profile-64-q6-plain perf replay complete: achieved=333995.000 p99=146.00
[0;34m[l4][0m skip completed profile-64-q7-envoy-permissive
[0;34m[l4][0m skip completed profile-64-q7-envoy-strict
[0;34m[l4][0m profile-64-q6-dpumesh-preload perf replay complete: achieved=331427.000 p99=181446.00
[0;34m[l4][0m skip completed profile-1024-q5-plain
[0;34m[l4][0m profile-1024-q7-envoy-permissive perf replay complete: achieved=562743.000 p99=429.00
[0;34m[l4][0m skip completed profile-1024-q6-envoy-strict
[0;31m[l4][0m profile-1024-q6-dpumesh-preload failed: status=profile_perturbed result=OK mrps=0.225786 gbps=1.8496 p50=44541.00 p95=139012.00 p99=184170.00 p999=261840.00 p9999=275980.00 avg=56527.24 min=19.32 max=278117.99 rcnt=2257206 scheduled=2899218 pending=2895 fail=0 conc=0 threads=4 reqsz=1024 repsz=8 durs=10.000 offered_mrps=0.289922 drops=638317 overflow=0 reorder=0 mode=open arr=const
[0;34m[l4][0m output=/home/jukebox/DPUmesh/bench/report/data/l4-20260728-022756
[0;34m[l4][0m planned: load=324 idle=12 calibration=24 perf_replays=12 timed_windows~59.0min
[sudo] password for jukebox: [0;34m[l4][0m using existing deployment (--no-deploy)
[0;32m[INFO][0m Host NUMA: PCI 94:00.0 -> node 1, benchmark cores 18-35
[0;34m[STEP][0m === Pinning pods to dedicated cores (taskset, profile=l4) ===
[0;32m[INFO][0m CPU governor=performance, fixed 2.5 GHz on cores 18-35
[0;32m[INFO][0m bench-dpumesh → core(s) 26 (pod=3e0d64342364b139037e5969d7e68442b1e404031d525fe0cf8add40ed559496)
[0;32m[INFO][0m   bench-dpumesh (PID 1964054) → 26
[0;32m[INFO][0m bench-dpumesh-2 → core(s) 28 (pod=c588bb7943e3866ea57a8aa55e8b450d4147c3ad5d3c9ddfdcfa5853a858cdb2)
[0;32m[INFO][0m   bench-dpumesh-2 (PID 1964304) → 28
[0;32m[INFO][0m bench-dpumesh-3 → core(s) 29 (pod=7e389148b25321890cdd83545f450fd0bc8df80d884c09e68acf5a38ea4a34dc)
[0;32m[INFO][0m   bench-dpumesh-3 (PID 1964519) → 29
[0;32m[INFO][0m echo-dpumesh → core(s) 27 (pod=4755a70626534b1486bb9086a0631b0c5ea0c03ed7e0958f0ec431c1d970efe0)
[0;32m[INFO][0m   echo-dpumesh (PID 1963252) → 27
[0;32m[INFO][0m echo-dpumesh-13 → core(s) 30 (pod=c404336510899b1889e44b5ca7e79b8bb1e832cb20bdd545e8e003b59e661031)
[0;32m[INFO][0m   echo-dpumesh-13 (PID 1963653) → 30
[0;32m[INFO][0m echo-dpumesh-14 → core(s) 31 (pod=0c18451ea04861a5b9ddad756a599b360be6b2eb5e6c0ef1781f2c26aaf6eb4c)
[0;32m[INFO][0m   echo-dpumesh-14 (PID 1963851) → 31
[0;32m[INFO][0m loopback-dpumesh → core(s) 32 (pod=3b5c9b798c7b99464ce323c129455c3bd564d36abbe79aab24c39a0127344cde)
[0;32m[INFO][0m   loopback-dpumesh (PID 1964730) → 32
[0;32m[INFO][0m stream-dpumesh → core(s) 33 (pod=db7cd6a757eaeb1571873485efbc99eb0cf791b5d2640c62fb7e5e7316998cbd)
[0;32m[INFO][0m   stream-dpumesh (PID 1965825) → 33
[0;32m[INFO][0m verbs-dpumesh → core(s) 34 (pod=be0d1dfcd1e26758ad443639bee436c073fa8bfe195d7b86d1d15b64a1e78b31)
[0;32m[INFO][0m   verbs-dpumesh (PID 1965614) → 34
[0;32m[INFO][0m preload-dpumesh → core(s) 35 (pod=2396b689830bdd2232d02c4fea80f312c118ef6af1fcd66b36610a90250230f1)
[0;32m[INFO][0m   preload-dpumesh (PID 1964972) → 35
[0;32m[INFO][0m preload-echo → core(s) 19 (pod=856567f755a7b33a28c844a4cd5ffa7af7749f3aa90180b8a7aa254965cffd42)
[0;32m[INFO][0m   preload-echo (PID 1965182) → 19
[0;32m[INFO][0m preload-bench → core(s) 18 (pod=155aece260fadebd10e9f5b219f12c594a16c436ebdbb42cdf47bee1d99a9bae)
[0;32m[INFO][0m   preload-bench (PID 1965407) → 18
[0;32m[INFO][0m bench-tcp → core(s) 22 (pod=11b1ebcb29bb3d609224a633bd2c4759139c3e51691f7c83494066f8a500e16d)
[0;32m[INFO][0m   sidecar1 (PID 1967748) → 22
[0;32m[INFO][0m   bench-tcp (PID 1967723) → 22
[0;32m[INFO][0m echo-tcp → core(s) 23 (pod=c54c7fdf264f60992411ee5a8df2542a930fbba8e2f2db00ed0cb3a4d101c808)
[0;32m[INFO][0m   sidecar2 (PID 1967449) → 23
[0;32m[INFO][0m   echo-tcp (PID 1967427) → 23
[0;32m[INFO][0m bench-tcp-strict → core(s) 24 (pod=32043378ca040a7326cc8526279f6381513718daad59f4116174656aef2bddc0)
[0;32m[INFO][0m   sidecar1 (PID 1967095) → 24
[0;32m[INFO][0m   bench-tcp-strict (PID 1967072) → 24
[0;32m[INFO][0m echo-tcp-strict → core(s) 25 (pod=1c683c7b43581719588d7566dfe95b4d0be61c108bc023aebe3626c930318b62)
[0;32m[INFO][0m   sidecar2 (PID 1966798) → 25
[0;32m[INFO][0m   echo-tcp-strict (PID 1966776) → 25
[0;32m[INFO][0m bench-direct → core(s) 20 (pod=d9a48423dba53b13a85ddc5dcc64f17c89b96169a8cf8319243ef8ac64ed58a6)
[0;32m[INFO][0m   bench-direct (PID 1968018) → 20
[0;32m[INFO][0m echo-plain → core(s) 21 (pod=7dd798f145ac78cd3f3c01e81b9a1b77b2952ced87b13fa0a35cba479e86827a)
[0;32m[INFO][0m   echo-plain (PID 1966569) → 21
[0;32m[INFO][0m Pinning done
[0;34m[l4][0m binary equivalence PASS (bench_sock and echo_sock hashes match)
[0;34m[l4][0m smoke plain: OK mrps=0.365411 gbps=0.1871 p50=42.00 p95=52.00 p99=54.00 p999=66.00 p9999=85.00 avg=42.43 min=18.82 max=6170.84 rcnt=729196 scheduled=729292 pending=16 fail=0 conc=4 threads=4 reqsz=64 repsz=8 durs=2.000 offered_mrps=0.365411 drops=0 overflow=0 reorder=0 mode=closed arr=const
[0;34m[l4][0m smoke envoy-permissive: OK mrps=0.143323 gbps=0.0734 p50=108.00 p95=144.00 p99=172.00 p999=229.00 p9999=388.00 avg=110.57 min=53.86 max=503.07 rcnt=286540 scheduled=286636 pending=16 fail=0 conc=4 threads=4 reqsz=64 repsz=8 durs=2.000 offered_mrps=0.143323 drops=0 overflow=0 reorder=0 mode=closed arr=const
[0;34m[l4][0m smoke envoy-strict: OK mrps=0.141209 gbps=0.0723 p50=107.00 p95=138.00 p99=175.00 p999=380.00 p9999=561.00 avg=112.22 min=58.74 max=680.23 rcnt=282216 scheduled=282312 pending=16 fail=0 conc=4 threads=4 reqsz=64 repsz=8 durs=2.000 offered_mrps=0.141209 drops=0 overflow=0 reorder=0 mode=closed arr=const
[0;34m[l4][0m smoke dpumesh-preload: OK mrps=0.052657 gbps=0.0270 p50=139.00 p95=218.00 p99=403.00 p999=562.00 p9999=2197.00 avg=148.38 min=61.49 max=2737.45 rcnt=105264 scheduled=105320 pending=16 fail=0 conc=4 threads=4 reqsz=64 repsz=8 durs=2.000 offered_mrps=0.052657 drops=0 overflow=0 reorder=0 mode=closed arr=const
[0;34m[l4][0m collecting idle baselines
[0;34m[l4][0m skip completed idle-0-q0-envoy-permissive-r1
[0;34m[l4][0m skip completed idle-0-q0-envoy-strict-r1
[0;34m[l4][0m skip completed idle-0-q0-dpumesh-preload-r1
[0;34m[l4][0m skip completed idle-0-q0-plain-r1
[0;34m[l4][0m skip completed idle-0-q0-envoy-strict-r2
[0;34m[l4][0m skip completed idle-0-q0-dpumesh-preload-r2
[0;34m[l4][0m skip completed idle-0-q0-plain-r2
[0;34m[l4][0m skip completed idle-0-q0-envoy-permissive-r2
[0;34m[l4][0m skip completed idle-0-q0-dpumesh-preload-r3
[0;34m[l4][0m skip completed idle-0-q0-plain-r3
[0;34m[l4][0m skip completed idle-0-q0-envoy-permissive-r3
[0;34m[l4][0m skip completed idle-0-q0-envoy-strict-r3
[0;34m[l4][0m collecting open-loop load sweep
[0;34m[l4][0m skip completed load-64-q1-envoy-strict-r1
[0;34m[l4][0m skip completed load-64-q1-dpumesh-preload-r1
[0;34m[l4][0m skip completed load-64-q1-plain-r1
[0;34m[l4][0m skip completed load-64-q1-envoy-permissive-r1
[0;34m[l4][0m skip completed load-64-q2-dpumesh-preload-r1
[0;34m[l4][0m skip completed load-64-q2-plain-r1
[0;34m[l4][0m skip completed load-64-q2-envoy-permissive-r1
[0;34m[l4][0m skip completed load-64-q2-envoy-strict-r1
[0;34m[l4][0m skip completed load-64-q3-plain-r1
[0;34m[l4][0m skip completed load-64-q3-envoy-permissive-r1
[0;34m[l4][0m skip completed load-64-q3-envoy-strict-r1
[0;34m[l4][0m skip completed load-64-q3-dpumesh-preload-r1
[0;34m[l4][0m skip completed load-64-q4-envoy-permissive-r1
[0;34m[l4][0m skip completed load-64-q4-envoy-strict-r1
[0;34m[l4][0m skip completed load-64-q4-dpumesh-preload-r1
[0;34m[l4][0m skip completed load-64-q4-plain-r1
[0;34m[l4][0m skip completed load-64-q5-envoy-strict-r1
[0;34m[l4][0m skip completed load-64-q5-dpumesh-preload-r1
[0;34m[l4][0m skip completed load-64-q5-plain-r1
[0;34m[l4][0m skip completed load-64-q5-envoy-permissive-r1
[0;34m[l4][0m skip completed load-64-q6-dpumesh-preload-r1
[0;34m[l4][0m skip completed load-64-q6-plain-r1
[0;34m[l4][0m skip completed load-64-q6-envoy-permissive-r1
[0;34m[l4][0m skip completed load-64-q6-envoy-strict-r1
[0;34m[l4][0m skip completed load-64-q7-plain-r1
[0;34m[l4][0m skip completed load-64-q7-envoy-permissive-r1
[0;34m[l4][0m skip completed load-64-q7-envoy-strict-r1
[0;34m[l4][0m skip completed load-64-q7-dpumesh-preload-r1
[0;34m[l4][0m skip completed load-64-q8-envoy-permissive-r1
[0;34m[l4][0m skip completed load-64-q8-envoy-strict-r1
[0;34m[l4][0m skip completed load-64-q8-dpumesh-preload-r1
[0;34m[l4][0m skip completed load-64-q8-plain-r1
[0;34m[l4][0m skip completed load-64-q9-envoy-strict-r1
[0;34m[l4][0m skip completed load-64-q9-dpumesh-preload-r1
[0;34m[l4][0m skip completed load-64-q9-plain-r1
[0;34m[l4][0m skip completed load-64-q9-envoy-permissive-r1
[0;34m[l4][0m skip completed load-64-q9-dpumesh-preload-r2
[0;34m[l4][0m skip completed load-64-q9-plain-r2
[0;34m[l4][0m skip completed load-64-q9-envoy-permissive-r2
[0;34m[l4][0m skip completed load-64-q9-envoy-strict-r2
[0;34m[l4][0m skip completed load-64-q8-envoy-strict-r2
[0;34m[l4][0m skip completed load-64-q8-dpumesh-preload-r2
[0;34m[l4][0m skip completed load-64-q8-plain-r2
[0;34m[l4][0m skip completed load-64-q8-envoy-permissive-r2
[0;34m[l4][0m skip completed load-64-q7-envoy-permissive-r2
[0;34m[l4][0m skip completed load-64-q7-envoy-strict-r2
[0;34m[l4][0m skip completed load-64-q7-dpumesh-preload-r2
[0;34m[l4][0m skip completed load-64-q7-plain-r2
[0;34m[l4][0m skip completed load-64-q6-plain-r2
[0;34m[l4][0m skip completed load-64-q6-envoy-permissive-r2
[0;34m[l4][0m skip completed load-64-q6-envoy-strict-r2
[0;34m[l4][0m skip completed load-64-q6-dpumesh-preload-r2
[0;34m[l4][0m skip completed load-64-q5-dpumesh-preload-r2
[0;34m[l4][0m skip completed load-64-q5-plain-r2
[0;34m[l4][0m skip completed load-64-q5-envoy-permissive-r2
[0;34m[l4][0m skip completed load-64-q5-envoy-strict-r2
[0;34m[l4][0m skip completed load-64-q4-envoy-strict-r2
[0;34m[l4][0m skip completed load-64-q4-dpumesh-preload-r2
[0;34m[l4][0m skip completed load-64-q4-plain-r2
[0;34m[l4][0m skip completed load-64-q4-envoy-permissive-r2
[0;34m[l4][0m skip completed load-64-q3-envoy-permissive-r2
[0;34m[l4][0m skip completed load-64-q3-envoy-strict-r2
[0;34m[l4][0m skip completed load-64-q3-dpumesh-preload-r2
[0;34m[l4][0m skip completed load-64-q3-plain-r2
[0;34m[l4][0m skip completed load-64-q2-plain-r2
[0;34m[l4][0m skip completed load-64-q2-envoy-permissive-r2
[0;34m[l4][0m skip completed load-64-q2-envoy-strict-r2
[0;34m[l4][0m skip completed load-64-q2-dpumesh-preload-r2
[0;34m[l4][0m skip completed load-64-q1-dpumesh-preload-r2
[0;34m[l4][0m skip completed load-64-q1-plain-r2
[0;34m[l4][0m skip completed load-64-q1-envoy-permissive-r2
[0;34m[l4][0m skip completed load-64-q1-envoy-strict-r2
[0;34m[l4][0m skip completed load-64-q1-plain-r3
[0;34m[l4][0m skip completed load-64-q1-envoy-permissive-r3
[0;34m[l4][0m skip completed load-64-q1-envoy-strict-r3
[0;34m[l4][0m skip completed load-64-q1-dpumesh-preload-r3
[0;34m[l4][0m skip completed load-64-q2-envoy-permissive-r3
[0;34m[l4][0m skip completed load-64-q2-envoy-strict-r3
[0;34m[l4][0m skip completed load-64-q2-dpumesh-preload-r3
[0;34m[l4][0m skip completed load-64-q2-plain-r3
[0;34m[l4][0m skip completed load-64-q3-envoy-strict-r3
[0;34m[l4][0m skip completed load-64-q3-dpumesh-preload-r3
[0;34m[l4][0m skip completed load-64-q3-plain-r3
[0;34m[l4][0m skip completed load-64-q3-envoy-permissive-r3
[0;34m[l4][0m skip completed load-64-q4-dpumesh-preload-r3
[0;34m[l4][0m skip completed load-64-q4-plain-r3
[0;34m[l4][0m skip completed load-64-q4-envoy-permissive-r3
[0;34m[l4][0m skip completed load-64-q4-envoy-strict-r3
[0;34m[l4][0m skip completed load-64-q5-plain-r3
[0;34m[l4][0m skip completed load-64-q5-envoy-permissive-r3
[0;34m[l4][0m skip completed load-64-q5-envoy-strict-r3
[0;34m[l4][0m skip completed load-64-q5-dpumesh-preload-r3
[0;34m[l4][0m skip completed load-64-q6-envoy-permissive-r3
[0;34m[l4][0m skip completed load-64-q6-envoy-strict-r3
[0;34m[l4][0m skip completed load-64-q6-dpumesh-preload-r3
[0;34m[l4][0m skip completed load-64-q6-plain-r3
[0;34m[l4][0m skip completed load-64-q7-envoy-strict-r3
[0;34m[l4][0m skip completed load-64-q7-dpumesh-preload-r3
[0;34m[l4][0m skip completed load-64-q7-plain-r3
[0;34m[l4][0m skip completed load-64-q7-envoy-permissive-r3
[0;34m[l4][0m skip completed load-64-q8-dpumesh-preload-r3
[0;34m[l4][0m skip completed load-64-q8-plain-r3
[0;34m[l4][0m skip completed load-64-q8-envoy-permissive-r3
[0;34m[l4][0m skip completed load-64-q8-envoy-strict-r3
[0;34m[l4][0m skip completed load-64-q9-plain-r3
[0;34m[l4][0m skip completed load-64-q9-envoy-permissive-r3
[0;34m[l4][0m skip completed load-64-q9-envoy-strict-r3
[0;34m[l4][0m skip completed load-64-q9-dpumesh-preload-r3
[0;34m[l4][0m skip completed load-1024-q1-envoy-strict-r1
[0;34m[l4][0m skip completed load-1024-q1-dpumesh-preload-r1
[0;34m[l4][0m skip completed load-1024-q1-plain-r1
[0;34m[l4][0m skip completed load-1024-q1-envoy-permissive-r1
[0;34m[l4][0m skip completed load-1024-q2-dpumesh-preload-r1
[0;34m[l4][0m skip completed load-1024-q2-plain-r1
[0;34m[l4][0m skip completed load-1024-q2-envoy-permissive-r1
[0;34m[l4][0m skip completed load-1024-q2-envoy-strict-r1
[0;34m[l4][0m skip completed load-1024-q3-plain-r1
[0;34m[l4][0m skip completed load-1024-q3-envoy-permissive-r1
[0;34m[l4][0m skip completed load-1024-q3-envoy-strict-r1
[0;34m[l4][0m skip completed load-1024-q3-dpumesh-preload-r1
[0;34m[l4][0m skip completed load-1024-q4-envoy-permissive-r1
[0;34m[l4][0m skip completed load-1024-q4-envoy-strict-r1
[0;34m[l4][0m skip completed load-1024-q4-dpumesh-preload-r1
[0;34m[l4][0m skip completed load-1024-q4-plain-r1
[0;34m[l4][0m skip completed load-1024-q5-envoy-strict-r1
[0;34m[l4][0m skip completed load-1024-q5-dpumesh-preload-r1
[0;34m[l4][0m skip completed load-1024-q5-plain-r1
[0;34m[l4][0m skip completed load-1024-q5-envoy-permissive-r1
[0;34m[l4][0m skip completed load-1024-q6-dpumesh-preload-r1
[0;34m[l4][0m skip completed load-1024-q6-plain-r1
[0;34m[l4][0m skip completed load-1024-q6-envoy-permissive-r1
[0;34m[l4][0m skip completed load-1024-q6-envoy-strict-r1
[0;34m[l4][0m skip completed load-1024-q7-plain-r1
[0;34m[l4][0m skip completed load-1024-q7-envoy-permissive-r1
[0;34m[l4][0m skip completed load-1024-q7-envoy-strict-r1
[0;34m[l4][0m skip completed load-1024-q7-dpumesh-preload-r1
[0;34m[l4][0m skip completed load-1024-q8-envoy-permissive-r1
[0;34m[l4][0m skip completed load-1024-q8-envoy-strict-r1
[0;34m[l4][0m skip completed load-1024-q8-dpumesh-preload-r1
[0;34m[l4][0m skip completed load-1024-q8-plain-r1
[0;34m[l4][0m skip completed load-1024-q9-envoy-strict-r1
[0;34m[l4][0m skip completed load-1024-q9-dpumesh-preload-r1
[0;34m[l4][0m skip completed load-1024-q9-plain-r1
[0;34m[l4][0m skip completed load-1024-q9-envoy-permissive-r1
[0;34m[l4][0m skip completed load-1024-q9-dpumesh-preload-r2
[0;34m[l4][0m skip completed load-1024-q9-plain-r2
[0;34m[l4][0m skip completed load-1024-q9-envoy-permissive-r2
[0;34m[l4][0m skip completed load-1024-q9-envoy-strict-r2
[0;34m[l4][0m skip completed load-1024-q8-envoy-strict-r2
[0;34m[l4][0m skip completed load-1024-q8-dpumesh-preload-r2
[0;34m[l4][0m skip completed load-1024-q8-plain-r2
[0;34m[l4][0m skip completed load-1024-q8-envoy-permissive-r2
[0;34m[l4][0m skip completed load-1024-q7-envoy-permissive-r2
[0;34m[l4][0m skip completed load-1024-q7-envoy-strict-r2
[0;34m[l4][0m skip completed load-1024-q7-dpumesh-preload-r2
[0;34m[l4][0m skip completed load-1024-q7-plain-r2
[0;34m[l4][0m skip completed load-1024-q6-plain-r2
[0;34m[l4][0m skip completed load-1024-q6-envoy-permissive-r2
[0;34m[l4][0m skip completed load-1024-q6-envoy-strict-r2
[0;34m[l4][0m skip completed load-1024-q6-dpumesh-preload-r2
[0;34m[l4][0m skip completed load-1024-q5-dpumesh-preload-r2
[0;34m[l4][0m skip completed load-1024-q5-plain-r2
[0;34m[l4][0m skip completed load-1024-q5-envoy-permissive-r2
[0;34m[l4][0m skip completed load-1024-q5-envoy-strict-r2
[0;34m[l4][0m skip completed load-1024-q4-envoy-strict-r2
[0;34m[l4][0m skip completed load-1024-q4-dpumesh-preload-r2
[0;34m[l4][0m skip completed load-1024-q4-plain-r2
[0;34m[l4][0m skip completed load-1024-q4-envoy-permissive-r2
[0;34m[l4][0m skip completed load-1024-q3-envoy-permissive-r2
[0;34m[l4][0m skip completed load-1024-q3-envoy-strict-r2
[0;34m[l4][0m skip completed load-1024-q3-dpumesh-preload-r2
[0;34m[l4][0m skip completed load-1024-q3-plain-r2
[0;34m[l4][0m skip completed load-1024-q2-plain-r2
[0;34m[l4][0m skip completed load-1024-q2-envoy-permissive-r2
[0;34m[l4][0m skip completed load-1024-q2-envoy-strict-r2
[0;34m[l4][0m skip completed load-1024-q2-dpumesh-preload-r2
[0;34m[l4][0m skip completed load-1024-q1-dpumesh-preload-r2
[0;34m[l4][0m skip completed load-1024-q1-plain-r2
[0;34m[l4][0m skip completed load-1024-q1-envoy-permissive-r2
[0;34m[l4][0m skip completed load-1024-q1-envoy-strict-r2
[0;34m[l4][0m skip completed load-1024-q1-plain-r3
[0;34m[l4][0m skip completed load-1024-q1-envoy-permissive-r3
[0;34m[l4][0m skip completed load-1024-q1-envoy-strict-r3
[0;34m[l4][0m skip completed load-1024-q1-dpumesh-preload-r3
[0;34m[l4][0m skip completed load-1024-q2-envoy-permissive-r3
[0;34m[l4][0m skip completed load-1024-q2-envoy-strict-r3
[0;34m[l4][0m skip completed load-1024-q2-dpumesh-preload-r3
[0;34m[l4][0m skip completed load-1024-q2-plain-r3
[0;34m[l4][0m skip completed load-1024-q3-envoy-strict-r3
[0;34m[l4][0m skip completed load-1024-q3-dpumesh-preload-r3
[0;34m[l4][0m skip completed load-1024-q3-plain-r3
[0;34m[l4][0m skip completed load-1024-q3-envoy-permissive-r3
[0;34m[l4][0m skip completed load-1024-q4-dpumesh-preload-r3
[0;34m[l4][0m skip completed load-1024-q4-plain-r3
[0;34m[l4][0m skip completed load-1024-q4-envoy-permissive-r3
[0;34m[l4][0m skip completed load-1024-q4-envoy-strict-r3
[0;34m[l4][0m skip completed load-1024-q5-plain-r3
[0;34m[l4][0m skip completed load-1024-q5-envoy-permissive-r3
[0;34m[l4][0m skip completed load-1024-q5-envoy-strict-r3
[0;34m[l4][0m skip completed load-1024-q5-dpumesh-preload-r3
[0;34m[l4][0m skip completed load-1024-q6-envoy-permissive-r3
[0;34m[l4][0m skip completed load-1024-q6-envoy-strict-r3
[0;34m[l4][0m skip completed load-1024-q6-dpumesh-preload-r3
[0;34m[l4][0m skip completed load-1024-q6-plain-r3
[0;34m[l4][0m skip completed load-1024-q7-envoy-strict-r3
[0;34m[l4][0m skip completed load-1024-q7-dpumesh-preload-r3
[0;34m[l4][0m skip completed load-1024-q7-plain-r3
[0;34m[l4][0m skip completed load-1024-q7-envoy-permissive-r3
[0;34m[l4][0m skip completed load-1024-q8-dpumesh-preload-r3
[0;34m[l4][0m skip completed load-1024-q8-plain-r3
[0;34m[l4][0m skip completed load-1024-q8-envoy-permissive-r3
[0;34m[l4][0m skip completed load-1024-q8-envoy-strict-r3
[0;34m[l4][0m skip completed load-1024-q9-plain-r3
[0;34m[l4][0m skip completed load-1024-q9-envoy-permissive-r3
[0;34m[l4][0m skip completed load-1024-q9-envoy-strict-r3
[0;34m[l4][0m skip completed load-1024-q9-dpumesh-preload-r3
[0;34m[l4][0m skip completed load-8192-q1-envoy-strict-r1
[0;34m[l4][0m skip completed load-8192-q1-dpumesh-preload-r1
[0;34m[l4][0m skip completed load-8192-q1-plain-r1
[0;34m[l4][0m skip completed load-8192-q1-envoy-permissive-r1
[0;34m[l4][0m skip completed load-8192-q2-dpumesh-preload-r1
[0;34m[l4][0m skip completed load-8192-q2-plain-r1
[0;34m[l4][0m skip completed load-8192-q2-envoy-permissive-r1
[0;34m[l4][0m skip completed load-8192-q2-envoy-strict-r1
[0;34m[l4][0m skip completed load-8192-q3-plain-r1
[0;34m[l4][0m skip completed load-8192-q3-envoy-permissive-r1
[0;34m[l4][0m skip completed load-8192-q3-envoy-strict-r1
[0;34m[l4][0m skip completed load-8192-q3-dpumesh-preload-r1
[0;34m[l4][0m skip completed load-8192-q4-envoy-permissive-r1
[0;34m[l4][0m skip completed load-8192-q4-envoy-strict-r1
[0;34m[l4][0m skip completed load-8192-q4-dpumesh-preload-r1
[0;34m[l4][0m skip completed load-8192-q4-plain-r1
[0;34m[l4][0m skip completed load-8192-q5-envoy-strict-r1
[0;34m[l4][0m skip completed load-8192-q5-dpumesh-preload-r1
[0;34m[l4][0m skip completed load-8192-q5-plain-r1
[0;34m[l4][0m skip completed load-8192-q5-envoy-permissive-r1
[0;34m[l4][0m skip completed load-8192-q6-dpumesh-preload-r1
[0;34m[l4][0m skip completed load-8192-q6-plain-r1
[0;34m[l4][0m skip completed load-8192-q6-envoy-permissive-r1
[0;34m[l4][0m skip completed load-8192-q6-envoy-strict-r1
[0;34m[l4][0m skip completed load-8192-q7-plain-r1
[0;34m[l4][0m skip completed load-8192-q7-envoy-permissive-r1
[0;34m[l4][0m skip completed load-8192-q7-envoy-strict-r1
[0;34m[l4][0m skip completed load-8192-q7-dpumesh-preload-r1
[0;34m[l4][0m skip completed load-8192-q8-envoy-permissive-r1
[0;34m[l4][0m skip completed load-8192-q8-envoy-strict-r1
[0;34m[l4][0m skip completed load-8192-q8-dpumesh-preload-r1
[0;34m[l4][0m skip completed load-8192-q8-plain-r1
[0;34m[l4][0m skip completed load-8192-q9-envoy-strict-r1
[0;34m[l4][0m skip completed load-8192-q9-dpumesh-preload-r1
[0;34m[l4][0m skip completed load-8192-q9-plain-r1
[0;34m[l4][0m skip completed load-8192-q9-envoy-permissive-r1
[0;34m[l4][0m skip completed load-8192-q9-dpumesh-preload-r2
[0;34m[l4][0m skip completed load-8192-q9-plain-r2
[0;34m[l4][0m skip completed load-8192-q9-envoy-permissive-r2
[0;34m[l4][0m skip completed load-8192-q9-envoy-strict-r2
[0;34m[l4][0m skip completed load-8192-q8-envoy-strict-r2
[0;34m[l4][0m skip completed load-8192-q8-dpumesh-preload-r2
[0;34m[l4][0m skip completed load-8192-q8-plain-r2
[0;34m[l4][0m skip completed load-8192-q8-envoy-permissive-r2
[0;34m[l4][0m skip completed load-8192-q7-envoy-permissive-r2
[0;34m[l4][0m skip completed load-8192-q7-envoy-strict-r2
[0;34m[l4][0m skip completed load-8192-q7-dpumesh-preload-r2
[0;34m[l4][0m skip completed load-8192-q7-plain-r2
[0;34m[l4][0m skip completed load-8192-q6-plain-r2
[0;34m[l4][0m skip completed load-8192-q6-envoy-permissive-r2
[0;34m[l4][0m skip completed load-8192-q6-envoy-strict-r2
[0;34m[l4][0m skip completed load-8192-q6-dpumesh-preload-r2
[0;34m[l4][0m skip completed load-8192-q5-dpumesh-preload-r2
[0;34m[l4][0m skip completed load-8192-q5-plain-r2
[0;34m[l4][0m skip completed load-8192-q5-envoy-permissive-r2
[0;34m[l4][0m skip completed load-8192-q5-envoy-strict-r2
[0;34m[l4][0m skip completed load-8192-q4-envoy-strict-r2
[0;34m[l4][0m skip completed load-8192-q4-dpumesh-preload-r2
[0;34m[l4][0m skip completed load-8192-q4-plain-r2
[0;34m[l4][0m skip completed load-8192-q4-envoy-permissive-r2
[0;34m[l4][0m skip completed load-8192-q3-envoy-permissive-r2
[0;34m[l4][0m skip completed load-8192-q3-envoy-strict-r2
[0;34m[l4][0m skip completed load-8192-q3-dpumesh-preload-r2
[0;34m[l4][0m skip completed load-8192-q3-plain-r2
[0;34m[l4][0m skip completed load-8192-q2-plain-r2
[0;34m[l4][0m skip completed load-8192-q2-envoy-permissive-r2
[0;34m[l4][0m skip completed load-8192-q2-envoy-strict-r2
[0;34m[l4][0m skip completed load-8192-q2-dpumesh-preload-r2
[0;34m[l4][0m skip completed load-8192-q1-dpumesh-preload-r2
[0;34m[l4][0m skip completed load-8192-q1-plain-r2
[0;34m[l4][0m skip completed load-8192-q1-envoy-permissive-r2
[0;34m[l4][0m skip completed load-8192-q1-envoy-strict-r2
[0;34m[l4][0m skip completed load-8192-q1-plain-r3
[0;34m[l4][0m skip completed load-8192-q1-envoy-permissive-r3
[0;34m[l4][0m skip completed load-8192-q1-envoy-strict-r3
[0;34m[l4][0m skip completed load-8192-q1-dpumesh-preload-r3
[0;34m[l4][0m skip completed load-8192-q2-envoy-permissive-r3
[0;34m[l4][0m skip completed load-8192-q2-envoy-strict-r3
[0;34m[l4][0m skip completed load-8192-q2-dpumesh-preload-r3
[0;34m[l4][0m skip completed load-8192-q2-plain-r3
[0;34m[l4][0m skip completed load-8192-q3-envoy-strict-r3
[0;34m[l4][0m skip completed load-8192-q3-dpumesh-preload-r3
[0;34m[l4][0m skip completed load-8192-q3-plain-r3
[0;34m[l4][0m skip completed load-8192-q3-envoy-permissive-r3
[0;34m[l4][0m skip completed load-8192-q4-dpumesh-preload-r3
[0;34m[l4][0m skip completed load-8192-q4-plain-r3
[0;34m[l4][0m skip completed load-8192-q4-envoy-permissive-r3
[0;34m[l4][0m skip completed load-8192-q4-envoy-strict-r3
[0;34m[l4][0m skip completed load-8192-q5-plain-r3
[0;34m[l4][0m skip completed load-8192-q5-envoy-permissive-r3
[0;34m[l4][0m skip completed load-8192-q5-envoy-strict-r3
[0;34m[l4][0m skip completed load-8192-q5-dpumesh-preload-r3
[0;34m[l4][0m skip completed load-8192-q6-envoy-permissive-r3
[0;34m[l4][0m skip completed load-8192-q6-envoy-strict-r3
[0;34m[l4][0m skip completed load-8192-q6-dpumesh-preload-r3
[0;34m[l4][0m skip completed load-8192-q6-plain-r3
[0;34m[l4][0m skip completed load-8192-q7-envoy-strict-r3
[0;34m[l4][0m skip completed load-8192-q7-dpumesh-preload-r3
[0;34m[l4][0m skip completed load-8192-q7-plain-r3
[0;34m[l4][0m skip completed load-8192-q7-envoy-permissive-r3
[0;34m[l4][0m skip completed load-8192-q8-dpumesh-preload-r3
[0;34m[l4][0m skip completed load-8192-q8-plain-r3
[0;34m[l4][0m skip completed load-8192-q8-envoy-permissive-r3
[0;34m[l4][0m skip completed load-8192-q8-envoy-strict-r3
[0;34m[l4][0m skip completed load-8192-q9-plain-r3
[0;34m[l4][0m skip completed load-8192-q9-envoy-permissive-r3
[0;34m[l4][0m skip completed load-8192-q9-envoy-strict-r3
[0;34m[l4][0m skip completed load-8192-q9-dpumesh-preload-r3
[0;34m[l4][0m dataset validation PASS: load=324 idle=12 calibration=24
[0;34m[l4][0m selecting clean primary points and collecting separate perf replays
[1;33m[l4][0m preserved 2 superseded perf profiles under /home/jukebox/DPUmesh/bench/report/data/l4-20260728-022756/raw/perf/obsolete
[0;34m[l4][0m skip completed profile-64-q6-plain
[0;34m[l4][0m skip completed profile-64-q7-envoy-permissive
[0;34m[l4][0m skip completed profile-64-q7-envoy-strict
[0;31m[l4][0m profile-64-q4-dpumesh-preload failed: status=profile_perturbed result=OK mrps=0.042880 gbps=0.0220 p50=148.00 p95=189.00 p99=205.00 p999=934.00 p9999=2056.00 avg=154.94 min=65.59 max=2744.08 rcnt=428394 scheduled=857600 pending=212 fail=0 conc=0 threads=4 reqsz=64 repsz=8 durs=10.000 offered_mrps=0.085760 drops=428594 overflow=0 reorder=0 mode=open arr=const
[0;34m[l4][0m output=/home/jukebox/DPUmesh/bench/report/data/l4-20260728-022756
[0;34m[l4][0m planned: load=324 idle=12 calibration=24 perf_replays=12 timed_windows~59.0min
[sudo] password for jukebox: [0;34m[l4][0m deploying canonical L4 stack: N/K/A=32/8/8, local NUMA, L7 disabled
[0;32m[INFO][0m Host NUMA: PCI 94:00.0 -> node 1, benchmark cores 18-35
secret/envoy-mtls configured
[0;32m[INFO][0m Envoy benchmark mTLS Secret ready
[0;34m[STEP][0m === Applying K8s manifest (replicas=0) ===
deployment.apps/bench-dpumesh configured
service/bench-dpumesh unchanged
deployment.apps/bench-dpumesh-2 configured
deployment.apps/bench-dpumesh-3 configured
deployment.apps/echo-dpumesh configured
deployment.apps/echo-dpumesh-13 configured
deployment.apps/echo-dpumesh-14 configured
deployment.apps/loopback-dpumesh configured
service/loopback-dpumesh unchanged
deployment.apps/verbs-dpumesh configured
service/verbs-dpumesh unchanged
deployment.apps/stream-dpumesh configured
service/stream-dpumesh unchanged
deployment.apps/preload-dpumesh configured
service/preload-dpumesh unchanged
deployment.apps/preload-echo configured
deployment.apps/preload-bench configured
service/preload-bench unchanged
service/preload-sock unchanged
deployment.apps/bench-tcp configured
service/bench-tcp unchanged
deployment.apps/echo-tcp configured
service/echo-tcp unchanged
deployment.apps/bench-tcp-strict configured
service/bench-tcp-strict unchanged
deployment.apps/echo-tcp-strict configured
service/echo-tcp-strict unchanged
deployment.apps/echo-plain configured
service/echo-plain unchanged
deployment.apps/bench-direct configured
service/bench-direct unchanged
configmap/sidecar1-config unchanged
configmap/sidecar2-config unchanged
configmap/strict-client-config unchanged
configmap/strict-server-config unchanged
[0;32m[INFO][0m K8s resources applied
[0;34m[STEP][0m === Syncing sources to DPU (jukebox@192.168.100.2:~/DPUmesh) ===
sending incremental file list
buffer.c
buffer.h
build_dpacc.sh
comch_client.c
comch_client.h
comch_common.c
comch_common.h
comch_msgq.c
comch_msgq.h
comch_server.c
comch_server.h
common.c
common.h
config.c
config.h
dpa.c
dpa.h
dpa_common.h
dpa_resource_config.yaml
dpu_l7.c
dpu_l7.h
dpu_main.c
dpu_proxy.c
dpu_proxy.h
dpu_worker.c
dpu_worker.h
meson.build
object.c
object.h
ring.c
ring.h
device/dpa_kernel.c

sent 2,196 bytes  received 3,929 bytes  12,250.00 bytes/sec
total size is 373,325  speedup is 60.95
sending incremental file list
dpumesh/dmesh.h
dpumesh/dmesh_common.h
dpumesh/dmesh_topology.h

sent 296 bytes  received 170 bytes  932.00 bytes/sec
total size is 10,586  speedup is 22.72
[0;32m[INFO][0m Source sync complete
[0;34m[STEP][0m === Building on DPU (ninja) ===
[0;32m[INFO][0m DPU build OK (buildtype=debugoptimized, recompiled 14 C objects)
[0;34m[STEP][0m === Building host libdpumesh.so (make lib) ===
make: Entering directory '/home/jukebox/DPUmesh'
make: Leaving directory '/home/jukebox/DPUmesh'
[0;32m[INFO][0m Host build OK (/home/jukebox/DPUmesh/build/lib/libdpumesh.so)
[0;34m[STEP][0m === Building bench/validator binaries (make bench) ===
make: Entering directory '/home/jukebox/DPUmesh'
make: Leaving directory '/home/jukebox/DPUmesh'
[0;32m[INFO][0m Bench binaries built (/home/jukebox/DPUmesh/build/bin + /home/jukebox/DPUmesh/build/lib/libdmesh_preload.so)
[0;34m[STEP][0m === Building Docker images ===
#0 building with "default" instance using docker driver

#1 [internal] load build definition from bench_dpumesh.Dockerfile
#1 transferring dockerfile: 747B done
#1 DONE 0.0s

#2 [internal] load metadata for docker.io/library/ubuntu:22.04
#2 DONE 1.2s

#3 [internal] load .dockerignore
#3 transferring context: 2B done
#3 DONE 0.0s

#4 [1/8] FROM docker.io/library/ubuntu:22.04@sha256:0e0a0fc6d18feda9db1590da249ac93e8d5abfea8f4c3c0c849ce512b5ef8982
#4 resolve docker.io/library/ubuntu:22.04@sha256:0e0a0fc6d18feda9db1590da249ac93e8d5abfea8f4c3c0c849ce512b5ef8982 done
#4 DONE 0.0s

#5 [internal] load build context
#5 transferring context: 3.68MB 0.0s done
#5 DONE 0.0s

#6 [5/8] COPY build/lib/libdpumesh.so.4 /usr/local/lib/
#6 CACHED

#7 [7/8] COPY bench/docker/numa-entrypoint.sh /usr/local/bin/numa-entrypoint.sh
#7 CACHED

#8 [3/8] COPY build/bin/bench_dpumesh /usr/local/bin/bench_dpumesh
#8 CACHED

#9 [6/8] COPY bench/k8s/registry /etc/dpumesh/registry
#9 CACHED

#10 [4/8] COPY doca-libs/ /usr/local/lib/
#10 CACHED

#11 [2/8] RUN apt-get update &&     DEBIAN_FRONTEND=noninteractive apt-get install -y       ca-certificates       libibverbs1       libnl-3-200       libnl-route-3-200       libyaml-0-2       libsasl2-2       numactl       openssl &&     rm -rf /var/lib/apt/lists/*
#11 CACHED

#12 [8/8] RUN ldconfig
#12 CACHED

#13 exporting to image
#13 exporting layers done
#13 exporting manifest sha256:792425f5c58851fe4244bbd0fe284271db165c0fe8c1a9aad75c0abd1b2658ee done
#13 exporting config sha256:403ab436c4ae0046956fa31364267833a997b8f188b406a6e988ca4f270090b5 done
#13 exporting attestation manifest sha256:f4f730bc7eb712d27953cfdb1a7b5caa467721dcc63d46c17c71ad4ffdec877c 0.0s done
#13 exporting manifest list sha256:ab5ac81ee4a73e071fed2d840c90ab73b64f954ed0128d84df2f982c20cd89c9 done
#13 naming to docker.io/bench/bench-dpumesh:latest done
#13 unpacking to docker.io/bench/bench-dpumesh:latest done
#13 DONE 0.1s
docker.io/bench/bench-dpumesh:latest
docker.io/bench/bench dpumesh:latest    	saved	
application/vnd.oci.image.index.v1+json sha256:ab5ac81ee4a73e071fed2d840c90ab73b64f954ed0128d84df2f982c20cd89c9
Importing	elapsed: 0.6 s	total:   0.0 B	(0.0 B/s)	
#0 building with "default" instance using docker driver

#1 [internal] load build definition from echo_dpumesh.Dockerfile
#1 transferring dockerfile: 731B done
#1 DONE 0.0s

#2 [internal] load metadata for docker.io/library/ubuntu:22.04
#2 DONE 0.3s

#3 [internal] load .dockerignore
#3 transferring context: 2B done
#3 DONE 0.0s

#4 [1/8] FROM docker.io/library/ubuntu:22.04@sha256:0e0a0fc6d18feda9db1590da249ac93e8d5abfea8f4c3c0c849ce512b5ef8982
#4 resolve docker.io/library/ubuntu:22.04@sha256:0e0a0fc6d18feda9db1590da249ac93e8d5abfea8f4c3c0c849ce512b5ef8982 0.0s done
#4 DONE 0.0s

#5 [internal] load build context
#5 transferring context: 42.13kB done
#5 DONE 0.0s

#6 [6/8] COPY bench/k8s/registry /etc/dpumesh/registry
#6 CACHED

#7 [3/8] COPY build/bin/echo_dpumesh /usr/local/bin/echo_dpumesh
#7 CACHED

#8 [4/8] COPY doca-libs/ /usr/local/lib/
#8 CACHED

#9 [7/8] COPY bench/docker/numa-entrypoint.sh /usr/local/bin/numa-entrypoint.sh
#9 CACHED

#10 [2/8] RUN apt-get update &&     DEBIAN_FRONTEND=noninteractive apt-get install -y       ca-certificates       libibverbs1       libnl-3-200       libnl-route-3-200       libyaml-0-2       libsasl2-2       numactl       openssl &&     rm -rf /var/lib/apt/lists/*
#10 CACHED

#11 [5/8] COPY build/lib/libdpumesh.so.4 /usr/local/lib/
#11 CACHED

#12 [8/8] RUN ldconfig
#12 CACHED

#13 exporting to image
#13 exporting layers done
#13 exporting manifest sha256:df5066ca8883dd920b2a9f46aeba897eabb03a6fd49ddfdb91aac8861ab93955 done
#13 exporting config sha256:1d52c38bba9a223ef6644719eb119c077137cc2140e435c91fee2b935085b190 done
#13 exporting attestation manifest sha256:4dfaf508b03c6d1a09e2059a88619422642befbbcf192bc3c77d568c6d2a74b8 0.0s done
#13 exporting manifest list sha256:dd2f8f59d5734efe6c8fadc6647ad9a47c64959acc023f07af872ea8d57e7630 done
#13 naming to docker.io/bench/echo-dpumesh:latest done
#13 unpacking to docker.io/bench/echo-dpumesh:latest done
#13 DONE 0.1s
docker.io/bench/echo-dpumesh:latest
docker.io/bench/echo dpumesh:latest     	saved	
application/vnd.oci.image.index.v1+json sha256:dd2f8f59d5734efe6c8fadc6647ad9a47c64959acc023f07af872ea8d57e7630
Importing	elapsed: 0.6 s	total:   0.0 B	(0.0 B/s)	
#0 building with "default" instance using docker driver

#1 [internal] load build definition from loopback_dpumesh.Dockerfile
#1 transferring dockerfile: 747B done
#1 DONE 0.0s

#2 [internal] load metadata for docker.io/library/ubuntu:22.04
#2 DONE 0.3s

#3 [internal] load .dockerignore
#3 transferring context: 2B done
#3 DONE 0.0s

#4 [1/8] FROM docker.io/library/ubuntu:22.04@sha256:0e0a0fc6d18feda9db1590da249ac93e8d5abfea8f4c3c0c849ce512b5ef8982
#4 resolve docker.io/library/ubuntu:22.04@sha256:0e0a0fc6d18feda9db1590da249ac93e8d5abfea8f4c3c0c849ce512b5ef8982 0.0s done
#4 DONE 0.0s

#5 [internal] load build context
#5 transferring context: 51.37kB done
#5 DONE 0.0s

#6 [7/8] COPY bench/docker/numa-entrypoint.sh /usr/local/bin/numa-entrypoint.sh
#6 CACHED

#7 [3/8] COPY build/bin/loopback_dpumesh /usr/local/bin/loopback_dpumesh
#7 CACHED

#8 [4/8] COPY doca-libs/ /usr/local/lib/
#8 CACHED

#9 [5/8] COPY build/lib/libdpumesh.so.4 /usr/local/lib/
#9 CACHED

#10 [6/8] COPY bench/k8s/registry /etc/dpumesh/registry
#10 CACHED

#11 [2/8] RUN apt-get update &&     DEBIAN_FRONTEND=noninteractive apt-get install -y       ca-certificates       libibverbs1       libnl-3-200       libnl-route-3-200       libyaml-0-2       libsasl2-2       numactl       openssl &&     rm -rf /var/lib/apt/lists/*
#11 CACHED

#12 [8/8] RUN ldconfig
#12 CACHED

#13 exporting to image
#13 exporting layers done
#13 exporting manifest sha256:31f16cecacd1b5db898a20aec6e162057f9b413bb58d5ed61e99ca80c1958fdd done
#13 exporting config sha256:7200c9f5e384daf58bb297cbf2f41c8ed074be0ff95b4b8dbaa70752ff111a56 done
#13 exporting attestation manifest sha256:e247fb9675260ea66456f2f5726e89e17b79a03b920ef666a5bde505cfcd9f9b 0.0s done
#13 exporting manifest list sha256:a3e7cf15bbb75ba1855a9b97e3cebf441afdd4a6bfdaff4d7ab3dd14e1f4e93d done
#13 naming to docker.io/bench/loopback-dpumesh:latest done
#13 unpacking to docker.io/bench/loopback-dpumesh:latest done
#13 DONE 0.0s
docker.io/bench/loopback-dpumesh:latest
docker.io/bench/loopback dpumesh:latest 	saved	
application/vnd.oci.image.index.v1+json sha256:a3e7cf15bbb75ba1855a9b97e3cebf441afdd4a6bfdaff4d7ab3dd14e1f4e93d
Importing	elapsed: 0.6 s	total:   0.0 B	(0.0 B/s)	
#0 building with "default" instance using docker driver

#1 [internal] load build definition from stream_dpumesh.Dockerfile
#1 transferring dockerfile: 739B done
#1 DONE 0.0s

#2 [internal] load metadata for docker.io/library/ubuntu:22.04
#2 DONE 0.3s

#3 [internal] load .dockerignore
#3 transferring context: 2B done
#3 DONE 0.0s

#4 [1/8] FROM docker.io/library/ubuntu:22.04@sha256:0e0a0fc6d18feda9db1590da249ac93e8d5abfea8f4c3c0c849ce512b5ef8982
#4 resolve docker.io/library/ubuntu:22.04@sha256:0e0a0fc6d18feda9db1590da249ac93e8d5abfea8f4c3c0c849ce512b5ef8982 0.0s done
#4 DONE 0.0s

#5 [internal] load build context
#5 transferring context: 55.94kB done
#5 DONE 0.0s

#6 [4/8] COPY doca-libs/ /usr/local/lib/
#6 CACHED

#7 [2/8] RUN apt-get update &&     DEBIAN_FRONTEND=noninteractive apt-get install -y       ca-certificates       libibverbs1       libnl-3-200       libnl-route-3-200       libyaml-0-2       libsasl2-2       numactl       openssl &&     rm -rf /var/lib/apt/lists/*
#7 CACHED

#8 [3/8] COPY build/bin/stream_dpumesh /usr/local/bin/stream_dpumesh
#8 CACHED

#9 [7/8] COPY bench/docker/numa-entrypoint.sh /usr/local/bin/numa-entrypoint.sh
#9 CACHED

#10 [5/8] COPY build/lib/libdpumesh.so.4 /usr/local/lib/
#10 CACHED

#11 [6/8] COPY bench/k8s/registry /etc/dpumesh/registry
#11 CACHED

#12 [8/8] RUN ldconfig
#12 CACHED

#13 exporting to image
#13 exporting layers done
#13 exporting manifest sha256:e703c7b55110dbdae91ce9e4e2ea69b32e4f976c1ca94a26053cd0d577f3569d done
#13 exporting config sha256:9d192440d009b0907a538352dca77d577448ac5d6a801b97e3bc873026dfea4d done
#13 exporting attestation manifest sha256:2589ea49703dd8ea62d3cfc89b8e29d99b2e22183cf7265c1039f332245ce3d5 0.0s done
#13 exporting manifest list sha256:7d3fdcf2773c1ce0b8f71ad0ef0929c1e07a10ef2598c5d29f1b4dde0fd34714 done
#13 naming to docker.io/bench/stream-dpumesh:latest done
#13 unpacking to docker.io/bench/stream-dpumesh:latest done
#13 DONE 0.0s
docker.io/bench/stream-dpumesh:latest
docker.io/bench/stream dpumesh:latest   	saved	
application/vnd.oci.image.index.v1+json sha256:7d3fdcf2773c1ce0b8f71ad0ef0929c1e07a10ef2598c5d29f1b4dde0fd34714
Importing	elapsed: 0.6 s	total:   0.0 B	(0.0 B/s)	
#0 building with "default" instance using docker driver

#1 [internal] load build definition from verbs_dpumesh.Dockerfile
#1 transferring dockerfile: 735B done
#1 DONE 0.0s

#2 [internal] load metadata for docker.io/library/ubuntu:22.04
#2 DONE 0.4s

#3 [internal] load .dockerignore
#3 transferring context: 2B done
#3 DONE 0.0s

#4 [1/8] FROM docker.io/library/ubuntu:22.04@sha256:0e0a0fc6d18feda9db1590da249ac93e8d5abfea8f4c3c0c849ce512b5ef8982
#4 resolve docker.io/library/ubuntu:22.04@sha256:0e0a0fc6d18feda9db1590da249ac93e8d5abfea8f4c3c0c849ce512b5ef8982 0.0s done
#4 DONE 0.0s

#5 [internal] load build context
#5 transferring context: 56.69kB done
#5 DONE 0.0s

#6 [2/8] RUN apt-get update &&     DEBIAN_FRONTEND=noninteractive apt-get install -y       ca-certificates       libibverbs1       libnl-3-200       libnl-route-3-200       libyaml-0-2       libsasl2-2       numactl       openssl &&     rm -rf /var/lib/apt/lists/*
#6 CACHED

#7 [4/8] COPY doca-libs/ /usr/local/lib/
#7 CACHED

#8 [6/8] COPY bench/k8s/registry /etc/dpumesh/registry
#8 CACHED

#9 [3/8] COPY build/bin/verbs_dpumesh /usr/local/bin/verbs_dpumesh
#9 CACHED

#10 [5/8] COPY build/lib/libdpumesh.so.4 /usr/local/lib/
#10 CACHED

#11 [7/8] COPY bench/docker/numa-entrypoint.sh /usr/local/bin/numa-entrypoint.sh
#11 CACHED

#12 [8/8] RUN ldconfig
#12 CACHED

#13 exporting to image
#13 exporting layers done
#13 exporting manifest sha256:09822f2580ff0bace4393be450b288fa5cb49b97317b6859cefa4c67def24975 done
#13 exporting config sha256:a4ff0932111140ec161cb62bf80a79210b198c84664f0b794cae557f72af1282 done
#13 exporting attestation manifest sha256:2e2de30e627535bba01a10e96c405518c98ac86f18a80db2902868d014c854ac 0.0s done
#13 exporting manifest list sha256:56bbbcb7ee53fdb65998385165b29e4217ec163db3322db0fb85c127b0a9e9b3 done
#13 naming to docker.io/bench/verbs-dpumesh:latest done
#13 unpacking to docker.io/bench/verbs-dpumesh:latest done
#13 DONE 0.0s
docker.io/bench/verbs-dpumesh:latest
docker.io/bench/verbs dpumesh:latest    	saved	
application/vnd.oci.image.index.v1+json sha256:56bbbcb7ee53fdb65998385165b29e4217ec163db3322db0fb85c127b0a9e9b3
Importing	elapsed: 0.7 s	total:   0.0 B	(0.0 B/s)	
#0 building with "default" instance using docker driver

#1 [internal] load build definition from preload_dpumesh.Dockerfile
#1 transferring dockerfile: 876B done
#1 DONE 0.0s

#2 [internal] load metadata for docker.io/library/ubuntu:22.04
#2 DONE 0.3s

#3 [internal] load .dockerignore
#3 transferring context: 2B done
#3 DONE 0.0s

#4 [ 1/10] FROM docker.io/library/ubuntu:22.04@sha256:0e0a0fc6d18feda9db1590da249ac93e8d5abfea8f4c3c0c849ce512b5ef8982
#4 resolve docker.io/library/ubuntu:22.04@sha256:0e0a0fc6d18feda9db1590da249ac93e8d5abfea8f4c3c0c849ce512b5ef8982 0.0s done
#4 DONE 0.0s

#5 [internal] load build context
#5 transferring context: 262.31kB done
#5 DONE 0.0s

#6 [ 2/10] RUN apt-get update &&     DEBIAN_FRONTEND=noninteractive apt-get install -y       ca-certificates       libibverbs1       libnl-3-200       libnl-route-3-200       libyaml-0-2       libsasl2-2       numactl       openssl &&     rm -rf /var/lib/apt/lists/*
#6 CACHED

#7 [ 5/10] COPY build/bin/tcp_client /usr/local/bin/tcp_client
#7 CACHED

#8 [ 3/10] COPY build/bin/preload_runner /usr/local/bin/preload_runner
#8 CACHED

#9 [ 6/10] COPY build/lib/libdmesh_preload.so /usr/local/lib/libdmesh_preload.so
#9 CACHED

#10 [ 7/10] COPY doca-libs/ /usr/local/lib/
#10 CACHED

#11 [ 8/10] COPY build/lib/libdpumesh.so.4 /usr/local/lib/
#11 CACHED

#12 [ 9/10] COPY bench/docker/numa-entrypoint.sh /usr/local/bin/numa-entrypoint.sh
#12 CACHED

#13 [ 4/10] COPY build/bin/tcp_echo /usr/local/bin/tcp_echo
#13 CACHED

#14 [10/10] RUN ldconfig
#14 CACHED

#15 exporting to image
#15 exporting layers done
#15 exporting manifest sha256:703857d9a36ddcc1716affbb649eaef6ae619f9e369d4cdb5822234969dfaf50 done
#15 exporting config sha256:0ac343ccd4d695fcdf1d4af6e81fad5b366e9aea988e402b2ac49bba1790ffc2 done
#15 exporting attestation manifest sha256:b80cabd4d7ed4480340e5430b800ce1e1dabc4ddea2acc55cdac4c0243517b68 0.0s done
#15 exporting manifest list sha256:6e8cb6908b4ebb78ec3071a45f434bb56ea365712fdd08062fdc8249bef598b2 done
#15 naming to docker.io/bench/preload-dpumesh:latest done
#15 unpacking to docker.io/bench/preload-dpumesh:latest done
#15 DONE 0.1s
docker.io/bench/preload-dpumesh:latest
docker.io/bench/preload dpumesh:latest  	saved	
application/vnd.oci.image.index.v1+json sha256:6e8cb6908b4ebb78ec3071a45f434bb56ea365712fdd08062fdc8249bef598b2
Importing	elapsed: 0.6 s	total:   0.0 B	(0.0 B/s)	
#0 building with "default" instance using docker driver

#1 [internal] load build definition from preload_sock.Dockerfile
#1 transferring dockerfile: 734B done
#1 DONE 0.0s

#2 [internal] load metadata for docker.io/library/ubuntu:22.04
#2 DONE 0.3s

#3 [internal] load .dockerignore
#3 transferring context: 2B done
#3 DONE 0.0s

#4 [ 1/10] FROM docker.io/library/ubuntu:22.04@sha256:0e0a0fc6d18feda9db1590da249ac93e8d5abfea8f4c3c0c849ce512b5ef8982
#4 resolve docker.io/library/ubuntu:22.04@sha256:0e0a0fc6d18feda9db1590da249ac93e8d5abfea8f4c3c0c849ce512b5ef8982 0.0s done
#4 DONE 0.0s

#5 [internal] load build context
#5 transferring context: 114.36kB done
#5 DONE 0.0s

#6 [ 2/10] RUN apt-get update &&     DEBIAN_FRONTEND=noninteractive apt-get install -y       ca-certificates libibverbs1 libnl-3-200 libnl-route-3-200       libyaml-0-2 libsasl2-2 numactl openssl &&     rm -rf /var/lib/apt/lists/*
#6 CACHED

#7 [ 3/10] COPY build/bin/bench_sock /usr/local/bin/bench_sock
#7 CACHED

#8 [ 5/10] COPY build/lib/libdmesh_preload.so /usr/local/lib/libdmesh_preload.so
#8 CACHED

#9 [ 8/10] COPY bench/k8s/registry /etc/dpumesh/registry
#9 CACHED

#10 [ 9/10] COPY bench/docker/numa-entrypoint.sh /usr/local/bin/numa-entrypoint.sh
#10 CACHED

#11 [ 4/10] COPY build/bin/echo_sock /usr/local/bin/echo_sock
#11 CACHED

#12 [ 6/10] COPY doca-libs/ /usr/local/lib/
#12 CACHED

#13 [ 7/10] COPY build/lib/libdpumesh.so.4 /usr/local/lib/
#13 CACHED

#14 [10/10] RUN ldconfig
#14 CACHED

#15 exporting to image
#15 exporting layers done
#15 exporting manifest sha256:1c99c2bb22f737bea15ab34b0ea1f0793f01248157d80b97d1ef184ffcf6bea4 done
#15 exporting config sha256:00b3942a546d82ed9cfd4fc2c9e72e47a116a98b48d223e864438b669001785c done
#15 exporting attestation manifest sha256:88de1970fe9a6e019bc5db17033ed5ff31998343a8ae4598aaa9f6267661cc07 0.0s done
#15 exporting manifest list sha256:26fda24be058d647db888c65fec134ce3a1efd4d81af4fa201f080bc73ff493c done
#15 naming to docker.io/bench/preload-sock:latest done
#15 unpacking to docker.io/bench/preload-sock:latest done
#15 DONE 0.0s
docker.io/bench/preload-sock:latest
docker.io/bench/preload sock:latest     	saved	
application/vnd.oci.image.index.v1+json sha256:26fda24be058d647db888c65fec134ce3a1efd4d81af4fa201f080bc73ff493c
Importing	elapsed: 0.7 s	total:   0.0 B	(0.0 B/s)	
#0 building with "default" instance using docker driver

#1 [internal] load build definition from bench_sock.Dockerfile
#1 transferring dockerfile: 527B done
#1 DONE 0.0s

#2 [internal] load metadata for docker.io/library/ubuntu:22.04
#2 DONE 0.3s

#3 [internal] load .dockerignore
#3 transferring context: 2B done
#3 DONE 0.0s

#4 [internal] load build context
#4 transferring context: 205B done
#4 DONE 0.0s

#5 [1/4] FROM docker.io/library/ubuntu:22.04@sha256:0e0a0fc6d18feda9db1590da249ac93e8d5abfea8f4c3c0c849ce512b5ef8982
#5 resolve docker.io/library/ubuntu:22.04@sha256:0e0a0fc6d18feda9db1590da249ac93e8d5abfea8f4c3c0c849ce512b5ef8982 done
#5 DONE 0.0s

#6 [2/4] RUN apt-get update &&     DEBIAN_FRONTEND=noninteractive apt-get install -y ca-certificates numactl &&     rm -rf /var/lib/apt/lists/*
#6 CACHED

#7 [3/4] COPY build/bin/bench_sock /usr/local/bin/bench_sock
#7 CACHED

#8 [4/4] COPY bench/docker/numa-entrypoint.sh /usr/local/bin/numa-entrypoint.sh
#8 CACHED

#9 exporting to image
#9 exporting layers done
#9 exporting manifest sha256:1f7306c3879489f949fdd3b9ceb86a7f9a09cb839c50b975f641ceccfaf1379c done
#9 exporting config sha256:85a6c5dbfc2e7ae64ac4151a7526d2b3dd4f3b11f85dc26701a69fa49692217d done
#9 exporting attestation manifest sha256:27a392c2846e2d3dceed133081225147643a727b1a20c13410dd972306b71e1a 0.0s done
#9 exporting manifest list sha256:9bb80cecc6c7b13c19e980a8948a0205688e3d42c2efe193e33bda9ccac93950 done
#9 naming to docker.io/bench/bench-tcp:latest done
#9 unpacking to docker.io/bench/bench-tcp:latest done
#9 DONE 0.0s
docker.io/bench/bench-tcp:latest
docker.io/bench/bench tcp:latest        	saved	
application/vnd.oci.image.index.v1+json sha256:9bb80cecc6c7b13c19e980a8948a0205688e3d42c2efe193e33bda9ccac93950
Importing	elapsed: 0.5 s	total:   0.0 B	(0.0 B/s)	
#0 building with "default" instance using docker driver

#1 [internal] load build definition from echo_sock.Dockerfile
#1 transferring dockerfile: 535B done
#1 DONE 0.0s

#2 [internal] load metadata for docker.io/library/ubuntu:22.04
#2 DONE 0.3s

#3 [internal] load .dockerignore
#3 transferring context: 2B done
#3 DONE 0.0s

#4 [internal] load build context
#4 transferring context: 37.09kB done
#4 DONE 0.0s

#5 [1/4] FROM docker.io/library/ubuntu:22.04@sha256:0e0a0fc6d18feda9db1590da249ac93e8d5abfea8f4c3c0c849ce512b5ef8982
#5 resolve docker.io/library/ubuntu:22.04@sha256:0e0a0fc6d18feda9db1590da249ac93e8d5abfea8f4c3c0c849ce512b5ef8982 0.0s done
#5 DONE 0.0s

#6 [2/4] RUN apt-get update &&     DEBIAN_FRONTEND=noninteractive apt-get install -y ca-certificates numactl &&     rm -rf /var/lib/apt/lists/*
#6 CACHED

#7 [3/4] COPY build/bin/echo_sock /usr/local/bin/echo_sock
#7 CACHED

#8 [4/4] COPY bench/docker/numa-entrypoint.sh /usr/local/bin/numa-entrypoint.sh
#8 CACHED

#9 exporting to image
#9 exporting layers done
#9 exporting manifest sha256:f49be2b738dff76c56be9bd93b3550b03e21abbe82379a92b21f2dd0172d260d done
#9 exporting config sha256:c56ea40fd54db47d7bd35d5814b14af634947d16e4465c280620a32d93a4d34f done
#9 exporting attestation manifest sha256:632c2125d999ab4d5ea659bdafce11875e08a2b88ff39b723f90061346c1c106
#9 exporting attestation manifest sha256:632c2125d999ab4d5ea659bdafce11875e08a2b88ff39b723f90061346c1c106 0.0s done
#9 exporting manifest list sha256:8fbc4b0d4226e154dd36274387ce21a741657ad9a97086b420ae9f9240104fb0 done
#9 naming to docker.io/bench/echo-tcp:latest done
#9 unpacking to docker.io/bench/echo-tcp:latest done
#9 DONE 0.2s
docker.io/bench/echo-tcp:latest
docker.io/bench/echo tcp:latest         	saved	
application/vnd.oci.image.index.v1+json sha256:8fbc4b0d4226e154dd36274387ce21a741657ad9a97086b420ae9f9240104fb0
Importing	elapsed: 0.6 s	total:   0.0 B	(0.0 B/s)	
[0;32m[INFO][0m All images built and imported to containerd
[0;32m[INFO][0m Building NUMA-aware Envoy image
#0 building with "default" instance using docker driver

#1 [internal] load build definition from envoy_numa.Dockerfile
#1 transferring dockerfile: 398B done
#1 DONE 0.0s

#2 [internal] load metadata for docker.io/envoyproxy/envoy:v1.30-latest
#2 DONE 0.0s

#3 [internal] load .dockerignore
#3 transferring context: 2B done
#3 DONE 0.0s

#4 [internal] load build context
#4 transferring context: 110B done
#4 DONE 0.0s

#5 [1/3] FROM docker.io/envoyproxy/envoy:v1.30-latest@sha256:b5cc70f5fe5503858817e897ae1da5d873dc32cbc493790b4e330b8a42c4af9d
#5 resolve docker.io/envoyproxy/envoy:v1.30-latest@sha256:b5cc70f5fe5503858817e897ae1da5d873dc32cbc493790b4e330b8a42c4af9d 0.0s done
#5 DONE 0.0s

#6 [2/3] RUN apt-get update &&     DEBIAN_FRONTEND=noninteractive apt-get install -y --no-install-recommends       numactl &&     rm -rf /var/lib/apt/lists/*
#6 CACHED

#7 [3/3] COPY bench/docker/numa-entrypoint.sh /usr/local/bin/numa-entrypoint.sh
#7 CACHED

#8 exporting to image
#8 exporting layers done
#8 exporting manifest sha256:253034c83e48382b36ad0de64c3dcfdcb15a319ddecfcb14a6a089f4d08df456 done
#8 exporting config sha256:bf263af6c71e4b4abebf4b7b0e072d06bb9ddea17922eff9147f30393ebe550a done
#8 exporting attestation manifest sha256:54f294cde2bec1a81520b1b93bf2cfb58853b6f2c9eeb2034443a83566a8178e 0.0s done
#8 exporting manifest list sha256:3e0bdfd82b5b6a9a2a75c7f586fd3aaf7bf320898f004054a7fa4b0cf35b9308 done
#8 naming to docker.io/bench/envoy-numa:v1.30-latest done
#8 unpacking to docker.io/bench/envoy-numa:v1.30-latest done
#8 DONE 0.1s
docker.io/bench/envoy-numa:v1.30-latest
docker.io/bench/envoy numa:v1.30 latest 	saved	
application/vnd.oci.image.index.v1+json sha256:3e0bdfd82b5b6a9a2a75c7f586fd3aaf7bf320898f004054a7fa4b0cf35b9308
Importing	elapsed: 1.2 s	total:   0.0 B	(0.0 B/s)	
[0;34m[STEP][0m === Starting dpumesh_dpu (l7_svc='' dpa_threads='32' rings_per_pod='8' arm_workers='8') ===
[0;32m[INFO][0m Stopping dpumesh_dpu...
[0;32m[INFO][0m dpumesh_dpu running (PID: 736056)
[0;34m[STEP][0m === Starting pods (innermost first, scope=all) ===
deployment.apps/echo-dpumesh scaled
deployment.apps/echo-dpumesh scaled
pod/echo-dpumesh-f98c98b9-g6msh condition met
[0;32m[INFO][0m echo-dpumesh pod Ready
[0;32m[INFO][0m Waiting for DPUmesh init: echo-dpumesh (DPU pod is data-ready)
[0;32m[INFO][0m echo-dpumesh DPUmesh data-ready
deployment.apps/echo-dpumesh-13 scaled
deployment.apps/echo-dpumesh-13 scaled
pod/echo-dpumesh-13-86c6f8f97b-g7mq8 condition met
[0;32m[INFO][0m echo-dpumesh-13 pod Ready
[0;32m[INFO][0m Waiting for DPUmesh init: echo-dpumesh-13 (DPU pod is data-ready)
[0;32m[INFO][0m echo-dpumesh-13 DPUmesh data-ready
deployment.apps/echo-dpumesh-14 scaled
deployment.apps/echo-dpumesh-14 scaled
pod/echo-dpumesh-14-789dcf897f-f4brk condition met
[0;32m[INFO][0m echo-dpumesh-14 pod Ready
[0;32m[INFO][0m Waiting for DPUmesh init: echo-dpumesh-14 (DPU pod is data-ready)
[0;32m[INFO][0m echo-dpumesh-14 DPUmesh data-ready
deployment.apps/bench-dpumesh scaled
deployment.apps/bench-dpumesh scaled
pod/bench-dpumesh-75d4f4b777-srwhn condition met
[0;32m[INFO][0m bench-dpumesh pod Ready
[0;32m[INFO][0m Waiting for DPUmesh init: bench-dpumesh (DPU pod is data-ready)
[0;32m[INFO][0m bench-dpumesh DPUmesh data-ready
deployment.apps/bench-dpumesh-2 scaled
deployment.apps/bench-dpumesh-2 scaled
pod/bench-dpumesh-2-76f5485ccb-d4t4s condition met
[0;32m[INFO][0m bench-dpumesh-2 pod Ready
[0;32m[INFO][0m Waiting for DPUmesh init: bench-dpumesh-2 (DPU pod is data-ready)
[0;32m[INFO][0m bench-dpumesh-2 DPUmesh data-ready
deployment.apps/bench-dpumesh-3 scaled
deployment.apps/bench-dpumesh-3 scaled
pod/bench-dpumesh-3-7d8c6ddb5c-fjkmn condition met
[0;32m[INFO][0m bench-dpumesh-3 pod Ready
[0;32m[INFO][0m Waiting for DPUmesh init: bench-dpumesh-3 (DPU pod is data-ready)
[0;32m[INFO][0m bench-dpumesh-3 DPUmesh data-ready
deployment.apps/loopback-dpumesh scaled
deployment.apps/loopback-dpumesh scaled
pod/loopback-dpumesh-69d9db7f45-lxkk8 condition met
[0;32m[INFO][0m loopback-dpumesh pod Ready
[0;32m[INFO][0m Waiting for DPUmesh init: loopback-dpumesh (DPU pod is data-ready)
[0;32m[INFO][0m loopback-dpumesh DPUmesh data-ready
deployment.apps/preload-dpumesh scaled
deployment.apps/preload-dpumesh scaled
pod/preload-dpumesh-58d44ff4d7-gf8bp condition met
[0;32m[INFO][0m preload-dpumesh pod Ready
[0;32m[INFO][0m Waiting for DPUmesh init: preload-dpumesh (DPU pod is data-ready)
[0;32m[INFO][0m preload-dpumesh DPUmesh data-ready
deployment.apps/preload-echo scaled
deployment.apps/preload-echo scaled
pod/preload-echo-86568cf7b6-xsk6d condition met
[0;32m[INFO][0m preload-echo pod Ready
[0;32m[INFO][0m Waiting for DPUmesh init: preload-echo (DPU pod is data-ready)
[0;32m[INFO][0m preload-echo DPUmesh data-ready
deployment.apps/preload-bench scaled
deployment.apps/preload-bench scaled
pod/preload-bench-856d8bf994-jhkzw condition met
[0;32m[INFO][0m preload-bench pod Ready
deployment.apps/verbs-dpumesh scaled
deployment.apps/verbs-dpumesh scaled
pod/verbs-dpumesh-6564d99f74-r2mtp condition met
[0;32m[INFO][0m verbs-dpumesh pod Ready
[0;32m[INFO][0m Waiting for DPUmesh init: verbs-dpumesh (DPU pod is data-ready)
[0;32m[INFO][0m verbs-dpumesh DPUmesh data-ready
deployment.apps/stream-dpumesh scaled
deployment.apps/stream-dpumesh scaled
pod/stream-dpumesh-947b97f5d-rs6c5 condition met
[0;32m[INFO][0m stream-dpumesh pod Ready
[0;32m[INFO][0m Waiting for DPUmesh init: stream-dpumesh (DPU pod is data-ready)
[0;32m[INFO][0m stream-dpumesh DPUmesh data-ready
deployment.apps/echo-plain scaled
deployment.apps/echo-plain scaled
pod/echo-plain-867b9d4789-mjtwk condition met
[0;32m[INFO][0m echo-plain pod Ready
deployment.apps/echo-tcp-strict scaled
deployment.apps/echo-tcp-strict scaled
pod/echo-tcp-strict-7d69765b5b-mltlp condition met
[0;32m[INFO][0m echo-tcp-strict pod Ready
deployment.apps/bench-tcp-strict scaled
deployment.apps/bench-tcp-strict scaled
pod/bench-tcp-strict-b678c66b7-xjsfq condition met
[0;32m[INFO][0m bench-tcp-strict pod Ready
deployment.apps/echo-tcp scaled
deployment.apps/echo-tcp scaled
pod/echo-tcp-6b7d6d46f6-wh74p condition met
[0;32m[INFO][0m echo-tcp pod Ready
deployment.apps/bench-tcp scaled
deployment.apps/bench-tcp scaled
pod/bench-tcp-7b8dc7b6f7-t6rfn condition met
[0;32m[INFO][0m bench-tcp pod Ready
deployment.apps/bench-direct scaled
deployment.apps/bench-direct scaled
pod/bench-direct-9d5cf8b99-n68nq condition met
[0;32m[INFO][0m bench-direct pod Ready
[0;34m[STEP][0m === Pinning pods to dedicated cores (taskset, profile=fair) ===
[0;32m[INFO][0m CPU governor=performance, fixed 2.5 GHz on cores 18-35
[0;32m[INFO][0m bench-dpumesh → core(s) 18 (pod=45a5667f22b906e6baf77177ce37e2f5f575ac0d3da85e6c62654006719cc858)
[0;32m[INFO][0m   bench-dpumesh (PID 2155758) → 18
[0;32m[INFO][0m bench-dpumesh-2 → core(s) 27 (pod=8505720cbf6d10baa602d5ded42dc2b0ce4661454241733b615477384b3098e1)
[0;32m[INFO][0m   bench-dpumesh-2 (PID 2155990) → 27
[0;32m[INFO][0m bench-dpumesh-3 → core(s) 28 (pod=481cda0da044b3fc82f1e0045be71cd8d3d7e0eaa3df03175db98ba3696cf754)
[0;32m[INFO][0m   bench-dpumesh-3 (PID 2156197) → 28
[0;32m[INFO][0m echo-dpumesh → core(s) 19 (pod=996703a809f399d24c9729798b32e56ab24db09fbb7cb635b5feace9e751851f)
[0;32m[INFO][0m   echo-dpumesh (PID 2154451) → 19
[0;32m[INFO][0m echo-dpumesh-13 → core(s) 24 (pod=b8bb57ba3204ad2b87aaae7567df370551e6ef192e7af9c614bad96f7669716b)
[0;32m[INFO][0m   echo-dpumesh-13 (PID 2155348) → 24
[0;32m[INFO][0m echo-dpumesh-14 → core(s) 25 (pod=1ac96b62142f03d09a3e6314eac54d8721badb59ad13fd646f4586e42d28879a)
[0;32m[INFO][0m   echo-dpumesh-14 (PID 2155556) → 25
[0;32m[INFO][0m loopback-dpumesh → core(s) 22,23 (pod=ac35953da6a5bfcfe766c047361cf12f8ffa6d145882ec97a04bd97dd527c6bb)
[0;32m[INFO][0m   loopback-dpumesh (PID 2156414) → 22,23
[0;32m[INFO][0m stream-dpumesh → core(s) 22,23 (pod=55dc98f694c414a50c0249541f845d7690cc61fe2ef05fda028a9a0aa06a8392)
[0;32m[INFO][0m   stream-dpumesh (PID 2157533) → 22,23
[0;32m[INFO][0m verbs-dpumesh → core(s) 22,23 (pod=f81ded6caeb4460df56bebd73627b4d95e9f0992c1908ce0f23f9707c019bf62)
[0;32m[INFO][0m   verbs-dpumesh (PID 2157323) → 22,23
[0;32m[INFO][0m preload-dpumesh → core(s) 22,23 (pod=6caec12ec55c252c5e5023ccc30c90b34be09ed4d132ef0e07962b176a9dcb68)
[0;32m[INFO][0m   preload-dpumesh (PID 2156663) → 22,23
[0;32m[INFO][0m preload-echo → core(s) 22,23 (pod=08b2d981dadac3ab36529cbd915f020ccf058362a5d418ba2d1cc5e0fe259c7b)
[0;32m[INFO][0m   preload-echo (PID 2156872) → 22,23
[0;32m[INFO][0m preload-bench → core(s) 22,23 (pod=becb1df48fb631445dfbc9f184da1b4cc37c784efef1a3fce907f541d60b1754)
[0;32m[INFO][0m   preload-bench (PID 2157088) → 22,23
[0;32m[INFO][0m bench-tcp → core(s) 20 (pod=b1a4f9c48a89debd7e030fdf97f2df28c1261c398a4c6002b086d1074040f901)
[0;32m[INFO][0m   sidecar1 (PID 2158923) → 20
[0;32m[INFO][0m   bench-tcp (PID 2158899) → 20
[0;32m[INFO][0m echo-tcp → core(s) 21 (pod=b1a3ceddf4b3891ae435020b43d2b61d8aa1a9320590ade7019e15f786c3f8b1)
[0;32m[INFO][0m   sidecar2 (PID 2158631) → 21
[0;32m[INFO][0m   echo-tcp (PID 2158607) → 21
[0;32m[INFO][0m bench-direct → core(s) 26 (pod=863971578ae101a1c336a80b093b8baecfc0ef100ddc9e3ed563942e01ec8e7f)
[0;32m[INFO][0m   bench-direct (PID 2159233) → 26
[0;32m[INFO][0m Pinning done
[0;32m[INFO][0m === Deploy complete ===
  Run:  /home/jukebox/DPUmesh/bench/bench.sh latency|bandwidth|rate|all [dpumesh|tcp|both]
        /home/jukebox/DPUmesh/bench/bench.sh loopback|verbs|stream|preload ...   (validators)
  Re-pin:  /home/jukebox/DPUmesh/bench/bench.sh pin [fair|l4|hw|hw3|hw6]
[0;32m[INFO][0m Host NUMA: PCI 94:00.0 -> node 1, benchmark cores 18-35
[0;34m[STEP][0m === Pinning pods to dedicated cores (taskset, profile=l4) ===
[0;32m[INFO][0m CPU governor=performance, fixed 2.5 GHz on cores 18-35
[0;32m[INFO][0m bench-dpumesh → core(s) 26 (pod=45a5667f22b906e6baf77177ce37e2f5f575ac0d3da85e6c62654006719cc858)
[0;32m[INFO][0m   bench-dpumesh (PID 2155758) → 26
[0;32m[INFO][0m bench-dpumesh-2 → core(s) 28 (pod=8505720cbf6d10baa602d5ded42dc2b0ce4661454241733b615477384b3098e1)
[0;32m[INFO][0m   bench-dpumesh-2 (PID 2155990) → 28
[0;32m[INFO][0m bench-dpumesh-3 → core(s) 29 (pod=481cda0da044b3fc82f1e0045be71cd8d3d7e0eaa3df03175db98ba3696cf754)
[0;32m[INFO][0m   bench-dpumesh-3 (PID 2156197) → 29
[0;32m[INFO][0m echo-dpumesh → core(s) 27 (pod=996703a809f399d24c9729798b32e56ab24db09fbb7cb635b5feace9e751851f)
[0;32m[INFO][0m   echo-dpumesh (PID 2154451) → 27
[0;32m[INFO][0m echo-dpumesh-13 → core(s) 30 (pod=b8bb57ba3204ad2b87aaae7567df370551e6ef192e7af9c614bad96f7669716b)
[0;32m[INFO][0m   echo-dpumesh-13 (PID 2155348) → 30
[0;32m[INFO][0m echo-dpumesh-14 → core(s) 31 (pod=1ac96b62142f03d09a3e6314eac54d8721badb59ad13fd646f4586e42d28879a)
[0;32m[INFO][0m   echo-dpumesh-14 (PID 2155556) → 31
[0;32m[INFO][0m loopback-dpumesh → core(s) 32 (pod=ac35953da6a5bfcfe766c047361cf12f8ffa6d145882ec97a04bd97dd527c6bb)
[0;32m[INFO][0m   loopback-dpumesh (PID 2156414) → 32
[0;32m[INFO][0m stream-dpumesh → core(s) 33 (pod=55dc98f694c414a50c0249541f845d7690cc61fe2ef05fda028a9a0aa06a8392)
[0;32m[INFO][0m   stream-dpumesh (PID 2157533) → 33
[0;32m[INFO][0m verbs-dpumesh → core(s) 34 (pod=f81ded6caeb4460df56bebd73627b4d95e9f0992c1908ce0f23f9707c019bf62)
[0;32m[INFO][0m   verbs-dpumesh (PID 2157323) → 34
[0;32m[INFO][0m preload-dpumesh → core(s) 35 (pod=6caec12ec55c252c5e5023ccc30c90b34be09ed4d132ef0e07962b176a9dcb68)
[0;32m[INFO][0m   preload-dpumesh (PID 2156663) → 35
[0;32m[INFO][0m preload-echo → core(s) 19 (pod=08b2d981dadac3ab36529cbd915f020ccf058362a5d418ba2d1cc5e0fe259c7b)
[0;32m[INFO][0m   preload-echo (PID 2156872) → 19
[0;32m[INFO][0m preload-bench → core(s) 18 (pod=becb1df48fb631445dfbc9f184da1b4cc37c784efef1a3fce907f541d60b1754)
[0;32m[INFO][0m   preload-bench (PID 2157088) → 18
[0;32m[INFO][0m bench-tcp → core(s) 22 (pod=b1a4f9c48a89debd7e030fdf97f2df28c1261c398a4c6002b086d1074040f901)
[0;32m[INFO][0m   sidecar1 (PID 2158923) → 22
[0;32m[INFO][0m   bench-tcp (PID 2158899) → 22
[0;32m[INFO][0m echo-tcp → core(s) 23 (pod=b1a3ceddf4b3891ae435020b43d2b61d8aa1a9320590ade7019e15f786c3f8b1)
[0;32m[INFO][0m   sidecar2 (PID 2158631) → 23
[0;32m[INFO][0m   echo-tcp (PID 2158607) → 23
[0;32m[INFO][0m bench-tcp-strict → core(s) 24 (pod=b0907231850dc49af73e1c48a41267a7768aac7b8ea2e7a5b0cc98a8e2f6b9d7)
[0;32m[INFO][0m   sidecar1 (PID 2158275) → 24
[0;32m[INFO][0m   bench-tcp-strict (PID 2158244) → 24
[0;32m[INFO][0m echo-tcp-strict → core(s) 25 (pod=9f8d6cb2517bb6239f58ccf6a8b91ee5dde4d15f6481ff00d075d52743d0c90b)
[0;32m[INFO][0m   sidecar2 (PID 2157974) → 25
[0;32m[INFO][0m   echo-tcp-strict (PID 2157948) → 25
[0;32m[INFO][0m bench-direct → core(s) 20 (pod=863971578ae101a1c336a80b093b8baecfc0ef100ddc9e3ed563942e01ec8e7f)
[0;32m[INFO][0m   bench-direct (PID 2159233) → 20
[0;32m[INFO][0m echo-plain → core(s) 21 (pod=0163e2295f9da920aee5333bbaeec9f3802dff1edad09db7b879d3d7a4583a38)
[0;32m[INFO][0m   echo-plain (PID 2157749) → 21
[0;32m[INFO][0m Pinning done
[0;34m[l4][0m binary equivalence PASS (bench_sock and echo_sock hashes match)
[0;34m[l4][0m smoke plain: OK mrps=0.337101 gbps=0.1726 p50=46.00 p95=57.00 p99=59.00 p999=71.00 p9999=86.00 avg=46.07 min=19.84 max=3885.37 rcnt=672736 scheduled=672832 pending=16 fail=0 conc=4 threads=4 reqsz=64 repsz=8 durs=2.000 offered_mrps=0.337101 drops=0 overflow=0 reorder=0 mode=closed arr=const
[0;34m[l4][0m smoke envoy-permissive: OK mrps=0.129175 gbps=0.0661 p50=121.00 p95=173.00 p99=191.00 p999=237.00 p9999=284.00 avg=122.76 min=59.99 max=425.94 rcnt=258180 scheduled=258276 pending=16 fail=0 conc=4 threads=4 reqsz=64 repsz=8 durs=2.000 offered_mrps=0.129175 drops=0 overflow=0 reorder=0 mode=closed arr=const
[0;34m[l4][0m smoke envoy-strict: OK mrps=0.135899 gbps=0.0696 p50=115.00 p95=166.00 p99=178.00 p999=378.00 p9999=575.00 avg=116.68 min=57.65 max=620.16 rcnt=271640 scheduled=271736 pending=16 fail=0 conc=4 threads=4 reqsz=64 repsz=8 durs=2.000 offered_mrps=0.135899 drops=0 overflow=0 reorder=0 mode=closed arr=const
[0;34m[l4][0m smoke dpumesh-preload: OK mrps=0.101185 gbps=0.0518 p50=146.00 p95=196.00 p99=355.00 p999=539.00 p9999=673.00 avg=154.18 min=68.26 max=2837.12 rcnt=202216 scheduled=202312 pending=16 fail=0 conc=4 threads=4 reqsz=64 repsz=8 durs=2.000 offered_mrps=0.101185 drops=0 overflow=0 reorder=0 mode=closed arr=const
[0;34m[l4][0m collecting idle baselines
[0;34m[l4][0m skip completed idle-0-q0-envoy-permissive-r1
[0;34m[l4][0m skip completed idle-0-q0-envoy-strict-r1
[0;34m[l4][0m skip completed idle-0-q0-dpumesh-preload-r1
[0;34m[l4][0m skip completed idle-0-q0-plain-r1
[0;34m[l4][0m skip completed idle-0-q0-envoy-strict-r2
[0;34m[l4][0m skip completed idle-0-q0-dpumesh-preload-r2
[0;34m[l4][0m skip completed idle-0-q0-plain-r2
[0;34m[l4][0m skip completed idle-0-q0-envoy-permissive-r2
[0;34m[l4][0m skip completed idle-0-q0-dpumesh-preload-r3
[0;34m[l4][0m skip completed idle-0-q0-plain-r3
[0;34m[l4][0m skip completed idle-0-q0-envoy-permissive-r3
[0;34m[l4][0m skip completed idle-0-q0-envoy-strict-r3
[0;34m[l4][0m collecting open-loop load sweep
[0;34m[l4][0m skip completed load-64-q1-envoy-strict-r1
[0;34m[l4][0m skip completed load-64-q1-dpumesh-preload-r1
[0;34m[l4][0m skip completed load-64-q1-plain-r1
[0;34m[l4][0m skip completed load-64-q1-envoy-permissive-r1
[0;34m[l4][0m skip completed load-64-q2-dpumesh-preload-r1
[0;34m[l4][0m skip completed load-64-q2-plain-r1
[0;34m[l4][0m skip completed load-64-q2-envoy-permissive-r1
[0;34m[l4][0m skip completed load-64-q2-envoy-strict-r1
[0;34m[l4][0m skip completed load-64-q3-plain-r1
[0;34m[l4][0m skip completed load-64-q3-envoy-permissive-r1
[0;34m[l4][0m skip completed load-64-q3-envoy-strict-r1
[0;34m[l4][0m skip completed load-64-q3-dpumesh-preload-r1
[0;34m[l4][0m skip completed load-64-q4-envoy-permissive-r1
[0;34m[l4][0m skip completed load-64-q4-envoy-strict-r1
[0;34m[l4][0m skip completed load-64-q4-dpumesh-preload-r1
[0;34m[l4][0m skip completed load-64-q4-plain-r1
[0;34m[l4][0m skip completed load-64-q5-envoy-strict-r1
[0;34m[l4][0m skip completed load-64-q5-dpumesh-preload-r1
[0;34m[l4][0m skip completed load-64-q5-plain-r1
[0;34m[l4][0m skip completed load-64-q5-envoy-permissive-r1
[0;34m[l4][0m skip completed load-64-q6-dpumesh-preload-r1
[0;34m[l4][0m skip completed load-64-q6-plain-r1
[0;34m[l4][0m skip completed load-64-q6-envoy-permissive-r1
[0;34m[l4][0m skip completed load-64-q6-envoy-strict-r1
[0;34m[l4][0m skip completed load-64-q7-plain-r1
[0;34m[l4][0m skip completed load-64-q7-envoy-permissive-r1
[0;34m[l4][0m skip completed load-64-q7-envoy-strict-r1
[0;34m[l4][0m skip completed load-64-q7-dpumesh-preload-r1
[0;34m[l4][0m skip completed load-64-q8-envoy-permissive-r1
[0;34m[l4][0m skip completed load-64-q8-envoy-strict-r1
[0;34m[l4][0m skip completed load-64-q8-dpumesh-preload-r1
[0;34m[l4][0m skip completed load-64-q8-plain-r1
[0;34m[l4][0m skip completed load-64-q9-envoy-strict-r1
[0;34m[l4][0m skip completed load-64-q9-dpumesh-preload-r1
[0;34m[l4][0m skip completed load-64-q9-plain-r1
[0;34m[l4][0m skip completed load-64-q9-envoy-permissive-r1
[0;34m[l4][0m skip completed load-64-q9-dpumesh-preload-r2
[0;34m[l4][0m skip completed load-64-q9-plain-r2
[0;34m[l4][0m skip completed load-64-q9-envoy-permissive-r2
[0;34m[l4][0m skip completed load-64-q9-envoy-strict-r2
[0;34m[l4][0m skip completed load-64-q8-envoy-strict-r2
[0;34m[l4][0m skip completed load-64-q8-dpumesh-preload-r2
[0;34m[l4][0m skip completed load-64-q8-plain-r2
[0;34m[l4][0m skip completed load-64-q8-envoy-permissive-r2
[0;34m[l4][0m skip completed load-64-q7-envoy-permissive-r2
[0;34m[l4][0m skip completed load-64-q7-envoy-strict-r2
[0;34m[l4][0m skip completed load-64-q7-dpumesh-preload-r2
[0;34m[l4][0m skip completed load-64-q7-plain-r2
[0;34m[l4][0m skip completed load-64-q6-plain-r2
[0;34m[l4][0m skip completed load-64-q6-envoy-permissive-r2
[0;34m[l4][0m skip completed load-64-q6-envoy-strict-r2
[0;34m[l4][0m skip completed load-64-q6-dpumesh-preload-r2
[0;34m[l4][0m skip completed load-64-q5-dpumesh-preload-r2
[0;34m[l4][0m skip completed load-64-q5-plain-r2
[0;34m[l4][0m skip completed load-64-q5-envoy-permissive-r2
[0;34m[l4][0m skip completed load-64-q5-envoy-strict-r2
[0;34m[l4][0m skip completed load-64-q4-envoy-strict-r2
[0;34m[l4][0m skip completed load-64-q4-dpumesh-preload-r2
[0;34m[l4][0m skip completed load-64-q4-plain-r2
[0;34m[l4][0m skip completed load-64-q4-envoy-permissive-r2
[0;34m[l4][0m skip completed load-64-q3-envoy-permissive-r2
[0;34m[l4][0m skip completed load-64-q3-envoy-strict-r2
[0;34m[l4][0m skip completed load-64-q3-dpumesh-preload-r2
[0;34m[l4][0m skip completed load-64-q3-plain-r2
[0;34m[l4][0m skip completed load-64-q2-plain-r2
[0;34m[l4][0m skip completed load-64-q2-envoy-permissive-r2
[0;34m[l4][0m skip completed load-64-q2-envoy-strict-r2
[0;34m[l4][0m skip completed load-64-q2-dpumesh-preload-r2
[0;34m[l4][0m skip completed load-64-q1-dpumesh-preload-r2
[0;34m[l4][0m skip completed load-64-q1-plain-r2
[0;34m[l4][0m skip completed load-64-q1-envoy-permissive-r2
[0;34m[l4][0m skip completed load-64-q1-envoy-strict-r2
[0;34m[l4][0m skip completed load-64-q1-plain-r3
[0;34m[l4][0m skip completed load-64-q1-envoy-permissive-r3
[0;34m[l4][0m skip completed load-64-q1-envoy-strict-r3
[0;34m[l4][0m skip completed load-64-q1-dpumesh-preload-r3
[0;34m[l4][0m skip completed load-64-q2-envoy-permissive-r3
[0;34m[l4][0m skip completed load-64-q2-envoy-strict-r3
[0;34m[l4][0m skip completed load-64-q2-dpumesh-preload-r3
[0;34m[l4][0m skip completed load-64-q2-plain-r3
[0;34m[l4][0m skip completed load-64-q3-envoy-strict-r3
[0;34m[l4][0m skip completed load-64-q3-dpumesh-preload-r3
[0;34m[l4][0m skip completed load-64-q3-plain-r3
[0;34m[l4][0m skip completed load-64-q3-envoy-permissive-r3
[0;34m[l4][0m skip completed load-64-q4-dpumesh-preload-r3
[0;34m[l4][0m skip completed load-64-q4-plain-r3
[0;34m[l4][0m skip completed load-64-q4-envoy-permissive-r3
[0;34m[l4][0m skip completed load-64-q4-envoy-strict-r3
[0;34m[l4][0m skip completed load-64-q5-plain-r3
[0;34m[l4][0m skip completed load-64-q5-envoy-permissive-r3
[0;34m[l4][0m skip completed load-64-q5-envoy-strict-r3
[0;34m[l4][0m skip completed load-64-q5-dpumesh-preload-r3
[0;34m[l4][0m skip completed load-64-q6-envoy-permissive-r3
[0;34m[l4][0m skip completed load-64-q6-envoy-strict-r3
[0;34m[l4][0m skip completed load-64-q6-dpumesh-preload-r3
[0;34m[l4][0m skip completed load-64-q6-plain-r3
[0;34m[l4][0m skip completed load-64-q7-envoy-strict-r3
[0;34m[l4][0m skip completed load-64-q7-dpumesh-preload-r3
[0;34m[l4][0m skip completed load-64-q7-plain-r3
[0;34m[l4][0m skip completed load-64-q7-envoy-permissive-r3
[0;34m[l4][0m skip completed load-64-q8-dpumesh-preload-r3
[0;34m[l4][0m skip completed load-64-q8-plain-r3
[0;34m[l4][0m skip completed load-64-q8-envoy-permissive-r3
[0;34m[l4][0m skip completed load-64-q8-envoy-strict-r3
[0;34m[l4][0m skip completed load-64-q9-plain-r3
[0;34m[l4][0m skip completed load-64-q9-envoy-permissive-r3
[0;34m[l4][0m skip completed load-64-q9-envoy-strict-r3
[0;34m[l4][0m skip completed load-64-q9-dpumesh-preload-r3
[0;34m[l4][0m skip completed load-1024-q1-envoy-strict-r1
[0;34m[l4][0m skip completed load-1024-q1-dpumesh-preload-r1
[0;34m[l4][0m skip completed load-1024-q1-plain-r1
[0;34m[l4][0m skip completed load-1024-q1-envoy-permissive-r1
[0;34m[l4][0m skip completed load-1024-q2-dpumesh-preload-r1
[0;34m[l4][0m skip completed load-1024-q2-plain-r1
[0;34m[l4][0m skip completed load-1024-q2-envoy-permissive-r1
[0;34m[l4][0m skip completed load-1024-q2-envoy-strict-r1
[0;34m[l4][0m skip completed load-1024-q3-plain-r1
[0;34m[l4][0m skip completed load-1024-q3-envoy-permissive-r1
[0;34m[l4][0m skip completed load-1024-q3-envoy-strict-r1
[0;34m[l4][0m skip completed load-1024-q3-dpumesh-preload-r1
[0;34m[l4][0m skip completed load-1024-q4-envoy-permissive-r1
[0;34m[l4][0m skip completed load-1024-q4-envoy-strict-r1
[0;34m[l4][0m skip completed load-1024-q4-dpumesh-preload-r1
[0;34m[l4][0m skip completed load-1024-q4-plain-r1
[0;34m[l4][0m skip completed load-1024-q5-envoy-strict-r1
[0;34m[l4][0m skip completed load-1024-q5-dpumesh-preload-r1
[0;34m[l4][0m skip completed load-1024-q5-plain-r1
[0;34m[l4][0m skip completed load-1024-q5-envoy-permissive-r1
[0;34m[l4][0m skip completed load-1024-q6-dpumesh-preload-r1
[0;34m[l4][0m skip completed load-1024-q6-plain-r1
[0;34m[l4][0m skip completed load-1024-q6-envoy-permissive-r1
[0;34m[l4][0m skip completed load-1024-q6-envoy-strict-r1
[0;34m[l4][0m skip completed load-1024-q7-plain-r1
[0;34m[l4][0m skip completed load-1024-q7-envoy-permissive-r1
[0;34m[l4][0m skip completed load-1024-q7-envoy-strict-r1
[0;34m[l4][0m skip completed load-1024-q7-dpumesh-preload-r1
[0;34m[l4][0m skip completed load-1024-q8-envoy-permissive-r1
[0;34m[l4][0m skip completed load-1024-q8-envoy-strict-r1
[0;34m[l4][0m skip completed load-1024-q8-dpumesh-preload-r1
[0;34m[l4][0m skip completed load-1024-q8-plain-r1
[0;34m[l4][0m skip completed load-1024-q9-envoy-strict-r1
[0;34m[l4][0m skip completed load-1024-q9-dpumesh-preload-r1
[0;34m[l4][0m skip completed load-1024-q9-plain-r1
[0;34m[l4][0m skip completed load-1024-q9-envoy-permissive-r1
[0;34m[l4][0m skip completed load-1024-q9-dpumesh-preload-r2
[0;34m[l4][0m skip completed load-1024-q9-plain-r2
[0;34m[l4][0m skip completed load-1024-q9-envoy-permissive-r2
[0;34m[l4][0m skip completed load-1024-q9-envoy-strict-r2
[0;34m[l4][0m skip completed load-1024-q8-envoy-strict-r2
[0;34m[l4][0m skip completed load-1024-q8-dpumesh-preload-r2
[0;34m[l4][0m skip completed load-1024-q8-plain-r2
[0;34m[l4][0m skip completed load-1024-q8-envoy-permissive-r2
[0;34m[l4][0m skip completed load-1024-q7-envoy-permissive-r2
[0;34m[l4][0m skip completed load-1024-q7-envoy-strict-r2
[0;34m[l4][0m skip completed load-1024-q7-dpumesh-preload-r2
[0;34m[l4][0m skip completed load-1024-q7-plain-r2
[0;34m[l4][0m skip completed load-1024-q6-plain-r2
[0;34m[l4][0m skip completed load-1024-q6-envoy-permissive-r2
[0;34m[l4][0m skip completed load-1024-q6-envoy-strict-r2
[0;34m[l4][0m skip completed load-1024-q6-dpumesh-preload-r2
[0;34m[l4][0m skip completed load-1024-q5-dpumesh-preload-r2
[0;34m[l4][0m skip completed load-1024-q5-plain-r2
[0;34m[l4][0m skip completed load-1024-q5-envoy-permissive-r2
[0;34m[l4][0m skip completed load-1024-q5-envoy-strict-r2
[0;34m[l4][0m skip completed load-1024-q4-envoy-strict-r2
[0;34m[l4][0m skip completed load-1024-q4-dpumesh-preload-r2
[0;34m[l4][0m skip completed load-1024-q4-plain-r2
[0;34m[l4][0m skip completed load-1024-q4-envoy-permissive-r2
[0;34m[l4][0m skip completed load-1024-q3-envoy-permissive-r2
[0;34m[l4][0m skip completed load-1024-q3-envoy-strict-r2
[0;34m[l4][0m skip completed load-1024-q3-dpumesh-preload-r2
[0;34m[l4][0m skip completed load-1024-q3-plain-r2
[0;34m[l4][0m skip completed load-1024-q2-plain-r2
[0;34m[l4][0m skip completed load-1024-q2-envoy-permissive-r2
[0;34m[l4][0m skip completed load-1024-q2-envoy-strict-r2
[0;34m[l4][0m skip completed load-1024-q2-dpumesh-preload-r2
[0;34m[l4][0m skip completed load-1024-q1-dpumesh-preload-r2
[0;34m[l4][0m skip completed load-1024-q1-plain-r2
[0;34m[l4][0m skip completed load-1024-q1-envoy-permissive-r2
[0;34m[l4][0m skip completed load-1024-q1-envoy-strict-r2
[0;34m[l4][0m skip completed load-1024-q1-plain-r3
[0;34m[l4][0m skip completed load-1024-q1-envoy-permissive-r3
[0;34m[l4][0m skip completed load-1024-q1-envoy-strict-r3
[0;34m[l4][0m skip completed load-1024-q1-dpumesh-preload-r3
[0;34m[l4][0m skip completed load-1024-q2-envoy-permissive-r3
[0;34m[l4][0m skip completed load-1024-q2-envoy-strict-r3
[0;34m[l4][0m skip completed load-1024-q2-dpumesh-preload-r3
[0;34m[l4][0m skip completed load-1024-q2-plain-r3
[0;34m[l4][0m skip completed load-1024-q3-envoy-strict-r3
[0;34m[l4][0m skip completed load-1024-q3-dpumesh-preload-r3
[0;34m[l4][0m skip completed load-1024-q3-plain-r3
[0;34m[l4][0m skip completed load-1024-q3-envoy-permissive-r3
[0;34m[l4][0m skip completed load-1024-q4-dpumesh-preload-r3
[0;34m[l4][0m skip completed load-1024-q4-plain-r3
[0;34m[l4][0m skip completed load-1024-q4-envoy-permissive-r3
[0;34m[l4][0m skip completed load-1024-q4-envoy-strict-r3
[0;34m[l4][0m skip completed load-1024-q5-plain-r3
[0;34m[l4][0m skip completed load-1024-q5-envoy-permissive-r3
[0;34m[l4][0m skip completed load-1024-q5-envoy-strict-r3
[0;34m[l4][0m skip completed load-1024-q5-dpumesh-preload-r3
[0;34m[l4][0m skip completed load-1024-q6-envoy-permissive-r3
[0;34m[l4][0m skip completed load-1024-q6-envoy-strict-r3
[0;34m[l4][0m skip completed load-1024-q6-dpumesh-preload-r3
[0;34m[l4][0m skip completed load-1024-q6-plain-r3
[0;34m[l4][0m skip completed load-1024-q7-envoy-strict-r3
[0;34m[l4][0m skip completed load-1024-q7-dpumesh-preload-r3
[0;34m[l4][0m skip completed load-1024-q7-plain-r3
[0;34m[l4][0m skip completed load-1024-q7-envoy-permissive-r3
[0;34m[l4][0m skip completed load-1024-q8-dpumesh-preload-r3
[0;34m[l4][0m skip completed load-1024-q8-plain-r3
[0;34m[l4][0m skip completed load-1024-q8-envoy-permissive-r3
[0;34m[l4][0m skip completed load-1024-q8-envoy-strict-r3
[0;34m[l4][0m skip completed load-1024-q9-plain-r3
[0;34m[l4][0m skip completed load-1024-q9-envoy-permissive-r3
[0;34m[l4][0m skip completed load-1024-q9-envoy-strict-r3
[0;34m[l4][0m skip completed load-1024-q9-dpumesh-preload-r3
[0;34m[l4][0m skip completed load-8192-q1-envoy-strict-r1
[0;34m[l4][0m skip completed load-8192-q1-dpumesh-preload-r1
[0;34m[l4][0m skip completed load-8192-q1-plain-r1
[0;34m[l4][0m skip completed load-8192-q1-envoy-permissive-r1
[0;34m[l4][0m skip completed load-8192-q2-dpumesh-preload-r1
[0;34m[l4][0m skip completed load-8192-q2-plain-r1
[0;34m[l4][0m skip completed load-8192-q2-envoy-permissive-r1
[0;34m[l4][0m skip completed load-8192-q2-envoy-strict-r1
[0;34m[l4][0m skip completed load-8192-q3-plain-r1
[0;34m[l4][0m skip completed load-8192-q3-envoy-permissive-r1
[0;34m[l4][0m skip completed load-8192-q3-envoy-strict-r1
[0;34m[l4][0m skip completed load-8192-q3-dpumesh-preload-r1
[0;34m[l4][0m skip completed load-8192-q4-envoy-permissive-r1
[0;34m[l4][0m skip completed load-8192-q4-envoy-strict-r1
[0;34m[l4][0m skip completed load-8192-q4-dpumesh-preload-r1
[0;34m[l4][0m skip completed load-8192-q4-plain-r1
[0;34m[l4][0m skip completed load-8192-q5-envoy-strict-r1
[0;34m[l4][0m skip completed load-8192-q5-dpumesh-preload-r1
[0;34m[l4][0m skip completed load-8192-q5-plain-r1
[0;34m[l4][0m skip completed load-8192-q5-envoy-permissive-r1
[0;34m[l4][0m skip completed load-8192-q6-dpumesh-preload-r1
[0;34m[l4][0m skip completed load-8192-q6-plain-r1
[0;34m[l4][0m skip completed load-8192-q6-envoy-permissive-r1
[0;34m[l4][0m skip completed load-8192-q6-envoy-strict-r1
[0;34m[l4][0m skip completed load-8192-q7-plain-r1
[0;34m[l4][0m skip completed load-8192-q7-envoy-permissive-r1
[0;34m[l4][0m skip completed load-8192-q7-envoy-strict-r1
[0;34m[l4][0m skip completed load-8192-q7-dpumesh-preload-r1
[0;34m[l4][0m skip completed load-8192-q8-envoy-permissive-r1
[0;34m[l4][0m skip completed load-8192-q8-envoy-strict-r1
[0;34m[l4][0m skip completed load-8192-q8-dpumesh-preload-r1
[0;34m[l4][0m skip completed load-8192-q8-plain-r1
[0;34m[l4][0m skip completed load-8192-q9-envoy-strict-r1
[0;34m[l4][0m skip completed load-8192-q9-dpumesh-preload-r1
[0;34m[l4][0m skip completed load-8192-q9-plain-r1
[0;34m[l4][0m skip completed load-8192-q9-envoy-permissive-r1
[0;34m[l4][0m skip completed load-8192-q9-dpumesh-preload-r2
[0;34m[l4][0m skip completed load-8192-q9-plain-r2
[0;34m[l4][0m skip completed load-8192-q9-envoy-permissive-r2
[0;34m[l4][0m skip completed load-8192-q9-envoy-strict-r2
[0;34m[l4][0m skip completed load-8192-q8-envoy-strict-r2
[0;34m[l4][0m skip completed load-8192-q8-dpumesh-preload-r2
[0;34m[l4][0m skip completed load-8192-q8-plain-r2
[0;34m[l4][0m skip completed load-8192-q8-envoy-permissive-r2
[0;34m[l4][0m skip completed load-8192-q7-envoy-permissive-r2
[0;34m[l4][0m skip completed load-8192-q7-envoy-strict-r2
[0;34m[l4][0m skip completed load-8192-q7-dpumesh-preload-r2
[0;34m[l4][0m skip completed load-8192-q7-plain-r2
[0;34m[l4][0m skip completed load-8192-q6-plain-r2
[0;34m[l4][0m skip completed load-8192-q6-envoy-permissive-r2
[0;34m[l4][0m skip completed load-8192-q6-envoy-strict-r2
[0;34m[l4][0m skip completed load-8192-q6-dpumesh-preload-r2
[0;34m[l4][0m skip completed load-8192-q5-dpumesh-preload-r2
[0;34m[l4][0m skip completed load-8192-q5-plain-r2
[0;34m[l4][0m skip completed load-8192-q5-envoy-permissive-r2
[0;34m[l4][0m skip completed load-8192-q5-envoy-strict-r2
[0;34m[l4][0m skip completed load-8192-q4-envoy-strict-r2
[0;34m[l4][0m skip completed load-8192-q4-dpumesh-preload-r2
[0;34m[l4][0m skip completed load-8192-q4-plain-r2
[0;34m[l4][0m skip completed load-8192-q4-envoy-permissive-r2
[0;34m[l4][0m skip completed load-8192-q3-envoy-permissive-r2
[0;34m[l4][0m skip completed load-8192-q3-envoy-strict-r2
[0;34m[l4][0m skip completed load-8192-q3-dpumesh-preload-r2
[0;34m[l4][0m skip completed load-8192-q3-plain-r2
[0;34m[l4][0m skip completed load-8192-q2-plain-r2
[0;34m[l4][0m skip completed load-8192-q2-envoy-permissive-r2
[0;34m[l4][0m skip completed load-8192-q2-envoy-strict-r2
[0;34m[l4][0m skip completed load-8192-q2-dpumesh-preload-r2
[0;34m[l4][0m skip completed load-8192-q1-dpumesh-preload-r2
[0;34m[l4][0m skip completed load-8192-q1-plain-r2
[0;34m[l4][0m skip completed load-8192-q1-envoy-permissive-r2
[0;34m[l4][0m skip completed load-8192-q1-envoy-strict-r2
[0;34m[l4][0m skip completed load-8192-q1-plain-r3
[0;34m[l4][0m skip completed load-8192-q1-envoy-permissive-r3
[0;34m[l4][0m skip completed load-8192-q1-envoy-strict-r3
[0;34m[l4][0m skip completed load-8192-q1-dpumesh-preload-r3
[0;34m[l4][0m skip completed load-8192-q2-envoy-permissive-r3
[0;34m[l4][0m skip completed load-8192-q2-envoy-strict-r3
[0;34m[l4][0m skip completed load-8192-q2-dpumesh-preload-r3
[0;34m[l4][0m skip completed load-8192-q2-plain-r3
[0;34m[l4][0m skip completed load-8192-q3-envoy-strict-r3
[0;34m[l4][0m skip completed load-8192-q3-dpumesh-preload-r3
[0;34m[l4][0m skip completed load-8192-q3-plain-r3
[0;34m[l4][0m skip completed load-8192-q3-envoy-permissive-r3
[0;34m[l4][0m skip completed load-8192-q4-dpumesh-preload-r3
[0;34m[l4][0m skip completed load-8192-q4-plain-r3
[0;34m[l4][0m skip completed load-8192-q4-envoy-permissive-r3
[0;34m[l4][0m skip completed load-8192-q4-envoy-strict-r3
[0;34m[l4][0m skip completed load-8192-q5-plain-r3
[0;34m[l4][0m skip completed load-8192-q5-envoy-permissive-r3
[0;34m[l4][0m skip completed load-8192-q5-envoy-strict-r3
[0;34m[l4][0m skip completed load-8192-q5-dpumesh-preload-r3
[0;34m[l4][0m skip completed load-8192-q6-envoy-permissive-r3
[0;34m[l4][0m skip completed load-8192-q6-envoy-strict-r3
[0;34m[l4][0m skip completed load-8192-q6-dpumesh-preload-r3
[0;34m[l4][0m skip completed load-8192-q6-plain-r3
[0;34m[l4][0m skip completed load-8192-q7-envoy-strict-r3
[0;34m[l4][0m skip completed load-8192-q7-dpumesh-preload-r3
[0;34m[l4][0m skip completed load-8192-q7-plain-r3
[0;34m[l4][0m skip completed load-8192-q7-envoy-permissive-r3
[0;34m[l4][0m skip completed load-8192-q8-dpumesh-preload-r3
[0;34m[l4][0m skip completed load-8192-q8-plain-r3
[0;34m[l4][0m skip completed load-8192-q8-envoy-permissive-r3
[0;34m[l4][0m skip completed load-8192-q8-envoy-strict-r3
[0;34m[l4][0m skip completed load-8192-q9-plain-r3
[0;34m[l4][0m skip completed load-8192-q9-envoy-permissive-r3
[0;34m[l4][0m skip completed load-8192-q9-envoy-strict-r3
[0;34m[l4][0m skip completed load-8192-q9-dpumesh-preload-r3
[0;34m[l4][0m dataset validation PASS: load=324 idle=12 calibration=24
[0;34m[l4][0m selecting clean primary points and collecting separate perf replays
[0;34m[l4][0m skip completed profile-64-q6-plain
[0;34m[l4][0m skip completed profile-64-q7-envoy-permissive
[0;34m[l4][0m skip completed profile-64-q7-envoy-strict
[1;33m[l4][0m retrying profile-64-q4-dpumesh-preload after previous status=profile_perturbed
[0;34m[l4][0m profile-64-q4-dpumesh-preload perf replay complete: achieved=85759.000 p99=312.00
[0;34m[l4][0m skip completed profile-1024-q5-plain
[0;34m[l4][0m skip completed profile-1024-q7-envoy-permissive
[0;34m[l4][0m skip completed profile-1024-q6-envoy-strict
[0;34m[l4][0m profile-1024-q4-dpumesh-preload perf replay complete: achieved=76949.000 p99=238.00
[0;34m[l4][0m profile-8192-q8-plain perf replay complete: achieved=306921.000 p99=378.00
[0;34m[l4][0m skip completed profile-8192-q7-envoy-permissive
[0;34m[l4][0m skip completed profile-8192-q6-envoy-strict
[0;34m[l4][0m skip completed profile-8192-q4-dpumesh-preload
[0;34m[l4][0m perf validation PASS: profiles=12
[0;34m[l4][0m DONE: results=/home/jukebox/DPUmesh/bench/report/data/l4-20260728-022756/results.csv rates=/home/jukebox/DPUmesh/bench/report/data/l4-20260728-022756/rates.csv raw=/home/jukebox/DPUmesh/bench/report/data/l4-20260728-022756/raw
