config,body,role,layer,dso,symbol,samples,cores
grpc-dpumesh,48,client,kernel,[kernel.kallsyms],psi_group_change,57,0.00737
grpc-dpumesh,48,client,runtime,libc.so.6,malloc,43,0.00556
grpc-dpumesh,48,client,runtime,libc.so.6,_int_free,37,0.00478
grpc-dpumesh,48,client,grpc,bench_grpc,grpc_core::promise_filter_detail::BaseCallData::Flusher::~Flusher,36,0.00465
grpc-dpumesh,48,client,vdso,[vdso],[unknown],31,0.00401
grpc-dpumesh,48,client,kernel,[kernel.kallsyms],__calc_delta,30,0.00388
grpc-dpumesh,48,client,kernel,[kernel.kallsyms],update_cfs_group,30,0.00388
grpc-dpumesh,48,client,grpc,bench_grpc,_ZN9grpc_core5TableIJNS_15metadata_detail5ValueINS_17LbCostBinMetadataEvEENS2_INS_17GrpcStatusContextEvEENS2_INS_22W3CTraceParentMetadataEvEENS2_INS_22XForwardedHostMetadataEvEENS2_INS_21XForwardedForMetadataEvEENS2_INS_18XEnvoyPeerMetadataEvEENS2_INS_15LbTokenMetadataEvEENS2_INS_10PeerStringEvEENS2_INS_19GrpcTagsBinMetadataEvEENS2_INS_20GrpcTraceBinMetadataEvEENS2_INS_26GrpcServerStatsBinMetadataEvEENS2_INS_30EndpointLoadMetricsBinMetadataEvEENS2_INS_12HostMetadataEvEENS2_INS_19GrpcMessageMetadataEvEENS2_INS_17UserAgentMetadataEvEENS2_INS_21HttpAuthorityMetadataEvEENS2_INS_16HttpPathMetadataEvEENS2_INS_27GrpcRetryPushbackMsMetadataEvEENS2_INS_19GrpcTimeoutMetadataEvEENS2_INS_25GrpcLbClientStatsMetadataEvEENS2_INS_20GrpcRegisteredMethodEvEENS2_INS_27GrpcInternalEncodingRequestEvEENS2_INS_20GrpcEncodingMetadataEvEENS2_INS_18HttpStatusMetadataEvEENS2_INS_31GrpcPreviousRpcAttemptsMetadataEvEENS2_INS_18GrpcStatusMetadataEvEENS2_INS_12WaitForReadyEvEENS2_INS_22GrpcStreamNetworkStateEvEENS2_INS_26GrpcAcceptEncodingMetadataEvEENS2_INS_10GrpcTarPitEvEENS2_INS_20GrpcCallWasCancelledEvEENS2_INS_10TeMetadataEvEENS2_INS_19ContentTypeMetadataEvEENS2_INS_18HttpSchemeMetadataEvEENS2_INS_18GrpcStatusFromWireEvEENS2_INS_18HttpMethodMetadataEvEENS2_INS_16GrpcTrailersOnlyEvEENS2_INS_18IsTransparentRetryEvEEEE4MoveILb1EJLm0ELm1ELm2ELm3ELm4ELm5ELm6ELm7ELm8ELm9ELm10ELm11ELm12ELm13ELm14ELm15ELm16ELm17ELm18ELm19ELm20ELm21ELm22ELm23ELm24ELm25ELm26ELm27ELm28ELm29ELm30ELm31ELm32ELm33ELm34ELm35ELm36ELm37EEEEvSt16integer_sequenceImJXspT0_EEEOS27_.isra.0,30,0.00388
grpc-dpumesh,48,client,grpc,bench_grpc,grpc_core::promise_filter_detail::ClientCallData::PollContext::Run,28,0.00362
grpc-dpumesh,48,client,kernel,[kernel.kallsyms],entry_SYSCALL_64,27,0.00349
grpc-dpumesh,48,client,transport,libdpumesh.so.4,drain_rev_rings.part.0.constprop.0,26,0.00336
grpc-dpumesh,48,client,runtime,libc.so.6,_int_malloc,25,0.00323
grpc-dpumesh,48,client,grpc,bench_grpc,grpc_core::MultiProducerSingleConsumerQueue::Push,24,0.0031
grpc-dpumesh,48,client,driver,libdoca_comch.so.3.1.0105,[unknown],23,0.00297
grpc-dpumesh,48,client,kernel,[kernel.kallsyms],_raw_spin_lock_irq,23,0.00297
grpc-dpumesh,48,client,grpc,bench_grpc,grpc_core::promise_filter_detail::BaseCallData::Flusher::Flusher,20,0.00258
grpc-dpumesh,48,client,grpc,bench_grpc,_ZN9grpc_core5TableIJNS_15metadata_detail5ValueINS_17LbCostBinMetadataEvEENS2_INS_17GrpcStatusContextEvEENS2_INS_22W3CTraceParentMetadataEvEENS2_INS_22XForwardedHostMetadataEvEENS2_INS_21XForwardedForMetadataEvEENS2_INS_18XEnvoyPeerMetadataEvEENS2_INS_15LbTokenMetadataEvEENS2_INS_10PeerStringEvEENS2_INS_19GrpcTagsBinMetadataEvEENS2_INS_20GrpcTraceBinMetadataEvEENS2_INS_26GrpcServerStatsBinMetadataEvEENS2_INS_30EndpointLoadMetricsBinMetadataEvEENS2_INS_12HostMetadataEvEENS2_INS_19GrpcMessageMetadataEvEENS2_INS_17UserAgentMetadataEvEENS2_INS_21HttpAuthorityMetadataEvEENS2_INS_16HttpPathMetadataEvEENS2_INS_27GrpcRetryPushbackMsMetadataEvEENS2_INS_19GrpcTimeoutMetadataEvEENS2_INS_25GrpcLbClientStatsMetadataEvEENS2_INS_20GrpcRegisteredMethodEvEENS2_INS_27GrpcInternalEncodingRequestEvEENS2_INS_20GrpcEncodingMetadataEvEENS2_INS_18HttpStatusMetadataEvEENS2_INS_31GrpcPreviousRpcAttemptsMetadataEvEENS2_INS_18GrpcStatusMetadataEvEENS2_INS_12WaitForReadyEvEENS2_INS_22GrpcStreamNetworkStateEvEENS2_INS_26GrpcAcceptEncodingMetadataEvEENS2_INS_10GrpcTarPitEvEENS2_INS_20GrpcCallWasCancelledEvEENS2_INS_10TeMetadataEvEENS2_INS_19ContentTypeMetadataEvEENS2_INS_18HttpSchemeMetadataEvEENS2_INS_18GrpcStatusFromWireEvEENS2_INS_18HttpMethodMetadataEvEENS2_INS_16GrpcTrailersOnlyEvEENS2_INS_18IsTransparentRetryEvEEEE8DestructIJLm0ELm1ELm2ELm3ELm4ELm5ELm6ELm7ELm8ELm9ELm10ELm11ELm12ELm13ELm14ELm15ELm16ELm17ELm18ELm19ELm20ELm21ELm22ELm23ELm24ELm25ELm26ELm27ELm28ELm29ELm30ELm31ELm32ELm33ELm34ELm35ELm36ELm37EEEEvSt16integer_sequenceImJXspT_EEE.isra.0,19,0.00246
grpc-dpumesh,48,client,grpc,bench_grpc,grpc_core::promise_filter_detail::BaseCallData::BaseCallData,18,0.00233
grpc-dpumesh,48,client,kernel,[kernel.kallsyms],arch_exit_to_user_mode_prepare.constprop.0,18,0.00233
grpc-dpumesh,48,client,kernel,[kernel.kallsyms],__fget_files,17,0.0022
grpc-dpumesh,48,client,grpc,bench_grpc,grpc_core::FilterStackCall::Create,16,0.00207
grpc-dpumesh,48,client,kernel,[kernel.kallsyms],restore_fpregs_from_fpstate,15,0.00194
grpc-dpumesh,48,client,kernel,[kernel.kallsyms],_raw_spin_lock_irqsave,15,0.00194
grpc-dpumesh,48,client,kernel,[kernel.kallsyms],__switch_to,15,0.00194
grpc-dpumesh,48,client,grpc,bench_grpc,grpc_core::CallCombiner::Stop,15,0.00194
grpc-dpumesh,48,client,kernel,[kernel.kallsyms],save_fpregs_to_fpstate,14,0.00181
grpc-dpumesh,48,client,runtime,libc.so.6,read,14,0.00181
grpc-dpumesh,48,client,grpc,bench_grpc,grpc_core::promise_filter_detail::ClientCallData::WakeInsideCombiner,13,0.00168
grpc-dpumesh,48,client,grpc,bench_grpc,grpc_core::ExecCtx::Run,13,0.00168
grpc-dpumesh,48,client,kernel,[kernel.kallsyms],update_load_avg,13,0.00168
grpc-dpumesh,48,client,grpc,bench_grpc,grpc_chttp2_begin_write,13,0.00168
grpc-dpumesh,48,client,kernel,[kernel.kallsyms],update_curr,13,0.00168
grpc-dpumesh,48,client,driver,libdoca_common.so.3.1.0105,[unknown],12,0.00155
grpc-dpumesh,48,client,kernel,[kernel.kallsyms],__update_load_avg_se,12,0.00155
grpc-dpumesh,48,client,runtime,libc.so.6,__memmove_avx512_unaligned_erms,12,0.00155
grpc-dpumesh,48,client,kernel,[kernel.kallsyms],fput_many,12,0.00155
grpc-dpumesh,48,client,kernel,[kernel.kallsyms],__put_user_nocheck_8,11,0.00142
grpc-dpumesh,48,client,grpc,bench_grpc,grpc_core::promise_filter_detail::BaseCallData::ReceiveMessage::WakeInsideCombiner,11,0.00142
grpc-dpumesh,48,client,grpc,bench_grpc,grpc_slice_buffer_reset_and_unref,11,0.00142
grpc-dpumesh,48,client,kernel,[kernel.kallsyms],mutex_unlock,11,0.00142
grpc-dpumesh,48,server,grpc,echo_grpc,grpc_core::promise_filter_detail::BaseCallData::Flusher::~Flusher,47,0.00583
grpc-dpumesh,48,server,kernel,[kernel.kallsyms],psi_group_change,45,0.00558
grpc-dpumesh,48,server,grpc,echo_grpc,grpc_core::promise_filter_detail::BaseCallData::Flusher::Flusher,39,0.00484
grpc-dpumesh,48,server,runtime,libc.so.6,malloc,38,0.00471
grpc-dpumesh,48,server,grpc,echo_grpc,grpc_core::promise_filter_detail::ServerCallData::WakeInsideCombiner,35,0.00434
grpc-dpumesh,48,server,kernel,[kernel.kallsyms],entry_SYSCALL_64,34,0.00422
grpc-dpumesh,48,server,kernel,[kernel.kallsyms],_raw_spin_lock_irq,32,0.00397
grpc-dpumesh,48,server,vdso,[vdso],[unknown],28,0.00347
grpc-dpumesh,48,server,transport,libdpumesh.so.4,drain_rev_rings.part.0.constprop.0,24,0.00298
grpc-dpumesh,48,server,kernel,[kernel.kallsyms],mutex_lock,24,0.00298
grpc-dpumesh,48,server,grpc,echo_grpc,grpc_core::MultiProducerSingleConsumerQueue::Push,23,0.00285
grpc-dpumesh,48,server,runtime,libc.so.6,_int_malloc,23,0.00285
grpc-dpumesh,48,server,kernel,[kernel.kallsyms],__calc_delta,22,0.00273
grpc-dpumesh,48,server,kernel,[kernel.kallsyms],ep_item_poll.isra.0,22,0.00273
grpc-dpumesh,48,server,runtime,libc.so.6,_int_free,21,0.0026
grpc-dpumesh,48,server,grpc,echo_grpc,absl::lts_20250512::Mutex::Unlock,19,0.00236
grpc-dpumesh,48,server,kernel,[kernel.kallsyms],__fget_files,19,0.00236
grpc-dpumesh,48,server,kernel,[kernel.kallsyms],update_curr,18,0.00223
grpc-dpumesh,48,server,grpc,echo_grpc,absl::lts_20250512::Mutex::Lock,16,0.00198
grpc-dpumesh,48,server,grpc,echo_grpc,grpc_core::CallCombiner::Start,16,0.00198
grpc-dpumesh,48,server,grpc,echo_grpc,grpc_core::CallCombiner::Stop,15,0.00186
grpc-dpumesh,48,server,grpc,echo_grpc,grpc_core::FilterStackCall::StartBatch,15,0.00186
grpc-dpumesh,48,server,driver,libdoca_common.so.3.1.0105,[unknown],14,0.00174
grpc-dpumesh,48,server,runtime,libc.so.6,__memmove_avx512_unaligned_erms,14,0.00174
grpc-dpumesh,48,server,grpc,echo_grpc,grpc_core::promise_filter_detail::BaseCallData::BaseCallData,14,0.00174
grpc-dpumesh,48,server,grpc,echo_grpc,grpc_core::promise_filter_detail::ServerCallData::StartBatch,13,0.00161
grpc-dpumesh,48,server,kernel,[kernel.kallsyms],__switch_to,13,0.00161
grpc-dpumesh,48,server,kernel,[kernel.kallsyms],fput_many,12,0.00149
grpc-dpumesh,48,server,kernel,[kernel.kallsyms],update_cfs_group,12,0.00149
grpc-dpumesh,48,server,kernel,[kernel.kallsyms],native_sched_clock,12,0.00149
grpc-dpumesh,48,server,kernel,[kernel.kallsyms],__update_load_avg_cfs_rq,11,0.00136
grpc-dpumesh,48,server,kernel,[kernel.kallsyms],__update_load_avg_se,11,0.00136
grpc-dpumesh,48,server,kernel,[kernel.kallsyms],arch_exit_to_user_mode_prepare.constprop.0,11,0.00136
grpc-dpumesh,48,server,transport,echo_grpc,dpumesh::grpc::DmeshReactor::Impl::HandleReceiveRun,11,0.00136
grpc-dpumesh,48,server,kernel,[kernel.kallsyms],_raw_spin_lock_irqsave,11,0.00136
grpc-dpumesh,48,server,kernel,[kernel.kallsyms],__schedule,11,0.00136
grpc-dpumesh,48,server,grpc,echo_grpc,grpc_core::ExecCtx::Run,11,0.00136
grpc-dpumesh,48,server,kernel,[kernel.kallsyms],restore_fpregs_from_fpstate,10,0.00124
grpc-dpumesh,48,server,kernel,[kernel.kallsyms],reweight_entity,10,0.00124
grpc-dpumesh,48,server,grpc,echo_grpc,grpc_chttp2_perform_read,10,0.00124
grpc-dpumesh,48,client,kernel,[kernel.kallsyms],psi_group_change,116,0.01438
grpc-dpumesh,48,client,runtime,libc.so.6,malloc,88,0.01091
grpc-dpumesh,48,client,grpc,bench_grpc,_ZN9grpc_core5TableIJNS_15metadata_detail5ValueINS_17LbCostBinMetadataEvEENS2_INS_17GrpcStatusContextEvEENS2_INS_22W3CTraceParentMetadataEvEENS2_INS_22XForwardedHostMetadataEvEENS2_INS_21XForwardedForMetadataEvEENS2_INS_18XEnvoyPeerMetadataEvEENS2_INS_15LbTokenMetadataEvEENS2_INS_10PeerStringEvEENS2_INS_19GrpcTagsBinMetadataEvEENS2_INS_20GrpcTraceBinMetadataEvEENS2_INS_26GrpcServerStatsBinMetadataEvEENS2_INS_30EndpointLoadMetricsBinMetadataEvEENS2_INS_12HostMetadataEvEENS2_INS_19GrpcMessageMetadataEvEENS2_INS_17UserAgentMetadataEvEENS2_INS_21HttpAuthorityMetadataEvEENS2_INS_16HttpPathMetadataEvEENS2_INS_27GrpcRetryPushbackMsMetadataEvEENS2_INS_19GrpcTimeoutMetadataEvEENS2_INS_25GrpcLbClientStatsMetadataEvEENS2_INS_20GrpcRegisteredMethodEvEENS2_INS_27GrpcInternalEncodingRequestEvEENS2_INS_20GrpcEncodingMetadataEvEENS2_INS_18HttpStatusMetadataEvEENS2_INS_31GrpcPreviousRpcAttemptsMetadataEvEENS2_INS_18GrpcStatusMetadataEvEENS2_INS_12WaitForReadyEvEENS2_INS_22GrpcStreamNetworkStateEvEENS2_INS_26GrpcAcceptEncodingMetadataEvEENS2_INS_10GrpcTarPitEvEENS2_INS_20GrpcCallWasCancelledEvEENS2_INS_10TeMetadataEvEENS2_INS_19ContentTypeMetadataEvEENS2_INS_18HttpSchemeMetadataEvEENS2_INS_18GrpcStatusFromWireEvEENS2_INS_18HttpMethodMetadataEvEENS2_INS_16GrpcTrailersOnlyEvEENS2_INS_18IsTransparentRetryEvEEEE4MoveILb1EJLm0ELm1ELm2ELm3ELm4ELm5ELm6ELm7ELm8ELm9ELm10ELm11ELm12ELm13ELm14ELm15ELm16ELm17ELm18ELm19ELm20ELm21ELm22ELm23ELm24ELm25ELm26ELm27ELm28ELm29ELm30ELm31ELm32ELm33ELm34ELm35ELm36ELm37EEEEvSt16integer_sequenceImJXspT0_EEEOS27_.isra.0,65,0.00806
grpc-dpumesh,48,client,runtime,libc.so.6,_int_free,60,0.00744
grpc-dpumesh,48,client,runtime,libc.so.6,_int_malloc,54,0.00669
grpc-dpumesh,48,client,grpc,bench_grpc,grpc_core::promise_filter_detail::BaseCallData::Flusher::~Flusher,53,0.00657
grpc-dpumesh,48,client,grpc,bench_grpc,grpc_core::promise_filter_detail::ClientCallData::PollContext::Run,52,0.00644
grpc-dpumesh,48,client,kernel,[kernel.kallsyms],_raw_spin_lock_irqsave,49,0.00607
grpc-dpumesh,48,client,kernel,[kernel.kallsyms],update_cfs_group,44,0.00545
grpc-dpumesh,48,client,transport,libdpumesh.so.4,drain_rev_rings.part.0.constprop.0,43,0.00533
grpc-dpumesh,48,client,kernel,[kernel.kallsyms],__update_load_avg_se,41,0.00508
grpc-dpumesh,48,client,grpc,bench_grpc,grpc_core::promise_filter_detail::BaseCallData::Flusher::Flusher,40,0.00496
grpc-dpumesh,48,client,grpc,bench_grpc,grpc_core::MultiProducerSingleConsumerQueue::Push,39,0.00483
grpc-dpumesh,48,client,kernel,[kernel.kallsyms],entry_SYSCALL_64,36,0.00446
grpc-dpumesh,48,client,kernel,[kernel.kallsyms],native_sched_clock,33,0.00409
grpc-dpumesh,48,client,vdso,[vdso],[unknown],33,0.00409
grpc-dpumesh,48,client,kernel,[kernel.kallsyms],update_curr,31,0.00384
grpc-dpumesh,48,client,kernel,[kernel.kallsyms],__calc_delta,31,0.00384
grpc-dpumesh,48,client,kernel,[kernel.kallsyms],update_load_avg,28,0.00347
grpc-dpumesh,48,client,kernel,[kernel.kallsyms],__fget_files,27,0.00335
grpc-dpumesh,48,client,kernel,[kernel.kallsyms],__switch_to,27,0.00335
grpc-dpumesh,48,client,grpc,bench_grpc,"grpc_core::promise_filter_detail::ClientCallData::PollContext::~PollContext()::{lambda(void*, absl::lts_20250512::Status)#1}::_FUN",26,0.00322
grpc-dpumesh,48,client,grpc,bench_grpc,absl::lts_20250512::Mutex::Unlock,26,0.00322
grpc-dpumesh,48,client,runtime,libc.so.6,pthread_mutex_lock@@GLIBC_2.2.5,24,0.00297
grpc-dpumesh,48,client,grpc,bench_grpc,_ZN9grpc_core5TableIJNS_15metadata_detail5ValueINS_17LbCostBinMetadataEvEENS2_INS_17GrpcStatusContextEvEENS2_INS_22W3CTraceParentMetadataEvEENS2_INS_22XForwardedHostMetadataEvEENS2_INS_21XForwardedForMetadataEvEENS2_INS_18XEnvoyPeerMetadataEvEENS2_INS_15LbTokenMetadataEvEENS2_INS_10PeerStringEvEENS2_INS_19GrpcTagsBinMetadataEvEENS2_INS_20GrpcTraceBinMetadataEvEENS2_INS_26GrpcServerStatsBinMetadataEvEENS2_INS_30EndpointLoadMetricsBinMetadataEvEENS2_INS_12HostMetadataEvEENS2_INS_19GrpcMessageMetadataEvEENS2_INS_17UserAgentMetadataEvEENS2_INS_21HttpAuthorityMetadataEvEENS2_INS_16HttpPathMetadataEvEENS2_INS_27GrpcRetryPushbackMsMetadataEvEENS2_INS_19GrpcTimeoutMetadataEvEENS2_INS_25GrpcLbClientStatsMetadataEvEENS2_INS_20GrpcRegisteredMethodEvEENS2_INS_27GrpcInternalEncodingRequestEvEENS2_INS_20GrpcEncodingMetadataEvEENS2_INS_18HttpStatusMetadataEvEENS2_INS_31GrpcPreviousRpcAttemptsMetadataEvEENS2_INS_18GrpcStatusMetadataEvEENS2_INS_12WaitForReadyEvEENS2_INS_22GrpcStreamNetworkStateEvEENS2_INS_26GrpcAcceptEncodingMetadataEvEENS2_INS_10GrpcTarPitEvEENS2_INS_20GrpcCallWasCancelledEvEENS2_INS_10TeMetadataEvEENS2_INS_19ContentTypeMetadataEvEENS2_INS_18HttpSchemeMetadataEvEENS2_INS_18GrpcStatusFromWireEvEENS2_INS_18HttpMethodMetadataEvEENS2_INS_16GrpcTrailersOnlyEvEENS2_INS_18IsTransparentRetryEvEEEE8DestructIJLm0ELm1ELm2ELm3ELm4ELm5ELm6ELm7ELm8ELm9ELm10ELm11ELm12ELm13ELm14ELm15ELm16ELm17ELm18ELm19ELm20ELm21ELm22ELm23ELm24ELm25ELm26ELm27ELm28ELm29ELm30ELm31ELm32ELm33ELm34ELm35ELm36ELm37EEEEvSt16integer_sequenceImJXspT_EEE.isra.0,24,0.00297
grpc-dpumesh,48,client,grpc,bench_grpc,grpc_core::CallCombiner::Start,24,0.00297
grpc-dpumesh,48,client,runtime,libc.so.6,__memmove_avx512_unaligned_erms,23,0.00285
grpc-dpumesh,48,client,grpc,bench_grpc,grpc_core::CallCombiner::Stop,23,0.00285
grpc-dpumesh,48,client,grpc,bench_grpc,grpc_core::promise_filter_detail::BaseCallData::BaseCallData,23,0.00285
grpc-dpumesh,48,client,grpc,bench_grpc,grpc_core::promise_filter_detail::ClientCallData::StartPromise,23,0.00285
grpc-dpumesh,48,client,grpc,bench_grpc,grpc_core::ExecCtx::Run,23,0.00285
grpc-dpumesh,48,client,grpc,bench_grpc,grpc_core::promise_filter_detail::ClientCallData::WakeInsideCombiner,22,0.00273
grpc-dpumesh,48,client,kernel,[kernel.kallsyms],save_fpregs_to_fpstate,22,0.00273
grpc-dpumesh,48,client,kernel,[kernel.kallsyms],__update_load_avg_cfs_rq,22,0.00273
grpc-dpumesh,48,client,grpc,bench_grpc,absl::lts_20250512::random_internal::RandenSlow::Generate,21,0.0026
grpc-dpumesh,48,client,kernel,[kernel.kallsyms],_raw_spin_lock,21,0.0026
grpc-dpumesh,48,client,grpc,bench_grpc,grpc_slice_buffer_add,21,0.0026
grpc-dpumesh,48,client,kernel,[kernel.kallsyms],__schedule,21,0.0026
grpc-dpumesh,48,client,kernel,[kernel.kallsyms],arch_exit_to_user_mode_prepare.constprop.0,20,0.00248
grpc-dpumesh,48,client,kernel,[kernel.kallsyms],reweight_entity,20,0.00248
grpc-dpumesh,48,server,grpc,echo_grpc,absl::lts_20250512::Mutex::Lock,85,0.01047
grpc-dpumesh,48,server,runtime,libc.so.6,malloc,84,0.01034
grpc-dpumesh,48,server,kernel,[kernel.kallsyms],psi_group_change,83,0.01022
grpc-dpumesh,48,server,grpc,echo_grpc,grpc_core::promise_filter_detail::BaseCallData::Flusher::Flusher,83,0.01022
grpc-dpumesh,48,server,grpc,echo_grpc,grpc_core::promise_filter_detail::BaseCallData::Flusher::~Flusher,78,0.0096
grpc-dpumesh,48,server,grpc,echo_grpc,absl::lts_20250512::Mutex::Unlock,77,0.00948
grpc-dpumesh,48,server,grpc,echo_grpc,grpc_core::promise_filter_detail::ServerCallData::WakeInsideCombiner,76,0.00936
grpc-dpumesh,48,server,kernel,[kernel.kallsyms],entry_SYSCALL_64,53,0.00653
grpc-dpumesh,48,server,vdso,[vdso],[unknown],46,0.00566
grpc-dpumesh,48,server,runtime,libc.so.6,_int_free,44,0.00542
grpc-dpumesh,48,server,grpc,echo_grpc,grpc_core::MultiProducerSingleConsumerQueue::Push,42,0.00517
grpc-dpumesh,48,server,transport,libdpumesh.so.4,drain_rev_rings.part.0.constprop.0,38,0.00468
grpc-dpumesh,48,server,kernel,[kernel.kallsyms],update_cfs_group,37,0.00456
grpc-dpumesh,48,server,kernel,[kernel.kallsyms],_raw_spin_lock_irq,33,0.00406
grpc-dpumesh,48,server,kernel,[kernel.kallsyms],__calc_delta,32,0.00394
grpc-dpumesh,48,server,kernel,[kernel.kallsyms],restore_fpregs_from_fpstate,31,0.00382
grpc-dpumesh,48,server,kernel,[kernel.kallsyms],__fget_files,31,0.00382
grpc-dpumesh,48,server,kernel,[kernel.kallsyms],__switch_to,30,0.00369
grpc-dpumesh,48,server,kernel,[kernel.kallsyms],__schedule,28,0.00345
grpc-dpumesh,48,server,kernel,[kernel.kallsyms],_raw_spin_lock_irqsave,28,0.00345
grpc-dpumesh,48,server,runtime,libc.so.6,_int_malloc,26,0.0032
grpc-dpumesh,48,server,grpc,echo_grpc,grpc_core::CallCombiner::Start,26,0.0032
grpc-dpumesh,48,server,kernel,[kernel.kallsyms],save_fpregs_to_fpstate,26,0.0032
grpc-dpumesh,48,server,grpc,echo_grpc,grpc_core::promise_filter_detail::BaseCallData::BaseCallData,25,0.00308
grpc-dpumesh,48,server,grpc,echo_grpc,absl::lts_20250512::Mutex::TryLock,25,0.00308
grpc-dpumesh,48,server,grpc,echo_grpc,grpc_core::promise_filter_detail::BaseCallData::ReceiveMessage::WakeInsideCombiner,24,0.00295
grpc-dpumesh,48,server,runtime,libc.so.6,cfree@GLIBC_2.2.5,23,0.00283
grpc-dpumesh,48,server,grpc,echo_grpc,grpc_core::CallCombiner::Stop,23,0.00283
grpc-dpumesh,48,server,kernel,[kernel.kallsyms],native_sched_clock,23,0.00283
grpc-dpumesh,48,server,grpc,echo_grpc,grpc_combiner_continue_exec_ctx,23,0.00283
grpc-dpumesh,48,server,grpc,echo_grpc,grpc_core::FilterStackCall::BatchControl::PostCompletion,22,0.00271
grpc-dpumesh,48,server,kernel,[kernel.kallsyms],arch_exit_to_user_mode_prepare.constprop.0,22,0.00271
grpc-dpumesh,48,server,kernel,[kernel.kallsyms],update_load_avg,22,0.00271
grpc-dpumesh,48,server,grpc,echo_grpc,grpc_core::promise_filter_detail::ServerCallData::StartBatch,22,0.00271
grpc-dpumesh,48,server,kernel,[kernel.kallsyms],__update_load_avg_se,21,0.00259
grpc-dpumesh,48,server,kernel,[kernel.kallsyms],reweight_entity,21,0.00259
grpc-dpumesh,48,server,grpc,echo_grpc,grpc_core::promise_filter_detail::BaseCallData::SendMessage::WakeInsideCombiner,20,0.00246
grpc-dpumesh,48,server,grpc,echo_grpc,grpc_core::Combiner::Run,19,0.00234
grpc-dpumesh,48,server,kernel,[kernel.kallsyms],pick_next_task_fair,19,0.00234
grpc-dpumesh,48,server,grpc,echo_grpc,grpc_chttp2_begin_write,19,0.00234
grpc-dpumesh,48,client,kernel,[kernel.kallsyms],psi_group_change,156,0.01911
grpc-dpumesh,48,client,runtime,libc.so.6,malloc,111,0.01359
grpc-dpumesh,48,client,runtime,libc.so.6,_int_free,106,0.01298
grpc-dpumesh,48,client,grpc,bench_grpc,grpc_core::promise_filter_detail::BaseCallData::Flusher::~Flusher,79,0.00968
grpc-dpumesh,48,client,vdso,[vdso],[unknown],71,0.0087
grpc-dpumesh,48,client,runtime,libc.so.6,_int_malloc,68,0.00833
grpc-dpumesh,48,client,grpc,bench_grpc,grpc_core::promise_filter_detail::BaseCallData::Flusher::Flusher,67,0.00821
grpc-dpumesh,48,client,kernel,[kernel.kallsyms],entry_SYSCALL_64,66,0.00808
grpc-dpumesh,48,client,grpc,bench_grpc,_ZN9grpc_core5TableIJNS_15metadata_detail5ValueINS_17LbCostBinMetadataEvEENS2_INS_17GrpcStatusContextEvEENS2_INS_22W3CTraceParentMetadataEvEENS2_INS_22XForwardedHostMetadataEvEENS2_INS_21XForwardedForMetadataEvEENS2_INS_18XEnvoyPeerMetadataEvEENS2_INS_15LbTokenMetadataEvEENS2_INS_10PeerStringEvEENS2_INS_19GrpcTagsBinMetadataEvEENS2_INS_20GrpcTraceBinMetadataEvEENS2_INS_26GrpcServerStatsBinMetadataEvEENS2_INS_30EndpointLoadMetricsBinMetadataEvEENS2_INS_12HostMetadataEvEENS2_INS_19GrpcMessageMetadataEvEENS2_INS_17UserAgentMetadataEvEENS2_INS_21HttpAuthorityMetadataEvEENS2_INS_16HttpPathMetadataEvEENS2_INS_27GrpcRetryPushbackMsMetadataEvEENS2_INS_19GrpcTimeoutMetadataEvEENS2_INS_25GrpcLbClientStatsMetadataEvEENS2_INS_20GrpcRegisteredMethodEvEENS2_INS_27GrpcInternalEncodingRequestEvEENS2_INS_20GrpcEncodingMetadataEvEENS2_INS_18HttpStatusMetadataEvEENS2_INS_31GrpcPreviousRpcAttemptsMetadataEvEENS2_INS_18GrpcStatusMetadataEvEENS2_INS_12WaitForReadyEvEENS2_INS_22GrpcStreamNetworkStateEvEENS2_INS_26GrpcAcceptEncodingMetadataEvEENS2_INS_10GrpcTarPitEvEENS2_INS_20GrpcCallWasCancelledEvEENS2_INS_10TeMetadataEvEENS2_INS_19ContentTypeMetadataEvEENS2_INS_18HttpSchemeMetadataEvEENS2_INS_18GrpcStatusFromWireEvEENS2_INS_18HttpMethodMetadataEvEENS2_INS_16GrpcTrailersOnlyEvEENS2_INS_18IsTransparentRetryEvEEEE4MoveILb1EJLm0ELm1ELm2ELm3ELm4ELm5ELm6ELm7ELm8ELm9ELm10ELm11ELm12ELm13ELm14ELm15ELm16ELm17ELm18ELm19ELm20ELm21ELm22ELm23ELm24ELm25ELm26ELm27ELm28ELm29ELm30ELm31ELm32ELm33ELm34ELm35ELm36ELm37EEEEvSt16integer_sequenceImJXspT0_EEEOS27_.isra.0,64,0.00784
grpc-dpumesh,48,client,grpc,bench_grpc,grpc_core::promise_filter_detail::ClientCallData::PollContext::Run,57,0.00698
grpc-dpumesh,48,client,kernel,[kernel.kallsyms],update_cfs_group,53,0.00649
grpc-dpumesh,48,client,transport,libdpumesh.so.4,drain_rev_rings.part.0.constprop.0,50,0.00612
grpc-dpumesh,48,client,grpc,bench_grpc,grpc_core::MultiProducerSingleConsumerQueue::Push,50,0.00612
grpc-dpumesh,48,client,kernel,[kernel.kallsyms],_raw_spin_lock_irqsave,47,0.00576
grpc-dpumesh,48,client,kernel,[kernel.kallsyms],update_curr,47,0.00576
grpc-dpumesh,48,client,kernel,[kernel.kallsyms],restore_fpregs_from_fpstate,42,0.00514
grpc-dpumesh,48,client,kernel,[kernel.kallsyms],__update_load_avg_se,41,0.00502
grpc-dpumesh,48,client,grpc,bench_grpc,grpc_core::CallCombiner::Stop,41,0.00502
grpc-dpumesh,48,client,grpc,bench_grpc,grpc_core::FilterStackCall::Create,38,0.00465
grpc-dpumesh,48,client,grpc,bench_grpc,_ZN9grpc_core5TableIJNS_15metadata_detail5ValueINS_17LbCostBinMetadataEvEENS2_INS_17GrpcStatusContextEvEENS2_INS_22W3CTraceParentMetadataEvEENS2_INS_22XForwardedHostMetadataEvEENS2_INS_21XForwardedForMetadataEvEENS2_INS_18XEnvoyPeerMetadataEvEENS2_INS_15LbTokenMetadataEvEENS2_INS_10PeerStringEvEENS2_INS_19GrpcTagsBinMetadataEvEENS2_INS_20GrpcTraceBinMetadataEvEENS2_INS_26GrpcServerStatsBinMetadataEvEENS2_INS_30EndpointLoadMetricsBinMetadataEvEENS2_INS_12HostMetadataEvEENS2_INS_19GrpcMessageMetadataEvEENS2_INS_17UserAgentMetadataEvEENS2_INS_21HttpAuthorityMetadataEvEENS2_INS_16HttpPathMetadataEvEENS2_INS_27GrpcRetryPushbackMsMetadataEvEENS2_INS_19GrpcTimeoutMetadataEvEENS2_INS_25GrpcLbClientStatsMetadataEvEENS2_INS_20GrpcRegisteredMethodEvEENS2_INS_27GrpcInternalEncodingRequestEvEENS2_INS_20GrpcEncodingMetadataEvEENS2_INS_18HttpStatusMetadataEvEENS2_INS_31GrpcPreviousRpcAttemptsMetadataEvEENS2_INS_18GrpcStatusMetadataEvEENS2_INS_12WaitForReadyEvEENS2_INS_22GrpcStreamNetworkStateEvEENS2_INS_26GrpcAcceptEncodingMetadataEvEENS2_INS_10GrpcTarPitEvEENS2_INS_20GrpcCallWasCancelledEvEENS2_INS_10TeMetadataEvEENS2_INS_19ContentTypeMetadataEvEENS2_INS_18HttpSchemeMetadataEvEENS2_INS_18GrpcStatusFromWireEvEENS2_INS_18HttpMethodMetadataEvEENS2_INS_16GrpcTrailersOnlyEvEENS2_INS_18IsTransparentRetryEvEEEE8DestructIJLm0ELm1ELm2ELm3ELm4ELm5ELm6ELm7ELm8ELm9ELm10ELm11ELm12ELm13ELm14ELm15ELm16ELm17ELm18ELm19ELm20ELm21ELm22ELm23ELm24ELm25ELm26ELm27ELm28ELm29ELm30ELm31ELm32ELm33ELm34ELm35ELm36ELm37EEEEvSt16integer_sequenceImJXspT_EEE.isra.0,37,0.00453
grpc-dpumesh,48,client,kernel,[kernel.kallsyms],update_load_avg,36,0.00441
grpc-dpumesh,48,client,grpc,bench_grpc,"grpc_core::promise_filter_detail::ClientCallData::PollContext::~PollContext()::{lambda(void*, absl::lts_20250512::Status)#1}::_FUN",36,0.00441
grpc-dpumesh,48,client,runtime,libc.so.6,__memmove_avx512_unaligned_erms,35,0.00429
grpc-dpumesh,48,client,grpc,bench_grpc,grpc_chttp2_begin_write,34,0.00416
grpc-dpumesh,48,client,kernel,[kernel.kallsyms],__calc_delta,34,0.00416
grpc-dpumesh,48,client,grpc,bench_grpc,grpc_core::promise_filter_detail::ClientCallData::WakeInsideCombiner,33,0.00404
grpc-dpumesh,48,client,kernel,[kernel.kallsyms],__update_load_avg_cfs_rq,33,0.00404
grpc-dpumesh,48,client,runtime,libc.so.6,pthread_mutex_lock@@GLIBC_2.2.5,33,0.00404
grpc-dpumesh,48,client,grpc,bench_grpc,grpc_core::CallCombiner::Start,32,0.00392
grpc-dpumesh,48,client,kernel,[kernel.kallsyms],__fget_files,32,0.00392
grpc-dpumesh,48,client,grpc,bench_grpc,grpc_core::promise_filter_detail::ClientCallData::StartPromise,31,0.0038
grpc-dpumesh,48,client,grpc,bench_grpc,absl::lts_20250512::Mutex::Lock,30,0.00367
grpc-dpumesh,48,client,grpc,bench_grpc,grpc_core::ExecCtx::Run,29,0.00355
grpc-dpumesh,48,client,kernel,[kernel.kallsyms],save_fpregs_to_fpstate,29,0.00355
grpc-dpumesh,48,client,grpc,bench_grpc,"grpc_core::MetadataMap<grpc_metadata_batch, grpc_core::HttpPathMetadata, grpc_core::HttpAuthorityMetadata, grpc_core::HttpMethodMetadata, grpc_core::HttpStatusMetadata, grpc_core::HttpSchemeMetadata, grpc_core::ContentTypeMetadata, grpc_core::TeMetadata, grpc_core::GrpcEncodingMetadata, grpc_core::GrpcInternalEncodingRequest, grpc_core::GrpcAcceptEncodingMetadata, grpc_core::GrpcStatusMetadata, grpc_core::GrpcTimeoutMetadata, grpc_core::GrpcPreviousRpcAttemptsMetadata, grpc_core::GrpcRetryPushbackMsMetadata, grpc_core::UserAgentMetadata, grpc_core::GrpcMessageMetadata, grpc_core::HostMetadata, grpc_core::EndpointLoadMetricsBinMetadata, grpc_core::GrpcServerStatsBinMetadata, grpc_core::GrpcTraceBinMetadata, grpc_core::GrpcTagsBinMetadata, grpc_core::GrpcLbClientStatsMetadata, grpc_core::LbCostBinMetadata, grpc_core::LbTokenMetadata, grpc_core::XEnvoyPeerMetadata, grpc_core::XForwardedForMetadata, grpc_core::XForwardedHostMetadata, grpc_core::W3CTraceParentMetadata, grpc_core::GrpcStreamNetworkState, grpc_core::PeerString, grpc_core::GrpcStatusContext, grpc_core::GrpcStatusFromWire, grpc_core::GrpcCallWasCancelled, grpc_core::WaitForReady, grpc_core::IsTransparentRetry, grpc_core::GrpcTrailersOnly, grpc_core::GrpcTarPit, grpc_core::GrpcRegisteredMethod>::Clear",29,0.00355
grpc-dpumesh,48,client,grpc,bench_grpc,grpc_core::promise_filter_detail::BaseCallData::BaseCallData,28,0.00343
grpc-dpumesh,48,client,kernel,[kernel.kallsyms],_raw_spin_lock,28,0.00343
grpc-dpumesh,48,client,kernel,[kernel.kallsyms],arch_exit_to_user_mode_prepare.constprop.0,28,0.00343
grpc-dpumesh,48,client,kernel,[kernel.kallsyms],reweight_entity,28,0.00343
grpc-dpumesh,48,client,grpc,bench_grpc,grpc_slice_buffer_add,28,0.00343
grpc-dpumesh,48,server,grpc,echo_grpc,grpc_core::promise_filter_detail::BaseCallData::Flusher::~Flusher,134,0.01623
grpc-dpumesh,48,server,runtime,libc.so.6,malloc,117,0.01417
grpc-dpumesh,48,server,kernel,[kernel.kallsyms],psi_group_change,110,0.01332
grpc-dpumesh,48,server,grpc,echo_grpc,grpc_core::promise_filter_detail::BaseCallData::Flusher::Flusher,102,0.01235
grpc-dpumesh,48,server,grpc,echo_grpc,absl::lts_20250512::Mutex::Lock,101,0.01223
grpc-dpumesh,48,server,grpc,echo_grpc,grpc_core::promise_filter_detail::ServerCallData::WakeInsideCombiner,93,0.01126
grpc-dpumesh,48,server,grpc,echo_grpc,absl::lts_20250512::Mutex::Unlock,91,0.01102
grpc-dpumesh,48,server,runtime,libc.so.6,_int_free,90,0.0109
grpc-dpumesh,48,server,vdso,[vdso],[unknown],80,0.00969
grpc-dpumesh,48,server,kernel,[kernel.kallsyms],entry_SYSCALL_64,80,0.00969
grpc-dpumesh,48,server,transport,libdpumesh.so.4,drain_rev_rings.part.0.constprop.0,49,0.00593
grpc-dpumesh,48,server,grpc,echo_grpc,grpc_core::promise_filter_detail::ServerCallData::StartBatch,45,0.00545
grpc-dpumesh,48,server,runtime,libc.so.6,_int_malloc,45,0.00545
grpc-dpumesh,48,server,kernel,[kernel.kallsyms],update_cfs_group,44,0.00533
grpc-dpumesh,48,server,grpc,echo_grpc,grpc_core::MultiProducerSingleConsumerQueue::Push,43,0.00521
grpc-dpumesh,48,server,kernel,[kernel.kallsyms],__fget_files,43,0.00521
grpc-dpumesh,48,server,grpc,echo_grpc,grpc_core::promise_filter_detail::BaseCallData::BaseCallData,42,0.00509
grpc-dpumesh,48,server,kernel,[kernel.kallsyms],_raw_spin_lock_irqsave,41,0.00497
grpc-dpumesh,48,server,kernel,[kernel.kallsyms],restore_fpregs_from_fpstate,40,0.00484
grpc-dpumesh,48,server,kernel,[kernel.kallsyms],__schedule,39,0.00472
grpc-dpumesh,48,server,grpc,echo_grpc,absl::lts_20250512::Mutex::TryLock,37,0.00448
grpc-dpumesh,48,server,grpc,echo_grpc,grpc_core::Combiner::Run,34,0.00412
grpc-dpumesh,48,server,runtime,libc.so.6,cfree@GLIBC_2.2.5,33,0.004
grpc-dpumesh,48,server,kernel,[kernel.kallsyms],_raw_spin_lock_irq,33,0.004
grpc-dpumesh,48,server,grpc,echo_grpc,grpc_combiner_continue_exec_ctx,33,0.004
grpc-dpumesh,48,server,grpc,echo_grpc,grpc_chttp2_perform_read,32,0.00388
grpc-dpumesh,48,server,kernel,[kernel.kallsyms],__update_load_avg_cfs_rq,32,0.00388
grpc-dpumesh,48,server,kernel,[kernel.kallsyms],arch_exit_to_user_mode_prepare.constprop.0,30,0.00363
grpc-dpumesh,48,server,kernel,[kernel.kallsyms],fput_many,30,0.00363
grpc-dpumesh,48,server,kernel,[kernel.kallsyms],__calc_delta,29,0.00351
grpc-dpumesh,48,server,grpc,echo_grpc,grpc_core::CallCombiner::Stop,29,0.00351
grpc-dpumesh,48,server,grpc,echo_grpc,grpc_core::FilterStackCall::BatchControl::PostCompletion,28,0.00339
grpc-dpumesh,48,server,grpc,echo_grpc,pollset_work,28,0.00339
grpc-dpumesh,48,server,grpc,echo_grpc,grpc_core::FilterStackCall::StartBatch,28,0.00339
grpc-dpumesh,48,server,grpc,echo_grpc,grpc_call_arena_alloc,28,0.00339
grpc-dpumesh,48,server,grpc,echo_grpc,grpc_chttp2_begin_write,27,0.00327
grpc-dpumesh,48,server,grpc,echo_grpc,[unknown],26,0.00315
grpc-dpumesh,48,server,runtime,libc.so.6,__memmove_avx512_unaligned_erms,26,0.00315
grpc-dpumesh,48,server,kernel,[kernel.kallsyms],update_curr,26,0.00315
grpc-dpumesh,48,server,grpc,echo_grpc,grpc_core::FilterStackCall::ReuseOrAllocateBatchControl,26,0.00315
grpc-dpumesh,1008,client,kernel,[kernel.kallsyms],psi_group_change,123,0.01514
grpc-dpumesh,1008,client,runtime,libc.so.6,malloc,116,0.01428
grpc-dpumesh,1008,client,runtime,libc.so.6,_int_free,81,0.00997
grpc-dpumesh,1008,client,grpc,bench_grpc,grpc_core::promise_filter_detail::BaseCallData::Flusher::~Flusher,79,0.00972
grpc-dpumesh,1008,client,grpc,bench_grpc,_ZN9grpc_core5TableIJNS_15metadata_detail5ValueINS_17LbCostBinMetadataEvEENS2_INS_17GrpcStatusContextEvEENS2_INS_22W3CTraceParentMetadataEvEENS2_INS_22XForwardedHostMetadataEvEENS2_INS_21XForwardedForMetadataEvEENS2_INS_18XEnvoyPeerMetadataEvEENS2_INS_15LbTokenMetadataEvEENS2_INS_10PeerStringEvEENS2_INS_19GrpcTagsBinMetadataEvEENS2_INS_20GrpcTraceBinMetadataEvEENS2_INS_26GrpcServerStatsBinMetadataEvEENS2_INS_30EndpointLoadMetricsBinMetadataEvEENS2_INS_12HostMetadataEvEENS2_INS_19GrpcMessageMetadataEvEENS2_INS_17UserAgentMetadataEvEENS2_INS_21HttpAuthorityMetadataEvEENS2_INS_16HttpPathMetadataEvEENS2_INS_27GrpcRetryPushbackMsMetadataEvEENS2_INS_19GrpcTimeoutMetadataEvEENS2_INS_25GrpcLbClientStatsMetadataEvEENS2_INS_20GrpcRegisteredMethodEvEENS2_INS_27GrpcInternalEncodingRequestEvEENS2_INS_20GrpcEncodingMetadataEvEENS2_INS_18HttpStatusMetadataEvEENS2_INS_31GrpcPreviousRpcAttemptsMetadataEvEENS2_INS_18GrpcStatusMetadataEvEENS2_INS_12WaitForReadyEvEENS2_INS_22GrpcStreamNetworkStateEvEENS2_INS_26GrpcAcceptEncodingMetadataEvEENS2_INS_10GrpcTarPitEvEENS2_INS_20GrpcCallWasCancelledEvEENS2_INS_10TeMetadataEvEENS2_INS_19ContentTypeMetadataEvEENS2_INS_18HttpSchemeMetadataEvEENS2_INS_18GrpcStatusFromWireEvEENS2_INS_18HttpMethodMetadataEvEENS2_INS_16GrpcTrailersOnlyEvEENS2_INS_18IsTransparentRetryEvEEEE4MoveILb1EJLm0ELm1ELm2ELm3ELm4ELm5ELm6ELm7ELm8ELm9ELm10ELm11ELm12ELm13ELm14ELm15ELm16ELm17ELm18ELm19ELm20ELm21ELm22ELm23ELm24ELm25ELm26ELm27ELm28ELm29ELm30ELm31ELm32ELm33ELm34ELm35ELm36ELm37EEEEvSt16integer_sequenceImJXspT0_EEEOS27_.isra.0,68,0.00837
grpc-dpumesh,1008,client,runtime,libc.so.6,_int_malloc,63,0.00775
grpc-dpumesh,1008,client,grpc,bench_grpc,grpc_core::promise_filter_detail::BaseCallData::Flusher::Flusher,60,0.00739
grpc-dpumesh,1008,client,vdso,[vdso],[unknown],57,0.00702
grpc-dpumesh,1008,client,kernel,[kernel.kallsyms],update_cfs_group,56,0.00689
grpc-dpumesh,1008,client,kernel,[kernel.kallsyms],entry_SYSCALL_64,56,0.00689
grpc-dpumesh,1008,client,transport,libdpumesh.so.4,drain_rev_rings.part.0.constprop.0,48,0.00591
grpc-dpumesh,1008,client,grpc,bench_grpc,grpc_core::promise_filter_detail::ClientCallData::PollContext::Run,47,0.00579
grpc-dpumesh,1008,client,kernel,[kernel.kallsyms],__fget_files,43,0.00529
grpc-dpumesh,1008,client,grpc,bench_grpc,grpc_core::MultiProducerSingleConsumerQueue::Push,41,0.00505
grpc-dpumesh,1008,client,kernel,[kernel.kallsyms],__calc_delta,38,0.00468
grpc-dpumesh,1008,client,grpc,bench_grpc,grpc_core::promise_filter_detail::ClientCallData::WakeInsideCombiner,35,0.00431
grpc-dpumesh,1008,client,kernel,[kernel.kallsyms],restore_fpregs_from_fpstate,32,0.00394
grpc-dpumesh,1008,client,grpc,bench_grpc,grpc_core::ExecCtx::Run,32,0.00394
grpc-dpumesh,1008,client,kernel,[kernel.kallsyms],update_load_avg,31,0.00382
grpc-dpumesh,1008,client,grpc,bench_grpc,grpc_chttp2_perform_read,30,0.00369
grpc-dpumesh,1008,client,kernel,[kernel.kallsyms],update_curr,29,0.00357
grpc-dpumesh,1008,client,grpc,bench_grpc,grpc_core::CallCombiner::Stop,29,0.00357
grpc-dpumesh,1008,client,kernel,[kernel.kallsyms],_raw_spin_lock_irqsave,28,0.00345
grpc-dpumesh,1008,client,grpc,bench_grpc,absl::lts_20250512::Mutex::Lock,28,0.00345
grpc-dpumesh,1008,client,runtime,libc.so.6,malloc_consolidate,28,0.00345
grpc-dpumesh,1008,client,runtime,libc.so.6,__memmove_avx512_unaligned_erms,28,0.00345
grpc-dpumesh,1008,client,grpc,bench_grpc,_ZN9grpc_core5TableIJNS_15metadata_detail5ValueINS_17LbCostBinMetadataEvEENS2_INS_17GrpcStatusContextEvEENS2_INS_22W3CTraceParentMetadataEvEENS2_INS_22XForwardedHostMetadataEvEENS2_INS_21XForwardedForMetadataEvEENS2_INS_18XEnvoyPeerMetadataEvEENS2_INS_15LbTokenMetadataEvEENS2_INS_10PeerStringEvEENS2_INS_19GrpcTagsBinMetadataEvEENS2_INS_20GrpcTraceBinMetadataEvEENS2_INS_26GrpcServerStatsBinMetadataEvEENS2_INS_30EndpointLoadMetricsBinMetadataEvEENS2_INS_12HostMetadataEvEENS2_INS_19GrpcMessageMetadataEvEENS2_INS_17UserAgentMetadataEvEENS2_INS_21HttpAuthorityMetadataEvEENS2_INS_16HttpPathMetadataEvEENS2_INS_27GrpcRetryPushbackMsMetadataEvEENS2_INS_19GrpcTimeoutMetadataEvEENS2_INS_25GrpcLbClientStatsMetadataEvEENS2_INS_20GrpcRegisteredMethodEvEENS2_INS_27GrpcInternalEncodingRequestEvEENS2_INS_20GrpcEncodingMetadataEvEENS2_INS_18HttpStatusMetadataEvEENS2_INS_31GrpcPreviousRpcAttemptsMetadataEvEENS2_INS_18GrpcStatusMetadataEvEENS2_INS_12WaitForReadyEvEENS2_INS_22GrpcStreamNetworkStateEvEENS2_INS_26GrpcAcceptEncodingMetadataEvEENS2_INS_10GrpcTarPitEvEENS2_INS_20GrpcCallWasCancelledEvEENS2_INS_10TeMetadataEvEENS2_INS_19ContentTypeMetadataEvEENS2_INS_18HttpSchemeMetadataEvEENS2_INS_18GrpcStatusFromWireEvEENS2_INS_18HttpMethodMetadataEvEENS2_INS_16GrpcTrailersOnlyEvEENS2_INS_18IsTransparentRetryEvEEEE8DestructIJLm0ELm1ELm2ELm3ELm4ELm5ELm6ELm7ELm8ELm9ELm10ELm11ELm12ELm13ELm14ELm15ELm16ELm17ELm18ELm19ELm20ELm21ELm22ELm23ELm24ELm25ELm26ELm27ELm28ELm29ELm30ELm31ELm32ELm33ELm34ELm35ELm36ELm37EEEEvSt16integer_sequenceImJXspT_EEE.isra.0,28,0.00345
grpc-dpumesh,1008,client,grpc,bench_grpc,absl::lts_20250512::Mutex::Unlock,27,0.00332
grpc-dpumesh,1008,client,kernel,[kernel.kallsyms],__update_load_avg_cfs_rq,27,0.00332
grpc-dpumesh,1008,client,grpc,bench_grpc,[unknown],27,0.00332
grpc-dpumesh,1008,client,grpc,bench_grpc,"grpc_core::promise_filter_detail::ClientCallData::PollContext::~PollContext()::{lambda(void*, absl::lts_20250512::Status)#1}::_FUN",26,0.0032
grpc-dpumesh,1008,client,runtime,libc.so.6,pthread_mutex_lock@@GLIBC_2.2.5,26,0.0032
grpc-dpumesh,1008,client,grpc,bench_grpc,grpc_chttp2_begin_write,25,0.00308
grpc-dpumesh,1008,client,grpc,bench_grpc,grpc_core::promise_filter_detail::ClientCallData::StartPromise,25,0.00308
grpc-dpumesh,1008,client,grpc,bench_grpc,grpc_core::promise_filter_detail::BaseCallData::SendMessage::WakeInsideCombiner,25,0.00308
grpc-dpumesh,1008,client,grpc,bench_grpc,"grpc_core::MetadataMap<grpc_metadata_batch, grpc_core::HttpPathMetadata, grpc_core::HttpAuthorityMetadata, grpc_core::HttpMethodMetadata, grpc_core::HttpStatusMetadata, grpc_core::HttpSchemeMetadata, grpc_core::ContentTypeMetadata, grpc_core::TeMetadata, grpc_core::GrpcEncodingMetadata, grpc_core::GrpcInternalEncodingRequest, grpc_core::GrpcAcceptEncodingMetadata, grpc_core::GrpcStatusMetadata, grpc_core::GrpcTimeoutMetadata, grpc_core::GrpcPreviousRpcAttemptsMetadata, grpc_core::GrpcRetryPushbackMsMetadata, grpc_core::UserAgentMetadata, grpc_core::GrpcMessageMetadata, grpc_core::HostMetadata, grpc_core::EndpointLoadMetricsBinMetadata, grpc_core::GrpcServerStatsBinMetadata, grpc_core::GrpcTraceBinMetadata, grpc_core::GrpcTagsBinMetadata, grpc_core::GrpcLbClientStatsMetadata, grpc_core::LbCostBinMetadata, grpc_core::LbTokenMetadata, grpc_core::XEnvoyPeerMetadata, grpc_core::XForwardedForMetadata, grpc_core::XForwardedHostMetadata, grpc_core::W3CTraceParentMetadata, grpc_core::GrpcStreamNetworkState, grpc_core::PeerString, grpc_core::GrpcStatusContext, grpc_core::GrpcStatusFromWire, grpc_core::GrpcCallWasCancelled, grpc_core::WaitForReady, grpc_core::IsTransparentRetry, grpc_core::GrpcTrailersOnly, grpc_core::GrpcTarPit, grpc_core::GrpcRegisteredMethod>::Clear",25,0.00308
grpc-dpumesh,1008,client,grpc,bench_grpc,absl::lts_20250512::random_internal::RandenSlow::Generate,25,0.00308
grpc-dpumesh,1008,client,kernel,[kernel.kallsyms],__update_load_avg_se,24,0.00295
grpc-dpumesh,1008,client,kernel,[kernel.kallsyms],arch_exit_to_user_mode_prepare.constprop.0,24,0.00295
grpc-dpumesh,1008,client,kernel,[kernel.kallsyms],native_sched_clock,23,0.00283
grpc-dpumesh,1008,server,grpc,echo_grpc,absl::lts_20250512::Mutex::Lock,104,0.01267
grpc-dpumesh,1008,server,grpc,echo_grpc,grpc_core::promise_filter_detail::BaseCallData::Flusher::~Flusher,104,0.01267
grpc-dpumesh,1008,server,kernel,[kernel.kallsyms],psi_group_change,97,0.01182
grpc-dpumesh,1008,server,runtime,libc.so.6,malloc,97,0.01182
grpc-dpumesh,1008,server,grpc,echo_grpc,absl::lts_20250512::Mutex::Unlock,94,0.01146
grpc-dpumesh,1008,server,grpc,echo_grpc,grpc_core::promise_filter_detail::BaseCallData::Flusher::Flusher,90,0.01097
grpc-dpumesh,1008,server,runtime,libc.so.6,_int_free,77,0.00938
grpc-dpumesh,1008,server,grpc,echo_grpc,grpc_core::promise_filter_detail::ServerCallData::WakeInsideCombiner,76,0.00926
grpc-dpumesh,1008,server,vdso,[vdso],[unknown],70,0.00853
grpc-dpumesh,1008,server,grpc,echo_grpc,grpc_core::MultiProducerSingleConsumerQueue::Push,51,0.00622
grpc-dpumesh,1008,server,kernel,[kernel.kallsyms],entry_SYSCALL_64,50,0.00609
grpc-dpumesh,1008,server,kernel,[kernel.kallsyms],_raw_spin_lock_irqsave,44,0.00536
grpc-dpumesh,1008,server,runtime,libc.so.6,_int_malloc,44,0.00536
grpc-dpumesh,1008,server,grpc,echo_grpc,grpc_core::CallCombiner::Stop,40,0.00487
grpc-dpumesh,1008,server,kernel,[kernel.kallsyms],update_cfs_group,40,0.00487
grpc-dpumesh,1008,server,runtime,libc.so.6,__memmove_avx512_unaligned_erms,35,0.00427
grpc-dpumesh,1008,server,kernel,[kernel.kallsyms],restore_fpregs_from_fpstate,34,0.00414
grpc-dpumesh,1008,server,kernel,[kernel.kallsyms],__fget_files,34,0.00414
grpc-dpumesh,1008,server,transport,libdpumesh.so.4,drain_rev_rings.part.0.constprop.0,33,0.00402
grpc-dpumesh,1008,server,grpc,echo_grpc,grpc_core::promise_filter_detail::BaseCallData::BaseCallData,33,0.00402
grpc-dpumesh,1008,server,kernel,[kernel.kallsyms],__switch_to,32,0.0039
grpc-dpumesh,1008,server,kernel,[kernel.kallsyms],save_fpregs_to_fpstate,31,0.00378
grpc-dpumesh,1008,server,runtime,libc.so.6,cfree@GLIBC_2.2.5,30,0.00366
grpc-dpumesh,1008,server,kernel,[kernel.kallsyms],__calc_delta,29,0.00353
grpc-dpumesh,1008,server,kernel,[kernel.kallsyms],_raw_spin_lock_irq,29,0.00353
grpc-dpumesh,1008,server,kernel,[kernel.kallsyms],update_curr,29,0.00353
grpc-dpumesh,1008,server,kernel,[kernel.kallsyms],_raw_spin_lock,28,0.00341
grpc-dpumesh,1008,server,grpc,echo_grpc,grpc_core::CallCombiner::Start,28,0.00341
grpc-dpumesh,1008,server,grpc,echo_grpc,grpc_core::promise_filter_detail::ServerCallData::StartBatch,27,0.00329
grpc-dpumesh,1008,server,grpc,echo_grpc,grpc_core::FilterStackCall::BatchControl::PostCompletion,26,0.00317
grpc-dpumesh,1008,server,grpc,echo_grpc,grpc_core::FilterStackCall::ReuseOrAllocateBatchControl,26,0.00317
grpc-dpumesh,1008,server,kernel,[kernel.kallsyms],arch_exit_to_user_mode_prepare.constprop.0,25,0.00305
grpc-dpumesh,1008,server,kernel,[kernel.kallsyms],__schedule,25,0.00305
grpc-dpumesh,1008,server,grpc,echo_grpc,grpc_core::FilterStackCall::StartBatch,24,0.00292
grpc-dpumesh,1008,server,grpc,echo_grpc,absl::lts_20250512::Mutex::TryLock,24,0.00292
grpc-dpumesh,1008,server,grpc,echo_grpc,grpc_core::ImplementChannelFilter<grpc_core::ServerCallTracerFilter>::MakeCallPromise,22,0.00268
grpc-dpumesh,1008,server,kernel,[kernel.kallsyms],native_sched_clock,22,0.00268
grpc-dpumesh,1008,server,grpc,echo_grpc,grpc_call_arena_alloc,22,0.00268
grpc-dpumesh,1008,server,kernel,[kernel.kallsyms],__update_load_avg_se,22,0.00268
grpc-dpumesh,1008,server,kernel,[kernel.kallsyms],reweight_entity,21,0.00256
grpc-envoy-permissive,48,client,kernel,[kernel.kallsyms],psi_group_change,80,0.01291
grpc-envoy-permissive,48,client,kernel,[kernel.kallsyms],entry_SYSCALL_64,62,0.01001
grpc-envoy-permissive,48,client,grpc,bench_grpc,absl::lts_20250512::Mutex::Lock,41,0.00662
grpc-envoy-permissive,48,client,kernel,[kernel.kallsyms],_raw_spin_lock_irqsave,40,0.00646
grpc-envoy-permissive,48,client,grpc,bench_grpc,absl::lts_20250512::Mutex::Unlock,40,0.00646
grpc-envoy-permissive,48,client,runtime,libc.so.6,malloc,39,0.0063
grpc-envoy-permissive,48,client,kernel,[kernel.kallsyms],__update_load_avg_se,32,0.00517
grpc-envoy-permissive,48,client,kernel,[kernel.kallsyms],update_cfs_group,32,0.00517
grpc-envoy-permissive,48,client,kernel,[kernel.kallsyms],__calc_delta,31,0.005
grpc-envoy-permissive,48,client,grpc,bench_grpc,grpc_core::promise_filter_detail::ClientCallData::PollContext::Run,30,0.00484
grpc-envoy-permissive,48,client,kernel,[kernel.kallsyms],__nf_conntrack_find_get,29,0.00468
grpc-envoy-permissive,48,client,runtime,libc.so.6,_int_free,28,0.00452
grpc-envoy-permissive,48,client,kernel,[kernel.kallsyms],__update_load_avg_cfs_rq,28,0.00452
grpc-envoy-permissive,48,client,kernel,[kernel.kallsyms],copy_user_enhanced_fast_string,27,0.00436
grpc-envoy-permissive,48,client,kernel,[kernel.kallsyms],nft_do_chain,27,0.00436
grpc-envoy-permissive,48,client,kernel,[kernel.kallsyms],__schedule,26,0.0042
grpc-envoy-permissive,48,client,kernel,[kernel.kallsyms],restore_fpregs_from_fpstate,26,0.0042
grpc-envoy-permissive,48,client,kernel,[kernel.kallsyms],_raw_spin_lock,25,0.00404
grpc-envoy-permissive,48,client,kernel,[kernel.kallsyms],native_sched_clock,24,0.00387
grpc-envoy-permissive,48,client,envoy,envoy,Envoy::Buffer::OwnedImpl::reserveWithMaxLength,24,0.00387
grpc-envoy-permissive,48,client,kernel,[kernel.kallsyms],__fget_files,22,0.00355
grpc-envoy-permissive,48,client,kernel,[kernel.kallsyms],update_load_avg,22,0.00355
grpc-envoy-permissive,48,client,kernel,[kernel.kallsyms],_raw_spin_lock_bh,22,0.00355
grpc-envoy-permissive,48,client,kernel,[kernel.kallsyms],__switch_to,22,0.00355
grpc-envoy-permissive,48,client,grpc,bench_grpc,_ZN9grpc_core5TableIJNS_15metadata_detail5ValueINS_17LbCostBinMetadataEvEENS2_INS_17GrpcStatusContextEvEENS2_INS_22W3CTraceParentMetadataEvEENS2_INS_22XForwardedHostMetadataEvEENS2_INS_21XForwardedForMetadataEvEENS2_INS_18XEnvoyPeerMetadataEvEENS2_INS_15LbTokenMetadataEvEENS2_INS_10PeerStringEvEENS2_INS_19GrpcTagsBinMetadataEvEENS2_INS_20GrpcTraceBinMetadataEvEENS2_INS_26GrpcServerStatsBinMetadataEvEENS2_INS_30EndpointLoadMetricsBinMetadataEvEENS2_INS_12HostMetadataEvEENS2_INS_19GrpcMessageMetadataEvEENS2_INS_17UserAgentMetadataEvEENS2_INS_21HttpAuthorityMetadataEvEENS2_INS_16HttpPathMetadataEvEENS2_INS_27GrpcRetryPushbackMsMetadataEvEENS2_INS_19GrpcTimeoutMetadataEvEENS2_INS_25GrpcLbClientStatsMetadataEvEENS2_INS_20GrpcRegisteredMethodEvEENS2_INS_27GrpcInternalEncodingRequestEvEENS2_INS_20GrpcEncodingMetadataEvEENS2_INS_18HttpStatusMetadataEvEENS2_INS_31GrpcPreviousRpcAttemptsMetadataEvEENS2_INS_18GrpcStatusMetadataEvEENS2_INS_12WaitForReadyEvEENS2_INS_22GrpcStreamNetworkStateEvEENS2_INS_26GrpcAcceptEncodingMetadataEvEENS2_INS_10GrpcTarPitEvEENS2_INS_20GrpcCallWasCancelledEvEENS2_INS_10TeMetadataEvEENS2_INS_19ContentTypeMetadataEvEENS2_INS_18HttpSchemeMetadataEvEENS2_INS_18GrpcStatusFromWireEvEENS2_INS_18HttpMethodMetadataEvEENS2_INS_16GrpcTrailersOnlyEvEENS2_INS_18IsTransparentRetryEvEEEE4MoveILb1EJLm0ELm1ELm2ELm3ELm4ELm5ELm6ELm7ELm8ELm9ELm10ELm11ELm12ELm13ELm14ELm15ELm16ELm17ELm18ELm19ELm20ELm21ELm22ELm23ELm24ELm25ELm26ELm27ELm28ELm29ELm30ELm31ELm32ELm33ELm34ELm35ELm36ELm37EEEEvSt16integer_sequenceImJXspT0_EEEOS27_.isra.0,22,0.00355
grpc-envoy-permissive,48,client,kernel,[kernel.kallsyms],timerqueue_add,22,0.00355
grpc-envoy-permissive,48,client,kernel,[kernel.kallsyms],aa_dfa_match_len,22,0.00355
grpc-envoy-permissive,48,client,grpc,bench_grpc,grpc_core::promise_filter_detail::BaseCallData::Flusher::~Flusher,20,0.00323
grpc-envoy-permissive,48,client,kernel,[kernel.kallsyms],arch_exit_to_user_mode_prepare.constprop.0,19,0.00307
grpc-envoy-permissive,48,client,kernel,[kernel.kallsyms],enqueue_task_fair,19,0.00307
grpc-envoy-permissive,48,client,kernel,[kernel.kallsyms],save_fpregs_to_fpstate,17,0.00274
grpc-envoy-permissive,48,client,grpc,bench_grpc,grpc_core::promise_filter_detail::BaseCallData::Flusher::Flusher,17,0.00274
grpc-envoy-permissive,48,client,runtime,libc.so.6,pthread_mutex_lock,17,0.00274
grpc-envoy-permissive,48,client,grpc,bench_grpc,"grpc_core::MetadataMap<grpc_metadata_batch, grpc_core::HttpPathMetadata, grpc_core::HttpAuthorityMetadata, grpc_core::HttpMethodMetadata, grpc_core::HttpStatusMetadata, grpc_core::HttpSchemeMetadata, grpc_core::ContentTypeMetadata, grpc_core::TeMetadata, grpc_core::GrpcEncodingMetadata, grpc_core::GrpcInternalEncodingRequest, grpc_core::GrpcAcceptEncodingMetadata, grpc_core::GrpcStatusMetadata, grpc_core::GrpcTimeoutMetadata, grpc_core::GrpcPreviousRpcAttemptsMetadata, grpc_core::GrpcRetryPushbackMsMetadata, grpc_core::UserAgentMetadata, grpc_core::GrpcMessageMetadata, grpc_core::HostMetadata, grpc_core::EndpointLoadMetricsBinMetadata, grpc_core::GrpcServerStatsBinMetadata, grpc_core::GrpcTraceBinMetadata, grpc_core::GrpcTagsBinMetadata, grpc_core::GrpcLbClientStatsMetadata, grpc_core::LbCostBinMetadata, grpc_core::LbTokenMetadata, grpc_core::XEnvoyPeerMetadata, grpc_core::XForwardedForMetadata, grpc_core::XForwardedHostMetadata, grpc_core::W3CTraceParentMetadata, grpc_core::GrpcStreamNetworkState, grpc_core::PeerString, grpc_core::GrpcStatusContext, grpc_core::GrpcStatusFromWire, grpc_core::GrpcCallWasCancelled, grpc_core::WaitForReady, grpc_core::IsTransparentRetry, grpc_core::GrpcTrailersOnly, grpc_core::GrpcTarPit, grpc_core::GrpcRegisteredMethod>::Copy",16,0.00258
grpc-envoy-permissive,48,client,runtime,libc.so.6,epoll_wait,16,0.00258
grpc-envoy-permissive,48,client,runtime,libc.so.6,pthread_mutex_unlock,16,0.00258
grpc-envoy-permissive,48,client,grpc,bench_grpc,grpc_core::promise_filter_detail::ClientCallData::WakeInsideCombiner,15,0.00242
grpc-envoy-permissive,48,client,vdso,[vdso],[unknown],15,0.00242
grpc-envoy-permissive,48,client,kernel,[kernel.kallsyms],read_tsc,15,0.00242
grpc-envoy-permissive,48,client,kernel,[kernel.kallsyms],nf_ct_seq_offset,15,0.00242
grpc-envoy-permissive,48,server,kernel,[kernel.kallsyms],psi_group_change,75,0.01211
grpc-envoy-permissive,48,server,kernel,[kernel.kallsyms],entry_SYSCALL_64,52,0.0084
grpc-envoy-permissive,48,server,grpc,echo_grpc,absl::lts_20250512::Mutex::Unlock,50,0.00807
grpc-envoy-permissive,48,server,kernel,[kernel.kallsyms],_raw_spin_lock_irqsave,47,0.00759
grpc-envoy-permissive,48,server,runtime,libc.so.6,malloc,40,0.00646
grpc-envoy-permissive,48,server,grpc,echo_grpc,absl::lts_20250512::Mutex::Lock,37,0.00597
grpc-envoy-permissive,48,server,grpc,echo_grpc,grpc_core::promise_filter_detail::BaseCallData::Flusher::Flusher,35,0.00565
grpc-envoy-permissive,48,server,kernel,[kernel.kallsyms],update_cfs_group,34,0.00549
grpc-envoy-permissive,48,server,vdso,[vdso],[unknown],32,0.00517
grpc-envoy-permissive,48,server,grpc,echo_grpc,grpc_core::promise_filter_detail::BaseCallData::Flusher::~Flusher,29,0.00468
grpc-envoy-permissive,48,server,kernel,[kernel.kallsyms],copy_user_enhanced_fast_string,28,0.00452
grpc-envoy-permissive,48,server,kernel,[kernel.kallsyms],__calc_delta,28,0.00452
grpc-envoy-permissive,48,server,grpc,echo_grpc,grpc_core::promise_filter_detail::ServerCallData::WakeInsideCombiner,26,0.0042
grpc-envoy-permissive,48,server,kernel,[kernel.kallsyms],timerqueue_add,24,0.00387
grpc-envoy-permissive,48,server,kernel,[kernel.kallsyms],__fget_files,24,0.00387
grpc-envoy-permissive,48,server,kernel,[kernel.kallsyms],aa_dfa_match_len,22,0.00355
grpc-envoy-permissive,48,server,envoy,envoy,Envoy::Buffer::OwnedImpl::reserveWithMaxLength,22,0.00355
grpc-envoy-permissive,48,server,kernel,[kernel.kallsyms],tcp_check_space,20,0.00323
grpc-envoy-permissive,48,server,kernel,[kernel.kallsyms],arch_exit_to_user_mode_prepare.constprop.0,20,0.00323
grpc-envoy-permissive,48,server,kernel,[kernel.kallsyms],__nf_conntrack_find_get,20,0.00323
grpc-envoy-permissive,48,server,kernel,[kernel.kallsyms],read_tsc,20,0.00323
grpc-envoy-permissive,48,server,kernel,[kernel.kallsyms],__tcp_transmit_skb,20,0.00323
grpc-envoy-permissive,48,server,kernel,[kernel.kallsyms],__update_load_avg_cfs_rq,19,0.00307
grpc-envoy-permissive,48,server,kernel,[kernel.kallsyms],__inet_lookup_established,19,0.00307
grpc-envoy-permissive,48,server,kernel,[kernel.kallsyms],__siphash_unaligned,19,0.00307
grpc-envoy-permissive,48,server,kernel,[kernel.kallsyms],nft_do_chain,18,0.00291
grpc-envoy-permissive,48,server,kernel,[kernel.kallsyms],aa_label_sk_perm.part.0,17,0.00274
grpc-envoy-permissive,48,server,kernel,[kernel.kallsyms],restore_fpregs_from_fpstate,17,0.00274
grpc-envoy-permissive,48,server,kernel,[kernel.kallsyms],update_load_avg,17,0.00274
grpc-envoy-permissive,48,server,runtime,libc.so.6,pthread_mutex_unlock,17,0.00274
grpc-envoy-permissive,48,server,kernel,[kernel.kallsyms],native_sched_clock,16,0.00258
grpc-envoy-permissive,48,server,kernel,[kernel.kallsyms],_raw_spin_lock,16,0.00258
grpc-envoy-permissive,48,server,kernel,[kernel.kallsyms],entry_SYSCALL_64_after_hwframe,15,0.00242
grpc-envoy-permissive,48,server,runtime,libc.so.6,pthread_mutex_lock,15,0.00242
grpc-envoy-permissive,48,server,kernel,[kernel.kallsyms],enqueue_task_fair,14,0.00226
grpc-envoy-permissive,48,server,kernel,[kernel.kallsyms],__ksize,14,0.00226
grpc-envoy-permissive,48,server,kernel,[kernel.kallsyms],__update_load_avg_se,14,0.00226
grpc-envoy-permissive,48,server,runtime,libc.so.6,_int_free,14,0.00226
grpc-envoy-permissive,48,server,kernel,[kernel.kallsyms],__schedule,14,0.00226
grpc-envoy-permissive,48,server,kernel,[kernel.kallsyms],tcp_recvmsg_locked,14,0.00226
grpc-envoy-permissive,48,client,kernel,[kernel.kallsyms],psi_group_change,202,0.0325
grpc-envoy-permissive,48,client,grpc,bench_grpc,absl::lts_20250512::Mutex::Unlock,110,0.0177
grpc-envoy-permissive,48,client,kernel,[kernel.kallsyms],entry_SYSCALL_64,74,0.0119
grpc-envoy-permissive,48,client,grpc,bench_grpc,absl::lts_20250512::Mutex::Lock,66,0.01062
grpc-envoy-permissive,48,client,kernel,[kernel.kallsyms],_raw_spin_lock_irqsave,64,0.0103
grpc-envoy-permissive,48,client,kernel,[kernel.kallsyms],__update_load_avg_se,60,0.00965
grpc-envoy-permissive,48,client,kernel,[kernel.kallsyms],update_load_avg,59,0.00949
grpc-envoy-permissive,48,client,kernel,[kernel.kallsyms],update_cfs_group,55,0.00885
grpc-envoy-permissive,48,client,runtime,libc.so.6,_int_malloc,53,0.00853
grpc-envoy-permissive,48,client,grpc,bench_grpc,_ZN9grpc_core5TableIJNS_15metadata_detail5ValueINS_17LbCostBinMetadataEvEENS2_INS_17GrpcStatusContextEvEENS2_INS_22W3CTraceParentMetadataEvEENS2_INS_22XForwardedHostMetadataEvEENS2_INS_21XForwardedForMetadataEvEENS2_INS_18XEnvoyPeerMetadataEvEENS2_INS_15LbTokenMetadataEvEENS2_INS_10PeerStringEvEENS2_INS_19GrpcTagsBinMetadataEvEENS2_INS_20GrpcTraceBinMetadataEvEENS2_INS_26GrpcServerStatsBinMetadataEvEENS2_INS_30EndpointLoadMetricsBinMetadataEvEENS2_INS_12HostMetadataEvEENS2_INS_19GrpcMessageMetadataEvEENS2_INS_17UserAgentMetadataEvEENS2_INS_21HttpAuthorityMetadataEvEENS2_INS_16HttpPathMetadataEvEENS2_INS_27GrpcRetryPushbackMsMetadataEvEENS2_INS_19GrpcTimeoutMetadataEvEENS2_INS_25GrpcLbClientStatsMetadataEvEENS2_INS_20GrpcRegisteredMethodEvEENS2_INS_27GrpcInternalEncodingRequestEvEENS2_INS_20GrpcEncodingMetadataEvEENS2_INS_18HttpStatusMetadataEvEENS2_INS_31GrpcPreviousRpcAttemptsMetadataEvEENS2_INS_18GrpcStatusMetadataEvEENS2_INS_12WaitForReadyEvEENS2_INS_22GrpcStreamNetworkStateEvEENS2_INS_26GrpcAcceptEncodingMetadataEvEENS2_INS_10GrpcTarPitEvEENS2_INS_20GrpcCallWasCancelledEvEENS2_INS_10TeMetadataEvEENS2_INS_19ContentTypeMetadataEvEENS2_INS_18HttpSchemeMetadataEvEENS2_INS_18GrpcStatusFromWireEvEENS2_INS_18HttpMethodMetadataEvEENS2_INS_16GrpcTrailersOnlyEvEENS2_INS_18IsTransparentRetryEvEEEE4MoveILb1EJLm0ELm1ELm2ELm3ELm4ELm5ELm6ELm7ELm8ELm9ELm10ELm11ELm12ELm13ELm14ELm15ELm16ELm17ELm18ELm19ELm20ELm21ELm22ELm23ELm24ELm25ELm26ELm27ELm28ELm29ELm30ELm31ELm32ELm33ELm34ELm35ELm36ELm37EEEEvSt16integer_sequenceImJXspT0_EEEOS27_.isra.0,50,0.00804
grpc-envoy-permissive,48,client,envoy,envoy,Envoy::Buffer::OwnedImpl::reserveWithMaxLength,49,0.00788
grpc-envoy-permissive,48,client,kernel,[kernel.kallsyms],__update_load_avg_cfs_rq,49,0.00788
grpc-envoy-permissive,48,client,vdso,[vdso],[unknown],48,0.00772
grpc-envoy-permissive,48,client,kernel,[kernel.kallsyms],nft_do_chain,48,0.00772
grpc-envoy-permissive,48,client,runtime,libc.so.6,malloc,48,0.00772
grpc-envoy-permissive,48,client,kernel,[kernel.kallsyms],__calc_delta,45,0.00724
grpc-envoy-permissive,48,client,runtime,libc.so.6,_int_free,45,0.00724
grpc-envoy-permissive,48,client,kernel,[kernel.kallsyms],__nf_conntrack_find_get,44,0.00708
grpc-envoy-permissive,48,client,kernel,[kernel.kallsyms],update_curr,44,0.00708
grpc-envoy-permissive,48,client,kernel,[kernel.kallsyms],__fget_files,43,0.00692
grpc-envoy-permissive,48,client,grpc,bench_grpc,grpc_core::promise_filter_detail::BaseCallData::Flusher::~Flusher,43,0.00692
grpc-envoy-permissive,48,client,kernel,[kernel.kallsyms],enqueue_task_fair,43,0.00692
grpc-envoy-permissive,48,client,kernel,[kernel.kallsyms],_raw_spin_lock,43,0.00692
grpc-envoy-permissive,48,client,kernel,[kernel.kallsyms],restore_fpregs_from_fpstate,39,0.00627
grpc-envoy-permissive,48,client,kernel,[kernel.kallsyms],__schedule,38,0.00611
grpc-envoy-permissive,48,client,kernel,[kernel.kallsyms],copy_user_enhanced_fast_string,37,0.00595
grpc-envoy-permissive,48,client,runtime,libc.so.6,pthread_mutex_lock,37,0.00595
grpc-envoy-permissive,48,client,kernel,[kernel.kallsyms],aa_dfa_match_len,37,0.00595
grpc-envoy-permissive,48,client,kernel,[kernel.kallsyms],native_sched_clock,36,0.00579
grpc-envoy-permissive,48,client,kernel,[kernel.kallsyms],native_queued_spin_lock_slowpath.part.0,36,0.00579
grpc-envoy-permissive,48,client,grpc,bench_grpc,grpc_core::promise_filter_detail::ClientCallData::PollContext::Run,35,0.00563
grpc-envoy-permissive,48,client,grpc,bench_grpc,grpc_core::promise_filter_detail::BaseCallData::Flusher::Flusher,34,0.00547
grpc-envoy-permissive,48,client,kernel,[kernel.kallsyms],enqueue_entity,32,0.00515
grpc-envoy-permissive,48,client,kernel,[kernel.kallsyms],timerqueue_add,30,0.00483
grpc-envoy-permissive,48,client,kernel,[kernel.kallsyms],arch_exit_to_user_mode_prepare.constprop.0,29,0.00467
grpc-envoy-permissive,48,client,kernel,[kernel.kallsyms],__siphash_unaligned,28,0.0045
grpc-envoy-permissive,48,client,kernel,[kernel.kallsyms],pick_next_task_fair,26,0.00418
grpc-envoy-permissive,48,client,kernel,[kernel.kallsyms],_raw_spin_lock_bh,26,0.00418
grpc-envoy-permissive,48,client,kernel,[kernel.kallsyms],set_next_buddy,26,0.00418
grpc-envoy-permissive,48,client,kernel,[kernel.kallsyms],save_fpregs_to_fpstate,26,0.00418
grpc-envoy-permissive,48,server,kernel,[kernel.kallsyms],psi_group_change,160,0.02581
grpc-envoy-permissive,48,server,grpc,echo_grpc,absl::lts_20250512::Mutex::Unlock,136,0.02194
grpc-envoy-permissive,48,server,grpc,echo_grpc,absl::lts_20250512::Mutex::Lock,99,0.01597
grpc-envoy-permissive,48,server,kernel,[kernel.kallsyms],update_curr,71,0.01145
grpc-envoy-permissive,48,server,kernel,[kernel.kallsyms],_raw_spin_lock_irqsave,71,0.01145
grpc-envoy-permissive,48,server,kernel,[kernel.kallsyms],update_load_avg,71,0.01145
grpc-envoy-permissive,48,server,vdso,[vdso],[unknown],69,0.01113
grpc-envoy-permissive,48,server,runtime,libc.so.6,malloc,68,0.01097
grpc-envoy-permissive,48,server,grpc,echo_grpc,grpc_core::promise_filter_detail::BaseCallData::Flusher::~Flusher,66,0.01065
grpc-envoy-permissive,48,server,kernel,[kernel.kallsyms],entry_SYSCALL_64,66,0.01065
grpc-envoy-permissive,48,server,grpc,echo_grpc,grpc_core::promise_filter_detail::ServerCallData::WakeInsideCombiner,62,0.01
grpc-envoy-permissive,48,server,grpc,echo_grpc,grpc_core::promise_filter_detail::BaseCallData::Flusher::Flusher,60,0.00968
grpc-envoy-permissive,48,server,kernel,[kernel.kallsyms],_raw_spin_lock,60,0.00968
grpc-envoy-permissive,48,server,kernel,[kernel.kallsyms],__update_load_avg_se,58,0.00936
grpc-envoy-permissive,48,server,kernel,[kernel.kallsyms],update_cfs_group,57,0.00919
grpc-envoy-permissive,48,server,kernel,[kernel.kallsyms],copy_user_enhanced_fast_string,50,0.00807
grpc-envoy-permissive,48,server,kernel,[kernel.kallsyms],__calc_delta,48,0.00774
grpc-envoy-permissive,48,server,kernel,[kernel.kallsyms],__schedule,46,0.00742
grpc-envoy-permissive,48,server,kernel,[kernel.kallsyms],__fget_files,45,0.00726
grpc-envoy-permissive,48,server,kernel,[kernel.kallsyms],native_queued_spin_lock_slowpath.part.0,45,0.00726
grpc-envoy-permissive,48,server,kernel,[kernel.kallsyms],enqueue_task_fair,44,0.0071
grpc-envoy-permissive,48,server,kernel,[kernel.kallsyms],timerqueue_add,43,0.00694
grpc-envoy-permissive,48,server,kernel,[kernel.kallsyms],__nf_conntrack_find_get,43,0.00694
grpc-envoy-permissive,48,server,envoy,envoy,Envoy::Buffer::OwnedImpl::reserveWithMaxLength,42,0.00678
grpc-envoy-permissive,48,server,kernel,[kernel.kallsyms],restore_fpregs_from_fpstate,40,0.00645
grpc-envoy-permissive,48,server,kernel,[kernel.kallsyms],__switch_to,38,0.00613
grpc-envoy-permissive,48,server,kernel,[kernel.kallsyms],__update_load_avg_cfs_rq,37,0.00597
grpc-envoy-permissive,48,server,kernel,[kernel.kallsyms],nft_do_chain,35,0.00565
grpc-envoy-permissive,48,server,runtime,libc.so.6,_int_free,33,0.00532
grpc-envoy-permissive,48,server,kernel,[kernel.kallsyms],aa_dfa_match_len,32,0.00516
grpc-envoy-permissive,48,server,kernel,[kernel.kallsyms],_raw_spin_lock_bh,32,0.00516
grpc-envoy-permissive,48,server,kernel,[kernel.kallsyms],read_tsc,30,0.00484
grpc-envoy-permissive,48,server,runtime,libc.so.6,_int_malloc,27,0.00436
grpc-envoy-permissive,48,server,runtime,libc.so.6,pthread_mutex_unlock,27,0.00436
grpc-envoy-permissive,48,server,kernel,[kernel.kallsyms],update_rq_clock,27,0.00436
grpc-envoy-permissive,48,server,kernel,[kernel.kallsyms],pick_next_task_fair,27,0.00436
grpc-envoy-permissive,48,server,kernel,[kernel.kallsyms],native_sched_clock,27,0.00436
grpc-envoy-permissive,48,server,runtime,libc.so.6,pthread_mutex_lock,26,0.00419
grpc-envoy-permissive,48,server,grpc,echo_grpc,grpc_core::promise_filter_detail::BaseCallData::BaseCallData,25,0.00403
grpc-envoy-permissive,48,server,kernel,[kernel.kallsyms],reweight_entity,24,0.00387
grpc-envoy-permissive,48,client,kernel,[kernel.kallsyms],psi_group_change,144,0.02314
grpc-envoy-permissive,48,client,runtime,libc.so.6,malloc,86,0.01382
grpc-envoy-permissive,48,client,grpc,bench_grpc,absl::lts_20250512::Mutex::Unlock,82,0.01318
grpc-envoy-permissive,48,client,runtime,libc.so.6,_int_free,74,0.01189
grpc-envoy-permissive,48,client,runtime,libc.so.6,_int_malloc,73,0.01173
grpc-envoy-permissive,48,client,kernel,[kernel.kallsyms],entry_SYSCALL_64,71,0.01141
grpc-envoy-permissive,48,client,grpc,bench_grpc,absl::lts_20250512::Mutex::Lock,70,0.01125
grpc-envoy-permissive,48,client,grpc,bench_grpc,grpc_core::promise_filter_detail::BaseCallData::Flusher::~Flusher,62,0.00996
grpc-envoy-permissive,48,client,vdso,[vdso],[unknown],57,0.00916
grpc-envoy-permissive,48,client,kernel,[kernel.kallsyms],_raw_spin_lock_irqsave,55,0.00884
grpc-envoy-permissive,48,client,envoy,envoy,Envoy::Buffer::OwnedImpl::reserveWithMaxLength,54,0.00868
grpc-envoy-permissive,48,client,kernel,[kernel.kallsyms],copy_user_enhanced_fast_string,53,0.00852
grpc-envoy-permissive,48,client,kernel,[kernel.kallsyms],__fget_files,50,0.00804
grpc-envoy-permissive,48,client,grpc,bench_grpc,grpc_core::promise_filter_detail::BaseCallData::Flusher::Flusher,46,0.00739
grpc-envoy-permissive,48,client,kernel,[kernel.kallsyms],__nf_conntrack_find_get,45,0.00723
grpc-envoy-permissive,48,client,grpc,bench_grpc,grpc_core::promise_filter_detail::ClientCallData::PollContext::Run,44,0.00707
grpc-envoy-permissive,48,client,grpc,bench_grpc,grpc_core::MultiProducerSingleConsumerQueue::Push,43,0.00691
grpc-envoy-permissive,48,client,kernel,[kernel.kallsyms],_raw_spin_lock,42,0.00675
grpc-envoy-permissive,48,client,kernel,[kernel.kallsyms],update_load_avg,41,0.00659
grpc-envoy-permissive,48,client,kernel,[kernel.kallsyms],__update_load_avg_se,41,0.00659
grpc-envoy-permissive,48,client,kernel,[kernel.kallsyms],nft_do_chain,41,0.00659
grpc-envoy-permissive,48,client,kernel,[kernel.kallsyms],__calc_delta,40,0.00643
grpc-envoy-permissive,48,client,grpc,bench_grpc,_ZN9grpc_core5TableIJNS_15metadata_detail5ValueINS_17LbCostBinMetadataEvEENS2_INS_17GrpcStatusContextEvEENS2_INS_22W3CTraceParentMetadataEvEENS2_INS_22XForwardedHostMetadataEvEENS2_INS_21XForwardedForMetadataEvEENS2_INS_18XEnvoyPeerMetadataEvEENS2_INS_15LbTokenMetadataEvEENS2_INS_10PeerStringEvEENS2_INS_19GrpcTagsBinMetadataEvEENS2_INS_20GrpcTraceBinMetadataEvEENS2_INS_26GrpcServerStatsBinMetadataEvEENS2_INS_30EndpointLoadMetricsBinMetadataEvEENS2_INS_12HostMetadataEvEENS2_INS_19GrpcMessageMetadataEvEENS2_INS_17UserAgentMetadataEvEENS2_INS_21HttpAuthorityMetadataEvEENS2_INS_16HttpPathMetadataEvEENS2_INS_27GrpcRetryPushbackMsMetadataEvEENS2_INS_19GrpcTimeoutMetadataEvEENS2_INS_25GrpcLbClientStatsMetadataEvEENS2_INS_20GrpcRegisteredMethodEvEENS2_INS_27GrpcInternalEncodingRequestEvEENS2_INS_20GrpcEncodingMetadataEvEENS2_INS_18HttpStatusMetadataEvEENS2_INS_31GrpcPreviousRpcAttemptsMetadataEvEENS2_INS_18GrpcStatusMetadataEvEENS2_INS_12WaitForReadyEvEENS2_INS_22GrpcStreamNetworkStateEvEENS2_INS_26GrpcAcceptEncodingMetadataEvEENS2_INS_10GrpcTarPitEvEENS2_INS_20GrpcCallWasCancelledEvEENS2_INS_10TeMetadataEvEENS2_INS_19ContentTypeMetadataEvEENS2_INS_18HttpSchemeMetadataEvEENS2_INS_18GrpcStatusFromWireEvEENS2_INS_18HttpMethodMetadataEvEENS2_INS_16GrpcTrailersOnlyEvEENS2_INS_18IsTransparentRetryEvEEEE4MoveILb1EJLm0ELm1ELm2ELm3ELm4ELm5ELm6ELm7ELm8ELm9ELm10ELm11ELm12ELm13ELm14ELm15ELm16ELm17ELm18ELm19ELm20ELm21ELm22ELm23ELm24ELm25ELm26ELm27ELm28ELm29ELm30ELm31ELm32ELm33ELm34ELm35ELm36ELm37EEEEvSt16integer_sequenceImJXspT0_EEEOS27_.isra.0,40,0.00643
grpc-envoy-permissive,48,client,grpc,bench_grpc,grpc_slice_buffer_add,39,0.00627
grpc-envoy-permissive,48,client,kernel,[kernel.kallsyms],skb_release_data,37,0.00595
grpc-envoy-permissive,48,client,kernel,[kernel.kallsyms],restore_fpregs_from_fpstate,36,0.00579
grpc-envoy-permissive,48,client,kernel,[kernel.kallsyms],update_cfs_group,35,0.00562
grpc-envoy-permissive,48,client,kernel,[kernel.kallsyms],__update_load_avg_cfs_rq,35,0.00562
grpc-envoy-permissive,48,client,kernel,[kernel.kallsyms],enqueue_entity,34,0.00546
grpc-envoy-permissive,48,client,kernel,[kernel.kallsyms],native_queued_spin_lock_slowpath.part.0,34,0.00546
grpc-envoy-permissive,48,client,grpc,bench_grpc,grpc_core::CallCombiner::Start,34,0.00546
grpc-envoy-permissive,48,client,kernel,[kernel.kallsyms],__inet_lookup_established,31,0.00498
grpc-envoy-permissive,48,client,kernel,[kernel.kallsyms],__schedule,30,0.00482
grpc-envoy-permissive,48,client,kernel,[kernel.kallsyms],enqueue_task_fair,30,0.00482
grpc-envoy-permissive,48,client,grpc,bench_grpc,grpc_core::promise_filter_detail::BaseCallData::BaseCallData,30,0.00482
grpc-envoy-permissive,48,client,grpc,bench_grpc,grpc_core::promise_filter_detail::BaseCallData::ReceiveMessage::WakeInsideCombiner,29,0.00466
grpc-envoy-permissive,48,client,kernel,[kernel.kallsyms],update_curr,29,0.00466
grpc-envoy-permissive,48,client,kernel,[kernel.kallsyms],rb_erase,29,0.00466
grpc-envoy-permissive,48,client,grpc,bench_grpc,grpc_core::promise_filter_detail::ClientCallData::StartPromise,27,0.00434
grpc-envoy-permissive,48,client,kernel,[kernel.kallsyms],aa_dfa_match_len,27,0.00434
grpc-envoy-permissive,48,server,grpc,echo_grpc,absl::lts_20250512::Mutex::Unlock,113,0.01816
grpc-envoy-permissive,48,server,kernel,[kernel.kallsyms],psi_group_change,107,0.0172
grpc-envoy-permissive,48,server,kernel,[kernel.kallsyms],entry_SYSCALL_64,102,0.0164
grpc-envoy-permissive,48,server,grpc,echo_grpc,absl::lts_20250512::Mutex::Lock,92,0.01479
grpc-envoy-permissive,48,server,grpc,echo_grpc,grpc_core::promise_filter_detail::BaseCallData::Flusher::Flusher,91,0.01463
grpc-envoy-permissive,48,server,grpc,echo_grpc,grpc_core::promise_filter_detail::BaseCallData::Flusher::~Flusher,80,0.01286
grpc-envoy-permissive,48,server,runtime,libc.so.6,malloc,79,0.0127
grpc-envoy-permissive,48,server,runtime,libc.so.6,_int_free,66,0.01061
grpc-envoy-permissive,48,server,kernel,[kernel.kallsyms],_raw_spin_lock_irqsave,64,0.01029
grpc-envoy-permissive,48,server,vdso,[vdso],[unknown],62,0.00997
grpc-envoy-permissive,48,server,runtime,libc.so.6,_int_malloc,61,0.0098
grpc-envoy-permissive,48,server,grpc,echo_grpc,grpc_core::promise_filter_detail::ServerCallData::WakeInsideCombiner,59,0.00948
grpc-envoy-permissive,48,server,envoy,envoy,Envoy::Buffer::OwnedImpl::reserveWithMaxLength,54,0.00868
grpc-envoy-permissive,48,server,kernel,[kernel.kallsyms],__fget_files,53,0.00852
grpc-envoy-permissive,48,server,kernel,[kernel.kallsyms],copy_user_enhanced_fast_string,46,0.00739
grpc-envoy-permissive,48,server,kernel,[kernel.kallsyms],__nf_conntrack_find_get,45,0.00723
grpc-envoy-permissive,48,server,kernel,[kernel.kallsyms],aa_dfa_match_len,44,0.00707
grpc-envoy-permissive,48,server,kernel,[kernel.kallsyms],__update_load_avg_se,42,0.00675
grpc-envoy-permissive,48,server,kernel,[kernel.kallsyms],update_curr,41,0.00659
grpc-envoy-permissive,48,server,kernel,[kernel.kallsyms],read_tsc,41,0.00659
grpc-envoy-permissive,48,server,kernel,[kernel.kallsyms],timerqueue_add,40,0.00643
grpc-envoy-permissive,48,server,kernel,[kernel.kallsyms],update_load_avg,37,0.00595
grpc-envoy-permissive,48,server,kernel,[kernel.kallsyms],__calc_delta,36,0.00579
grpc-envoy-permissive,48,server,kernel,[kernel.kallsyms],update_cfs_group,36,0.00579
grpc-envoy-permissive,48,server,kernel,[kernel.kallsyms],native_queued_spin_lock_slowpath.part.0,34,0.00547
grpc-envoy-permissive,48,server,kernel,[kernel.kallsyms],enqueue_task_fair,34,0.00547
grpc-envoy-permissive,48,server,kernel,[kernel.kallsyms],nft_do_chain,33,0.0053
grpc-envoy-permissive,48,server,kernel,[kernel.kallsyms],arch_exit_to_user_mode_prepare.constprop.0,31,0.00498
grpc-envoy-permissive,48,server,kernel,[kernel.kallsyms],_raw_spin_lock_bh,31,0.00498
grpc-envoy-permissive,48,server,grpc,echo_grpc,grpc_core::MultiProducerSingleConsumerQueue::Push,31,0.00498
grpc-envoy-permissive,48,server,kernel,[kernel.kallsyms],_raw_spin_lock,31,0.00498
grpc-envoy-permissive,48,server,kernel,[kernel.kallsyms],__update_load_avg_cfs_rq,30,0.00482
grpc-envoy-permissive,48,server,runtime,libc.so.6,pthread_mutex_unlock,29,0.00466
grpc-envoy-permissive,48,server,kernel,[kernel.kallsyms],skb_release_data,29,0.00466
grpc-envoy-permissive,48,server,grpc,echo_grpc,grpc_core::promise_filter_detail::BaseCallData::BaseCallData,29,0.00466
grpc-envoy-permissive,48,server,kernel,[kernel.kallsyms],enqueue_entity,29,0.00466
grpc-envoy-permissive,48,server,kernel,[kernel.kallsyms],update_min_vruntime,28,0.0045
grpc-envoy-permissive,48,server,kernel,[kernel.kallsyms],set_next_buddy,28,0.0045
grpc-envoy-permissive,48,server,grpc,echo_grpc,grpc_core::CallCombiner::Start,27,0.00434
grpc-envoy-permissive,48,server,runtime,libc.so.6,pthread_mutex_lock,26,0.00418
grpc-envoy-permissive,1008,client,kernel,[kernel.kallsyms],psi_group_change,155,0.02492
grpc-envoy-permissive,1008,client,grpc,bench_grpc,absl::lts_20250512::Mutex::Unlock,96,0.01543
grpc-envoy-permissive,1008,client,kernel,[kernel.kallsyms],entry_SYSCALL_64,84,0.0135
grpc-envoy-permissive,1008,client,runtime,libc.so.6,_int_malloc,82,0.01318
grpc-envoy-permissive,1008,client,kernel,[kernel.kallsyms],copy_user_enhanced_fast_string,79,0.0127
grpc-envoy-permissive,1008,client,runtime,libc.so.6,malloc,73,0.01174
grpc-envoy-permissive,1008,client,kernel,[kernel.kallsyms],nft_do_chain,66,0.01061
grpc-envoy-permissive,1008,client,runtime,libc.so.6,_int_free,65,0.01045
grpc-envoy-permissive,1008,client,kernel,[kernel.kallsyms],_raw_spin_lock_irqsave,61,0.00981
grpc-envoy-permissive,1008,client,grpc,bench_grpc,absl::lts_20250512::Mutex::Lock,61,0.00981
grpc-envoy-permissive,1008,client,envoy,envoy,Envoy::Buffer::OwnedImpl::reserveWithMaxLength,58,0.00932
grpc-envoy-permissive,1008,client,grpc,bench_grpc,grpc_core::promise_filter_detail::BaseCallData::Flusher::Flusher,48,0.00772
grpc-envoy-permissive,1008,client,grpc,bench_grpc,grpc_core::promise_filter_detail::BaseCallData::Flusher::~Flusher,47,0.00756
grpc-envoy-permissive,1008,client,kernel,[kernel.kallsyms],update_cfs_group,46,0.00739
grpc-envoy-permissive,1008,client,kernel,[kernel.kallsyms],enqueue_entity,46,0.00739
grpc-envoy-permissive,1008,client,kernel,[kernel.kallsyms],_raw_spin_lock,45,0.00723
grpc-envoy-permissive,1008,client,kernel,[kernel.kallsyms],update_load_avg,45,0.00723
grpc-envoy-permissive,1008,client,kernel,[kernel.kallsyms],__nf_conntrack_find_get,44,0.00707
grpc-envoy-permissive,1008,client,grpc,bench_grpc,_ZN9grpc_core5TableIJNS_15metadata_detail5ValueINS_17LbCostBinMetadataEvEENS2_INS_17GrpcStatusContextEvEENS2_INS_22W3CTraceParentMetadataEvEENS2_INS_22XForwardedHostMetadataEvEENS2_INS_21XForwardedForMetadataEvEENS2_INS_18XEnvoyPeerMetadataEvEENS2_INS_15LbTokenMetadataEvEENS2_INS_10PeerStringEvEENS2_INS_19GrpcTagsBinMetadataEvEENS2_INS_20GrpcTraceBinMetadataEvEENS2_INS_26GrpcServerStatsBinMetadataEvEENS2_INS_30EndpointLoadMetricsBinMetadataEvEENS2_INS_12HostMetadataEvEENS2_INS_19GrpcMessageMetadataEvEENS2_INS_17UserAgentMetadataEvEENS2_INS_21HttpAuthorityMetadataEvEENS2_INS_16HttpPathMetadataEvEENS2_INS_27GrpcRetryPushbackMsMetadataEvEENS2_INS_19GrpcTimeoutMetadataEvEENS2_INS_25GrpcLbClientStatsMetadataEvEENS2_INS_20GrpcRegisteredMethodEvEENS2_INS_27GrpcInternalEncodingRequestEvEENS2_INS_20GrpcEncodingMetadataEvEENS2_INS_18HttpStatusMetadataEvEENS2_INS_31GrpcPreviousRpcAttemptsMetadataEvEENS2_INS_18GrpcStatusMetadataEvEENS2_INS_12WaitForReadyEvEENS2_INS_22GrpcStreamNetworkStateEvEENS2_INS_26GrpcAcceptEncodingMetadataEvEENS2_INS_10GrpcTarPitEvEENS2_INS_20GrpcCallWasCancelledEvEENS2_INS_10TeMetadataEvEENS2_INS_19ContentTypeMetadataEvEENS2_INS_18HttpSchemeMetadataEvEENS2_INS_18GrpcStatusFromWireEvEENS2_INS_18HttpMethodMetadataEvEENS2_INS_16GrpcTrailersOnlyEvEENS2_INS_18IsTransparentRetryEvEEEE4MoveILb1EJLm0ELm1ELm2ELm3ELm4ELm5ELm6ELm7ELm8ELm9ELm10ELm11ELm12ELm13ELm14ELm15ELm16ELm17ELm18ELm19ELm20ELm21ELm22ELm23ELm24ELm25ELm26ELm27ELm28ELm29ELm30ELm31ELm32ELm33ELm34ELm35ELm36ELm37EEEEvSt16integer_sequenceImJXspT0_EEEOS27_.isra.0,42,0.00675
grpc-envoy-permissive,1008,client,kernel,[kernel.kallsyms],enqueue_task_fair,39,0.00627
grpc-envoy-permissive,1008,client,grpc,bench_grpc,grpc_core::promise_filter_detail::ClientCallData::PollContext::Run,39,0.00627
grpc-envoy-permissive,1008,client,kernel,[kernel.kallsyms],__calc_delta,37,0.00595
grpc-envoy-permissive,1008,client,kernel,[kernel.kallsyms],__update_load_avg_se,37,0.00595
grpc-envoy-permissive,1008,client,grpc,bench_grpc,grpc_core::MultiProducerSingleConsumerQueue::Push,36,0.00579
grpc-envoy-permissive,1008,client,kernel,[kernel.kallsyms],aa_dfa_match_len,35,0.00563
grpc-envoy-permissive,1008,client,kernel,[kernel.kallsyms],__fget_files,35,0.00563
grpc-envoy-permissive,1008,client,kernel,[kernel.kallsyms],native_queued_spin_lock_slowpath.part.0,35,0.00563
grpc-envoy-permissive,1008,client,kernel,[kernel.kallsyms],_raw_spin_lock_bh,34,0.00547
grpc-envoy-permissive,1008,client,kernel,[kernel.kallsyms],restore_fpregs_from_fpstate,34,0.00547
grpc-envoy-permissive,1008,client,kernel,[kernel.kallsyms],update_curr,33,0.00531
grpc-envoy-permissive,1008,client,grpc,bench_grpc,grpc_core::CallCombiner::Stop,32,0.00514
grpc-envoy-permissive,1008,client,vdso,[vdso],[unknown],32,0.00514
grpc-envoy-permissive,1008,client,grpc,bench_grpc,grpc_slice_buffer_reset_and_unref,29,0.00466
grpc-envoy-permissive,1008,client,kernel,[kernel.kallsyms],read_tsc,28,0.0045
grpc-envoy-permissive,1008,client,kernel,[kernel.kallsyms],__tcp_transmit_skb,28,0.0045
grpc-envoy-permissive,1008,client,grpc,bench_grpc,grpc_core::promise_filter_detail::ClientCallData::WakeInsideCombiner,28,0.0045
grpc-envoy-permissive,1008,client,grpc,bench_grpc,"grpc_core::MetadataMap<grpc_metadata_batch, grpc_core::HttpPathMetadata, grpc_core::HttpAuthorityMetadata, grpc_core::HttpMethodMetadata, grpc_core::HttpStatusMetadata, grpc_core::HttpSchemeMetadata, grpc_core::ContentTypeMetadata, grpc_core::TeMetadata, grpc_core::GrpcEncodingMetadata, grpc_core::GrpcInternalEncodingRequest, grpc_core::GrpcAcceptEncodingMetadata, grpc_core::GrpcStatusMetadata, grpc_core::GrpcTimeoutMetadata, grpc_core::GrpcPreviousRpcAttemptsMetadata, grpc_core::GrpcRetryPushbackMsMetadata, grpc_core::UserAgentMetadata, grpc_core::GrpcMessageMetadata, grpc_core::HostMetadata, grpc_core::EndpointLoadMetricsBinMetadata, grpc_core::GrpcServerStatsBinMetadata, grpc_core::GrpcTraceBinMetadata, grpc_core::GrpcTagsBinMetadata, grpc_core::GrpcLbClientStatsMetadata, grpc_core::LbCostBinMetadata, grpc_core::LbTokenMetadata, grpc_core::XEnvoyPeerMetadata, grpc_core::XForwardedForMetadata, grpc_core::XForwardedHostMetadata, grpc_core::W3CTraceParentMetadata, grpc_core::GrpcStreamNetworkState, grpc_core::PeerString, grpc_core::GrpcStatusContext, grpc_core::GrpcStatusFromWire, grpc_core::GrpcCallWasCancelled, grpc_core::WaitForReady, grpc_core::IsTransparentRetry, grpc_core::GrpcTrailersOnly, grpc_core::GrpcTarPit, grpc_core::GrpcRegisteredMethod>::Clear",27,0.00434
grpc-envoy-permissive,1008,client,kernel,[kernel.kallsyms],__alloc_skb,27,0.00434
grpc-envoy-permissive,1008,client,grpc,bench_grpc,grpc_core::promise_filter_detail::BaseCallData::SendMessage::WakeInsideCombiner,26,0.00418
grpc-envoy-permissive,1008,client,kernel,[kernel.kallsyms],__get_user_8,26,0.00418
grpc-envoy-permissive,1008,server,kernel,[kernel.kallsyms],psi_group_change,145,0.02328
grpc-envoy-permissive,1008,server,grpc,echo_grpc,absl::lts_20250512::Mutex::Unlock,118,0.01895
grpc-envoy-permissive,1008,server,grpc,echo_grpc,absl::lts_20250512::Mutex::Lock,98,0.01574
grpc-envoy-permissive,1008,server,kernel,[kernel.kallsyms],entry_SYSCALL_64,80,0.01285
grpc-envoy-permissive,1008,server,grpc,echo_grpc,grpc_core::promise_filter_detail::ServerCallData::WakeInsideCombiner,78,0.01253
grpc-envoy-permissive,1008,server,kernel,[kernel.kallsyms],copy_user_enhanced_fast_string,75,0.01204
grpc-envoy-permissive,1008,server,grpc,echo_grpc,grpc_core::promise_filter_detail::BaseCallData::Flusher::~Flusher,75,0.01204
grpc-envoy-permissive,1008,server,vdso,[vdso],[unknown],69,0.01108
grpc-envoy-permissive,1008,server,kernel,[kernel.kallsyms],_raw_spin_lock_irqsave,69,0.01108
grpc-envoy-permissive,1008,server,runtime,libc.so.6,malloc,63,0.01012
grpc-envoy-permissive,1008,server,envoy,envoy,Envoy::Buffer::OwnedImpl::reserveWithMaxLength,62,0.00996
grpc-envoy-permissive,1008,server,runtime,libc.so.6,_int_malloc,61,0.0098
grpc-envoy-permissive,1008,server,grpc,echo_grpc,grpc_core::promise_filter_detail::BaseCallData::Flusher::Flusher,58,0.00931
grpc-envoy-permissive,1008,server,kernel,[kernel.kallsyms],__fget_files,55,0.00883
grpc-envoy-permissive,1008,server,kernel,[kernel.kallsyms],nft_do_chain,52,0.00835
grpc-envoy-permissive,1008,server,kernel,[kernel.kallsyms],_raw_spin_lock,51,0.00819
grpc-envoy-permissive,1008,server,kernel,[kernel.kallsyms],__nf_conntrack_find_get,48,0.00771
grpc-envoy-permissive,1008,server,kernel,[kernel.kallsyms],restore_fpregs_from_fpstate,47,0.00755
grpc-envoy-permissive,1008,server,kernel,[kernel.kallsyms],__update_load_avg_se,46,0.00739
grpc-envoy-permissive,1008,server,runtime,libc.so.6,_int_free,46,0.00739
grpc-envoy-permissive,1008,server,kernel,[kernel.kallsyms],update_load_avg,45,0.00723
grpc-envoy-permissive,1008,server,kernel,[kernel.kallsyms],aa_dfa_match_len,43,0.0069
grpc-envoy-permissive,1008,server,kernel,[kernel.kallsyms],update_curr,42,0.00674
grpc-envoy-permissive,1008,server,kernel,[kernel.kallsyms],enqueue_task_fair,39,0.00626
grpc-envoy-permissive,1008,server,kernel,[kernel.kallsyms],update_cfs_group,38,0.0061
grpc-envoy-permissive,1008,server,kernel,[kernel.kallsyms],native_queued_spin_lock_slowpath.part.0,36,0.00578
grpc-envoy-permissive,1008,server,runtime,libc.so.6,pthread_mutex_unlock,36,0.00578
grpc-envoy-permissive,1008,server,kernel,[kernel.kallsyms],__update_load_avg_cfs_rq,35,0.00562
grpc-envoy-permissive,1008,server,kernel,[kernel.kallsyms],__schedule,33,0.0053
grpc-envoy-permissive,1008,server,runtime,libc.so.6,pthread_mutex_lock,31,0.00498
grpc-envoy-permissive,1008,server,kernel,[kernel.kallsyms],set_next_buddy,30,0.00482
grpc-envoy-permissive,1008,server,kernel,[kernel.kallsyms],__calc_delta,30,0.00482
grpc-envoy-permissive,1008,server,kernel,[kernel.kallsyms],__switch_to,30,0.00482
grpc-envoy-permissive,1008,server,kernel,[kernel.kallsyms],timerqueue_add,30,0.00482
grpc-envoy-permissive,1008,server,kernel,[kernel.kallsyms],arch_exit_to_user_mode_prepare.constprop.0,30,0.00482
grpc-envoy-permissive,1008,server,grpc,echo_grpc,grpc_core::promise_filter_detail::BaseCallData::BaseCallData,29,0.00466
grpc-envoy-permissive,1008,server,grpc,echo_grpc,grpc_combiner_continue_exec_ctx,29,0.00466
grpc-envoy-permissive,1008,server,kernel,[kernel.kallsyms],enqueue_entity,28,0.0045
grpc-envoy-permissive,1008,server,grpc,echo_grpc,grpc_core::CallCombiner::Stop,28,0.0045
grpc-envoy-permissive,1008,server,kernel,[kernel.kallsyms],read_tsc,27,0.00434
grpc-envoy-strict,48,client,kernel,[kernel.kallsyms],psi_group_change,93,0.01512
grpc-envoy-strict,48,client,kernel,[kernel.kallsyms],entry_SYSCALL_64,58,0.00943
grpc-envoy-strict,48,client,kernel,[kernel.kallsyms],_raw_spin_lock_irqsave,53,0.00862
grpc-envoy-strict,48,client,grpc,bench_grpc,absl::lts_20250512::Mutex::Unlock,52,0.00846
grpc-envoy-strict,48,client,kernel,[kernel.kallsyms],__calc_delta,37,0.00602
grpc-envoy-strict,48,client,grpc,bench_grpc,absl::lts_20250512::Mutex::Lock,37,0.00602
grpc-envoy-strict,48,client,runtime,libc.so.6,malloc,35,0.00569
grpc-envoy-strict,48,client,kernel,[kernel.kallsyms],update_cfs_group,32,0.0052
grpc-envoy-strict,48,client,kernel,[kernel.kallsyms],__fget_files,32,0.0052
grpc-envoy-strict,48,client,kernel,[kernel.kallsyms],__nf_conntrack_find_get,30,0.00488
grpc-envoy-strict,48,client,kernel,[kernel.kallsyms],update_load_avg,30,0.00488
grpc-envoy-strict,48,client,grpc,bench_grpc,grpc_core::promise_filter_detail::BaseCallData::Flusher::~Flusher,29,0.00472
grpc-envoy-strict,48,client,runtime,libc.so.6,_int_malloc,28,0.00455
grpc-envoy-strict,48,client,grpc,bench_grpc,_ZN9grpc_core5TableIJNS_15metadata_detail5ValueINS_17LbCostBinMetadataEvEENS2_INS_17GrpcStatusContextEvEENS2_INS_22W3CTraceParentMetadataEvEENS2_INS_22XForwardedHostMetadataEvEENS2_INS_21XForwardedForMetadataEvEENS2_INS_18XEnvoyPeerMetadataEvEENS2_INS_15LbTokenMetadataEvEENS2_INS_10PeerStringEvEENS2_INS_19GrpcTagsBinMetadataEvEENS2_INS_20GrpcTraceBinMetadataEvEENS2_INS_26GrpcServerStatsBinMetadataEvEENS2_INS_30EndpointLoadMetricsBinMetadataEvEENS2_INS_12HostMetadataEvEENS2_INS_19GrpcMessageMetadataEvEENS2_INS_17UserAgentMetadataEvEENS2_INS_21HttpAuthorityMetadataEvEENS2_INS_16HttpPathMetadataEvEENS2_INS_27GrpcRetryPushbackMsMetadataEvEENS2_INS_19GrpcTimeoutMetadataEvEENS2_INS_25GrpcLbClientStatsMetadataEvEENS2_INS_20GrpcRegisteredMethodEvEENS2_INS_27GrpcInternalEncodingRequestEvEENS2_INS_20GrpcEncodingMetadataEvEENS2_INS_18HttpStatusMetadataEvEENS2_INS_31GrpcPreviousRpcAttemptsMetadataEvEENS2_INS_18GrpcStatusMetadataEvEENS2_INS_12WaitForReadyEvEENS2_INS_22GrpcStreamNetworkStateEvEENS2_INS_26GrpcAcceptEncodingMetadataEvEENS2_INS_10GrpcTarPitEvEENS2_INS_20GrpcCallWasCancelledEvEENS2_INS_10TeMetadataEvEENS2_INS_19ContentTypeMetadataEvEENS2_INS_18HttpSchemeMetadataEvEENS2_INS_18GrpcStatusFromWireEvEENS2_INS_18HttpMethodMetadataEvEENS2_INS_16GrpcTrailersOnlyEvEENS2_INS_18IsTransparentRetryEvEEEE4MoveILb1EJLm0ELm1ELm2ELm3ELm4ELm5ELm6ELm7ELm8ELm9ELm10ELm11ELm12ELm13ELm14ELm15ELm16ELm17ELm18ELm19ELm20ELm21ELm22ELm23ELm24ELm25ELm26ELm27ELm28ELm29ELm30ELm31ELm32ELm33ELm34ELm35ELm36ELm37EEEEvSt16integer_sequenceImJXspT0_EEEOS27_.isra.0,28,0.00455
grpc-envoy-strict,48,client,vdso,[vdso],[unknown],28,0.00455
grpc-envoy-strict,48,client,runtime,libc.so.6,_int_free,25,0.00407
grpc-envoy-strict,48,client,kernel,[kernel.kallsyms],restore_fpregs_from_fpstate,25,0.00407
grpc-envoy-strict,48,client,kernel,[kernel.kallsyms],update_curr,25,0.00407
grpc-envoy-strict,48,client,envoy,envoy,Envoy::Buffer::OwnedImpl::reserveWithMaxLength,25,0.00407
grpc-envoy-strict,48,client,kernel,[kernel.kallsyms],copy_user_enhanced_fast_string,25,0.00407
grpc-envoy-strict,48,client,kernel,[kernel.kallsyms],enqueue_task_fair,22,0.00358
grpc-envoy-strict,48,client,kernel,[kernel.kallsyms],__update_load_avg_cfs_rq,22,0.00358
grpc-envoy-strict,48,client,kernel,[kernel.kallsyms],native_sched_clock,22,0.00358
grpc-envoy-strict,48,client,kernel,[kernel.kallsyms],aa_dfa_match_len,22,0.00358
grpc-envoy-strict,48,client,kernel,[kernel.kallsyms],_raw_spin_lock,22,0.00358
grpc-envoy-strict,48,client,kernel,[kernel.kallsyms],tcp_recvmsg_locked,21,0.00341
grpc-envoy-strict,48,client,kernel,[kernel.kallsyms],timerqueue_add,20,0.00325
grpc-envoy-strict,48,client,kernel,[kernel.kallsyms],tcp_rcv_established,19,0.00309
grpc-envoy-strict,48,client,grpc,bench_grpc,grpc_core::promise_filter_detail::ClientCallData::PollContext::Run,18,0.00293
grpc-envoy-strict,48,client,kernel,[kernel.kallsyms],read_tsc,17,0.00276
grpc-envoy-strict,48,client,kernel,[kernel.kallsyms],nft_do_chain,17,0.00276
grpc-envoy-strict,48,client,kernel,[kernel.kallsyms],__inet_lookup_established,17,0.00276
grpc-envoy-strict,48,client,kernel,[kernel.kallsyms],arch_exit_to_user_mode_prepare.constprop.0,17,0.00276
grpc-envoy-strict,48,client,kernel,[kernel.kallsyms],skb_release_data,17,0.00276
grpc-envoy-strict,48,client,grpc,bench_grpc,grpc_chttp2_perform_read,16,0.0026
grpc-envoy-strict,48,client,kernel,[kernel.kallsyms],_raw_spin_lock_bh,16,0.0026
grpc-envoy-strict,48,client,kernel,[kernel.kallsyms],__update_load_avg_se,16,0.0026
grpc-envoy-strict,48,client,kernel,[kernel.kallsyms],__schedule,16,0.0026
grpc-envoy-strict,48,client,kernel,[kernel.kallsyms],__siphash_unaligned,16,0.0026
grpc-envoy-strict,48,client,grpc,bench_grpc,grpc_core::promise_filter_detail::BaseCallData::Flusher::Flusher,15,0.00244
grpc-envoy-strict,48,server,kernel,[kernel.kallsyms],psi_group_change,83,0.0133
grpc-envoy-strict,48,server,grpc,echo_grpc,absl::lts_20250512::Mutex::Unlock,58,0.0093
grpc-envoy-strict,48,server,kernel,[kernel.kallsyms],_raw_spin_lock_irqsave,48,0.00769
grpc-envoy-strict,48,server,kernel,[kernel.kallsyms],entry_SYSCALL_64,43,0.00689
grpc-envoy-strict,48,server,grpc,echo_grpc,absl::lts_20250512::Mutex::Lock,40,0.00641
grpc-envoy-strict,48,server,runtime,libc.so.6,malloc,35,0.00561
grpc-envoy-strict,48,server,kernel,[kernel.kallsyms],restore_fpregs_from_fpstate,34,0.00545
grpc-envoy-strict,48,server,grpc,echo_grpc,grpc_core::promise_filter_detail::ServerCallData::WakeInsideCombiner,34,0.00545
grpc-envoy-strict,48,server,kernel,[kernel.kallsyms],__nf_conntrack_find_get,30,0.00481
grpc-envoy-strict,48,server,envoy,envoy,Envoy::Buffer::OwnedImpl::reserveWithMaxLength,27,0.00433
grpc-envoy-strict,48,server,grpc,echo_grpc,grpc_core::promise_filter_detail::BaseCallData::Flusher::Flusher,26,0.00417
grpc-envoy-strict,48,server,kernel,[kernel.kallsyms],__calc_delta,25,0.00401
grpc-envoy-strict,48,server,grpc,echo_grpc,grpc_core::promise_filter_detail::BaseCallData::Flusher::~Flusher,25,0.00401
grpc-envoy-strict,48,server,vdso,[vdso],[unknown],24,0.00385
grpc-envoy-strict,48,server,kernel,[kernel.kallsyms],update_cfs_group,24,0.00385
grpc-envoy-strict,48,server,kernel,[kernel.kallsyms],timerqueue_add,24,0.00385
grpc-envoy-strict,48,server,kernel,[kernel.kallsyms],__update_load_avg_cfs_rq,23,0.00369
grpc-envoy-strict,48,server,kernel,[kernel.kallsyms],nft_do_chain,22,0.00353
grpc-envoy-strict,48,server,kernel,[kernel.kallsyms],__fget_files,21,0.00337
grpc-envoy-strict,48,server,kernel,[kernel.kallsyms],update_load_avg,20,0.00321
grpc-envoy-strict,48,server,kernel,[kernel.kallsyms],read_tsc,19,0.00305
grpc-envoy-strict,48,server,runtime,libc.so.6,_int_free,19,0.00305
grpc-envoy-strict,48,server,kernel,[kernel.kallsyms],__schedule,19,0.00305
grpc-envoy-strict,48,server,kernel,[kernel.kallsyms],__update_load_avg_se,19,0.00305
grpc-envoy-strict,48,server,kernel,[kernel.kallsyms],_raw_spin_lock,19,0.00305
grpc-envoy-strict,48,server,kernel,[kernel.kallsyms],copy_user_enhanced_fast_string,18,0.00289
grpc-envoy-strict,48,server,kernel,[kernel.kallsyms],aa_dfa_match_len,18,0.00289
grpc-envoy-strict,48,server,grpc,echo_grpc,grpc_core::MultiProducerSingleConsumerQueue::Push,17,0.00273
grpc-envoy-strict,48,server,kernel,[kernel.kallsyms],tcp_rcv_established,17,0.00273
grpc-envoy-strict,48,server,kernel,[kernel.kallsyms],tcp_recvmsg_locked,17,0.00273
grpc-envoy-strict,48,server,grpc,echo_grpc,grpc_core::promise_filter_detail::BaseCallData::BaseCallData,17,0.00273
grpc-envoy-strict,48,server,kernel,[kernel.kallsyms],copy_user_generic_unrolled,17,0.00273
grpc-envoy-strict,48,server,kernel,[kernel.kallsyms],save_fpregs_to_fpstate,17,0.00273
grpc-envoy-strict,48,server,runtime,libc.so.6,pthread_mutex_unlock,16,0.00256
grpc-envoy-strict,48,server,kernel,[kernel.kallsyms],cpuacct_charge,15,0.0024
grpc-envoy-strict,48,server,kernel,[kernel.kallsyms],update_curr,15,0.0024
grpc-envoy-strict,48,server,kernel,[kernel.kallsyms],arch_exit_to_user_mode_prepare.constprop.0,15,0.0024
grpc-envoy-strict,48,server,kernel,[kernel.kallsyms],enqueue_task_fair,15,0.0024
grpc-envoy-strict,48,server,runtime,libc.so.6,pthread_mutex_lock,15,0.0024
grpc-envoy-strict,48,server,kernel,[kernel.kallsyms],__dev_queue_xmit,14,0.00224
grpc-envoy-strict,48,client,kernel,[kernel.kallsyms],psi_group_change,179,0.02878
grpc-envoy-strict,48,client,kernel,[kernel.kallsyms],entry_SYSCALL_64,83,0.01334
grpc-envoy-strict,48,client,grpc,bench_grpc,absl::lts_20250512::Mutex::Lock,75,0.01206
grpc-envoy-strict,48,client,grpc,bench_grpc,absl::lts_20250512::Mutex::Unlock,67,0.01077
grpc-envoy-strict,48,client,kernel,[kernel.kallsyms],_raw_spin_lock,65,0.01045
grpc-envoy-strict,48,client,kernel,[kernel.kallsyms],update_cfs_group,63,0.01013
grpc-envoy-strict,48,client,kernel,[kernel.kallsyms],_raw_spin_lock_irqsave,62,0.00997
grpc-envoy-strict,48,client,kernel,[kernel.kallsyms],enqueue_task_fair,61,0.00981
grpc-envoy-strict,48,client,kernel,[kernel.kallsyms],update_load_avg,55,0.00884
grpc-envoy-strict,48,client,runtime,libc.so.6,malloc,54,0.00868
grpc-envoy-strict,48,client,kernel,[kernel.kallsyms],__calc_delta,52,0.00836
grpc-envoy-strict,48,client,runtime,libc.so.6,_int_malloc,50,0.00804
grpc-envoy-strict,48,client,kernel,[kernel.kallsyms],update_curr,47,0.00756
grpc-envoy-strict,48,client,kernel,[kernel.kallsyms],__update_load_avg_se,47,0.00756
grpc-envoy-strict,48,client,kernel,[kernel.kallsyms],restore_fpregs_from_fpstate,46,0.00739
grpc-envoy-strict,48,client,grpc,bench_grpc,grpc_core::promise_filter_detail::ClientCallData::PollContext::Run,44,0.00707
grpc-envoy-strict,48,client,vdso,[vdso],[unknown],43,0.00691
grpc-envoy-strict,48,client,kernel,[kernel.kallsyms],__schedule,42,0.00675
grpc-envoy-strict,48,client,envoy,envoy,Envoy::Buffer::OwnedImpl::reserveWithMaxLength,41,0.00659
grpc-envoy-strict,48,client,runtime,libc.so.6,_int_free,41,0.00659
grpc-envoy-strict,48,client,kernel,[kernel.kallsyms],__fget_files,40,0.00643
grpc-envoy-strict,48,client,kernel,[kernel.kallsyms],read_tsc,40,0.00643
grpc-envoy-strict,48,client,grpc,bench_grpc,_ZN9grpc_core5TableIJNS_15metadata_detail5ValueINS_17LbCostBinMetadataEvEENS2_INS_17GrpcStatusContextEvEENS2_INS_22W3CTraceParentMetadataEvEENS2_INS_22XForwardedHostMetadataEvEENS2_INS_21XForwardedForMetadataEvEENS2_INS_18XEnvoyPeerMetadataEvEENS2_INS_15LbTokenMetadataEvEENS2_INS_10PeerStringEvEENS2_INS_19GrpcTagsBinMetadataEvEENS2_INS_20GrpcTraceBinMetadataEvEENS2_INS_26GrpcServerStatsBinMetadataEvEENS2_INS_30EndpointLoadMetricsBinMetadataEvEENS2_INS_12HostMetadataEvEENS2_INS_19GrpcMessageMetadataEvEENS2_INS_17UserAgentMetadataEvEENS2_INS_21HttpAuthorityMetadataEvEENS2_INS_16HttpPathMetadataEvEENS2_INS_27GrpcRetryPushbackMsMetadataEvEENS2_INS_19GrpcTimeoutMetadataEvEENS2_INS_25GrpcLbClientStatsMetadataEvEENS2_INS_20GrpcRegisteredMethodEvEENS2_INS_27GrpcInternalEncodingRequestEvEENS2_INS_20GrpcEncodingMetadataEvEENS2_INS_18HttpStatusMetadataEvEENS2_INS_31GrpcPreviousRpcAttemptsMetadataEvEENS2_INS_18GrpcStatusMetadataEvEENS2_INS_12WaitForReadyEvEENS2_INS_22GrpcStreamNetworkStateEvEENS2_INS_26GrpcAcceptEncodingMetadataEvEENS2_INS_10GrpcTarPitEvEENS2_INS_20GrpcCallWasCancelledEvEENS2_INS_10TeMetadataEvEENS2_INS_19ContentTypeMetadataEvEENS2_INS_18HttpSchemeMetadataEvEENS2_INS_18GrpcStatusFromWireEvEENS2_INS_18HttpMethodMetadataEvEENS2_INS_16GrpcTrailersOnlyEvEENS2_INS_18IsTransparentRetryEvEEEE4MoveILb1EJLm0ELm1ELm2ELm3ELm4ELm5ELm6ELm7ELm8ELm9ELm10ELm11ELm12ELm13ELm14ELm15ELm16ELm17ELm18ELm19ELm20ELm21ELm22ELm23ELm24ELm25ELm26ELm27ELm28ELm29ELm30ELm31ELm32ELm33ELm34ELm35ELm36ELm37EEEEvSt16integer_sequenceImJXspT0_EEEOS27_.isra.0,39,0.00627
grpc-envoy-strict,48,client,kernel,[kernel.kallsyms],copy_user_enhanced_fast_string,39,0.00627
grpc-envoy-strict,48,client,kernel,[kernel.kallsyms],enqueue_entity,38,0.00611
grpc-envoy-strict,48,client,kernel,[kernel.kallsyms],native_queued_spin_lock_slowpath.part.0,38,0.00611
grpc-envoy-strict,48,client,runtime,libc.so.6,pthread_mutex_lock,36,0.00579
grpc-envoy-strict,48,client,grpc,bench_grpc,grpc_core::promise_filter_detail::BaseCallData::Flusher::~Flusher,36,0.00579
grpc-envoy-strict,48,client,kernel,[kernel.kallsyms],_raw_spin_lock_bh,35,0.00563
grpc-envoy-strict,48,client,kernel,[kernel.kallsyms],rb_erase,34,0.00547
grpc-envoy-strict,48,client,kernel,[kernel.kallsyms],nft_do_chain,34,0.00547
grpc-envoy-strict,48,client,kernel,[kernel.kallsyms],__nf_conntrack_find_get,33,0.0053
grpc-envoy-strict,48,client,grpc,bench_grpc,grpc_core::promise_filter_detail::BaseCallData::Flusher::Flusher,31,0.00498
grpc-envoy-strict,48,client,grpc,bench_grpc,grpc_core::promise_filter_detail::ClientCallData::WakeInsideCombiner,31,0.00498
grpc-envoy-strict,48,client,kernel,[kernel.kallsyms],timerqueue_add,31,0.00498
grpc-envoy-strict,48,client,kernel,[kernel.kallsyms],aa_dfa_match_len,30,0.00482
grpc-envoy-strict,48,client,grpc,bench_grpc,grpc_core::MultiProducerSingleConsumerQueue::Push,29,0.00466
grpc-envoy-strict,48,client,kernel,[kernel.kallsyms],__update_load_avg_cfs_rq,29,0.00466
grpc-envoy-strict,48,client,kernel,[kernel.kallsyms],arch_exit_to_user_mode_prepare.constprop.0,28,0.0045
grpc-envoy-strict,48,client,kernel,[kernel.kallsyms],copy_user_generic_unrolled,28,0.0045
grpc-envoy-strict,48,server,kernel,[kernel.kallsyms],psi_group_change,160,0.02575
grpc-envoy-strict,48,server,grpc,echo_grpc,absl::lts_20250512::Mutex::Lock,114,0.01835
grpc-envoy-strict,48,server,grpc,echo_grpc,absl::lts_20250512::Mutex::Unlock,114,0.01835
grpc-envoy-strict,48,server,kernel,[kernel.kallsyms],entry_SYSCALL_64,104,0.01674
grpc-envoy-strict,48,server,kernel,[kernel.kallsyms],_raw_spin_lock_irqsave,67,0.01078
grpc-envoy-strict,48,server,grpc,echo_grpc,grpc_core::promise_filter_detail::BaseCallData::Flusher::~Flusher,65,0.01046
grpc-envoy-strict,48,server,grpc,echo_grpc,grpc_core::promise_filter_detail::BaseCallData::Flusher::Flusher,65,0.01046
grpc-envoy-strict,48,server,kernel,[kernel.kallsyms],update_load_avg,63,0.01014
grpc-envoy-strict,48,server,runtime,libc.so.6,malloc,63,0.01014
grpc-envoy-strict,48,server,kernel,[kernel.kallsyms],__nf_conntrack_find_get,63,0.01014
grpc-envoy-strict,48,server,kernel,[kernel.kallsyms],update_cfs_group,61,0.00982
grpc-envoy-strict,48,server,grpc,echo_grpc,grpc_core::promise_filter_detail::ServerCallData::WakeInsideCombiner,59,0.0095
grpc-envoy-strict,48,server,kernel,[kernel.kallsyms],_raw_spin_lock,51,0.00821
grpc-envoy-strict,48,server,kernel,[kernel.kallsyms],__update_load_avg_se,51,0.00821
grpc-envoy-strict,48,server,kernel,[kernel.kallsyms],update_curr,50,0.00805
grpc-envoy-strict,48,server,kernel,[kernel.kallsyms],__calc_delta,48,0.00773
grpc-envoy-strict,48,server,vdso,[vdso],[unknown],45,0.00724
grpc-envoy-strict,48,server,envoy,envoy,Envoy::Buffer::OwnedImpl::reserveWithMaxLength,45,0.00724
grpc-envoy-strict,48,server,kernel,[kernel.kallsyms],enqueue_task_fair,43,0.00692
grpc-envoy-strict,48,server,kernel,[kernel.kallsyms],__fget_files,41,0.0066
grpc-envoy-strict,48,server,kernel,[kernel.kallsyms],native_queued_spin_lock_slowpath.part.0,40,0.00644
grpc-envoy-strict,48,server,kernel,[kernel.kallsyms],copy_user_enhanced_fast_string,38,0.00612
grpc-envoy-strict,48,server,kernel,[kernel.kallsyms],__schedule,38,0.00612
grpc-envoy-strict,48,server,kernel,[kernel.kallsyms],nft_do_chain,35,0.00563
grpc-envoy-strict,48,server,kernel,[kernel.kallsyms],restore_fpregs_from_fpstate,33,0.00531
grpc-envoy-strict,48,server,kernel,[kernel.kallsyms],_raw_spin_lock_bh,32,0.00515
grpc-envoy-strict,48,server,kernel,[kernel.kallsyms],__update_load_avg_cfs_rq,32,0.00515
grpc-envoy-strict,48,server,kernel,[kernel.kallsyms],timerqueue_add,32,0.00515
grpc-envoy-strict,48,server,kernel,[kernel.kallsyms],aa_dfa_match_len,32,0.00515
grpc-envoy-strict,48,server,runtime,libc.so.6,_int_free,29,0.00467
grpc-envoy-strict,48,server,runtime,libc.so.6,pthread_mutex_lock,29,0.00467
grpc-envoy-strict,48,server,grpc,echo_grpc,grpc_core::MultiProducerSingleConsumerQueue::Push,29,0.00467
grpc-envoy-strict,48,server,kernel,[kernel.kallsyms],update_min_vruntime,28,0.00451
grpc-envoy-strict,48,server,kernel,[kernel.kallsyms],save_fpregs_to_fpstate,28,0.00451
grpc-envoy-strict,48,server,runtime,libc.so.6,_int_malloc,27,0.00435
grpc-envoy-strict,48,server,kernel,[kernel.kallsyms],aa_label_sk_perm.part.0,27,0.00435
grpc-envoy-strict,48,server,kernel,[kernel.kallsyms],read_tsc,27,0.00435
grpc-envoy-strict,48,server,kernel,[kernel.kallsyms],copy_user_generic_unrolled,26,0.00418
grpc-envoy-strict,48,server,kernel,[kernel.kallsyms],__switch_to,26,0.00418
grpc-envoy-strict,48,server,kernel,[kernel.kallsyms],rb_erase,25,0.00402
grpc-envoy-strict,48,client,kernel,[kernel.kallsyms],psi_group_change,112,0.01801
grpc-envoy-strict,48,client,grpc,bench_grpc,grpc_core::promise_filter_detail::BaseCallData::Flusher::~Flusher,88,0.01415
grpc-envoy-strict,48,client,kernel,[kernel.kallsyms],entry_SYSCALL_64,75,0.01206
grpc-envoy-strict,48,client,runtime,libc.so.6,malloc,70,0.01126
grpc-envoy-strict,48,client,grpc,bench_grpc,absl::lts_20250512::Mutex::Unlock,69,0.01109
grpc-envoy-strict,48,client,grpc,bench_grpc,absl::lts_20250512::Mutex::Lock,67,0.01077
grpc-envoy-strict,48,client,kernel,[kernel.kallsyms],aa_dfa_match_len,57,0.00917
grpc-envoy-strict,48,client,kernel,[kernel.kallsyms],copy_user_enhanced_fast_string,57,0.00917
grpc-envoy-strict,48,client,grpc,bench_grpc,grpc_core::promise_filter_detail::BaseCallData::Flusher::Flusher,56,0.009
grpc-envoy-strict,48,client,runtime,libc.so.6,_int_free,56,0.009
grpc-envoy-strict,48,client,grpc,bench_grpc,_ZN9grpc_core5TableIJNS_15metadata_detail5ValueINS_17LbCostBinMetadataEvEENS2_INS_17GrpcStatusContextEvEENS2_INS_22W3CTraceParentMetadataEvEENS2_INS_22XForwardedHostMetadataEvEENS2_INS_21XForwardedForMetadataEvEENS2_INS_18XEnvoyPeerMetadataEvEENS2_INS_15LbTokenMetadataEvEENS2_INS_10PeerStringEvEENS2_INS_19GrpcTagsBinMetadataEvEENS2_INS_20GrpcTraceBinMetadataEvEENS2_INS_26GrpcServerStatsBinMetadataEvEENS2_INS_30EndpointLoadMetricsBinMetadataEvEENS2_INS_12HostMetadataEvEENS2_INS_19GrpcMessageMetadataEvEENS2_INS_17UserAgentMetadataEvEENS2_INS_21HttpAuthorityMetadataEvEENS2_INS_16HttpPathMetadataEvEENS2_INS_27GrpcRetryPushbackMsMetadataEvEENS2_INS_19GrpcTimeoutMetadataEvEENS2_INS_25GrpcLbClientStatsMetadataEvEENS2_INS_20GrpcRegisteredMethodEvEENS2_INS_27GrpcInternalEncodingRequestEvEENS2_INS_20GrpcEncodingMetadataEvEENS2_INS_18HttpStatusMetadataEvEENS2_INS_31GrpcPreviousRpcAttemptsMetadataEvEENS2_INS_18GrpcStatusMetadataEvEENS2_INS_12WaitForReadyEvEENS2_INS_22GrpcStreamNetworkStateEvEENS2_INS_26GrpcAcceptEncodingMetadataEvEENS2_INS_10GrpcTarPitEvEENS2_INS_20GrpcCallWasCancelledEvEENS2_INS_10TeMetadataEvEENS2_INS_19ContentTypeMetadataEvEENS2_INS_18HttpSchemeMetadataEvEENS2_INS_18GrpcStatusFromWireEvEENS2_INS_18HttpMethodMetadataEvEENS2_INS_16GrpcTrailersOnlyEvEENS2_INS_18IsTransparentRetryEvEEEE4MoveILb1EJLm0ELm1ELm2ELm3ELm4ELm5ELm6ELm7ELm8ELm9ELm10ELm11ELm12ELm13ELm14ELm15ELm16ELm17ELm18ELm19ELm20ELm21ELm22ELm23ELm24ELm25ELm26ELm27ELm28ELm29ELm30ELm31ELm32ELm33ELm34ELm35ELm36ELm37EEEEvSt16integer_sequenceImJXspT0_EEEOS27_.isra.0,55,0.00884
grpc-envoy-strict,48,client,runtime,libc.so.6,_int_malloc,54,0.00868
grpc-envoy-strict,48,client,grpc,bench_grpc,grpc_core::promise_filter_detail::ClientCallData::PollContext::Run,54,0.00868
grpc-envoy-strict,48,client,kernel,[kernel.kallsyms],_raw_spin_lock_irqsave,50,0.00804
grpc-envoy-strict,48,client,kernel,[kernel.kallsyms],__nf_conntrack_find_get,49,0.00788
grpc-envoy-strict,48,client,envoy,envoy,Envoy::Buffer::OwnedImpl::reserveWithMaxLength,46,0.0074
grpc-envoy-strict,48,client,kernel,[kernel.kallsyms],update_load_avg,45,0.00724
grpc-envoy-strict,48,client,vdso,[vdso],[unknown],44,0.00707
grpc-envoy-strict,48,client,kernel,[kernel.kallsyms],enqueue_task_fair,42,0.00675
grpc-envoy-strict,48,client,kernel,[kernel.kallsyms],__fget_files,40,0.00643
grpc-envoy-strict,48,client,kernel,[kernel.kallsyms],_raw_spin_lock,37,0.00595
grpc-envoy-strict,48,client,kernel,[kernel.kallsyms],__update_load_avg_se,37,0.00595
grpc-envoy-strict,48,client,kernel,[kernel.kallsyms],read_tsc,36,0.00579
grpc-envoy-strict,48,client,grpc,bench_grpc,grpc_core::CallCombiner::Stop,36,0.00579
grpc-envoy-strict,48,client,kernel,[kernel.kallsyms],update_cfs_group,36,0.00579
grpc-envoy-strict,48,client,kernel,[kernel.kallsyms],__schedule,36,0.00579
grpc-envoy-strict,48,client,kernel,[kernel.kallsyms],restore_fpregs_from_fpstate,36,0.00579
grpc-envoy-strict,48,client,kernel,[kernel.kallsyms],enqueue_entity,36,0.00579
grpc-envoy-strict,48,client,kernel,[kernel.kallsyms],update_curr,36,0.00579
grpc-envoy-strict,48,client,kernel,[kernel.kallsyms],nft_do_chain,33,0.00531
grpc-envoy-strict,48,client,kernel,[kernel.kallsyms],__update_load_avg_cfs_rq,32,0.00515
grpc-envoy-strict,48,client,grpc,bench_grpc,grpc_core::MultiProducerSingleConsumerQueue::Push,32,0.00515
grpc-envoy-strict,48,client,grpc,bench_grpc,grpc_core::promise_filter_detail::ClientCallData::WakeInsideCombiner,32,0.00515
grpc-envoy-strict,48,client,grpc,bench_grpc,grpc_core::CallCombiner::Start,31,0.00498
grpc-envoy-strict,48,client,kernel,[kernel.kallsyms],_raw_spin_lock_bh,30,0.00482
grpc-envoy-strict,48,client,grpc,bench_grpc,grpc_core::promise_filter_detail::BaseCallData::ReceiveMessage::WakeInsideCombiner,28,0.0045
grpc-envoy-strict,48,client,grpc,bench_grpc,_ZN9grpc_core5TableIJNS_15metadata_detail5ValueINS_17LbCostBinMetadataEvEENS2_INS_17GrpcStatusContextEvEENS2_INS_22W3CTraceParentMetadataEvEENS2_INS_22XForwardedHostMetadataEvEENS2_INS_21XForwardedForMetadataEvEENS2_INS_18XEnvoyPeerMetadataEvEENS2_INS_15LbTokenMetadataEvEENS2_INS_10PeerStringEvEENS2_INS_19GrpcTagsBinMetadataEvEENS2_INS_20GrpcTraceBinMetadataEvEENS2_INS_26GrpcServerStatsBinMetadataEvEENS2_INS_30EndpointLoadMetricsBinMetadataEvEENS2_INS_12HostMetadataEvEENS2_INS_19GrpcMessageMetadataEvEENS2_INS_17UserAgentMetadataEvEENS2_INS_21HttpAuthorityMetadataEvEENS2_INS_16HttpPathMetadataEvEENS2_INS_27GrpcRetryPushbackMsMetadataEvEENS2_INS_19GrpcTimeoutMetadataEvEENS2_INS_25GrpcLbClientStatsMetadataEvEENS2_INS_20GrpcRegisteredMethodEvEENS2_INS_27GrpcInternalEncodingRequestEvEENS2_INS_20GrpcEncodingMetadataEvEENS2_INS_18HttpStatusMetadataEvEENS2_INS_31GrpcPreviousRpcAttemptsMetadataEvEENS2_INS_18GrpcStatusMetadataEvEENS2_INS_12WaitForReadyEvEENS2_INS_22GrpcStreamNetworkStateEvEENS2_INS_26GrpcAcceptEncodingMetadataEvEENS2_INS_10GrpcTarPitEvEENS2_INS_20GrpcCallWasCancelledEvEENS2_INS_10TeMetadataEvEENS2_INS_19ContentTypeMetadataEvEENS2_INS_18HttpSchemeMetadataEvEENS2_INS_18GrpcStatusFromWireEvEENS2_INS_18HttpMethodMetadataEvEENS2_INS_16GrpcTrailersOnlyEvEENS2_INS_18IsTransparentRetryEvEEEE8DestructIJLm0ELm1ELm2ELm3ELm4ELm5ELm6ELm7ELm8ELm9ELm10ELm11ELm12ELm13ELm14ELm15ELm16ELm17ELm18ELm19ELm20ELm21ELm22ELm23ELm24ELm25ELm26ELm27ELm28ELm29ELm30ELm31ELm32ELm33ELm34ELm35ELm36ELm37EEEEvSt16integer_sequenceImJXspT_EEE.isra.0,28,0.0045
grpc-envoy-strict,48,client,kernel,[kernel.kallsyms],rb_erase,28,0.0045
grpc-envoy-strict,48,client,grpc,bench_grpc,grpc_core::ExecCtx::Run,27,0.00434
grpc-envoy-strict,48,client,kernel,[kernel.kallsyms],__switch_to,26,0.00418
grpc-envoy-strict,48,server,kernel,[kernel.kallsyms],psi_group_change,131,0.02107
grpc-envoy-strict,48,server,grpc,echo_grpc,grpc_core::promise_filter_detail::BaseCallData::Flusher::~Flusher,106,0.01705
grpc-envoy-strict,48,server,runtime,libc.so.6,malloc,98,0.01576
grpc-envoy-strict,48,server,grpc,echo_grpc,absl::lts_20250512::Mutex::Unlock,94,0.01512
grpc-envoy-strict,48,server,grpc,echo_grpc,absl::lts_20250512::Mutex::Lock,93,0.01496
grpc-envoy-strict,48,server,grpc,echo_grpc,grpc_core::promise_filter_detail::ServerCallData::WakeInsideCombiner,79,0.0127
grpc-envoy-strict,48,server,vdso,[vdso],[unknown],69,0.0111
grpc-envoy-strict,48,server,grpc,echo_grpc,grpc_core::promise_filter_detail::BaseCallData::Flusher::Flusher,68,0.01094
grpc-envoy-strict,48,server,kernel,[kernel.kallsyms],entry_SYSCALL_64,66,0.01061
grpc-envoy-strict,48,server,runtime,libc.so.6,_int_malloc,62,0.00997
grpc-envoy-strict,48,server,kernel,[kernel.kallsyms],_raw_spin_lock_irqsave,55,0.00884
grpc-envoy-strict,48,server,kernel,[kernel.kallsyms],aa_dfa_match_len,49,0.00788
grpc-envoy-strict,48,server,runtime,libc.so.6,_int_free,48,0.00772
grpc-envoy-strict,48,server,kernel,[kernel.kallsyms],update_load_avg,47,0.00756
grpc-envoy-strict,48,server,kernel,[kernel.kallsyms],__nf_conntrack_find_get,41,0.00659
grpc-envoy-strict,48,server,kernel,[kernel.kallsyms],__update_load_avg_se,38,0.00611
grpc-envoy-strict,48,server,kernel,[kernel.kallsyms],native_queued_spin_lock_slowpath.part.0,38,0.00611
grpc-envoy-strict,48,server,kernel,[kernel.kallsyms],update_cfs_group,38,0.00611
grpc-envoy-strict,48,server,kernel,[kernel.kallsyms],nft_do_chain,37,0.00595
grpc-envoy-strict,48,server,runtime,libc.so.6,cfree@GLIBC_2.2.5,37,0.00595
grpc-envoy-strict,48,server,kernel,[kernel.kallsyms],_raw_spin_lock,36,0.00579
grpc-envoy-strict,48,server,kernel,[kernel.kallsyms],copy_user_enhanced_fast_string,36,0.00579
grpc-envoy-strict,48,server,kernel,[kernel.kallsyms],read_tsc,36,0.00579
grpc-envoy-strict,48,server,kernel,[kernel.kallsyms],__fget_files,35,0.00563
grpc-envoy-strict,48,server,kernel,[kernel.kallsyms],enqueue_task_fair,34,0.00547
grpc-envoy-strict,48,server,grpc,echo_grpc,grpc_core::promise_filter_detail::BaseCallData::BaseCallData,33,0.00531
grpc-envoy-strict,48,server,kernel,[kernel.kallsyms],__schedule,32,0.00515
grpc-envoy-strict,48,server,kernel,[kernel.kallsyms],arch_exit_to_user_mode_prepare.constprop.0,31,0.00499
grpc-envoy-strict,48,server,kernel,[kernel.kallsyms],__calc_delta,31,0.00499
grpc-envoy-strict,48,server,kernel,[kernel.kallsyms],restore_fpregs_from_fpstate,30,0.00482
grpc-envoy-strict,48,server,grpc,echo_grpc,grpc_core::MultiProducerSingleConsumerQueue::Push,29,0.00466
grpc-envoy-strict,48,server,grpc,echo_grpc,grpc_core::CallCombiner::Start,29,0.00466
grpc-envoy-strict,48,server,kernel,[kernel.kallsyms],timerqueue_add,29,0.00466
grpc-envoy-strict,48,server,kernel,[kernel.kallsyms],update_curr,29,0.00466
grpc-envoy-strict,48,server,kernel,[kernel.kallsyms],__switch_to,28,0.0045
grpc-envoy-strict,48,server,grpc,echo_grpc,grpc_call_arena_alloc,28,0.0045
grpc-envoy-strict,48,server,kernel,[kernel.kallsyms],copy_user_generic_unrolled,27,0.00434
grpc-envoy-strict,48,server,kernel,[kernel.kallsyms],rb_erase,26,0.00418
grpc-envoy-strict,48,server,grpc,echo_grpc,grpc_combiner_continue_exec_ctx,26,0.00418
grpc-envoy-strict,48,server,grpc,echo_grpc,grpc_core::FilterStackCall::StartBatch,26,0.00418
grpc-envoy-strict,1008,client,kernel,[kernel.kallsyms],psi_group_change,120,0.01929
grpc-envoy-strict,1008,client,grpc,bench_grpc,grpc_core::promise_filter_detail::BaseCallData::Flusher::~Flusher,86,0.01383
grpc-envoy-strict,1008,client,kernel,[kernel.kallsyms],entry_SYSCALL_64,86,0.01383
grpc-envoy-strict,1008,client,grpc,bench_grpc,absl::lts_20250512::Mutex::Unlock,78,0.01254
grpc-envoy-strict,1008,client,runtime,libc.so.6,_int_free,75,0.01206
grpc-envoy-strict,1008,client,runtime,libc.so.6,malloc,72,0.01158
grpc-envoy-strict,1008,client,grpc,bench_grpc,absl::lts_20250512::Mutex::Lock,67,0.01077
grpc-envoy-strict,1008,client,kernel,[kernel.kallsyms],copy_user_enhanced_fast_string,64,0.01029
grpc-envoy-strict,1008,client,runtime,libc.so.6,_int_malloc,58,0.00933
grpc-envoy-strict,1008,client,kernel,[kernel.kallsyms],_raw_spin_lock_irqsave,51,0.0082
grpc-envoy-strict,1008,client,envoy,envoy,_aesni_ctr32_ghash_6x,50,0.00804
grpc-envoy-strict,1008,client,grpc,bench_grpc,_ZN9grpc_core5TableIJNS_15metadata_detail5ValueINS_17LbCostBinMetadataEvEENS2_INS_17GrpcStatusContextEvEENS2_INS_22W3CTraceParentMetadataEvEENS2_INS_22XForwardedHostMetadataEvEENS2_INS_21XForwardedForMetadataEvEENS2_INS_18XEnvoyPeerMetadataEvEENS2_INS_15LbTokenMetadataEvEENS2_INS_10PeerStringEvEENS2_INS_19GrpcTagsBinMetadataEvEENS2_INS_20GrpcTraceBinMetadataEvEENS2_INS_26GrpcServerStatsBinMetadataEvEENS2_INS_30EndpointLoadMetricsBinMetadataEvEENS2_INS_12HostMetadataEvEENS2_INS_19GrpcMessageMetadataEvEENS2_INS_17UserAgentMetadataEvEENS2_INS_21HttpAuthorityMetadataEvEENS2_INS_16HttpPathMetadataEvEENS2_INS_27GrpcRetryPushbackMsMetadataEvEENS2_INS_19GrpcTimeoutMetadataEvEENS2_INS_25GrpcLbClientStatsMetadataEvEENS2_INS_20GrpcRegisteredMethodEvEENS2_INS_27GrpcInternalEncodingRequestEvEENS2_INS_20GrpcEncodingMetadataEvEENS2_INS_18HttpStatusMetadataEvEENS2_INS_31GrpcPreviousRpcAttemptsMetadataEvEENS2_INS_18GrpcStatusMetadataEvEENS2_INS_12WaitForReadyEvEENS2_INS_22GrpcStreamNetworkStateEvEENS2_INS_26GrpcAcceptEncodingMetadataEvEENS2_INS_10GrpcTarPitEvEENS2_INS_20GrpcCallWasCancelledEvEENS2_INS_10TeMetadataEvEENS2_INS_19ContentTypeMetadataEvEENS2_INS_18HttpSchemeMetadataEvEENS2_INS_18GrpcStatusFromWireEvEENS2_INS_18HttpMethodMetadataEvEENS2_INS_16GrpcTrailersOnlyEvEENS2_INS_18IsTransparentRetryEvEEEE4MoveILb1EJLm0ELm1ELm2ELm3ELm4ELm5ELm6ELm7ELm8ELm9ELm10ELm11ELm12ELm13ELm14ELm15ELm16ELm17ELm18ELm19ELm20ELm21ELm22ELm23ELm24ELm25ELm26ELm27ELm28ELm29ELm30ELm31ELm32ELm33ELm34ELm35ELm36ELm37EEEEvSt16integer_sequenceImJXspT0_EEEOS27_.isra.0,46,0.0074
grpc-envoy-strict,1008,client,kernel,[kernel.kallsyms],aa_dfa_match_len,45,0.00724
grpc-envoy-strict,1008,client,kernel,[kernel.kallsyms],update_cfs_group,44,0.00707
grpc-envoy-strict,1008,client,grpc,bench_grpc,grpc_core::promise_filter_detail::ClientCallData::PollContext::Run,43,0.00691
grpc-envoy-strict,1008,client,kernel,[kernel.kallsyms],_raw_spin_lock,42,0.00675
grpc-envoy-strict,1008,client,kernel,[kernel.kallsyms],update_load_avg,42,0.00675
grpc-envoy-strict,1008,client,kernel,[kernel.kallsyms],restore_fpregs_from_fpstate,42,0.00675
grpc-envoy-strict,1008,client,kernel,[kernel.kallsyms],__nf_conntrack_find_get,41,0.00659
grpc-envoy-strict,1008,client,vdso,[vdso],[unknown],40,0.00643
grpc-envoy-strict,1008,client,kernel,[kernel.kallsyms],update_curr,39,0.00627
grpc-envoy-strict,1008,client,kernel,[kernel.kallsyms],__schedule,39,0.00627
grpc-envoy-strict,1008,client,kernel,[kernel.kallsyms],nft_do_chain,39,0.00627
grpc-envoy-strict,1008,client,kernel,[kernel.kallsyms],__fget_files,38,0.00611
grpc-envoy-strict,1008,client,kernel,[kernel.kallsyms],__calc_delta,37,0.00595
grpc-envoy-strict,1008,client,envoy,envoy,Envoy::Buffer::OwnedImpl::reserveWithMaxLength,36,0.00579
grpc-envoy-strict,1008,client,grpc,bench_grpc,grpc_core::promise_filter_detail::BaseCallData::Flusher::Flusher,36,0.00579
grpc-envoy-strict,1008,client,kernel,[kernel.kallsyms],_raw_spin_lock_bh,36,0.00579
grpc-envoy-strict,1008,client,grpc,bench_grpc,grpc_slice_buffer_reset_and_unref,35,0.00563
grpc-envoy-strict,1008,client,kernel,[kernel.kallsyms],skb_release_data,35,0.00563
grpc-envoy-strict,1008,client,kernel,[kernel.kallsyms],enqueue_entity,32,0.00515
grpc-envoy-strict,1008,client,kernel,[kernel.kallsyms],futex_wake,32,0.00515
grpc-envoy-strict,1008,client,kernel,[kernel.kallsyms],__update_load_avg_se,32,0.00515
grpc-envoy-strict,1008,client,grpc,bench_grpc,grpc_core::MultiProducerSingleConsumerQueue::Push,30,0.00482
grpc-envoy-strict,1008,client,kernel,[kernel.kallsyms],read_tsc,29,0.00466
grpc-envoy-strict,1008,client,kernel,[kernel.kallsyms],enqueue_task_fair,29,0.00466
grpc-envoy-strict,1008,client,kernel,[kernel.kallsyms],__inet_lookup_established,27,0.00434
grpc-envoy-strict,1008,client,runtime,libc.so.6,pthread_mutex_lock,27,0.00434
grpc-envoy-strict,1008,client,kernel,[kernel.kallsyms],native_queued_spin_lock_slowpath.part.0,27,0.00434
grpc-envoy-strict,1008,client,grpc,bench_grpc,grpc_core::CallCombiner::Stop,26,0.00418
grpc-envoy-strict,1008,server,kernel,[kernel.kallsyms],psi_group_change,145,0.02332
grpc-envoy-strict,1008,server,grpc,echo_grpc,absl::lts_20250512::Mutex::Unlock,117,0.01882
grpc-envoy-strict,1008,server,runtime,libc.so.6,malloc,99,0.01592
grpc-envoy-strict,1008,server,kernel,[kernel.kallsyms],entry_SYSCALL_64,85,0.01367
grpc-envoy-strict,1008,server,grpc,echo_grpc,absl::lts_20250512::Mutex::Lock,78,0.01254
grpc-envoy-strict,1008,server,kernel,[kernel.kallsyms],copy_user_enhanced_fast_string,78,0.01254
grpc-envoy-strict,1008,server,grpc,echo_grpc,grpc_core::promise_filter_detail::BaseCallData::Flusher::~Flusher,73,0.01174
grpc-envoy-strict,1008,server,grpc,echo_grpc,grpc_core::promise_filter_detail::BaseCallData::Flusher::Flusher,70,0.01126
grpc-envoy-strict,1008,server,grpc,echo_grpc,grpc_core::promise_filter_detail::ServerCallData::WakeInsideCombiner,66,0.01061
grpc-envoy-strict,1008,server,envoy,envoy,_aesni_ctr32_ghash_6x,58,0.00933
grpc-envoy-strict,1008,server,kernel,[kernel.kallsyms],__nf_conntrack_find_get,57,0.00917
grpc-envoy-strict,1008,server,runtime,libc.so.6,_int_malloc,56,0.00901
grpc-envoy-strict,1008,server,vdso,[vdso],[unknown],55,0.00885
grpc-envoy-strict,1008,server,kernel,[kernel.kallsyms],__fget_files,46,0.0074
grpc-envoy-strict,1008,server,kernel,[kernel.kallsyms],_raw_spin_lock_irqsave,45,0.00724
grpc-envoy-strict,1008,server,runtime,libc.so.6,_int_free,42,0.00675
grpc-envoy-strict,1008,server,kernel,[kernel.kallsyms],update_cfs_group,42,0.00675
grpc-envoy-strict,1008,server,kernel,[kernel.kallsyms],update_curr,41,0.00659
grpc-envoy-strict,1008,server,kernel,[kernel.kallsyms],aa_dfa_match_len,41,0.00659
grpc-envoy-strict,1008,server,kernel,[kernel.kallsyms],_raw_spin_lock,39,0.00627
grpc-envoy-strict,1008,server,kernel,[kernel.kallsyms],update_load_avg,38,0.00611
grpc-envoy-strict,1008,server,kernel,[kernel.kallsyms],nft_do_chain,37,0.00595
grpc-envoy-strict,1008,server,kernel,[kernel.kallsyms],__update_load_avg_se,37,0.00595
grpc-envoy-strict,1008,server,envoy,envoy,Envoy::Buffer::OwnedImpl::reserveWithMaxLength,37,0.00595
grpc-envoy-strict,1008,server,kernel,[kernel.kallsyms],_raw_spin_lock_bh,37,0.00595
grpc-envoy-strict,1008,server,kernel,[kernel.kallsyms],timerqueue_add,35,0.00563
grpc-envoy-strict,1008,server,kernel,[kernel.kallsyms],read_tsc,33,0.00531
grpc-envoy-strict,1008,server,kernel,[kernel.kallsyms],restore_fpregs_from_fpstate,33,0.00531
grpc-envoy-strict,1008,server,kernel,[kernel.kallsyms],__schedule,30,0.00482
grpc-envoy-strict,1008,server,kernel,[kernel.kallsyms],enqueue_task_fair,30,0.00482
grpc-envoy-strict,1008,server,runtime,libc.so.6,pthread_mutex_lock,30,0.00482
grpc-envoy-strict,1008,server,kernel,[kernel.kallsyms],native_queued_spin_lock_slowpath.part.0,30,0.00482
grpc-envoy-strict,1008,server,grpc,echo_grpc,grpc_core::MultiProducerSingleConsumerQueue::Push,30,0.00482
grpc-envoy-strict,1008,server,kernel,[kernel.kallsyms],__update_load_avg_cfs_rq,29,0.00466
grpc-envoy-strict,1008,server,kernel,[kernel.kallsyms],arch_exit_to_user_mode_prepare.constprop.0,29,0.00466
grpc-envoy-strict,1008,server,kernel,[kernel.kallsyms],__calc_delta,29,0.00466
grpc-envoy-strict,1008,server,kernel,[kernel.kallsyms],__siphash_unaligned,28,0.0045
grpc-envoy-strict,1008,server,grpc,echo_grpc,grpc_core::CallCombiner::Start,27,0.00434
grpc-envoy-strict,1008,server,kernel,[kernel.kallsyms],native_sched_clock,27,0.00434
grpc-envoy-strict,1008,server,kernel,[kernel.kallsyms],tcp_recvmsg_locked,27,0.00434
grpc-tcp,48,client,kernel,[kernel.kallsyms],psi_group_change,65,0.00937
grpc-tcp,48,client,grpc,bench_grpc,absl::lts_20250512::Mutex::Unlock,40,0.00576
grpc-tcp,48,client,runtime,libc.so.6,malloc,40,0.00576
grpc-tcp,48,client,grpc,bench_grpc,grpc_core::promise_filter_detail::BaseCallData::Flusher::~Flusher,33,0.00476
grpc-tcp,48,client,grpc,bench_grpc,absl::lts_20250512::Mutex::Lock,33,0.00476
grpc-tcp,48,client,kernel,[kernel.kallsyms],update_cfs_group,27,0.00389
grpc-tcp,48,client,kernel,[kernel.kallsyms],__nf_conntrack_find_get,25,0.0036
grpc-tcp,48,client,kernel,[kernel.kallsyms],update_curr,24,0.00346
grpc-tcp,48,client,runtime,libc.so.6,_int_free,23,0.00331
grpc-tcp,48,client,runtime,libc.so.6,_int_malloc,23,0.00331
grpc-tcp,48,client,kernel,[kernel.kallsyms],__calc_delta,22,0.00317
grpc-tcp,48,client,kernel,[kernel.kallsyms],restore_fpregs_from_fpstate,20,0.00288
grpc-tcp,48,client,kernel,[kernel.kallsyms],__schedule,20,0.00288
grpc-tcp,48,client,kernel,[kernel.kallsyms],entry_SYSCALL_64,20,0.00288
grpc-tcp,48,client,kernel,[kernel.kallsyms],read_tsc,19,0.00274
grpc-tcp,48,client,kernel,[kernel.kallsyms],nft_do_chain,19,0.00274
grpc-tcp,48,client,vdso,[vdso],[unknown],19,0.00274
grpc-tcp,48,client,grpc,bench_grpc,_ZN9grpc_core5TableIJNS_15metadata_detail5ValueINS_17LbCostBinMetadataEvEENS2_INS_17GrpcStatusContextEvEENS2_INS_22W3CTraceParentMetadataEvEENS2_INS_22XForwardedHostMetadataEvEENS2_INS_21XForwardedForMetadataEvEENS2_INS_18XEnvoyPeerMetadataEvEENS2_INS_15LbTokenMetadataEvEENS2_INS_10PeerStringEvEENS2_INS_19GrpcTagsBinMetadataEvEENS2_INS_20GrpcTraceBinMetadataEvEENS2_INS_26GrpcServerStatsBinMetadataEvEENS2_INS_30EndpointLoadMetricsBinMetadataEvEENS2_INS_12HostMetadataEvEENS2_INS_19GrpcMessageMetadataEvEENS2_INS_17UserAgentMetadataEvEENS2_INS_21HttpAuthorityMetadataEvEENS2_INS_16HttpPathMetadataEvEENS2_INS_27GrpcRetryPushbackMsMetadataEvEENS2_INS_19GrpcTimeoutMetadataEvEENS2_INS_25GrpcLbClientStatsMetadataEvEENS2_INS_20GrpcRegisteredMethodEvEENS2_INS_27GrpcInternalEncodingRequestEvEENS2_INS_20GrpcEncodingMetadataEvEENS2_INS_18HttpStatusMetadataEvEENS2_INS_31GrpcPreviousRpcAttemptsMetadataEvEENS2_INS_18GrpcStatusMetadataEvEENS2_INS_12WaitForReadyEvEENS2_INS_22GrpcStreamNetworkStateEvEENS2_INS_26GrpcAcceptEncodingMetadataEvEENS2_INS_10GrpcTarPitEvEENS2_INS_20GrpcCallWasCancelledEvEENS2_INS_10TeMetadataEvEENS2_INS_19ContentTypeMetadataEvEENS2_INS_18HttpSchemeMetadataEvEENS2_INS_18GrpcStatusFromWireEvEENS2_INS_18HttpMethodMetadataEvEENS2_INS_16GrpcTrailersOnlyEvEENS2_INS_18IsTransparentRetryEvEEEE4MoveILb1EJLm0ELm1ELm2ELm3ELm4ELm5ELm6ELm7ELm8ELm9ELm10ELm11ELm12ELm13ELm14ELm15ELm16ELm17ELm18ELm19ELm20ELm21ELm22ELm23ELm24ELm25ELm26ELm27ELm28ELm29ELm30ELm31ELm32ELm33ELm34ELm35ELm36ELm37EEEEvSt16integer_sequenceImJXspT0_EEEOS27_.isra.0,18,0.00259
grpc-tcp,48,client,kernel,[kernel.kallsyms],tcp_check_space,17,0.00245
grpc-tcp,48,client,kernel,[kernel.kallsyms],_raw_spin_lock_irqsave,17,0.00245
grpc-tcp,48,client,grpc,bench_grpc,grpc_core::promise_filter_detail::ClientCallData::PollContext::Run,17,0.00245
grpc-tcp,48,client,grpc,bench_grpc,grpc_core::MultiProducerSingleConsumerQueue::Push,16,0.00231
grpc-tcp,48,client,grpc,bench_grpc,grpc_core::promise_filter_detail::BaseCallData::Flusher::Flusher,16,0.00231
grpc-tcp,48,client,kernel,[kernel.kallsyms],__switch_to,16,0.00231
grpc-tcp,48,client,grpc,bench_grpc,grpc_core::promise_filter_detail::ClientCallData::StartPromise,15,0.00216
grpc-tcp,48,client,grpc,bench_grpc,_ZN9grpc_core5TableIJNS_15metadata_detail5ValueINS_17LbCostBinMetadataEvEENS2_INS_17GrpcStatusContextEvEENS2_INS_22W3CTraceParentMetadataEvEENS2_INS_22XForwardedHostMetadataEvEENS2_INS_21XForwardedForMetadataEvEENS2_INS_18XEnvoyPeerMetadataEvEENS2_INS_15LbTokenMetadataEvEENS2_INS_10PeerStringEvEENS2_INS_19GrpcTagsBinMetadataEvEENS2_INS_20GrpcTraceBinMetadataEvEENS2_INS_26GrpcServerStatsBinMetadataEvEENS2_INS_30EndpointLoadMetricsBinMetadataEvEENS2_INS_12HostMetadataEvEENS2_INS_19GrpcMessageMetadataEvEENS2_INS_17UserAgentMetadataEvEENS2_INS_21HttpAuthorityMetadataEvEENS2_INS_16HttpPathMetadataEvEENS2_INS_27GrpcRetryPushbackMsMetadataEvEENS2_INS_19GrpcTimeoutMetadataEvEENS2_INS_25GrpcLbClientStatsMetadataEvEENS2_INS_20GrpcRegisteredMethodEvEENS2_INS_27GrpcInternalEncodingRequestEvEENS2_INS_20GrpcEncodingMetadataEvEENS2_INS_18HttpStatusMetadataEvEENS2_INS_31GrpcPreviousRpcAttemptsMetadataEvEENS2_INS_18GrpcStatusMetadataEvEENS2_INS_12WaitForReadyEvEENS2_INS_22GrpcStreamNetworkStateEvEENS2_INS_26GrpcAcceptEncodingMetadataEvEENS2_INS_10GrpcTarPitEvEENS2_INS_20GrpcCallWasCancelledEvEENS2_INS_10TeMetadataEvEENS2_INS_19ContentTypeMetadataEvEENS2_INS_18HttpSchemeMetadataEvEENS2_INS_18GrpcStatusFromWireEvEENS2_INS_18HttpMethodMetadataEvEENS2_INS_16GrpcTrailersOnlyEvEENS2_INS_18IsTransparentRetryEvEEEE8DestructIJLm0ELm1ELm2ELm3ELm4ELm5ELm6ELm7ELm8ELm9ELm10ELm11ELm12ELm13ELm14ELm15ELm16ELm17ELm18ELm19ELm20ELm21ELm22ELm23ELm24ELm25ELm26ELm27ELm28ELm29ELm30ELm31ELm32ELm33ELm34ELm35ELm36ELm37EEEEvSt16integer_sequenceImJXspT_EEE.isra.0,14,0.00202
grpc-tcp,48,client,kernel,[kernel.kallsyms],nf_ct_seq_offset,14,0.00202
grpc-tcp,48,client,kernel,[kernel.kallsyms],__update_load_avg_se,14,0.00202
grpc-tcp,48,client,kernel,[kernel.kallsyms],timerqueue_add,14,0.00202
grpc-tcp,48,client,kernel,[kernel.kallsyms],copy_user_enhanced_fast_string,14,0.00202
grpc-tcp,48,client,kernel,[kernel.kallsyms],native_sched_clock,13,0.00187
grpc-tcp,48,client,kernel,[kernel.kallsyms],__fget_files,13,0.00187
grpc-tcp,48,client,kernel,[kernel.kallsyms],try_to_wake_up,13,0.00187
grpc-tcp,48,client,grpc,bench_grpc,absl::lts_20250512::Mutex::UnlockSlow,13,0.00187
grpc-tcp,48,client,kernel,[kernel.kallsyms],save_fpregs_to_fpstate,12,0.00173
grpc-tcp,48,client,grpc,bench_grpc,grpc_event_engine::experimental::PosixEndpointImpl::TcpDoRead,12,0.00173
grpc-tcp,48,client,kernel,[kernel.kallsyms],_raw_spin_lock,12,0.00173
grpc-tcp,48,client,kernel,[kernel.kallsyms],__wrgsbase_inactive,12,0.00173
grpc-tcp,48,client,grpc,bench_grpc,grpc_core::FilterStackCall::Create,12,0.00173
grpc-tcp,48,client,kernel,[kernel.kallsyms],__update_load_avg_cfs_rq,11,0.00159
grpc-tcp,48,server,grpc,echo_grpc,absl::lts_20250512::Mutex::Unlock,74,0.01049
grpc-tcp,48,server,grpc,echo_grpc,absl::lts_20250512::Mutex::Lock,68,0.00964
grpc-tcp,48,server,kernel,[kernel.kallsyms],psi_group_change,51,0.00723
grpc-tcp,48,server,runtime,libc.so.6,malloc,45,0.00638
grpc-tcp,48,server,grpc,echo_grpc,grpc_core::promise_filter_detail::BaseCallData::Flusher::~Flusher,43,0.0061
grpc-tcp,48,server,grpc,echo_grpc,grpc_core::promise_filter_detail::ServerCallData::WakeInsideCombiner,39,0.00553
grpc-tcp,48,server,grpc,echo_grpc,grpc_core::promise_filter_detail::BaseCallData::Flusher::Flusher,35,0.00496
grpc-tcp,48,server,kernel,[kernel.kallsyms],entry_SYSCALL_64,27,0.00383
grpc-tcp,48,server,vdso,[vdso],[unknown],27,0.00383
grpc-tcp,48,server,kernel,[kernel.kallsyms],__nf_conntrack_find_get,26,0.00369
grpc-tcp,48,server,kernel,[kernel.kallsyms],tcp_recvmsg_locked,24,0.0034
grpc-tcp,48,server,kernel,[kernel.kallsyms],copy_user_enhanced_fast_string,23,0.00326
grpc-tcp,48,server,kernel,[kernel.kallsyms],nft_do_chain,21,0.00298
grpc-tcp,48,server,runtime,libc.so.6,_int_free,21,0.00298
grpc-tcp,48,server,kernel,[kernel.kallsyms],__ksize,21,0.00298
grpc-tcp,48,server,kernel,[kernel.kallsyms],__calc_delta,20,0.00284
grpc-tcp,48,server,kernel,[kernel.kallsyms],_raw_spin_lock_irqsave,20,0.00284
grpc-tcp,48,server,kernel,[kernel.kallsyms],update_cfs_group,18,0.00255
grpc-tcp,48,server,grpc,echo_grpc,grpc_core::promise_filter_detail::BaseCallData::BaseCallData,18,0.00255
grpc-tcp,48,server,kernel,[kernel.kallsyms],tcp_check_space,16,0.00227
grpc-tcp,48,server,grpc,echo_grpc,grpc_core::promise_filter_detail::ServerCallData::StartBatch,16,0.00227
grpc-tcp,48,server,kernel,[kernel.kallsyms],nf_ct_seq_offset,16,0.00227
grpc-tcp,48,server,grpc,echo_grpc,grpc_core::CallCombiner::Stop,16,0.00227
grpc-tcp,48,server,kernel,[kernel.kallsyms],_raw_spin_lock,15,0.00213
grpc-tcp,48,server,kernel,[kernel.kallsyms],update_curr,14,0.00198
grpc-tcp,48,server,grpc,echo_grpc,grpc_event_engine::experimental::PosixEndpointImpl::TcpDoRead,13,0.00184
grpc-tcp,48,server,grpc,echo_grpc,grpc_core::MultiProducerSingleConsumerQueue::Push,13,0.00184
grpc-tcp,48,server,kernel,[kernel.kallsyms],save_fpregs_to_fpstate,13,0.00184
grpc-tcp,48,server,runtime,libc.so.6,cfree@GLIBC_2.2.5,13,0.00184
grpc-tcp,48,server,grpc,echo_grpc,absl::lts_20250512::Mutex::UnlockSlow,13,0.00184
grpc-tcp,48,server,kernel,[kernel.kallsyms],aa_dfa_match_len,12,0.0017
grpc-tcp,48,server,grpc,echo_grpc,absl::lts_20250512::CondVar::Signal,11,0.00156
grpc-tcp,48,server,kernel,[kernel.kallsyms],reweight_entity,11,0.00156
grpc-tcp,48,server,kernel,[kernel.kallsyms],tcp_rcv_established,11,0.00156
grpc-tcp,48,server,grpc,echo_grpc,grpc_chttp2_perform_read,11,0.00156
grpc-tcp,48,server,kernel,[kernel.kallsyms],try_to_wake_up,10,0.00142
grpc-tcp,48,server,kernel,[kernel.kallsyms],restore_fpregs_from_fpstate,10,0.00142
grpc-tcp,48,server,grpc,echo_grpc,grpc_slice_buffer_add,10,0.00142
grpc-tcp,48,server,kernel,[kernel.kallsyms],__update_load_avg_cfs_rq,10,0.00142
grpc-tcp,48,server,kernel,[kernel.kallsyms],__wake_up_common,10,0.00142
grpc-tcp,48,client,kernel,[kernel.kallsyms],psi_group_change,105,0.01478
grpc-tcp,48,client,grpc,bench_grpc,absl::lts_20250512::Mutex::Unlock,83,0.01168
grpc-tcp,48,client,runtime,libc.so.6,malloc,66,0.00929
grpc-tcp,48,client,grpc,bench_grpc,absl::lts_20250512::Mutex::Lock,64,0.00901
grpc-tcp,48,client,kernel,[kernel.kallsyms],entry_SYSCALL_64,62,0.00873
grpc-tcp,48,client,vdso,[vdso],[unknown],55,0.00774
grpc-tcp,48,client,runtime,libc.so.6,_int_free,55,0.00774
grpc-tcp,48,client,grpc,bench_grpc,grpc_core::promise_filter_detail::BaseCallData::Flusher::~Flusher,49,0.0069
grpc-tcp,48,client,kernel,[kernel.kallsyms],update_cfs_group,48,0.00676
grpc-tcp,48,client,kernel,[kernel.kallsyms],__nf_conntrack_find_get,48,0.00676
grpc-tcp,48,client,kernel,[kernel.kallsyms],__update_load_avg_se,48,0.00676
grpc-tcp,48,client,grpc,bench_grpc,_ZN9grpc_core5TableIJNS_15metadata_detail5ValueINS_17LbCostBinMetadataEvEENS2_INS_17GrpcStatusContextEvEENS2_INS_22W3CTraceParentMetadataEvEENS2_INS_22XForwardedHostMetadataEvEENS2_INS_21XForwardedForMetadataEvEENS2_INS_18XEnvoyPeerMetadataEvEENS2_INS_15LbTokenMetadataEvEENS2_INS_10PeerStringEvEENS2_INS_19GrpcTagsBinMetadataEvEENS2_INS_20GrpcTraceBinMetadataEvEENS2_INS_26GrpcServerStatsBinMetadataEvEENS2_INS_30EndpointLoadMetricsBinMetadataEvEENS2_INS_12HostMetadataEvEENS2_INS_19GrpcMessageMetadataEvEENS2_INS_17UserAgentMetadataEvEENS2_INS_21HttpAuthorityMetadataEvEENS2_INS_16HttpPathMetadataEvEENS2_INS_27GrpcRetryPushbackMsMetadataEvEENS2_INS_19GrpcTimeoutMetadataEvEENS2_INS_25GrpcLbClientStatsMetadataEvEENS2_INS_20GrpcRegisteredMethodEvEENS2_INS_27GrpcInternalEncodingRequestEvEENS2_INS_20GrpcEncodingMetadataEvEENS2_INS_18HttpStatusMetadataEvEENS2_INS_31GrpcPreviousRpcAttemptsMetadataEvEENS2_INS_18GrpcStatusMetadataEvEENS2_INS_12WaitForReadyEvEENS2_INS_22GrpcStreamNetworkStateEvEENS2_INS_26GrpcAcceptEncodingMetadataEvEENS2_INS_10GrpcTarPitEvEENS2_INS_20GrpcCallWasCancelledEvEENS2_INS_10TeMetadataEvEENS2_INS_19ContentTypeMetadataEvEENS2_INS_18HttpSchemeMetadataEvEENS2_INS_18GrpcStatusFromWireEvEENS2_INS_18HttpMethodMetadataEvEENS2_INS_16GrpcTrailersOnlyEvEENS2_INS_18IsTransparentRetryEvEEEE4MoveILb1EJLm0ELm1ELm2ELm3ELm4ELm5ELm6ELm7ELm8ELm9ELm10ELm11ELm12ELm13ELm14ELm15ELm16ELm17ELm18ELm19ELm20ELm21ELm22ELm23ELm24ELm25ELm26ELm27ELm28ELm29ELm30ELm31ELm32ELm33ELm34ELm35ELm36ELm37EEEEvSt16integer_sequenceImJXspT0_EEEOS27_.isra.0,45,0.00633
grpc-tcp,48,client,kernel,[kernel.kallsyms],update_load_avg,44,0.00619
grpc-tcp,48,client,runtime,libc.so.6,_int_malloc,43,0.00605
grpc-tcp,48,client,kernel,[kernel.kallsyms],__calc_delta,42,0.00591
grpc-tcp,48,client,grpc,bench_grpc,grpc_core::promise_filter_detail::ClientCallData::PollContext::Run,41,0.00577
grpc-tcp,48,client,kernel,[kernel.kallsyms],nft_do_chain,40,0.00563
grpc-tcp,48,client,kernel,[kernel.kallsyms],_raw_spin_lock_irqsave,40,0.00563
grpc-tcp,48,client,kernel,[kernel.kallsyms],_raw_spin_lock,40,0.00563
grpc-tcp,48,client,grpc,bench_grpc,grpc_core::promise_filter_detail::BaseCallData::Flusher::Flusher,40,0.00563
grpc-tcp,48,client,kernel,[kernel.kallsyms],enqueue_task_fair,38,0.00535
grpc-tcp,48,client,kernel,[kernel.kallsyms],__update_load_avg_cfs_rq,37,0.00521
grpc-tcp,48,client,kernel,[kernel.kallsyms],copy_user_enhanced_fast_string,35,0.00493
grpc-tcp,48,client,kernel,[kernel.kallsyms],restore_fpregs_from_fpstate,32,0.0045
grpc-tcp,48,client,kernel,[kernel.kallsyms],update_curr,31,0.00436
grpc-tcp,48,client,kernel,[kernel.kallsyms],native_sched_clock,30,0.00422
grpc-tcp,48,client,kernel,[kernel.kallsyms],tcp_recvmsg_locked,29,0.00408
grpc-tcp,48,client,grpc,bench_grpc,grpc_core::ExecCtx::Run,26,0.00366
grpc-tcp,48,client,kernel,[kernel.kallsyms],__schedule,25,0.00352
grpc-tcp,48,client,kernel,[kernel.kallsyms],enqueue_entity,24,0.00338
grpc-tcp,48,client,kernel,[kernel.kallsyms],update_rq_clock,24,0.00338
grpc-tcp,48,client,kernel,[kernel.kallsyms],cpuacct_charge,24,0.00338
grpc-tcp,48,client,kernel,[kernel.kallsyms],strncpy,23,0.00324
grpc-tcp,48,client,kernel,[kernel.kallsyms],pick_next_task_fair,23,0.00324
grpc-tcp,48,client,kernel,[kernel.kallsyms],reweight_entity,23,0.00324
grpc-tcp,48,client,grpc,bench_grpc,grpc_chttp2_perform_read,23,0.00324
grpc-tcp,48,client,kernel,[kernel.kallsyms],read_tsc,23,0.00324
grpc-tcp,48,client,kernel,[kernel.kallsyms],arch_exit_to_user_mode_prepare.constprop.0,22,0.0031
grpc-tcp,48,client,grpc,bench_grpc,grpc_core::promise_filter_detail::BaseCallData::SendMessage::WakeInsideCombiner,22,0.0031
grpc-tcp,48,client,grpc,bench_grpc,grpc_slice_buffer_reset_and_unref,22,0.0031
grpc-tcp,48,server,kernel,[kernel.kallsyms],psi_group_change,146,0.02068
grpc-tcp,48,server,grpc,echo_grpc,absl::lts_20250512::Mutex::Lock,137,0.0194
grpc-tcp,48,server,grpc,echo_grpc,absl::lts_20250512::Mutex::Unlock,125,0.0177
grpc-tcp,48,server,grpc,echo_grpc,grpc_core::promise_filter_detail::BaseCallData::Flusher::Flusher,74,0.01048
grpc-tcp,48,server,grpc,echo_grpc,grpc_core::promise_filter_detail::BaseCallData::Flusher::~Flusher,69,0.00977
grpc-tcp,48,server,vdso,[vdso],[unknown],63,0.00892
grpc-tcp,48,server,runtime,libc.so.6,malloc,62,0.00878
grpc-tcp,48,server,kernel,[kernel.kallsyms],entry_SYSCALL_64,58,0.00821
grpc-tcp,48,server,kernel,[kernel.kallsyms],__nf_conntrack_find_get,55,0.00779
grpc-tcp,48,server,grpc,echo_grpc,grpc_core::promise_filter_detail::ServerCallData::WakeInsideCombiner,51,0.00722
grpc-tcp,48,server,kernel,[kernel.kallsyms],update_load_avg,48,0.0068
grpc-tcp,48,server,runtime,libc.so.6,_int_free,46,0.00651
grpc-tcp,48,server,kernel,[kernel.kallsyms],_raw_spin_lock_irqsave,43,0.00609
grpc-tcp,48,server,kernel,[kernel.kallsyms],__update_load_avg_se,42,0.00595
grpc-tcp,48,server,kernel,[kernel.kallsyms],enqueue_task_fair,39,0.00552
grpc-tcp,48,server,kernel,[kernel.kallsyms],__schedule,38,0.00538
grpc-tcp,48,server,kernel,[kernel.kallsyms],update_curr,38,0.00538
grpc-tcp,48,server,kernel,[kernel.kallsyms],update_cfs_group,36,0.0051
grpc-tcp,48,server,kernel,[kernel.kallsyms],__calc_delta,36,0.0051
grpc-tcp,48,server,grpc,echo_grpc,grpc_core::MultiProducerSingleConsumerQueue::Push,35,0.00496
grpc-tcp,48,server,kernel,[kernel.kallsyms],nft_do_chain,34,0.00482
grpc-tcp,48,server,kernel,[kernel.kallsyms],tcp_recvmsg_locked,32,0.00453
grpc-tcp,48,server,kernel,[kernel.kallsyms],__switch_to,32,0.00453
grpc-tcp,48,server,kernel,[kernel.kallsyms],__update_load_avg_cfs_rq,31,0.00439
grpc-tcp,48,server,grpc,echo_grpc,grpc_core::CallCombiner::Stop,30,0.00425
grpc-tcp,48,server,kernel,[kernel.kallsyms],restore_fpregs_from_fpstate,29,0.00411
grpc-tcp,48,server,kernel,[kernel.kallsyms],_raw_spin_lock,24,0.0034
grpc-tcp,48,server,grpc,echo_grpc,grpc_core::promise_filter_detail::ServerCallData::StartBatch,23,0.00326
grpc-tcp,48,server,kernel,[kernel.kallsyms],native_sched_clock,23,0.00326
grpc-tcp,48,server,kernel,[kernel.kallsyms],exit_to_user_mode_loop,23,0.00326
grpc-tcp,48,server,grpc,echo_grpc,grpc_combiner_continue_exec_ctx,23,0.00326
grpc-tcp,48,server,kernel,[kernel.kallsyms],save_fpregs_to_fpstate,23,0.00326
grpc-tcp,48,server,runtime,libc.so.6,cfree@GLIBC_2.2.5,23,0.00326
grpc-tcp,48,server,grpc,echo_grpc,grpc_chttp2_perform_read,22,0.00312
grpc-tcp,48,server,runtime,libc.so.6,_int_malloc,22,0.00312
grpc-tcp,48,server,grpc,echo_grpc,grpc_core::promise_filter_detail::BaseCallData::ReceiveMessage::WakeInsideCombiner,22,0.00312
grpc-tcp,48,server,kernel,[kernel.kallsyms],prepare_task_switch,21,0.00297
grpc-tcp,48,server,kernel,[kernel.kallsyms],copy_user_enhanced_fast_string,21,0.00297
grpc-tcp,48,server,kernel,[kernel.kallsyms],aa_dfa_match_len,20,0.00283
grpc-tcp,48,server,grpc,echo_grpc,grpc_core::promise_filter_detail::BaseCallData::BaseCallData,20,0.00283
grpc-tcp,48,client,kernel,[kernel.kallsyms],psi_group_change,154,0.02171
grpc-tcp,48,client,grpc,bench_grpc,absl::lts_20250512::Mutex::Unlock,135,0.01903
grpc-tcp,48,client,kernel,[kernel.kallsyms],nft_do_chain,97,0.01367
grpc-tcp,48,client,runtime,libc.so.6,malloc,93,0.01311
grpc-tcp,48,client,grpc,bench_grpc,absl::lts_20250512::Mutex::Lock,92,0.01297
grpc-tcp,48,client,grpc,bench_grpc,grpc_core::promise_filter_detail::BaseCallData::Flusher::~Flusher,84,0.01184
grpc-tcp,48,client,runtime,libc.so.6,_int_free,81,0.01142
grpc-tcp,48,client,runtime,libc.so.6,_int_malloc,74,0.01043
grpc-tcp,48,client,kernel,[kernel.kallsyms],entry_SYSCALL_64,70,0.00987
grpc-tcp,48,client,grpc,bench_grpc,grpc_core::promise_filter_detail::BaseCallData::Flusher::Flusher,66,0.0093
grpc-tcp,48,client,kernel,[kernel.kallsyms],__nf_conntrack_find_get,64,0.00902
grpc-tcp,48,client,grpc,bench_grpc,grpc_core::MultiProducerSingleConsumerQueue::Push,59,0.00832
grpc-tcp,48,client,grpc,bench_grpc,grpc_core::promise_filter_detail::ClientCallData::PollContext::Run,57,0.00804
grpc-tcp,48,client,vdso,[vdso],[unknown],55,0.00775
grpc-tcp,48,client,kernel,[kernel.kallsyms],_raw_spin_lock,53,0.00747
grpc-tcp,48,client,kernel,[kernel.kallsyms],__calc_delta,51,0.00719
grpc-tcp,48,client,grpc,bench_grpc,_ZN9grpc_core5TableIJNS_15metadata_detail5ValueINS_17LbCostBinMetadataEvEENS2_INS_17GrpcStatusContextEvEENS2_INS_22W3CTraceParentMetadataEvEENS2_INS_22XForwardedHostMetadataEvEENS2_INS_21XForwardedForMetadataEvEENS2_INS_18XEnvoyPeerMetadataEvEENS2_INS_15LbTokenMetadataEvEENS2_INS_10PeerStringEvEENS2_INS_19GrpcTagsBinMetadataEvEENS2_INS_20GrpcTraceBinMetadataEvEENS2_INS_26GrpcServerStatsBinMetadataEvEENS2_INS_30EndpointLoadMetricsBinMetadataEvEENS2_INS_12HostMetadataEvEENS2_INS_19GrpcMessageMetadataEvEENS2_INS_17UserAgentMetadataEvEENS2_INS_21HttpAuthorityMetadataEvEENS2_INS_16HttpPathMetadataEvEENS2_INS_27GrpcRetryPushbackMsMetadataEvEENS2_INS_19GrpcTimeoutMetadataEvEENS2_INS_25GrpcLbClientStatsMetadataEvEENS2_INS_20GrpcRegisteredMethodEvEENS2_INS_27GrpcInternalEncodingRequestEvEENS2_INS_20GrpcEncodingMetadataEvEENS2_INS_18HttpStatusMetadataEvEENS2_INS_31GrpcPreviousRpcAttemptsMetadataEvEENS2_INS_18GrpcStatusMetadataEvEENS2_INS_12WaitForReadyEvEENS2_INS_22GrpcStreamNetworkStateEvEENS2_INS_26GrpcAcceptEncodingMetadataEvEENS2_INS_10GrpcTarPitEvEENS2_INS_20GrpcCallWasCancelledEvEENS2_INS_10TeMetadataEvEENS2_INS_19ContentTypeMetadataEvEENS2_INS_18HttpSchemeMetadataEvEENS2_INS_18GrpcStatusFromWireEvEENS2_INS_18HttpMethodMetadataEvEENS2_INS_16GrpcTrailersOnlyEvEENS2_INS_18IsTransparentRetryEvEEEE4MoveILb1EJLm0ELm1ELm2ELm3ELm4ELm5ELm6ELm7ELm8ELm9ELm10ELm11ELm12ELm13ELm14ELm15ELm16ELm17ELm18ELm19ELm20ELm21ELm22ELm23ELm24ELm25ELm26ELm27ELm28ELm29ELm30ELm31ELm32ELm33ELm34ELm35ELm36ELm37EEEEvSt16integer_sequenceImJXspT0_EEEOS27_.isra.0,51,0.00719
grpc-tcp,48,client,kernel,[kernel.kallsyms],__update_load_avg_se,48,0.00677
grpc-tcp,48,client,kernel,[kernel.kallsyms],update_cfs_group,47,0.00663
grpc-tcp,48,client,kernel,[kernel.kallsyms],update_load_avg,44,0.0062
grpc-tcp,48,client,kernel,[kernel.kallsyms],strncpy,42,0.00592
grpc-tcp,48,client,kernel,[kernel.kallsyms],update_curr,41,0.00578
grpc-tcp,48,client,kernel,[kernel.kallsyms],_raw_spin_lock_irqsave,35,0.00493
grpc-tcp,48,client,kernel,[kernel.kallsyms],enqueue_task_fair,35,0.00493
grpc-tcp,48,client,kernel,[kernel.kallsyms],enqueue_entity,35,0.00493
grpc-tcp,48,client,grpc,bench_grpc,grpc_core::CallCombiner::Start,33,0.00465
grpc-tcp,48,client,grpc,bench_grpc,grpc_core::promise_filter_detail::ClientCallData::WakeInsideCombiner,33,0.00465
grpc-tcp,48,client,grpc,bench_grpc,_ZN9grpc_core5TableIJNS_15metadata_detail5ValueINS_17LbCostBinMetadataEvEENS2_INS_17GrpcStatusContextEvEENS2_INS_22W3CTraceParentMetadataEvEENS2_INS_22XForwardedHostMetadataEvEENS2_INS_21XForwardedForMetadataEvEENS2_INS_18XEnvoyPeerMetadataEvEENS2_INS_15LbTokenMetadataEvEENS2_INS_10PeerStringEvEENS2_INS_19GrpcTagsBinMetadataEvEENS2_INS_20GrpcTraceBinMetadataEvEENS2_INS_26GrpcServerStatsBinMetadataEvEENS2_INS_30EndpointLoadMetricsBinMetadataEvEENS2_INS_12HostMetadataEvEENS2_INS_19GrpcMessageMetadataEvEENS2_INS_17UserAgentMetadataEvEENS2_INS_21HttpAuthorityMetadataEvEENS2_INS_16HttpPathMetadataEvEENS2_INS_27GrpcRetryPushbackMsMetadataEvEENS2_INS_19GrpcTimeoutMetadataEvEENS2_INS_25GrpcLbClientStatsMetadataEvEENS2_INS_20GrpcRegisteredMethodEvEENS2_INS_27GrpcInternalEncodingRequestEvEENS2_INS_20GrpcEncodingMetadataEvEENS2_INS_18HttpStatusMetadataEvEENS2_INS_31GrpcPreviousRpcAttemptsMetadataEvEENS2_INS_18GrpcStatusMetadataEvEENS2_INS_12WaitForReadyEvEENS2_INS_22GrpcStreamNetworkStateEvEENS2_INS_26GrpcAcceptEncodingMetadataEvEENS2_INS_10GrpcTarPitEvEENS2_INS_20GrpcCallWasCancelledEvEENS2_INS_10TeMetadataEvEENS2_INS_19ContentTypeMetadataEvEENS2_INS_18HttpSchemeMetadataEvEENS2_INS_18GrpcStatusFromWireEvEENS2_INS_18HttpMethodMetadataEvEENS2_INS_16GrpcTrailersOnlyEvEENS2_INS_18IsTransparentRetryEvEEEE8DestructIJLm0ELm1ELm2ELm3ELm4ELm5ELm6ELm7ELm8ELm9ELm10ELm11ELm12ELm13ELm14ELm15ELm16ELm17ELm18ELm19ELm20ELm21ELm22ELm23ELm24ELm25ELm26ELm27ELm28ELm29ELm30ELm31ELm32ELm33ELm34ELm35ELm36ELm37EEEEvSt16integer_sequenceImJXspT_EEE.isra.0,32,0.00451
grpc-tcp,48,client,kernel,[kernel.kallsyms],__schedule,30,0.00423
grpc-tcp,48,client,kernel,[kernel.kallsyms],__switch_to,30,0.00423
grpc-tcp,48,client,kernel,[kernel.kallsyms],native_queued_spin_lock_slowpath.part.0,30,0.00423
grpc-tcp,48,client,grpc,bench_grpc,grpc_core::promise_filter_detail::BaseCallData::BaseCallData,30,0.00423
grpc-tcp,48,client,kernel,[kernel.kallsyms],restore_fpregs_from_fpstate,29,0.00409
grpc-tcp,48,client,kernel,[kernel.kallsyms],__update_load_avg_cfs_rq,29,0.00409
grpc-tcp,48,client,grpc,bench_grpc,absl::lts_20250512::Mutex::UnlockSlow,28,0.00395
grpc-tcp,48,client,grpc,bench_grpc,"grpc_core::MetadataMap<grpc_metadata_batch, grpc_core::HttpPathMetadata, grpc_core::HttpAuthorityMetadata, grpc_core::HttpMethodMetadata, grpc_core::HttpStatusMetadata, grpc_core::HttpSchemeMetadata, grpc_core::ContentTypeMetadata, grpc_core::TeMetadata, grpc_core::GrpcEncodingMetadata, grpc_core::GrpcInternalEncodingRequest, grpc_core::GrpcAcceptEncodingMetadata, grpc_core::GrpcStatusMetadata, grpc_core::GrpcTimeoutMetadata, grpc_core::GrpcPreviousRpcAttemptsMetadata, grpc_core::GrpcRetryPushbackMsMetadata, grpc_core::UserAgentMetadata, grpc_core::GrpcMessageMetadata, grpc_core::HostMetadata, grpc_core::EndpointLoadMetricsBinMetadata, grpc_core::GrpcServerStatsBinMetadata, grpc_core::GrpcTraceBinMetadata, grpc_core::GrpcTagsBinMetadata, grpc_core::GrpcLbClientStatsMetadata, grpc_core::LbCostBinMetadata, grpc_core::LbTokenMetadata, grpc_core::XEnvoyPeerMetadata, grpc_core::XForwardedForMetadata, grpc_core::XForwardedHostMetadata, grpc_core::W3CTraceParentMetadata, grpc_core::GrpcStreamNetworkState, grpc_core::PeerString, grpc_core::GrpcStatusContext, grpc_core::GrpcStatusFromWire, grpc_core::GrpcCallWasCancelled, grpc_core::WaitForReady, grpc_core::IsTransparentRetry, grpc_core::GrpcTrailersOnly, grpc_core::GrpcTarPit, grpc_core::GrpcRegisteredMethod>::Clear",28,0.00395
grpc-tcp,48,client,grpc,bench_grpc,grpc_core::promise_filter_detail::ClientCallData::StartPromise,28,0.00395
grpc-tcp,48,client,kernel,[kernel.kallsyms],copy_user_enhanced_fast_string,27,0.00381
grpc-tcp,48,client,grpc,bench_grpc,grpc_core::FilterStackCall::Create,26,0.00367
grpc-tcp,48,client,kernel,[kernel.kallsyms],__fget_files,26,0.00367
grpc-tcp,48,server,grpc,echo_grpc,absl::lts_20250512::Mutex::Unlock,191,0.02688
grpc-tcp,48,server,grpc,echo_grpc,absl::lts_20250512::Mutex::Lock,160,0.02251
grpc-tcp,48,server,kernel,[kernel.kallsyms],psi_group_change,121,0.01703
grpc-tcp,48,server,grpc,echo_grpc,grpc_core::promise_filter_detail::BaseCallData::Flusher::~Flusher,112,0.01576
grpc-tcp,48,server,grpc,echo_grpc,grpc_core::promise_filter_detail::BaseCallData::Flusher::Flusher,96,0.01351
grpc-tcp,48,server,runtime,libc.so.6,malloc,94,0.01323
grpc-tcp,48,server,kernel,[kernel.kallsyms],nft_do_chain,91,0.0128
grpc-tcp,48,server,grpc,echo_grpc,grpc_core::promise_filter_detail::ServerCallData::WakeInsideCombiner,90,0.01266
grpc-tcp,48,server,vdso,[vdso],[unknown],77,0.01083
grpc-tcp,48,server,runtime,libc.so.6,_int_malloc,73,0.01027
grpc-tcp,48,server,runtime,libc.so.6,_int_free,71,0.00999
grpc-tcp,48,server,kernel,[kernel.kallsyms],__nf_conntrack_find_get,63,0.00886
grpc-tcp,48,server,grpc,echo_grpc,grpc_core::MultiProducerSingleConsumerQueue::Push,45,0.00633
grpc-tcp,48,server,kernel,[kernel.kallsyms],entry_SYSCALL_64,44,0.00619
grpc-tcp,48,server,kernel,[kernel.kallsyms],__update_load_avg_se,43,0.00605
grpc-tcp,48,server,kernel,[kernel.kallsyms],strncpy,41,0.00577
grpc-tcp,48,server,runtime,libc.so.6,cfree@GLIBC_2.2.5,40,0.00563
grpc-tcp,48,server,kernel,[kernel.kallsyms],__calc_delta,39,0.00549
grpc-tcp,48,server,kernel,[kernel.kallsyms],copy_user_enhanced_fast_string,39,0.00549
grpc-tcp,48,server,grpc,echo_grpc,grpc_core::CallCombiner::Stop,37,0.00521
grpc-tcp,48,server,kernel,[kernel.kallsyms],_raw_spin_lock_irqsave,36,0.00507
grpc-tcp,48,server,kernel,[kernel.kallsyms],restore_fpregs_from_fpstate,35,0.00492
grpc-tcp,48,server,grpc,echo_grpc,grpc_core::FilterStackCall::StartBatch,34,0.00478
grpc-tcp,48,server,kernel,[kernel.kallsyms],update_load_avg,34,0.00478
grpc-tcp,48,server,grpc,echo_grpc,grpc_core::promise_filter_detail::ServerCallData::StartBatch,34,0.00478
grpc-tcp,48,server,kernel,[kernel.kallsyms],update_cfs_group,32,0.0045
grpc-tcp,48,server,grpc,echo_grpc,grpc_core::CallCombiner::Start,32,0.0045
grpc-tcp,48,server,grpc,echo_grpc,grpc_call_arena_alloc,31,0.00436
grpc-tcp,48,server,kernel,[kernel.kallsyms],enqueue_task_fair,31,0.00436
grpc-tcp,48,server,kernel,[kernel.kallsyms],tcp_recvmsg_locked,30,0.00422
grpc-tcp,48,server,kernel,[kernel.kallsyms],aa_dfa_match_len,29,0.00408
grpc-tcp,48,server,grpc,echo_grpc,grpc_combiner_continue_exec_ctx,28,0.00394
grpc-tcp,48,server,kernel,[kernel.kallsyms],_raw_spin_lock,27,0.0038
grpc-tcp,48,server,kernel,[kernel.kallsyms],nf_conntrack_in,27,0.0038
grpc-tcp,48,server,grpc,echo_grpc,absl::lts_20250512::Mutex::UnlockSlow,27,0.0038
grpc-tcp,48,server,grpc,echo_grpc,grpc_core::promise_filter_detail::BaseCallData::BaseCallData,27,0.0038
grpc-tcp,48,server,grpc,echo_grpc,grpc_core::promise_filter_detail::ServerCallData::ServerCallData,26,0.00366
grpc-tcp,48,server,kernel,[kernel.kallsyms],save_fpregs_to_fpstate,26,0.00366
grpc-tcp,48,server,kernel,[kernel.kallsyms],update_curr,26,0.00366
grpc-tcp,48,server,kernel,[kernel.kallsyms],__siphash_unaligned,26,0.00366
grpc-tcp,1008,client,kernel,[kernel.kallsyms],psi_group_change,162,0.02281
grpc-tcp,1008,client,grpc,bench_grpc,absl::lts_20250512::Mutex::Unlock,122,0.01718
grpc-tcp,1008,client,grpc,bench_grpc,absl::lts_20250512::Mutex::Lock,96,0.01352
grpc-tcp,1008,client,runtime,libc.so.6,malloc,90,0.01267
grpc-tcp,1008,client,vdso,[vdso],[unknown],69,0.00972
grpc-tcp,1008,client,kernel,[kernel.kallsyms],__update_load_avg_se,64,0.00901
grpc-tcp,1008,client,kernel,[kernel.kallsyms],entry_SYSCALL_64,62,0.00873
grpc-tcp,1008,client,runtime,libc.so.6,_int_free,62,0.00873
grpc-tcp,1008,client,grpc,bench_grpc,grpc_core::promise_filter_detail::BaseCallData::Flusher::~Flusher,61,0.00859
grpc-tcp,1008,client,runtime,libc.so.6,_int_malloc,61,0.00859
grpc-tcp,1008,client,kernel,[kernel.kallsyms],update_cfs_group,61,0.00859
grpc-tcp,1008,client,kernel,[kernel.kallsyms],copy_user_enhanced_fast_string,60,0.00845
grpc-tcp,1008,client,kernel,[kernel.kallsyms],_raw_spin_lock,53,0.00746
grpc-tcp,1008,client,kernel,[kernel.kallsyms],nft_do_chain,53,0.00746
grpc-tcp,1008,client,kernel,[kernel.kallsyms],enqueue_task_fair,53,0.00746
grpc-tcp,1008,client,grpc,bench_grpc,grpc_core::promise_filter_detail::ClientCallData::PollContext::Run,53,0.00746
grpc-tcp,1008,client,kernel,[kernel.kallsyms],__calc_delta,52,0.00732
grpc-tcp,1008,client,kernel,[kernel.kallsyms],update_load_avg,48,0.00676
grpc-tcp,1008,client,kernel,[kernel.kallsyms],__nf_conntrack_find_get,48,0.00676
grpc-tcp,1008,client,grpc,bench_grpc,_ZN9grpc_core5TableIJNS_15metadata_detail5ValueINS_17LbCostBinMetadataEvEENS2_INS_17GrpcStatusContextEvEENS2_INS_22W3CTraceParentMetadataEvEENS2_INS_22XForwardedHostMetadataEvEENS2_INS_21XForwardedForMetadataEvEENS2_INS_18XEnvoyPeerMetadataEvEENS2_INS_15LbTokenMetadataEvEENS2_INS_10PeerStringEvEENS2_INS_19GrpcTagsBinMetadataEvEENS2_INS_20GrpcTraceBinMetadataEvEENS2_INS_26GrpcServerStatsBinMetadataEvEENS2_INS_30EndpointLoadMetricsBinMetadataEvEENS2_INS_12HostMetadataEvEENS2_INS_19GrpcMessageMetadataEvEENS2_INS_17UserAgentMetadataEvEENS2_INS_21HttpAuthorityMetadataEvEENS2_INS_16HttpPathMetadataEvEENS2_INS_27GrpcRetryPushbackMsMetadataEvEENS2_INS_19GrpcTimeoutMetadataEvEENS2_INS_25GrpcLbClientStatsMetadataEvEENS2_INS_20GrpcRegisteredMethodEvEENS2_INS_27GrpcInternalEncodingRequestEvEENS2_INS_20GrpcEncodingMetadataEvEENS2_INS_18HttpStatusMetadataEvEENS2_INS_31GrpcPreviousRpcAttemptsMetadataEvEENS2_INS_18GrpcStatusMetadataEvEENS2_INS_12WaitForReadyEvEENS2_INS_22GrpcStreamNetworkStateEvEENS2_INS_26GrpcAcceptEncodingMetadataEvEENS2_INS_10GrpcTarPitEvEENS2_INS_20GrpcCallWasCancelledEvEENS2_INS_10TeMetadataEvEENS2_INS_19ContentTypeMetadataEvEENS2_INS_18HttpSchemeMetadataEvEENS2_INS_18GrpcStatusFromWireEvEENS2_INS_18HttpMethodMetadataEvEENS2_INS_16GrpcTrailersOnlyEvEENS2_INS_18IsTransparentRetryEvEEEE4MoveILb1EJLm0ELm1ELm2ELm3ELm4ELm5ELm6ELm7ELm8ELm9ELm10ELm11ELm12ELm13ELm14ELm15ELm16ELm17ELm18ELm19ELm20ELm21ELm22ELm23ELm24ELm25ELm26ELm27ELm28ELm29ELm30ELm31ELm32ELm33ELm34ELm35ELm36ELm37EEEEvSt16integer_sequenceImJXspT0_EEEOS27_.isra.0,47,0.00662
grpc-tcp,1008,client,grpc,bench_grpc,grpc_core::promise_filter_detail::BaseCallData::Flusher::Flusher,45,0.00634
grpc-tcp,1008,client,kernel,[kernel.kallsyms],_raw_spin_lock_irqsave,44,0.0062
grpc-tcp,1008,client,kernel,[kernel.kallsyms],__update_load_avg_cfs_rq,43,0.00605
grpc-tcp,1008,client,kernel,[kernel.kallsyms],update_curr,42,0.00591
grpc-tcp,1008,client,kernel,[kernel.kallsyms],restore_fpregs_from_fpstate,38,0.00535
grpc-tcp,1008,client,kernel,[kernel.kallsyms],__schedule,31,0.00436
grpc-tcp,1008,client,grpc,bench_grpc,_ZN9grpc_core5TableIJNS_15metadata_detail5ValueINS_17LbCostBinMetadataEvEENS2_INS_17GrpcStatusContextEvEENS2_INS_22W3CTraceParentMetadataEvEENS2_INS_22XForwardedHostMetadataEvEENS2_INS_21XForwardedForMetadataEvEENS2_INS_18XEnvoyPeerMetadataEvEENS2_INS_15LbTokenMetadataEvEENS2_INS_10PeerStringEvEENS2_INS_19GrpcTagsBinMetadataEvEENS2_INS_20GrpcTraceBinMetadataEvEENS2_INS_26GrpcServerStatsBinMetadataEvEENS2_INS_30EndpointLoadMetricsBinMetadataEvEENS2_INS_12HostMetadataEvEENS2_INS_19GrpcMessageMetadataEvEENS2_INS_17UserAgentMetadataEvEENS2_INS_21HttpAuthorityMetadataEvEENS2_INS_16HttpPathMetadataEvEENS2_INS_27GrpcRetryPushbackMsMetadataEvEENS2_INS_19GrpcTimeoutMetadataEvEENS2_INS_25GrpcLbClientStatsMetadataEvEENS2_INS_20GrpcRegisteredMethodEvEENS2_INS_27GrpcInternalEncodingRequestEvEENS2_INS_20GrpcEncodingMetadataEvEENS2_INS_18HttpStatusMetadataEvEENS2_INS_31GrpcPreviousRpcAttemptsMetadataEvEENS2_INS_18GrpcStatusMetadataEvEENS2_INS_12WaitForReadyEvEENS2_INS_22GrpcStreamNetworkStateEvEENS2_INS_26GrpcAcceptEncodingMetadataEvEENS2_INS_10GrpcTarPitEvEENS2_INS_20GrpcCallWasCancelledEvEENS2_INS_10TeMetadataEvEENS2_INS_19ContentTypeMetadataEvEENS2_INS_18HttpSchemeMetadataEvEENS2_INS_18GrpcStatusFromWireEvEENS2_INS_18HttpMethodMetadataEvEENS2_INS_16GrpcTrailersOnlyEvEENS2_INS_18IsTransparentRetryEvEEEE8DestructIJLm0ELm1ELm2ELm3ELm4ELm5ELm6ELm7ELm8ELm9ELm10ELm11ELm12ELm13ELm14ELm15ELm16ELm17ELm18ELm19ELm20ELm21ELm22ELm23ELm24ELm25ELm26ELm27ELm28ELm29ELm30ELm31ELm32ELm33ELm34ELm35ELm36ELm37EEEEvSt16integer_sequenceImJXspT_EEE.isra.0,31,0.00436
grpc-tcp,1008,client,kernel,[kernel.kallsyms],strncpy,31,0.00436
grpc-tcp,1008,client,kernel,[kernel.kallsyms],native_sched_clock,30,0.00422
grpc-tcp,1008,client,kernel,[kernel.kallsyms],__switch_to,29,0.00408
grpc-tcp,1008,client,grpc,bench_grpc,absl::lts_20250512::Mutex::UnlockSlow,29,0.00408
grpc-tcp,1008,client,kernel,[kernel.kallsyms],nf_ct_seq_offset,28,0.00394
grpc-tcp,1008,client,kernel,[kernel.kallsyms],native_queued_spin_lock_slowpath.part.0,27,0.0038
grpc-tcp,1008,client,grpc,bench_grpc,grpc_core::promise_filter_detail::ClientCallData::WakeInsideCombiner,27,0.0038
grpc-tcp,1008,client,kernel,[kernel.kallsyms],save_fpregs_to_fpstate,26,0.00366
grpc-tcp,1008,client,kernel,[kernel.kallsyms],tcp_recvmsg_locked,26,0.00366
grpc-tcp,1008,client,grpc,bench_grpc,grpc_core::promise_filter_detail::BaseCallData::BaseCallData,26,0.00366
grpc-tcp,1008,client,grpc,bench_grpc,"grpc_core::MetadataMap<grpc_metadata_batch, grpc_core::HttpPathMetadata, grpc_core::HttpAuthorityMetadata, grpc_core::HttpMethodMetadata, grpc_core::HttpStatusMetadata, grpc_core::HttpSchemeMetadata, grpc_core::ContentTypeMetadata, grpc_core::TeMetadata, grpc_core::GrpcEncodingMetadata, grpc_core::GrpcInternalEncodingRequest, grpc_core::GrpcAcceptEncodingMetadata, grpc_core::GrpcStatusMetadata, grpc_core::GrpcTimeoutMetadata, grpc_core::GrpcPreviousRpcAttemptsMetadata, grpc_core::GrpcRetryPushbackMsMetadata, grpc_core::UserAgentMetadata, grpc_core::GrpcMessageMetadata, grpc_core::HostMetadata, grpc_core::EndpointLoadMetricsBinMetadata, grpc_core::GrpcServerStatsBinMetadata, grpc_core::GrpcTraceBinMetadata, grpc_core::GrpcTagsBinMetadata, grpc_core::GrpcLbClientStatsMetadata, grpc_core::LbCostBinMetadata, grpc_core::LbTokenMetadata, grpc_core::XEnvoyPeerMetadata, grpc_core::XForwardedForMetadata, grpc_core::XForwardedHostMetadata, grpc_core::W3CTraceParentMetadata, grpc_core::GrpcStreamNetworkState, grpc_core::PeerString, grpc_core::GrpcStatusContext, grpc_core::GrpcStatusFromWire, grpc_core::GrpcCallWasCancelled, grpc_core::WaitForReady, grpc_core::IsTransparentRetry, grpc_core::GrpcTrailersOnly, grpc_core::GrpcTarPit, grpc_core::GrpcRegisteredMethod>::Clear",26,0.00366
grpc-tcp,1008,client,kernel,[kernel.kallsyms],reweight_entity,26,0.00366
grpc-tcp,1008,client,grpc,bench_grpc,grpc_slice_buffer_reset_and_unref,26,0.00366
grpc-tcp,1008,server,grpc,echo_grpc,absl::lts_20250512::Mutex::Unlock,163,0.02293
grpc-tcp,1008,server,grpc,echo_grpc,absl::lts_20250512::Mutex::Lock,138,0.01941
grpc-tcp,1008,server,kernel,[kernel.kallsyms],psi_group_change,136,0.01913
grpc-tcp,1008,server,grpc,echo_grpc,grpc_core::promise_filter_detail::BaseCallData::Flusher::~Flusher,100,0.01407
grpc-tcp,1008,server,grpc,echo_grpc,grpc_core::promise_filter_detail::BaseCallData::Flusher::Flusher,77,0.01083
grpc-tcp,1008,server,kernel,[kernel.kallsyms],copy_user_enhanced_fast_string,73,0.01027
grpc-tcp,1008,server,grpc,echo_grpc,grpc_core::promise_filter_detail::ServerCallData::WakeInsideCombiner,71,0.00999
grpc-tcp,1008,server,runtime,libc.so.6,malloc,69,0.00971
grpc-tcp,1008,server,kernel,[kernel.kallsyms],entry_SYSCALL_64,62,0.00872
grpc-tcp,1008,server,vdso,[vdso],[unknown],56,0.00788
grpc-tcp,1008,server,runtime,libc.so.6,_int_malloc,51,0.00717
grpc-tcp,1008,server,kernel,[kernel.kallsyms],nft_do_chain,50,0.00703
grpc-tcp,1008,server,runtime,libc.so.6,_int_free,50,0.00703
grpc-tcp,1008,server,kernel,[kernel.kallsyms],__nf_conntrack_find_get,49,0.00689
grpc-tcp,1008,server,kernel,[kernel.kallsyms],__update_load_avg_se,45,0.00633
grpc-tcp,1008,server,kernel,[kernel.kallsyms],enqueue_task_fair,41,0.00577
grpc-tcp,1008,server,kernel,[kernel.kallsyms],update_load_avg,39,0.00549
grpc-tcp,1008,server,kernel,[kernel.kallsyms],update_cfs_group,39,0.00549
grpc-tcp,1008,server,grpc,echo_grpc,grpc_core::MultiProducerSingleConsumerQueue::Push,38,0.00535
grpc-tcp,1008,server,kernel,[kernel.kallsyms],_raw_spin_lock_irqsave,36,0.00506
grpc-tcp,1008,server,grpc,echo_grpc,grpc_core::CallCombiner::Start,32,0.0045
grpc-tcp,1008,server,kernel,[kernel.kallsyms],aa_dfa_match_len,31,0.00436
grpc-tcp,1008,server,grpc,echo_grpc,grpc_core::CallCombiner::Stop,30,0.00422
grpc-tcp,1008,server,kernel,[kernel.kallsyms],restore_fpregs_from_fpstate,29,0.00408
grpc-tcp,1008,server,kernel,[kernel.kallsyms],_raw_spin_lock,28,0.00394
grpc-tcp,1008,server,kernel,[kernel.kallsyms],__update_load_avg_cfs_rq,28,0.00394
grpc-tcp,1008,server,kernel,[kernel.kallsyms],__calc_delta,28,0.00394
grpc-tcp,1008,server,kernel,[kernel.kallsyms],native_sched_clock,27,0.0038
grpc-tcp,1008,server,kernel,[kernel.kallsyms],__schedule,27,0.0038
grpc-tcp,1008,server,kernel,[kernel.kallsyms],update_min_vruntime,27,0.0038
grpc-tcp,1008,server,kernel,[kernel.kallsyms],strncpy,26,0.00366
grpc-tcp,1008,server,grpc,echo_grpc,grpc_combiner_continue_exec_ctx,26,0.00366
grpc-tcp,1008,server,grpc,echo_grpc,grpc_core::FilterStackCall::StartBatch,26,0.00366
grpc-tcp,1008,server,grpc,echo_grpc,grpc_core::promise_filter_detail::BaseCallData::BaseCallData,25,0.00352
grpc-tcp,1008,server,grpc,echo_grpc,grpc_event_engine::experimental::PosixEndpointImpl::TcpDoRead,25,0.00352
grpc-tcp,1008,server,kernel,[kernel.kallsyms],update_curr,25,0.00352
grpc-tcp,1008,server,kernel,[kernel.kallsyms],__switch_to,25,0.00352
grpc-tcp,1008,server,kernel,[kernel.kallsyms],update_rq_clock,24,0.00338
grpc-tcp,1008,server,grpc,echo_grpc,grpc_core::FilterStackCall::Create,23,0.00324
grpc-tcp,1008,server,runtime,libc.so.6,cfree@GLIBC_2.2.5,23,0.00324
