config,body,role,layer,dso,symbol,samples,cores
dpumesh-native,48,client,kernel,[kernel.kallsyms],psi_group_change,591,0.02478
dpumesh-native,48,client,vdso,[vdso],[unknown],419,0.01757
dpumesh-native,48,client,kernel,[kernel.kallsyms],entry_SYSCALL_64,241,0.0101
dpumesh-native,48,client,kernel,[kernel.kallsyms],update_cfs_group,235,0.00985
dpumesh-native,48,client,kernel,[kernel.kallsyms],restore_fpregs_from_fpstate,225,0.00943
dpumesh-native,48,client,kernel,[kernel.kallsyms],__calc_delta,183,0.00767
dpumesh-native,48,client,app,bench_dpumesh,worker_fn,174,0.0073
dpumesh-native,48,client,kernel,[kernel.kallsyms],__schedule,167,0.007
dpumesh-native,48,client,kernel,[kernel.kallsyms],__switch_to,162,0.00679
dpumesh-native,48,client,kernel,[kernel.kallsyms],save_fpregs_to_fpstate,160,0.00671
dpumesh-native,48,client,kernel,[kernel.kallsyms],native_queued_spin_lock_slowpath.part.0,143,0.006
dpumesh-native,48,client,kernel,[kernel.kallsyms],update_load_avg,140,0.00587
dpumesh-native,48,client,kernel,[kernel.kallsyms],native_sched_clock,133,0.00558
dpumesh-native,48,client,kernel,[kernel.kallsyms],_raw_spin_lock_irqsave,126,0.00528
dpumesh-native,48,client,kernel,[kernel.kallsyms],_raw_spin_lock_irq,125,0.00524
dpumesh-native,48,client,kernel,[kernel.kallsyms],__update_load_avg_cfs_rq,117,0.00491
dpumesh-native,48,client,kernel,[kernel.kallsyms],timerqueue_add,111,0.00465
dpumesh-native,48,client,kernel,[kernel.kallsyms],update_curr,111,0.00465
dpumesh-native,48,client,kernel,[kernel.kallsyms],pick_next_task_fair,111,0.00465
dpumesh-native,48,client,kernel,[kernel.kallsyms],__update_load_avg_se,105,0.0044
dpumesh-native,48,client,transport,libdpumesh.so.4,drain_rev_rings.part.0.constprop.0,105,0.0044
dpumesh-native,48,client,kernel,[kernel.kallsyms],__fget_files,101,0.00423
dpumesh-native,48,client,kernel,[kernel.kallsyms],read_tsc,98,0.00411
dpumesh-native,48,client,runtime,libc.so.6,epoll_pwait2,92,0.00386
dpumesh-native,48,client,kernel,[kernel.kallsyms],prepare_task_switch,90,0.00377
dpumesh-native,48,client,kernel,[kernel.kallsyms],update_min_vruntime,88,0.00369
dpumesh-native,48,client,kernel,[kernel.kallsyms],__rseq_handle_notify_resume,83,0.00348
dpumesh-native,48,client,kernel,[kernel.kallsyms],fput_many,83,0.00348
dpumesh-native,48,client,kernel,[kernel.kallsyms],arch_exit_to_user_mode_prepare.constprop.0,81,0.0034
dpumesh-native,48,client,kernel,[kernel.kallsyms],exit_to_user_mode_loop,81,0.0034
dpumesh-native,48,client,kernel,[kernel.kallsyms],__put_user_nocheck_8,80,0.00335
dpumesh-native,48,client,kernel,[kernel.kallsyms],rb_erase,78,0.00327
dpumesh-native,48,client,kernel,[kernel.kallsyms],reweight_entity,77,0.00323
dpumesh-native,48,client,kernel,[kernel.kallsyms],ep_poll,76,0.00319
dpumesh-native,48,client,kernel,[kernel.kallsyms],__get_user_8,72,0.00302
dpumesh-native,48,client,app,bench_dpumesh,on_reply,72,0.00302
dpumesh-native,48,client,kernel,[kernel.kallsyms],_raw_spin_lock,69,0.00289
dpumesh-native,48,client,kernel,[kernel.kallsyms],ktime_get_ts64,69,0.00289
dpumesh-native,48,client,transport,libdpumesh.so.4,dmesh_tx_qp_valid,63,0.00264
dpumesh-native,48,client,kernel,[kernel.kallsyms],__wrgsbase_inactive,61,0.00256
dpumesh-native,48,server,kernel,[kernel.kallsyms],psi_group_change,90,0.00402
dpumesh-native,48,server,transport,libdpumesh.so.4,drain_rev_rings.part.0.constprop.0,89,0.00397
dpumesh-native,48,server,transport,libdpumesh.so.4,dpumesh_publish_due_tails,66,0.00295
dpumesh-native,48,server,kernel,[kernel.kallsyms],entry_SYSCALL_64,64,0.00286
dpumesh-native,48,server,kernel,[kernel.kallsyms],_raw_spin_lock_irq,56,0.0025
dpumesh-native,48,server,kernel,[kernel.kallsyms],__calc_delta,51,0.00228
dpumesh-native,48,server,app,echo_dpumesh,reply_pump,48,0.00214
dpumesh-native,48,server,kernel,[kernel.kallsyms],ep_item_poll.isra.0,42,0.00188
dpumesh-native,48,server,kernel,[kernel.kallsyms],restore_fpregs_from_fpstate,40,0.00179
dpumesh-native,48,server,kernel,[kernel.kallsyms],_raw_spin_lock_irqsave,38,0.0017
dpumesh-native,48,server,kernel,[kernel.kallsyms],update_cfs_group,36,0.00161
dpumesh-native,48,server,kernel,[kernel.kallsyms],__switch_to,35,0.00156
dpumesh-native,48,server,transport,libdpumesh.so.4,dmesh_tx_qp_valid,35,0.00156
dpumesh-native,48,server,kernel,[kernel.kallsyms],reweight_entity,30,0.00134
dpumesh-native,48,server,kernel,[kernel.kallsyms],mutex_lock,30,0.00134
dpumesh-native,48,server,kernel,[kernel.kallsyms],__fget_files,30,0.00134
dpumesh-native,48,server,kernel,[kernel.kallsyms],arch_exit_to_user_mode_prepare.constprop.0,27,0.00121
dpumesh-native,48,server,kernel,[kernel.kallsyms],native_sched_clock,27,0.00121
dpumesh-native,48,server,kernel,[kernel.kallsyms],iterate_groups,27,0.00121
dpumesh-native,48,server,kernel,[kernel.kallsyms],save_fpregs_to_fpstate,27,0.00121
dpumesh-native,48,server,kernel,[kernel.kallsyms],syscall_return_via_sysret,26,0.00116
dpumesh-native,48,server,transport,libdpumesh.so.4,dpumesh_tx_reserve,25,0.00112
dpumesh-native,48,server,app,echo_dpumesh,main,25,0.00112
dpumesh-native,48,server,kernel,[kernel.kallsyms],fput_many,23,0.00103
dpumesh-native,48,server,kernel,[kernel.kallsyms],__update_load_avg_se,21,0.00094
dpumesh-native,48,server,kernel,[kernel.kallsyms],__put_user_nocheck_8,20,0.00089
dpumesh-native,48,server,kernel,[kernel.kallsyms],ep_send_events,19,0.00085
dpumesh-native,48,server,kernel,[kernel.kallsyms],update_curr,19,0.00085
dpumesh-native,48,server,driver,libdoca_comch.so.3.1.0105,[unknown],19,0.00085
dpumesh-native,48,server,vdso,[vdso],[unknown],19,0.00085
dpumesh-native,48,server,transport,libdpumesh.so.4,dpumesh_enqueue,18,0.0008
dpumesh-native,48,server,kernel,[kernel.kallsyms],__update_load_avg_cfs_rq,18,0.0008
dpumesh-native,48,server,kernel,[kernel.kallsyms],update_load_avg,18,0.0008
dpumesh-native,48,server,kernel,[kernel.kallsyms],exit_to_user_mode_loop,18,0.0008
dpumesh-native,48,server,kernel,[kernel.kallsyms],prepare_task_switch,17,0.00076
dpumesh-native,48,server,runtime,libc.so.6,__GI___pthread_disable_asynccancel,17,0.00076
dpumesh-native,48,server,kernel,[kernel.kallsyms],__schedule,17,0.00076
dpumesh-native,48,server,kernel,[kernel.kallsyms],__wrgsbase_inactive,17,0.00076
dpumesh-native,48,server,kernel,[kernel.kallsyms],enqueue_task_fair,17,0.00076
dpumesh-native,48,server,transport,libdpumesh.so.4,dpumesh_rx_free,16,0.00071
dpumesh-native,48,client,kernel,[kernel.kallsyms],psi_group_change,627,0.02612
dpumesh-native,48,client,vdso,[vdso],[unknown],514,0.02141
dpumesh-native,48,client,kernel,[kernel.kallsyms],restore_fpregs_from_fpstate,247,0.01029
dpumesh-native,48,client,kernel,[kernel.kallsyms],entry_SYSCALL_64,231,0.00962
dpumesh-native,48,client,app,bench_dpumesh,worker_fn,225,0.00937
dpumesh-native,48,client,kernel,[kernel.kallsyms],update_cfs_group,222,0.00925
dpumesh-native,48,client,kernel,[kernel.kallsyms],__switch_to,207,0.00862
dpumesh-native,48,client,kernel,[kernel.kallsyms],__calc_delta,202,0.00841
dpumesh-native,48,client,kernel,[kernel.kallsyms],native_queued_spin_lock_slowpath.part.0,180,0.0075
dpumesh-native,48,client,kernel,[kernel.kallsyms],__schedule,169,0.00704
dpumesh-native,48,client,kernel,[kernel.kallsyms],_raw_spin_lock_irq,153,0.00637
dpumesh-native,48,client,kernel,[kernel.kallsyms],save_fpregs_to_fpstate,141,0.00587
dpumesh-native,48,client,kernel,[kernel.kallsyms],native_sched_clock,132,0.0055
dpumesh-native,48,client,kernel,[kernel.kallsyms],update_load_avg,129,0.00537
dpumesh-native,48,client,app,bench_dpumesh,on_reply,126,0.00525
dpumesh-native,48,client,runtime,libc.so.6,epoll_pwait2,121,0.00504
dpumesh-native,48,client,kernel,[kernel.kallsyms],__update_load_avg_se,120,0.005
dpumesh-native,48,client,kernel,[kernel.kallsyms],pick_next_task_fair,116,0.00483
dpumesh-native,48,client,kernel,[kernel.kallsyms],timerqueue_add,115,0.00479
dpumesh-native,48,client,kernel,[kernel.kallsyms],update_curr,115,0.00479
dpumesh-native,48,client,kernel,[kernel.kallsyms],__update_load_avg_cfs_rq,114,0.00475
dpumesh-native,48,client,kernel,[kernel.kallsyms],__fget_files,111,0.00462
dpumesh-native,48,client,kernel,[kernel.kallsyms],arch_exit_to_user_mode_prepare.constprop.0,109,0.00454
dpumesh-native,48,client,kernel,[kernel.kallsyms],_raw_spin_lock_irqsave,109,0.00454
dpumesh-native,48,client,transport,libdpumesh.so.4,drain_rev_rings.part.0.constprop.0,104,0.00433
dpumesh-native,48,client,kernel,[kernel.kallsyms],update_min_vruntime,103,0.00429
dpumesh-native,48,client,kernel,[kernel.kallsyms],read_tsc,101,0.00421
dpumesh-native,48,client,kernel,[kernel.kallsyms],__rseq_handle_notify_resume,94,0.00392
dpumesh-native,48,client,transport,libdpumesh.so.4,dmesh_tx_qp_valid,94,0.00392
dpumesh-native,48,client,kernel,[kernel.kallsyms],exit_to_user_mode_loop,93,0.00387
dpumesh-native,48,client,kernel,[kernel.kallsyms],rb_erase,93,0.00387
dpumesh-native,48,client,kernel,[kernel.kallsyms],__put_user_nocheck_8,93,0.00387
dpumesh-native,48,client,kernel,[kernel.kallsyms],prepare_task_switch,90,0.00375
dpumesh-native,48,client,app,bench_dpumesh,bench_epoll_wait_until,89,0.00371
dpumesh-native,48,client,kernel,[kernel.kallsyms],reweight_entity,89,0.00371
dpumesh-native,48,client,kernel,[kernel.kallsyms],__get_user_8,88,0.00367
dpumesh-native,48,client,kernel,[kernel.kallsyms],ep_poll,84,0.0035
dpumesh-native,48,client,kernel,[kernel.kallsyms],__wrgsbase_inactive,79,0.00329
dpumesh-native,48,client,kernel,[kernel.kallsyms],fput_many,77,0.00321
dpumesh-native,48,client,kernel,[kernel.kallsyms],iterate_groups,71,0.00296
dpumesh-native,48,server,kernel,[kernel.kallsyms],entry_SYSCALL_64,92,0.00404
dpumesh-native,48,server,kernel,[kernel.kallsyms],psi_group_change,82,0.0036
dpumesh-native,48,server,transport,libdpumesh.so.4,dpumesh_publish_due_tails,75,0.00329
dpumesh-native,48,server,app,echo_dpumesh,reply_pump,73,0.0032
dpumesh-native,48,server,transport,libdpumesh.so.4,drain_rev_rings.part.0.constprop.0,68,0.00298
dpumesh-native,48,server,transport,libdpumesh.so.4,dmesh_tx_qp_valid,64,0.00281
dpumesh-native,48,server,kernel,[kernel.kallsyms],_raw_spin_lock_irq,59,0.00259
dpumesh-native,48,server,kernel,[kernel.kallsyms],__calc_delta,55,0.00241
dpumesh-native,48,server,kernel,[kernel.kallsyms],ep_item_poll.isra.0,41,0.0018
dpumesh-native,48,server,kernel,[kernel.kallsyms],_raw_spin_lock_irqsave,40,0.00175
dpumesh-native,48,server,transport,libdpumesh.so.4,dpumesh_tx_reserve,40,0.00175
dpumesh-native,48,server,app,echo_dpumesh,main,39,0.00171
dpumesh-native,48,server,kernel,[kernel.kallsyms],__fget_files,38,0.00167
dpumesh-native,48,server,kernel,[kernel.kallsyms],save_fpregs_to_fpstate,32,0.0014
dpumesh-native,48,server,kernel,[kernel.kallsyms],fput_many,28,0.00123
dpumesh-native,48,server,transport,libdpumesh.so.4,dpumesh_tx_commit,27,0.00118
dpumesh-native,48,server,kernel,[kernel.kallsyms],arch_exit_to_user_mode_prepare.constprop.0,27,0.00118
dpumesh-native,48,server,kernel,[kernel.kallsyms],__update_load_avg_cfs_rq,26,0.00114
dpumesh-native,48,server,transport,libdpumesh.so.4,[unknown],26,0.00114
dpumesh-native,48,server,kernel,[kernel.kallsyms],reweight_entity,24,0.00105
dpumesh-native,48,server,kernel,[kernel.kallsyms],mutex_lock,24,0.00105
dpumesh-native,48,server,app,echo_dpumesh,on_request,23,0.00101
dpumesh-native,48,server,kernel,[kernel.kallsyms],update_cfs_group,23,0.00101
dpumesh-native,48,server,kernel,[kernel.kallsyms],restore_fpregs_from_fpstate,22,0.00097
dpumesh-native,48,server,kernel,[kernel.kallsyms],__switch_to,22,0.00097
dpumesh-native,48,server,kernel,[kernel.kallsyms],__schedule,21,0.00092
dpumesh-native,48,server,kernel,[kernel.kallsyms],__update_load_avg_se,21,0.00092
dpumesh-native,48,server,transport,libdpumesh.so.4,dpumesh_enqueue,20,0.00088
dpumesh-native,48,server,kernel,[kernel.kallsyms],update_curr,20,0.00088
dpumesh-native,48,server,transport,libdpumesh.so.4,dmesh_tx_after_commit,19,0.00083
dpumesh-native,48,server,kernel,[kernel.kallsyms],x64_sys_call,18,0.00079
dpumesh-native,48,server,kernel,[kernel.kallsyms],native_sched_clock,18,0.00079
dpumesh-native,48,server,app,echo_dpumesh,[unknown],17,0.00075
dpumesh-native,48,server,kernel,[kernel.kallsyms],mutex_unlock,16,0.0007
dpumesh-native,48,server,kernel,[kernel.kallsyms],ep_poll,16,0.0007
dpumesh-native,48,server,kernel,[kernel.kallsyms],update_load_avg,16,0.0007
dpumesh-native,48,server,transport,libdpumesh.so.4,dpumesh_tx_next_send_upto.constprop.0,15,0.00066
dpumesh-native,48,server,driver,libdoca_common.so.3.1.0105,priv_doca_cq_poll_one,15,0.00066
dpumesh-native,48,server,kernel,[kernel.kallsyms],update_min_vruntime,15,0.00066
dpumesh-native,48,server,driver,libdoca_comch.so.3.1.0105,[unknown],15,0.00066
dpumesh-native,48,client,kernel,[kernel.kallsyms],psi_group_change,638,0.02631
dpumesh-native,48,client,vdso,[vdso],[unknown],568,0.02343
dpumesh-native,48,client,app,bench_dpumesh,worker_fn,270,0.01114
dpumesh-native,48,client,kernel,[kernel.kallsyms],entry_SYSCALL_64,255,0.01052
dpumesh-native,48,client,kernel,[kernel.kallsyms],restore_fpregs_from_fpstate,222,0.00916
dpumesh-native,48,client,kernel,[kernel.kallsyms],__calc_delta,215,0.00887
dpumesh-native,48,client,kernel,[kernel.kallsyms],update_cfs_group,207,0.00854
dpumesh-native,48,client,app,bench_dpumesh,on_reply,204,0.00841
dpumesh-native,48,client,kernel,[kernel.kallsyms],native_queued_spin_lock_slowpath.part.0,178,0.00734
dpumesh-native,48,client,kernel,[kernel.kallsyms],__schedule,177,0.0073
dpumesh-native,48,client,kernel,[kernel.kallsyms],__switch_to,165,0.00681
dpumesh-native,48,client,kernel,[kernel.kallsyms],save_fpregs_to_fpstate,160,0.0066
dpumesh-native,48,client,transport,libdpumesh.so.4,dmesh_tx_qp_valid,158,0.00652
dpumesh-native,48,client,kernel,[kernel.kallsyms],native_sched_clock,153,0.00631
dpumesh-native,48,client,kernel,[kernel.kallsyms],update_curr,152,0.00627
dpumesh-native,48,client,kernel,[kernel.kallsyms],update_load_avg,140,0.00577
dpumesh-native,48,client,kernel,[kernel.kallsyms],_raw_spin_lock_irq,135,0.00557
dpumesh-native,48,client,kernel,[kernel.kallsyms],pick_next_task_fair,131,0.0054
dpumesh-native,48,client,kernel,[kernel.kallsyms],__update_load_avg_se,129,0.00532
dpumesh-native,48,client,kernel,[kernel.kallsyms],__fget_files,128,0.00528
dpumesh-native,48,client,kernel,[kernel.kallsyms],_raw_spin_lock_irqsave,121,0.00499
dpumesh-native,48,client,kernel,[kernel.kallsyms],__update_load_avg_cfs_rq,119,0.00491
dpumesh-native,48,client,kernel,[kernel.kallsyms],timerqueue_add,118,0.00487
dpumesh-native,48,client,kernel,[kernel.kallsyms],read_tsc,111,0.00458
dpumesh-native,48,client,kernel,[kernel.kallsyms],prepare_task_switch,110,0.00454
dpumesh-native,48,client,kernel,[kernel.kallsyms],update_min_vruntime,108,0.00445
dpumesh-native,48,client,kernel,[kernel.kallsyms],__get_user_8,101,0.00417
dpumesh-native,48,client,kernel,[kernel.kallsyms],arch_exit_to_user_mode_prepare.constprop.0,98,0.00404
dpumesh-native,48,client,kernel,[kernel.kallsyms],__put_user_nocheck_8,96,0.00396
dpumesh-native,48,client,kernel,[kernel.kallsyms],__rseq_handle_notify_resume,95,0.00392
dpumesh-native,48,client,kernel,[kernel.kallsyms],rb_erase,94,0.00388
dpumesh-native,48,client,transport,libdpumesh.so.4,dpumesh_tx_reserve,91,0.00375
dpumesh-native,48,client,transport,libdpumesh.so.4,drain_rev_rings.part.0.constprop.0,86,0.00355
dpumesh-native,48,client,kernel,[kernel.kallsyms],ep_poll,81,0.00334
dpumesh-native,48,client,kernel,[kernel.kallsyms],exit_to_user_mode_loop,78,0.00322
dpumesh-native,48,client,kernel,[kernel.kallsyms],__wrgsbase_inactive,77,0.00318
dpumesh-native,48,client,kernel,[kernel.kallsyms],reweight_entity,76,0.00313
dpumesh-native,48,client,runtime,libc.so.6,epoll_pwait2,76,0.00313
dpumesh-native,48,client,app,bench_dpumesh,bench_epoll_wait_until,72,0.00297
dpumesh-native,48,client,transport,libdpumesh.so.4,[unknown],71,0.00293
dpumesh-native,48,server,app,echo_dpumesh,reply_pump,132,0.00572
dpumesh-native,48,server,transport,libdpumesh.so.4,drain_rev_rings.part.0.constprop.0,111,0.00481
dpumesh-native,48,server,kernel,[kernel.kallsyms],psi_group_change,89,0.00386
dpumesh-native,48,server,kernel,[kernel.kallsyms],entry_SYSCALL_64,84,0.00364
dpumesh-native,48,server,transport,libdpumesh.so.4,dmesh_tx_qp_valid,82,0.00355
dpumesh-native,48,server,transport,libdpumesh.so.4,dpumesh_tx_reserve,72,0.00312
dpumesh-native,48,server,transport,libdpumesh.so.4,dpumesh_publish_due_tails,68,0.00295
dpumesh-native,48,server,kernel,[kernel.kallsyms],update_cfs_group,44,0.00191
dpumesh-native,48,server,transport,libdpumesh.so.4,dpumesh_tx_commit,44,0.00191
dpumesh-native,48,server,kernel,[kernel.kallsyms],ep_item_poll.isra.0,41,0.00178
dpumesh-native,48,server,kernel,[kernel.kallsyms],__calc_delta,37,0.0016
dpumesh-native,48,server,app,echo_dpumesh,main,35,0.00152
dpumesh-native,48,server,kernel,[kernel.kallsyms],__update_load_avg_cfs_rq,32,0.00139
dpumesh-native,48,server,kernel,[kernel.kallsyms],_raw_spin_lock_irq,30,0.0013
dpumesh-native,48,server,kernel,[kernel.kallsyms],save_fpregs_to_fpstate,30,0.0013
dpumesh-native,48,server,kernel,[kernel.kallsyms],_raw_spin_lock_irqsave,29,0.00126
dpumesh-native,48,server,kernel,[kernel.kallsyms],mutex_lock,29,0.00126
dpumesh-native,48,server,kernel,[kernel.kallsyms],__fget_files,29,0.00126
dpumesh-native,48,server,kernel,[kernel.kallsyms],fput_many,29,0.00126
dpumesh-native,48,server,transport,libdpumesh.so.4,dmesh_tx_after_commit,28,0.00121
dpumesh-native,48,server,kernel,[kernel.kallsyms],__switch_to,24,0.00104
dpumesh-native,48,server,kernel,[kernel.kallsyms],update_load_avg,24,0.00104
dpumesh-native,48,server,kernel,[kernel.kallsyms],restore_fpregs_from_fpstate,24,0.00104
dpumesh-native,48,server,kernel,[kernel.kallsyms],__schedule,23,0.001
dpumesh-native,48,server,kernel,[kernel.kallsyms],ep_poll,23,0.001
dpumesh-native,48,server,app,echo_dpumesh,on_request,23,0.001
dpumesh-native,48,server,kernel,[kernel.kallsyms],update_curr,22,0.00095
dpumesh-native,48,server,driver,libdoca_comch.so.3.1.0105,[unknown],22,0.00095
dpumesh-native,48,server,kernel,[kernel.kallsyms],native_sched_clock,22,0.00095
dpumesh-native,48,server,transport,libdpumesh.so.4,[unknown],22,0.00095
dpumesh-native,48,server,kernel,[kernel.kallsyms],__put_user_nocheck_8,21,0.00091
dpumesh-native,48,server,kernel,[kernel.kallsyms],arch_exit_to_user_mode_prepare.constprop.0,21,0.00091
dpumesh-native,48,server,app,echo_dpumesh,[unknown],20,0.00087
dpumesh-native,48,server,kernel,[kernel.kallsyms],cpuacct_charge,18,0.00078
dpumesh-native,48,server,runtime,libc.so.6,__GI___pthread_disable_asynccancel,17,0.00074
dpumesh-native,48,server,kernel,[kernel.kallsyms],update_min_vruntime,17,0.00074
dpumesh-native,48,server,kernel,[kernel.kallsyms],__get_user_8,16,0.00069
dpumesh-native,48,server,kernel,[kernel.kallsyms],__wrgsbase_inactive,15,0.00065
dpumesh-native,48,server,driver,libdoca_common.so.3.1.0105,[unknown],15,0.00065
dpumesh-native,48,server,transport,libdpumesh.so.4,dmesh_drain_tx_upto_locked.constprop.0,15,0.00065
dpumesh-native,1008,client,kernel,[kernel.kallsyms],psi_group_change,643,0.02656
dpumesh-native,1008,client,vdso,[vdso],[unknown],516,0.02131
dpumesh-native,1008,client,kernel,[kernel.kallsyms],restore_fpregs_from_fpstate,286,0.01181
dpumesh-native,1008,client,kernel,[kernel.kallsyms],entry_SYSCALL_64,263,0.01086
dpumesh-native,1008,client,kernel,[kernel.kallsyms],update_cfs_group,251,0.01037
dpumesh-native,1008,client,app,bench_dpumesh,worker_fn,232,0.00958
dpumesh-native,1008,client,kernel,[kernel.kallsyms],__calc_delta,229,0.00946
dpumesh-native,1008,client,kernel,[kernel.kallsyms],__switch_to,216,0.00892
dpumesh-native,1008,client,app,bench_dpumesh,on_reply,195,0.00805
dpumesh-native,1008,client,kernel,[kernel.kallsyms],__schedule,190,0.00785
dpumesh-native,1008,client,kernel,[kernel.kallsyms],save_fpregs_to_fpstate,180,0.00743
dpumesh-native,1008,client,transport,libdpumesh.so.4,dmesh_tx_qp_valid,171,0.00706
dpumesh-native,1008,client,kernel,[kernel.kallsyms],_raw_spin_lock_irq,162,0.00669
dpumesh-native,1008,client,kernel,[kernel.kallsyms],__update_load_avg_cfs_rq,160,0.00661
dpumesh-native,1008,client,transport,libdpumesh.so.4,drain_rev_rings.part.0.constprop.0,157,0.00648
dpumesh-native,1008,client,kernel,[kernel.kallsyms],native_sched_clock,152,0.00628
dpumesh-native,1008,client,kernel,[kernel.kallsyms],update_curr,149,0.00615
dpumesh-native,1008,client,kernel,[kernel.kallsyms],__fget_files,148,0.00611
dpumesh-native,1008,client,kernel,[kernel.kallsyms],native_queued_spin_lock_slowpath.part.0,142,0.00586
dpumesh-native,1008,client,kernel,[kernel.kallsyms],read_tsc,141,0.00582
dpumesh-native,1008,client,kernel,[kernel.kallsyms],_raw_spin_lock_irqsave,133,0.00549
dpumesh-native,1008,client,kernel,[kernel.kallsyms],pick_next_task_fair,133,0.00549
dpumesh-native,1008,client,kernel,[kernel.kallsyms],__update_load_avg_se,132,0.00545
dpumesh-native,1008,client,kernel,[kernel.kallsyms],update_load_avg,130,0.00537
dpumesh-native,1008,client,kernel,[kernel.kallsyms],__rseq_handle_notify_resume,108,0.00446
dpumesh-native,1008,client,kernel,[kernel.kallsyms],__get_user_8,106,0.00438
dpumesh-native,1008,client,kernel,[kernel.kallsyms],timerqueue_add,105,0.00434
dpumesh-native,1008,client,kernel,[kernel.kallsyms],arch_exit_to_user_mode_prepare.constprop.0,102,0.00421
dpumesh-native,1008,client,app,bench_dpumesh,bench_epoll_wait_until,101,0.00417
dpumesh-native,1008,client,kernel,[kernel.kallsyms],prepare_task_switch,99,0.00409
dpumesh-native,1008,client,kernel,[kernel.kallsyms],update_min_vruntime,97,0.00401
dpumesh-native,1008,client,kernel,[kernel.kallsyms],fput_many,91,0.00376
dpumesh-native,1008,client,kernel,[kernel.kallsyms],__wrgsbase_inactive,90,0.00372
dpumesh-native,1008,client,runtime,libc.so.6,epoll_pwait2,89,0.00368
dpumesh-native,1008,client,kernel,[kernel.kallsyms],reweight_entity,88,0.00363
dpumesh-native,1008,client,kernel,[kernel.kallsyms],set_next_buddy,87,0.00359
dpumesh-native,1008,client,kernel,[kernel.kallsyms],rb_erase,87,0.00359
dpumesh-native,1008,client,transport,libdpumesh.so.4,dpumesh_tx_commit,81,0.00335
dpumesh-native,1008,client,kernel,[kernel.kallsyms],exit_to_user_mode_loop,81,0.00335
dpumesh-native,1008,client,kernel,[kernel.kallsyms],_raw_spin_lock,74,0.00306
dpumesh-native,1008,server,app,echo_dpumesh,reply_pump,265,0.01139
dpumesh-native,1008,server,transport,libdpumesh.so.4,drain_rev_rings.part.0.constprop.0,226,0.00971
dpumesh-native,1008,server,kernel,[kernel.kallsyms],psi_group_change,170,0.00731
dpumesh-native,1008,server,kernel,[kernel.kallsyms],entry_SYSCALL_64,99,0.00425
dpumesh-native,1008,server,kernel,[kernel.kallsyms],update_cfs_group,87,0.00374
dpumesh-native,1008,server,transport,libdpumesh.so.4,dmesh_tx_qp_valid,84,0.00361
dpumesh-native,1008,server,app,echo_dpumesh,main,82,0.00352
dpumesh-native,1008,server,kernel,[kernel.kallsyms],__calc_delta,80,0.00344
dpumesh-native,1008,server,kernel,[kernel.kallsyms],restore_fpregs_from_fpstate,80,0.00344
dpumesh-native,1008,server,kernel,[kernel.kallsyms],__fget_files,74,0.00318
dpumesh-native,1008,server,kernel,[kernel.kallsyms],_raw_spin_lock_irq,73,0.00314
dpumesh-native,1008,server,transport,libdpumesh.so.4,dpumesh_tx_reserve,69,0.00297
dpumesh-native,1008,server,kernel,[kernel.kallsyms],__schedule,68,0.00292
dpumesh-native,1008,server,driver,libdoca_common.so.3.1.0105,[unknown],65,0.00279
dpumesh-native,1008,server,transport,libdpumesh.so.4,dpumesh_enqueue,64,0.00275
dpumesh-native,1008,server,transport,libdpumesh.so.4,dpumesh_tx_commit,64,0.00275
dpumesh-native,1008,server,transport,libdpumesh.so.4,dmesh_tx_after_commit,63,0.00271
dpumesh-native,1008,server,kernel,[kernel.kallsyms],ep_item_poll.isra.0,60,0.00258
dpumesh-native,1008,server,kernel,[kernel.kallsyms],update_curr,54,0.00232
dpumesh-native,1008,server,kernel,[kernel.kallsyms],__switch_to,53,0.00228
dpumesh-native,1008,server,kernel,[kernel.kallsyms],ep_poll,49,0.00211
dpumesh-native,1008,server,runtime,libc.so.6,__memset_avx512_unaligned_erms,49,0.00211
dpumesh-native,1008,server,kernel,[kernel.kallsyms],fput_many,49,0.00211
dpumesh-native,1008,server,kernel,[kernel.kallsyms],save_fpregs_to_fpstate,48,0.00206
dpumesh-native,1008,server,kernel,[kernel.kallsyms],native_sched_clock,48,0.00206
dpumesh-native,1008,server,kernel,[kernel.kallsyms],_raw_spin_lock_irqsave,48,0.00206
dpumesh-native,1008,server,kernel,[kernel.kallsyms],update_load_avg,45,0.00193
dpumesh-native,1008,server,kernel,[kernel.kallsyms],mutex_lock,45,0.00193
dpumesh-native,1008,server,runtime,libc.so.6,__memmove_avx512_unaligned_erms,44,0.00189
dpumesh-native,1008,server,kernel,[kernel.kallsyms],__update_load_avg_se,43,0.00185
dpumesh-native,1008,server,runtime,libc.so.6,epoll_wait,42,0.0018
dpumesh-native,1008,server,kernel,[kernel.kallsyms],__wrgsbase_inactive,42,0.0018
dpumesh-native,1008,server,runtime,libc.so.6,read,40,0.00172
dpumesh-native,1008,server,app,echo_dpumesh,on_request,39,0.00168
dpumesh-native,1008,server,kernel,[kernel.kallsyms],pick_next_task_fair,38,0.00163
dpumesh-native,1008,server,kernel,[kernel.kallsyms],__update_load_avg_cfs_rq,38,0.00163
dpumesh-native,1008,server,kernel,[kernel.kallsyms],__fget_light,37,0.00159
dpumesh-native,1008,server,kernel,[kernel.kallsyms],exit_to_user_mode_loop,36,0.00155
dpumesh-native,1008,server,transport,libdpumesh.so.4,[unknown],36,0.00155
dpumesh-native,1008,server,driver,libdoca_comch.so.3.1.0105,[unknown],35,0.0015
dpumesh-preload,48,client,kernel,[kernel.kallsyms],psi_group_change,141,0.02332
dpumesh-preload,48,client,runtime,libc.so.6,pthread_mutex_unlock@@GLIBC_2.2.5,98,0.01621
dpumesh-preload,48,client,kernel,[kernel.kallsyms],entry_SYSCALL_64,97,0.01604
dpumesh-preload,48,client,runtime,libc.so.6,pthread_mutex_lock@@GLIBC_2.2.5,79,0.01307
dpumesh-preload,48,client,kernel,[kernel.kallsyms],update_cfs_group,67,0.01108
dpumesh-preload,48,client,kernel,[kernel.kallsyms],__switch_to,58,0.00959
dpumesh-preload,48,client,kernel,[kernel.kallsyms],__calc_delta,58,0.00959
dpumesh-preload,48,client,kernel,[kernel.kallsyms],__fget_files,57,0.00943
dpumesh-preload,48,client,kernel,[kernel.kallsyms],_raw_spin_lock_irqsave,56,0.00926
dpumesh-preload,48,client,kernel,[kernel.kallsyms],__schedule,55,0.0091
dpumesh-preload,48,client,vdso,[vdso],[unknown],53,0.00877
dpumesh-preload,48,client,kernel,[kernel.kallsyms],restore_fpregs_from_fpstate,51,0.00843
dpumesh-preload,48,client,kernel,[kernel.kallsyms],_raw_spin_lock,47,0.00777
dpumesh-preload,48,client,kernel,[kernel.kallsyms],arch_exit_to_user_mode_prepare.constprop.0,46,0.00761
dpumesh-preload,48,client,kernel,[kernel.kallsyms],update_load_avg,42,0.00695
dpumesh-preload,48,client,kernel,[kernel.kallsyms],timerqueue_add,41,0.00678
dpumesh-preload,48,client,app,bench_sock,worker_fn,40,0.00662
dpumesh-preload,48,client,kernel,[kernel.kallsyms],update_curr,39,0.00645
dpumesh-preload,48,client,kernel,[kernel.kallsyms],_raw_spin_lock_irq,39,0.00645
dpumesh-preload,48,client,transport,libdpumesh.so.4,drain_rev_rings.part.0.constprop.0,38,0.00628
dpumesh-preload,48,client,kernel,[kernel.kallsyms],__update_load_avg_cfs_rq,37,0.00612
dpumesh-preload,48,client,kernel,[kernel.kallsyms],save_fpregs_to_fpstate,34,0.00562
dpumesh-preload,48,client,kernel,[kernel.kallsyms],__update_load_avg_se,32,0.00529
dpumesh-preload,48,client,kernel,[kernel.kallsyms],fput_many,31,0.00513
dpumesh-preload,48,client,kernel,[kernel.kallsyms],native_sched_clock,31,0.00513
dpumesh-preload,48,client,kernel,[kernel.kallsyms],reweight_entity,29,0.0048
dpumesh-preload,48,client,transport,libdpumesh.so.4,dmesh_eq_suppress_notify,26,0.0043
dpumesh-preload,48,client,runtime,libc.so.6,read,26,0.0043
dpumesh-preload,48,client,kernel,[kernel.kallsyms],__rseq_handle_notify_resume,26,0.0043
dpumesh-preload,48,client,kernel,[kernel.kallsyms],update_min_vruntime,26,0.0043
dpumesh-preload,48,client,kernel,[kernel.kallsyms],pick_next_task_fair,25,0.00413
dpumesh-preload,48,client,runtime,libc.so.6,epoll_pwait2,24,0.00397
dpumesh-preload,48,client,kernel,[kernel.kallsyms],read_tsc,21,0.00347
dpumesh-preload,48,client,app,bench_sock,on_reply,20,0.00331
dpumesh-preload,48,client,kernel,[kernel.kallsyms],__get_user_8,19,0.00314
dpumesh-preload,48,client,kernel,[kernel.kallsyms],__wrgsbase_inactive,19,0.00314
dpumesh-preload,48,client,kernel,[kernel.kallsyms],__put_user_nocheck_8,19,0.00314
dpumesh-preload,48,client,kernel,[kernel.kallsyms],sock_read_iter,18,0.00298
dpumesh-preload,48,client,kernel,[kernel.kallsyms],iterate_groups,18,0.00298
dpumesh-preload,48,client,app,bench_sock,bench_epoll_wait_until,18,0.00298
dpumesh-preload,48,server,kernel,[kernel.kallsyms],psi_group_change,54,0.00921
dpumesh-preload,48,server,kernel,[kernel.kallsyms],entry_SYSCALL_64,45,0.00768
dpumesh-preload,48,server,runtime,libc.so.6,pthread_mutex_lock@@GLIBC_2.2.5,33,0.00563
dpumesh-preload,48,server,transport,libdpumesh.so.4,drain_rev_rings.part.0.constprop.0,29,0.00495
dpumesh-preload,48,server,kernel,[kernel.kallsyms],__calc_delta,25,0.00427
dpumesh-preload,48,server,kernel,[kernel.kallsyms],__fget_files,25,0.00427
dpumesh-preload,48,server,kernel,[kernel.kallsyms],_raw_spin_lock_irq,24,0.0041
dpumesh-preload,48,server,kernel,[kernel.kallsyms],_raw_spin_lock_irqsave,22,0.00375
dpumesh-preload,48,server,kernel,[kernel.kallsyms],restore_fpregs_from_fpstate,22,0.00375
dpumesh-preload,48,server,kernel,[kernel.kallsyms],ep_item_poll.isra.0,18,0.00307
dpumesh-preload,48,server,kernel,[kernel.kallsyms],__switch_to,18,0.00307
dpumesh-preload,48,server,kernel,[kernel.kallsyms],update_cfs_group,17,0.0029
dpumesh-preload,48,server,kernel,[kernel.kallsyms],__update_load_avg_cfs_rq,17,0.0029
dpumesh-preload,48,server,kernel,[kernel.kallsyms],__schedule,16,0.00273
dpumesh-preload,48,server,kernel,[kernel.kallsyms],fput_many,16,0.00273
dpumesh-preload,48,server,runtime,libc.so.6,pthread_mutex_unlock@@GLIBC_2.2.5,16,0.00273
dpumesh-preload,48,server,kernel,[kernel.kallsyms],native_sched_clock,15,0.00256
dpumesh-preload,48,server,kernel,[kernel.kallsyms],__update_load_avg_se,15,0.00256
dpumesh-preload,48,server,driver,libdoca_comch.so.3.1.0105,[unknown],14,0.00239
dpumesh-preload,48,server,kernel,[kernel.kallsyms],update_load_avg,14,0.00239
dpumesh-preload,48,server,driver,libdoca_common.so.3.1.0105,[unknown],14,0.00239
dpumesh-preload,48,server,kernel,[kernel.kallsyms],update_curr,13,0.00222
dpumesh-preload,48,server,kernel,[kernel.kallsyms],mutex_lock,12,0.00205
dpumesh-preload,48,server,kernel,[kernel.kallsyms],arch_exit_to_user_mode_prepare.constprop.0,12,0.00205
dpumesh-preload,48,server,kernel,[kernel.kallsyms],do_sys_poll,12,0.00205
dpumesh-preload,48,server,kernel,[kernel.kallsyms],pick_next_task_fair,12,0.00205
dpumesh-preload,48,server,kernel,[kernel.kallsyms],enqueue_task_fair,11,0.00188
dpumesh-preload,48,server,kernel,[kernel.kallsyms],save_fpregs_to_fpstate,11,0.00188
dpumesh-preload,48,server,kernel,[kernel.kallsyms],do_poll.constprop.0,11,0.00188
dpumesh-preload,48,server,kernel,[kernel.kallsyms],_raw_spin_lock,10,0.00171
dpumesh-preload,48,server,kernel,[kernel.kallsyms],exit_to_user_mode_loop,10,0.00171
dpumesh-preload,48,server,kernel,[kernel.kallsyms],reweight_entity,10,0.00171
dpumesh-preload,48,server,driver,libdoca_common.so.3.1.0105,priv_doca_cq_poll_one,9,0.00154
dpumesh-preload,48,server,kernel,[kernel.kallsyms],__wrgsbase_inactive,9,0.00154
dpumesh-preload,48,server,kernel,[kernel.kallsyms],__get_user_8,9,0.00154
dpumesh-preload,48,server,kernel,[kernel.kallsyms],copy_user_generic_unrolled,9,0.00154
dpumesh-preload,48,server,runtime,libc.so.6,__GI___libc_write,8,0.00137
dpumesh-preload,48,server,kernel,[kernel.kallsyms],clear_buddies,8,0.00137
dpumesh-preload,48,server,runtime,libc.so.6,read,8,0.00137
dpumesh-preload,48,server,runtime,libc.so.6,__memmove_avx512_unaligned_erms,8,0.00137
dpumesh-preload,48,client,kernel,[kernel.kallsyms],psi_group_change,173,0.02835
dpumesh-preload,48,client,runtime,libc.so.6,pthread_mutex_lock@@GLIBC_2.2.5,127,0.02082
dpumesh-preload,48,client,runtime,libc.so.6,pthread_mutex_unlock@@GLIBC_2.2.5,110,0.01803
dpumesh-preload,48,client,vdso,[vdso],[unknown],87,0.01426
dpumesh-preload,48,client,kernel,[kernel.kallsyms],entry_SYSCALL_64,82,0.01344
dpumesh-preload,48,client,kernel,[kernel.kallsyms],restore_fpregs_from_fpstate,72,0.0118
dpumesh-preload,48,client,kernel,[kernel.kallsyms],update_cfs_group,62,0.01016
dpumesh-preload,48,client,kernel,[kernel.kallsyms],__switch_to,56,0.00918
dpumesh-preload,48,client,kernel,[kernel.kallsyms],__fget_files,52,0.00852
dpumesh-preload,48,client,kernel,[kernel.kallsyms],__schedule,50,0.0082
dpumesh-preload,48,client,kernel,[kernel.kallsyms],__calc_delta,49,0.00803
dpumesh-preload,48,client,kernel,[kernel.kallsyms],update_curr,46,0.00754
dpumesh-preload,48,client,kernel,[kernel.kallsyms],pick_next_task_fair,44,0.00721
dpumesh-preload,48,client,kernel,[kernel.kallsyms],update_load_avg,43,0.00705
dpumesh-preload,48,client,kernel,[kernel.kallsyms],arch_exit_to_user_mode_prepare.constprop.0,41,0.00672
dpumesh-preload,48,client,kernel,[kernel.kallsyms],_raw_spin_lock_irqsave,38,0.00623
dpumesh-preload,48,client,kernel,[kernel.kallsyms],save_fpregs_to_fpstate,38,0.00623
dpumesh-preload,48,client,kernel,[kernel.kallsyms],_raw_spin_lock_irq,36,0.0059
dpumesh-preload,48,client,kernel,[kernel.kallsyms],native_sched_clock,36,0.0059
dpumesh-preload,48,client,app,bench_sock,on_reply,33,0.00541
dpumesh-preload,48,client,app,bench_sock,bench_epoll_wait_until,32,0.00524
dpumesh-preload,48,client,kernel,[kernel.kallsyms],timerqueue_add,32,0.00524
dpumesh-preload,48,client,kernel,[kernel.kallsyms],read_tsc,31,0.00508
dpumesh-preload,48,client,kernel,[kernel.kallsyms],fput_many,30,0.00492
dpumesh-preload,48,client,runtime,libc.so.6,epoll_pwait2,28,0.00459
dpumesh-preload,48,client,kernel,[kernel.kallsyms],rb_erase,28,0.00459
dpumesh-preload,48,client,kernel,[kernel.kallsyms],__rseq_handle_notify_resume,28,0.00459
dpumesh-preload,48,client,runtime,libc.so.6,read,27,0.00443
dpumesh-preload,48,client,transport,libdpumesh.so.4,drain_rev_rings.part.0.constprop.0,27,0.00443
dpumesh-preload,48,client,kernel,[kernel.kallsyms],_raw_spin_lock,27,0.00443
dpumesh-preload,48,client,app,bench_sock,worker_fn,26,0.00426
dpumesh-preload,48,client,kernel,[kernel.kallsyms],__update_load_avg_cfs_rq,25,0.0041
dpumesh-preload,48,client,kernel,[kernel.kallsyms],update_min_vruntime,24,0.00393
dpumesh-preload,48,client,kernel,[kernel.kallsyms],__get_user_8,23,0.00377
dpumesh-preload,48,client,kernel,[kernel.kallsyms],iterate_groups,23,0.00377
dpumesh-preload,48,client,runtime,libc.so.6,__GI___pthread_disable_asynccancel,22,0.00361
dpumesh-preload,48,client,kernel,[kernel.kallsyms],__update_load_avg_se,22,0.00361
dpumesh-preload,48,client,kernel,[kernel.kallsyms],__wrgsbase_inactive,22,0.00361
dpumesh-preload,48,client,kernel,[kernel.kallsyms],prepare_task_switch,21,0.00344
dpumesh-preload,48,client,kernel,[kernel.kallsyms],mutex_lock,21,0.00344
dpumesh-preload,48,server,kernel,[kernel.kallsyms],psi_group_change,53,0.00901
dpumesh-preload,48,server,transport,libdpumesh.so.4,drain_rev_rings.part.0.constprop.0,41,0.00697
dpumesh-preload,48,server,kernel,[kernel.kallsyms],__fget_files,36,0.00612
dpumesh-preload,48,server,kernel,[kernel.kallsyms],entry_SYSCALL_64,35,0.00595
dpumesh-preload,48,server,kernel,[kernel.kallsyms],restore_fpregs_from_fpstate,32,0.00544
dpumesh-preload,48,server,runtime,libc.so.6,__memmove_avx512_unaligned_erms,29,0.00493
dpumesh-preload,48,server,kernel,[kernel.kallsyms],fput_many,25,0.00425
dpumesh-preload,48,server,runtime,libc.so.6,pthread_mutex_lock@@GLIBC_2.2.5,24,0.00408
dpumesh-preload,48,server,kernel,[kernel.kallsyms],_raw_spin_lock_irqsave,21,0.00357
dpumesh-preload,48,server,kernel,[kernel.kallsyms],_raw_spin_lock_irq,20,0.0034
dpumesh-preload,48,server,kernel,[kernel.kallsyms],update_curr,20,0.0034
dpumesh-preload,48,server,kernel,[kernel.kallsyms],__switch_to,20,0.0034
dpumesh-preload,48,server,kernel,[kernel.kallsyms],update_cfs_group,19,0.00323
dpumesh-preload,48,server,kernel,[kernel.kallsyms],__calc_delta,19,0.00323
dpumesh-preload,48,server,kernel,[kernel.kallsyms],__update_load_avg_cfs_rq,19,0.00323
dpumesh-preload,48,server,driver,libdoca_common.so.3.1.0105,[unknown],17,0.00289
dpumesh-preload,48,server,kernel,[kernel.kallsyms],__update_load_avg_se,15,0.00255
dpumesh-preload,48,server,kernel,[kernel.kallsyms],__schedule,15,0.00255
dpumesh-preload,48,server,runtime,libc.so.6,pthread_mutex_unlock@@GLIBC_2.2.5,15,0.00255
dpumesh-preload,48,server,kernel,[kernel.kallsyms],arch_exit_to_user_mode_prepare.constprop.0,15,0.00255
dpumesh-preload,48,server,kernel,[kernel.kallsyms],mutex_lock,14,0.00238
dpumesh-preload,48,server,kernel,[kernel.kallsyms],native_sched_clock,12,0.00204
dpumesh-preload,48,server,kernel,[kernel.kallsyms],ep_item_poll.isra.0,12,0.00204
dpumesh-preload,48,server,driver,libdoca_comch.so.3.1.0105,[unknown],12,0.00204
dpumesh-preload,48,server,kernel,[kernel.kallsyms],do_poll.constprop.0,12,0.00204
dpumesh-preload,48,server,kernel,[kernel.kallsyms],update_load_avg,11,0.00187
dpumesh-preload,48,server,app,echo_sock,conn_fn,11,0.00187
dpumesh-preload,48,server,kernel,[kernel.kallsyms],ep_poll,11,0.00187
dpumesh-preload,48,server,kernel,[kernel.kallsyms],unix_stream_read_generic,11,0.00187
dpumesh-preload,48,server,kernel,[kernel.kallsyms],save_fpregs_to_fpstate,10,0.0017
dpumesh-preload,48,server,kernel,[kernel.kallsyms],prepare_task_switch,10,0.0017
dpumesh-preload,48,server,kernel,[kernel.kallsyms],vfs_write,10,0.0017
dpumesh-preload,48,server,kernel,[kernel.kallsyms],do_sys_poll,10,0.0017
dpumesh-preload,48,server,kernel,[kernel.kallsyms],get_obj_cgroup_from_current,10,0.0017
dpumesh-preload,48,server,kernel,[kernel.kallsyms],x64_sys_call,9,0.00153
dpumesh-preload,48,server,kernel,[kernel.kallsyms],devx_async_event_read,9,0.00153
dpumesh-preload,48,server,kernel,[kernel.kallsyms],copy_user_enhanced_fast_string,9,0.00153
dpumesh-preload,48,server,kernel,[kernel.kallsyms],enqueue_task_fair,9,0.00153
dpumesh-preload,48,server,kernel,[kernel.kallsyms],reweight_entity,8,0.00136
dpumesh-preload,48,server,kernel,[kernel.kallsyms],iterate_groups,8,0.00136
dpumesh-preload,48,client,kernel,[kernel.kallsyms],psi_group_change,169,0.02779
dpumesh-preload,48,client,runtime,libc.so.6,pthread_mutex_lock@@GLIBC_2.2.5,121,0.01989
dpumesh-preload,48,client,kernel,[kernel.kallsyms],entry_SYSCALL_64,115,0.01891
dpumesh-preload,48,client,vdso,[vdso],[unknown],106,0.01743
dpumesh-preload,48,client,runtime,libc.so.6,pthread_mutex_unlock@@GLIBC_2.2.5,96,0.01578
dpumesh-preload,48,client,kernel,[kernel.kallsyms],update_cfs_group,62,0.01019
dpumesh-preload,48,client,kernel,[kernel.kallsyms],__calc_delta,61,0.01003
dpumesh-preload,48,client,kernel,[kernel.kallsyms],__switch_to,57,0.00937
dpumesh-preload,48,client,kernel,[kernel.kallsyms],__fget_files,53,0.00871
dpumesh-preload,48,client,kernel,[kernel.kallsyms],restore_fpregs_from_fpstate,52,0.00855
dpumesh-preload,48,client,kernel,[kernel.kallsyms],_raw_spin_lock_irqsave,49,0.00806
dpumesh-preload,48,client,app,bench_sock,on_reply,48,0.00789
dpumesh-preload,48,client,kernel,[kernel.kallsyms],update_curr,46,0.00756
dpumesh-preload,48,client,kernel,[kernel.kallsyms],timerqueue_add,45,0.0074
dpumesh-preload,48,client,kernel,[kernel.kallsyms],save_fpregs_to_fpstate,42,0.00691
dpumesh-preload,48,client,kernel,[kernel.kallsyms],native_sched_clock,41,0.00674
dpumesh-preload,48,client,kernel,[kernel.kallsyms],arch_exit_to_user_mode_prepare.constprop.0,40,0.00658
dpumesh-preload,48,client,app,bench_sock,worker_fn,39,0.00641
dpumesh-preload,48,client,kernel,[kernel.kallsyms],__schedule,35,0.00575
dpumesh-preload,48,client,kernel,[kernel.kallsyms],_raw_spin_lock,35,0.00575
dpumesh-preload,48,client,kernel,[kernel.kallsyms],_raw_spin_lock_irq,34,0.00559
dpumesh-preload,48,client,kernel,[kernel.kallsyms],update_load_avg,31,0.0051
dpumesh-preload,48,client,kernel,[kernel.kallsyms],exit_to_user_mode_loop,30,0.00493
dpumesh-preload,48,client,kernel,[kernel.kallsyms],fput_many,30,0.00493
dpumesh-preload,48,client,kernel,[kernel.kallsyms],pick_next_task_fair,30,0.00493
dpumesh-preload,48,client,kernel,[kernel.kallsyms],__update_load_avg_cfs_rq,29,0.00477
dpumesh-preload,48,client,kernel,[kernel.kallsyms],read_tsc,29,0.00477
dpumesh-preload,48,client,kernel,[kernel.kallsyms],prepare_task_switch,27,0.00444
dpumesh-preload,48,client,kernel,[kernel.kallsyms],__wrgsbase_inactive,25,0.00411
dpumesh-preload,48,client,kernel,[kernel.kallsyms],__put_user_nocheck_8,25,0.00411
dpumesh-preload,48,client,kernel,[kernel.kallsyms],iterate_groups,25,0.00411
dpumesh-preload,48,client,app,bench_sock,bench_epoll_wait_until,25,0.00411
dpumesh-preload,48,client,runtime,libc.so.6,read,24,0.00395
dpumesh-preload,48,client,kernel,[kernel.kallsyms],__update_load_avg_se,24,0.00395
dpumesh-preload,48,client,kernel,[kernel.kallsyms],dequeue_task_fair,23,0.00378
dpumesh-preload,48,client,runtime,libc.so.6,epoll_pwait2,23,0.00378
dpumesh-preload,48,client,kernel,[kernel.kallsyms],__get_user_8,22,0.00362
dpumesh-preload,48,client,kernel,[kernel.kallsyms],syscall_return_via_sysret,22,0.00362
dpumesh-preload,48,client,app,bench_sock,enqueue_request,21,0.00345
dpumesh-preload,48,client,kernel,[kernel.kallsyms],__rseq_handle_notify_resume,21,0.00345
dpumesh-preload,48,server,transport,libdpumesh.so.4,drain_rev_rings.part.0.constprop.0,54,0.00919
dpumesh-preload,48,server,kernel,[kernel.kallsyms],psi_group_change,52,0.00885
dpumesh-preload,48,server,runtime,libc.so.6,__memmove_avx512_unaligned_erms,50,0.00851
dpumesh-preload,48,server,kernel,[kernel.kallsyms],entry_SYSCALL_64,39,0.00664
dpumesh-preload,48,server,kernel,[kernel.kallsyms],__fget_files,30,0.00511
dpumesh-preload,48,server,kernel,[kernel.kallsyms],__calc_delta,24,0.00408
dpumesh-preload,48,server,app,echo_sock,conn_fn,23,0.00391
dpumesh-preload,48,server,kernel,[kernel.kallsyms],restore_fpregs_from_fpstate,22,0.00374
dpumesh-preload,48,server,kernel,[kernel.kallsyms],__switch_to,22,0.00374
dpumesh-preload,48,server,runtime,libc.so.6,pthread_mutex_lock@@GLIBC_2.2.5,21,0.00357
dpumesh-preload,48,server,kernel,[kernel.kallsyms],_raw_spin_lock_irqsave,21,0.00357
dpumesh-preload,48,server,kernel,[kernel.kallsyms],__schedule,19,0.00323
dpumesh-preload,48,server,kernel,[kernel.kallsyms],update_cfs_group,19,0.00323
dpumesh-preload,48,server,runtime,libc.so.6,pthread_mutex_unlock@@GLIBC_2.2.5,17,0.00289
dpumesh-preload,48,server,kernel,[kernel.kallsyms],update_curr,17,0.00289
dpumesh-preload,48,server,kernel,[kernel.kallsyms],do_sys_poll,16,0.00272
dpumesh-preload,48,server,kernel,[kernel.kallsyms],save_fpregs_to_fpstate,16,0.00272
dpumesh-preload,48,server,kernel,[kernel.kallsyms],_raw_spin_lock,15,0.00255
dpumesh-preload,48,server,kernel,[kernel.kallsyms],ep_item_poll.isra.0,13,0.00221
dpumesh-preload,48,server,driver,libdoca_common.so.3.1.0105,[unknown],13,0.00221
dpumesh-preload,48,server,kernel,[kernel.kallsyms],reweight_entity,12,0.00204
dpumesh-preload,48,server,kernel,[kernel.kallsyms],_raw_spin_lock_irq,12,0.00204
dpumesh-preload,48,server,kernel,[kernel.kallsyms],iterate_groups,12,0.00204
dpumesh-preload,48,server,kernel,[kernel.kallsyms],fput_many,12,0.00204
dpumesh-preload,48,server,kernel,[kernel.kallsyms],update_load_avg,12,0.00204
dpumesh-preload,48,server,kernel,[kernel.kallsyms],__get_user_8,12,0.00204
dpumesh-preload,48,server,driver,libdoca_comch.so.3.1.0105,[unknown],12,0.00204
dpumesh-preload,48,server,kernel,[kernel.kallsyms],__update_load_avg_se,12,0.00204
dpumesh-preload,48,server,kernel,[kernel.kallsyms],prepare_task_switch,12,0.00204
dpumesh-preload,48,server,kernel,[kernel.kallsyms],enqueue_task_fair,11,0.00187
dpumesh-preload,48,server,kernel,[kernel.kallsyms],mutex_lock,11,0.00187
dpumesh-preload,48,server,runtime,libc.so.6,read,11,0.00187
dpumesh-preload,48,server,kernel,[kernel.kallsyms],native_sched_clock,11,0.00187
dpumesh-preload,48,server,kernel,[kernel.kallsyms],__update_load_avg_cfs_rq,10,0.0017
dpumesh-preload,48,server,kernel,[kernel.kallsyms],arch_exit_to_user_mode_prepare.constprop.0,10,0.0017
dpumesh-preload,48,server,kernel,[kernel.kallsyms],__rseq_handle_notify_resume,10,0.0017
dpumesh-preload,48,server,kernel,[kernel.kallsyms],do_poll.constprop.0,10,0.0017
dpumesh-preload,48,server,kernel,[kernel.kallsyms],vfs_read,10,0.0017
dpumesh-preload,48,server,runtime,libc.so.6,__GI___pthread_disable_asynccancel,10,0.0017
dpumesh-preload,48,server,kernel,[kernel.kallsyms],__switch_to_asm,9,0.00153
dpumesh-preload,1008,client,kernel,[kernel.kallsyms],psi_group_change,218,0.03579
dpumesh-preload,1008,client,runtime,libc.so.6,pthread_mutex_unlock@@GLIBC_2.2.5,174,0.02857
dpumesh-preload,1008,client,kernel,[kernel.kallsyms],entry_SYSCALL_64,163,0.02676
dpumesh-preload,1008,client,runtime,libc.so.6,__memmove_avx512_unaligned_erms,141,0.02315
dpumesh-preload,1008,client,runtime,libc.so.6,pthread_mutex_lock@@GLIBC_2.2.5,138,0.02266
dpumesh-preload,1008,client,vdso,[vdso],[unknown],102,0.01675
dpumesh-preload,1008,client,kernel,[kernel.kallsyms],_raw_spin_lock_irqsave,97,0.01592
dpumesh-preload,1008,client,kernel,[kernel.kallsyms],__fget_files,80,0.01313
dpumesh-preload,1008,client,kernel,[kernel.kallsyms],update_cfs_group,79,0.01297
dpumesh-preload,1008,client,kernel,[kernel.kallsyms],__calc_delta,76,0.01248
dpumesh-preload,1008,client,kernel,[kernel.kallsyms],restore_fpregs_from_fpstate,71,0.01166
dpumesh-preload,1008,client,kernel,[kernel.kallsyms],_raw_spin_lock,65,0.01067
dpumesh-preload,1008,client,kernel,[kernel.kallsyms],__switch_to,62,0.01018
dpumesh-preload,1008,client,kernel,[kernel.kallsyms],__schedule,58,0.00952
dpumesh-preload,1008,client,kernel,[kernel.kallsyms],update_curr,55,0.00903
dpumesh-preload,1008,client,kernel,[kernel.kallsyms],arch_exit_to_user_mode_prepare.constprop.0,55,0.00903
dpumesh-preload,1008,client,transport,libdpumesh.so.4,drain_rev_rings.part.0.constprop.0,54,0.00887
dpumesh-preload,1008,client,kernel,[kernel.kallsyms],native_sched_clock,53,0.0087
dpumesh-preload,1008,client,runtime,libc.so.6,read,51,0.00837
dpumesh-preload,1008,client,app,bench_sock,on_reply,49,0.00804
dpumesh-preload,1008,client,kernel,[kernel.kallsyms],update_load_avg,47,0.00772
dpumesh-preload,1008,client,kernel,[kernel.kallsyms],fput_many,47,0.00772
dpumesh-preload,1008,client,kernel,[kernel.kallsyms],__update_load_avg_cfs_rq,46,0.00755
dpumesh-preload,1008,client,kernel,[kernel.kallsyms],timerqueue_add,45,0.00739
dpumesh-preload,1008,client,app,bench_sock,worker_fn,45,0.00739
dpumesh-preload,1008,client,kernel,[kernel.kallsyms],_raw_spin_lock_irq,43,0.00706
dpumesh-preload,1008,client,kernel,[kernel.kallsyms],__update_load_avg_se,41,0.00673
dpumesh-preload,1008,client,kernel,[kernel.kallsyms],pick_next_task_fair,38,0.00624
dpumesh-preload,1008,client,kernel,[kernel.kallsyms],save_fpregs_to_fpstate,37,0.00607
dpumesh-preload,1008,client,kernel,[kernel.kallsyms],reweight_entity,37,0.00607
dpumesh-preload,1008,client,kernel,[kernel.kallsyms],rb_erase,35,0.00575
dpumesh-preload,1008,client,kernel,[kernel.kallsyms],__wrgsbase_inactive,35,0.00575
dpumesh-preload,1008,client,kernel,[kernel.kallsyms],__put_user_nocheck_8,34,0.00558
dpumesh-preload,1008,client,kernel,[kernel.kallsyms],update_min_vruntime,32,0.00525
dpumesh-preload,1008,client,kernel,[kernel.kallsyms],read_tsc,31,0.00509
dpumesh-preload,1008,client,kernel,[kernel.kallsyms],prepare_task_switch,31,0.00509
dpumesh-preload,1008,client,runtime,libc.so.6,epoll_pwait2,31,0.00509
dpumesh-preload,1008,client,kernel,[kernel.kallsyms],mutex_lock,28,0.0046
dpumesh-preload,1008,client,kernel,[kernel.kallsyms],syscall_return_via_sysret,28,0.0046
dpumesh-preload,1008,client,kernel,[kernel.kallsyms],set_next_buddy,27,0.00443
dpumesh-preload,1008,server,runtime,libc.so.6,__memmove_avx512_unaligned_erms,164,0.0274
dpumesh-preload,1008,server,kernel,[kernel.kallsyms],psi_group_change,115,0.01921
dpumesh-preload,1008,server,kernel,[kernel.kallsyms],entry_SYSCALL_64,86,0.01437
dpumesh-preload,1008,server,runtime,libc.so.6,pthread_mutex_lock@@GLIBC_2.2.5,63,0.01053
dpumesh-preload,1008,server,kernel,[kernel.kallsyms],__fget_files,62,0.01036
dpumesh-preload,1008,server,kernel,[kernel.kallsyms],_raw_spin_lock_irqsave,56,0.00936
dpumesh-preload,1008,server,runtime,libc.so.6,pthread_mutex_unlock@@GLIBC_2.2.5,54,0.00902
dpumesh-preload,1008,server,transport,libdpumesh.so.4,drain_rev_rings.part.0.constprop.0,54,0.00902
dpumesh-preload,1008,server,kernel,[kernel.kallsyms],restore_fpregs_from_fpstate,53,0.00886
dpumesh-preload,1008,server,transport,libdpumesh.so.4,dpumesh_enqueue,49,0.00819
dpumesh-preload,1008,server,kernel,[kernel.kallsyms],update_cfs_group,47,0.00785
dpumesh-preload,1008,server,kernel,[kernel.kallsyms],__schedule,47,0.00785
dpumesh-preload,1008,server,kernel,[kernel.kallsyms],update_curr,40,0.00668
dpumesh-preload,1008,server,kernel,[kernel.kallsyms],fput_many,40,0.00668
dpumesh-preload,1008,server,kernel,[kernel.kallsyms],__switch_to,40,0.00668
dpumesh-preload,1008,server,kernel,[kernel.kallsyms],__calc_delta,37,0.00618
dpumesh-preload,1008,server,kernel,[kernel.kallsyms],__update_load_avg_cfs_rq,37,0.00618
dpumesh-preload,1008,server,kernel,[kernel.kallsyms],native_sched_clock,35,0.00585
dpumesh-preload,1008,server,kernel,[kernel.kallsyms],save_fpregs_to_fpstate,33,0.00551
dpumesh-preload,1008,server,kernel,[kernel.kallsyms],arch_exit_to_user_mode_prepare.constprop.0,32,0.00535
dpumesh-preload,1008,server,kernel,[kernel.kallsyms],_raw_spin_lock_irq,32,0.00535
dpumesh-preload,1008,server,kernel,[kernel.kallsyms],update_load_avg,30,0.00501
dpumesh-preload,1008,server,kernel,[kernel.kallsyms],mutex_lock,30,0.00501
dpumesh-preload,1008,server,kernel,[kernel.kallsyms],do_sys_poll,28,0.00468
dpumesh-preload,1008,server,kernel,[kernel.kallsyms],_raw_spin_lock,26,0.00434
dpumesh-preload,1008,server,kernel,[kernel.kallsyms],__wrgsbase_inactive,24,0.00401
dpumesh-preload,1008,server,kernel,[kernel.kallsyms],ep_item_poll.isra.0,22,0.00368
dpumesh-preload,1008,server,kernel,[kernel.kallsyms],do_poll.constprop.0,21,0.00351
dpumesh-preload,1008,server,runtime,libc.so.6,read,21,0.00351
dpumesh-preload,1008,server,kernel,[kernel.kallsyms],iterate_groups,21,0.00351
dpumesh-preload,1008,server,kernel,[kernel.kallsyms],entry_SYSCALL_64_after_hwframe,21,0.00351
dpumesh-preload,1008,server,transport,libdpumesh.so.4,dpumesh_publish_due_tails,20,0.00334
dpumesh-preload,1008,server,kernel,[kernel.kallsyms],__get_user_8,20,0.00334
dpumesh-preload,1008,server,kernel,[kernel.kallsyms],exit_to_user_mode_loop,20,0.00334
dpumesh-preload,1008,server,kernel,[kernel.kallsyms],copy_user_generic_unrolled,20,0.00334
dpumesh-preload,1008,server,kernel,[kernel.kallsyms],memcg_slab_post_alloc_hook,19,0.00317
dpumesh-preload,1008,server,kernel,[kernel.kallsyms],native_queued_spin_lock_slowpath.part.0,19,0.00317
dpumesh-preload,1008,server,kernel,[kernel.kallsyms],prepare_task_switch,18,0.00301
dpumesh-preload,1008,server,kernel,[kernel.kallsyms],reweight_entity,17,0.00284
dpumesh-preload,1008,server,kernel,[kernel.kallsyms],__put_user_nocheck_8,17,0.00284
envoy-permissive,48,client,kernel,[kernel.kallsyms],psi_group_change,180,0.02886
envoy-permissive,48,client,kernel,nf_conntrack.ko,__nf_conntrack_find_get,124,0.01988
envoy-permissive,48,client,kernel,[kernel.kallsyms],entry_SYSCALL_64,119,0.01908
envoy-permissive,48,client,kernel,[kernel.kallsyms],_raw_spin_lock_irqsave,119,0.01908
envoy-permissive,48,client,envoy,envoy,Envoy::Buffer::OwnedImpl::reserveWithMaxLength,113,0.01812
envoy-permissive,48,client,kernel,[kernel.kallsyms],copy_user_enhanced_fast_string,99,0.01587
envoy-permissive,48,client,kernel,nf_tables.ko,nft_do_chain,92,0.01475
envoy-permissive,48,client,kernel,[kernel.kallsyms],__fget_files,86,0.01379
envoy-permissive,48,client,kernel,[kernel.kallsyms],__update_load_avg_se,83,0.01331
envoy-permissive,48,client,kernel,[kernel.kallsyms],aa_dfa_match_len,76,0.01219
envoy-permissive,48,client,kernel,[kernel.kallsyms],read_tsc,72,0.01155
envoy-permissive,48,client,kernel,[kernel.kallsyms],native_queued_spin_lock_slowpath.part.0,71,0.01139
envoy-permissive,48,client,kernel,[kernel.kallsyms],_raw_spin_lock_bh,69,0.01106
envoy-permissive,48,client,kernel,[kernel.kallsyms],enqueue_task_fair,67,0.01074
envoy-permissive,48,client,kernel,[kernel.kallsyms],aa_label_sk_perm.part.0,64,0.01026
envoy-permissive,48,client,kernel,[kernel.kallsyms],_raw_spin_lock,62,0.00994
envoy-permissive,48,client,runtime,libc.so.6,pthread_mutex_lock,60,0.00962
envoy-permissive,48,client,kernel,[kernel.kallsyms],skb_release_data,60,0.00962
envoy-permissive,48,client,kernel,[kernel.kallsyms],__schedule,56,0.00898
envoy-permissive,48,client,kernel,[kernel.kallsyms],update_load_avg,54,0.00866
envoy-permissive,48,client,kernel,[kernel.kallsyms],update_curr,52,0.00834
envoy-permissive,48,client,kernel,[kernel.kallsyms],nf_hook_slow,48,0.0077
envoy-permissive,48,client,kernel,[kernel.kallsyms],tcp_check_space,48,0.0077
envoy-permissive,48,client,runtime,libc.so.6,pthread_mutex_unlock,47,0.00754
envoy-permissive,48,client,kernel,[kernel.kallsyms],__siphash_unaligned,46,0.00738
envoy-permissive,48,client,kernel,[kernel.kallsyms],update_cfs_group,44,0.00706
envoy-permissive,48,client,kernel,[kernel.kallsyms],tcp_recvmsg_locked,43,0.0069
envoy-permissive,48,client,vdso,[vdso],[unknown],40,0.00641
envoy-permissive,48,client,kernel,[kernel.kallsyms],tcp_sendmsg_locked,40,0.00641
envoy-permissive,48,client,kernel,[kernel.kallsyms],enqueue_entity,40,0.00641
envoy-permissive,48,client,kernel,[kernel.kallsyms],__calc_delta,38,0.00609
envoy-permissive,48,client,kernel,[kernel.kallsyms],__tcp_transmit_skb,36,0.00577
envoy-permissive,48,client,kernel,[kernel.kallsyms],fput_many,35,0.00561
envoy-permissive,48,client,kernel,[kernel.kallsyms],strncpy,35,0.00561
envoy-permissive,48,client,kernel,[kernel.kallsyms],aa_compute_perms,34,0.00545
envoy-permissive,48,client,envoy,envoy,Envoy::Stats::CounterImpl::add,33,0.00529
envoy-permissive,48,client,kernel,[kernel.kallsyms],fib_table_lookup,33,0.00529
envoy-permissive,48,client,kernel,[kernel.kallsyms],arch_exit_to_user_mode_prepare.constprop.0,32,0.00513
envoy-permissive,48,client,kernel,[kernel.kallsyms],__update_load_avg_cfs_rq,32,0.00513
envoy-permissive,48,client,kernel,[kernel.kallsyms],timerqueue_add,31,0.00497
envoy-permissive,48,server,kernel,[kernel.kallsyms],psi_group_change,190,0.03061
envoy-permissive,48,server,kernel,[kernel.kallsyms],_raw_spin_lock_irqsave,130,0.02095
envoy-permissive,48,server,envoy,envoy,Envoy::Buffer::OwnedImpl::reserveWithMaxLength,108,0.0174
envoy-permissive,48,server,kernel,[kernel.kallsyms],entry_SYSCALL_64,101,0.01627
envoy-permissive,48,server,kernel,[kernel.kallsyms],__nf_conntrack_find_get,97,0.01563
envoy-permissive,48,server,kernel,[kernel.kallsyms],nft_do_chain,95,0.01531
envoy-permissive,48,server,kernel,[kernel.kallsyms],copy_user_enhanced_fast_string,85,0.0137
envoy-permissive,48,server,kernel,[kernel.kallsyms],__fget_files,74,0.01192
envoy-permissive,48,server,kernel,[kernel.kallsyms],native_queued_spin_lock_slowpath.part.0,73,0.01176
envoy-permissive,48,server,kernel,[kernel.kallsyms],aa_dfa_match_len,72,0.0116
envoy-permissive,48,server,kernel,[kernel.kallsyms],_raw_spin_lock,71,0.01144
envoy-permissive,48,server,kernel,[kernel.kallsyms],__update_load_avg_se,67,0.0108
envoy-permissive,48,server,kernel,[kernel.kallsyms],read_tsc,67,0.0108
envoy-permissive,48,server,kernel,[kernel.kallsyms],_raw_spin_lock_bh,65,0.01047
envoy-permissive,48,server,runtime,libc.so.6,pthread_mutex_lock,65,0.01047
envoy-permissive,48,server,kernel,[kernel.kallsyms],__calc_delta,59,0.00951
envoy-permissive,48,server,runtime,libc.so.6,pthread_mutex_unlock,59,0.00951
envoy-permissive,48,server,kernel,[kernel.kallsyms],tcp_recvmsg_locked,58,0.00935
envoy-permissive,48,server,kernel,[kernel.kallsyms],update_load_avg,55,0.00886
envoy-permissive,48,server,kernel,[kernel.kallsyms],__siphash_unaligned,53,0.00854
envoy-permissive,48,server,kernel,[kernel.kallsyms],update_curr,52,0.00838
envoy-permissive,48,server,kernel,[kernel.kallsyms],tcp_sendmsg_locked,52,0.00838
envoy-permissive,48,server,kernel,[kernel.kallsyms],fput_many,49,0.0079
envoy-permissive,48,server,kernel,[kernel.kallsyms],tcp_check_space,46,0.00741
envoy-permissive,48,server,kernel,[kernel.kallsyms],pick_next_task_fair,45,0.00725
envoy-permissive,48,server,kernel,[kernel.kallsyms],aa_label_sk_perm.part.0,44,0.00709
envoy-permissive,48,server,kernel,[kernel.kallsyms],__inet_lookup_established,44,0.00709
envoy-permissive,48,server,kernel,[kernel.kallsyms],restore_fpregs_from_fpstate,43,0.00693
envoy-permissive,48,server,kernel,[kernel.kallsyms],skb_release_data,43,0.00693
envoy-permissive,48,server,kernel,[kernel.kallsyms],enqueue_task_fair,42,0.00677
envoy-permissive,48,server,kernel,[kernel.kallsyms],aa_compute_perms,42,0.00677
envoy-permissive,48,server,kernel,[kernel.kallsyms],__schedule,42,0.00677
envoy-permissive,48,server,envoy,envoy,Envoy::Stats::CounterImpl::add,40,0.00645
envoy-permissive,48,server,kernel,[kernel.kallsyms],update_cfs_group,39,0.00628
envoy-permissive,48,server,kernel,[kernel.kallsyms],__tcp_transmit_skb,39,0.00628
envoy-permissive,48,server,kernel,[kernel.kallsyms],slab_free_freelist_hook.constprop.0,37,0.00596
envoy-permissive,48,server,kernel,[kernel.kallsyms],strncpy,36,0.0058
envoy-permissive,48,server,kernel,[kernel.kallsyms],__update_load_avg_cfs_rq,35,0.00564
envoy-permissive,48,server,kernel,[kernel.kallsyms],__alloc_skb,34,0.00548
envoy-permissive,48,server,kernel,[kernel.kallsyms],__switch_to,34,0.00548
envoy-permissive,48,client,kernel,[kernel.kallsyms],psi_group_change,157,0.0252
envoy-permissive,48,client,kernel,[kernel.kallsyms],_raw_spin_lock_irqsave,130,0.02087
envoy-permissive,48,client,kernel,[kernel.kallsyms],entry_SYSCALL_64,122,0.01959
envoy-permissive,48,client,kernel,[kernel.kallsyms],__nf_conntrack_find_get,116,0.01862
envoy-permissive,48,client,kernel,[kernel.kallsyms],copy_user_enhanced_fast_string,105,0.01686
envoy-permissive,48,client,envoy,envoy,Envoy::Buffer::OwnedImpl::reserveWithMaxLength,103,0.01654
envoy-permissive,48,client,kernel,[kernel.kallsyms],aa_dfa_match_len,79,0.01268
envoy-permissive,48,client,kernel,[kernel.kallsyms],_raw_spin_lock,76,0.0122
envoy-permissive,48,client,kernel,[kernel.kallsyms],__fget_files,74,0.01188
envoy-permissive,48,client,kernel,[kernel.kallsyms],__update_load_avg_se,73,0.01172
envoy-permissive,48,client,kernel,[kernel.kallsyms],nft_do_chain,73,0.01172
envoy-permissive,48,client,kernel,[kernel.kallsyms],update_load_avg,66,0.0106
envoy-permissive,48,client,kernel,[kernel.kallsyms],read_tsc,62,0.00995
envoy-permissive,48,client,kernel,[kernel.kallsyms],skb_release_data,61,0.00979
envoy-permissive,48,client,vdso,[vdso],[unknown],59,0.00947
envoy-permissive,48,client,runtime,libc.so.6,pthread_mutex_lock,57,0.00915
envoy-permissive,48,client,kernel,[kernel.kallsyms],native_queued_spin_lock_slowpath.part.0,56,0.00899
envoy-permissive,48,client,kernel,[kernel.kallsyms],_raw_spin_lock_bh,53,0.00851
envoy-permissive,48,client,kernel,[kernel.kallsyms],update_curr,53,0.00851
envoy-permissive,48,client,kernel,[kernel.kallsyms],strncpy,52,0.00835
envoy-permissive,48,client,kernel,[kernel.kallsyms],tcp_sendmsg_locked,51,0.00819
envoy-permissive,48,client,kernel,[kernel.kallsyms],enqueue_task_fair,51,0.00819
envoy-permissive,48,client,kernel,[kernel.kallsyms],__inet_lookup_established,51,0.00819
envoy-permissive,48,client,kernel,[kernel.kallsyms],__schedule,51,0.00819
envoy-permissive,48,client,kernel,[kernel.kallsyms],pick_next_task_fair,50,0.00803
envoy-permissive,48,client,kernel,[kernel.kallsyms],aa_label_sk_perm.part.0,50,0.00803
envoy-permissive,48,client,kernel,[kernel.kallsyms],update_rq_clock,48,0.00771
envoy-permissive,48,client,app,bench_sock,on_reply,47,0.00755
envoy-permissive,48,client,kernel,[kernel.kallsyms],tcp_check_space,47,0.00755
envoy-permissive,48,client,kernel,[kernel.kallsyms],tcp_recvmsg_locked,47,0.00755
envoy-permissive,48,client,kernel,[kernel.kallsyms],tcp_rcv_established,45,0.00722
envoy-permissive,48,client,kernel,[kernel.kallsyms],enqueue_entity,44,0.00706
envoy-permissive,48,client,kernel,[kernel.kallsyms],aa_compute_perms,42,0.00674
envoy-permissive,48,client,kernel,[kernel.kallsyms],__calc_delta,42,0.00674
envoy-permissive,48,client,kernel,[kernel.kallsyms],__siphash_unaligned,41,0.00658
envoy-permissive,48,client,kernel,[kernel.kallsyms],fput_many,40,0.00642
envoy-permissive,48,client,kernel,[kernel.kallsyms],timerqueue_add,39,0.00626
envoy-permissive,48,client,runtime,libc.so.6,pthread_mutex_unlock,39,0.00626
envoy-permissive,48,client,kernel,[kernel.kallsyms],__update_load_avg_cfs_rq,38,0.0061
envoy-permissive,48,client,kernel,[kernel.kallsyms],native_sched_clock,38,0.0061
envoy-permissive,48,server,kernel,[kernel.kallsyms],psi_group_change,194,0.03121
envoy-permissive,48,server,kernel,[kernel.kallsyms],_raw_spin_lock_irqsave,128,0.02059
envoy-permissive,48,server,envoy,envoy,Envoy::Buffer::OwnedImpl::reserveWithMaxLength,113,0.01818
envoy-permissive,48,server,kernel,[kernel.kallsyms],entry_SYSCALL_64,108,0.01737
envoy-permissive,48,server,kernel,[kernel.kallsyms],__nf_conntrack_find_get,92,0.0148
envoy-permissive,48,server,kernel,[kernel.kallsyms],copy_user_enhanced_fast_string,85,0.01367
envoy-permissive,48,server,kernel,[kernel.kallsyms],nft_do_chain,84,0.01351
envoy-permissive,48,server,runtime,libc.so.6,pthread_mutex_lock,77,0.01239
envoy-permissive,48,server,kernel,[kernel.kallsyms],aa_dfa_match_len,76,0.01223
envoy-permissive,48,server,kernel,[kernel.kallsyms],__fget_files,69,0.0111
envoy-permissive,48,server,kernel,[kernel.kallsyms],_raw_spin_lock,67,0.01078
envoy-permissive,48,server,kernel,[kernel.kallsyms],update_curr,65,0.01046
envoy-permissive,48,server,kernel,[kernel.kallsyms],update_load_avg,65,0.01046
envoy-permissive,48,server,kernel,[kernel.kallsyms],_raw_spin_lock_bh,64,0.0103
envoy-permissive,48,server,kernel,[kernel.kallsyms],enqueue_task_fair,64,0.0103
envoy-permissive,48,server,kernel,[kernel.kallsyms],__update_load_avg_se,63,0.01013
envoy-permissive,48,server,kernel,[kernel.kallsyms],tcp_recvmsg_locked,60,0.00965
envoy-permissive,48,server,kernel,[kernel.kallsyms],native_queued_spin_lock_slowpath.part.0,60,0.00965
envoy-permissive,48,server,kernel,[kernel.kallsyms],__update_load_avg_cfs_rq,54,0.00869
envoy-permissive,48,server,kernel,[kernel.kallsyms],__schedule,52,0.00837
envoy-permissive,48,server,kernel,[kernel.kallsyms],update_cfs_group,51,0.0082
envoy-permissive,48,server,kernel,[kernel.kallsyms],aa_label_sk_perm.part.0,51,0.0082
envoy-permissive,48,server,kernel,[kernel.kallsyms],read_tsc,48,0.00772
envoy-permissive,48,server,kernel,[kernel.kallsyms],tcp_check_space,47,0.00756
envoy-permissive,48,server,kernel,[kernel.kallsyms],__dev_queue_xmit,47,0.00756
envoy-permissive,48,server,runtime,libc.so.6,pthread_mutex_unlock,47,0.00756
envoy-permissive,48,server,kernel,[kernel.kallsyms],fput_many,45,0.00724
envoy-permissive,48,server,kernel,[kernel.kallsyms],skb_release_data,44,0.00708
envoy-permissive,48,server,kernel,[kernel.kallsyms],__siphash_unaligned,43,0.00692
envoy-permissive,48,server,kernel,[kernel.kallsyms],__calc_delta,42,0.00676
envoy-permissive,48,server,runtime,libc.so.6,readv,38,0.00611
envoy-permissive,48,server,kernel,[kernel.kallsyms],sk_stream_alloc_skb,37,0.00595
envoy-permissive,48,server,kernel,[kernel.kallsyms],__alloc_skb,36,0.00579
envoy-permissive,48,server,envoy,envoy,Envoy::Stats::CounterImpl::add,36,0.00579
envoy-permissive,48,server,kernel,[kernel.kallsyms],reweight_entity,36,0.00579
envoy-permissive,48,server,kernel,[kernel.kallsyms],native_sched_clock,35,0.00563
envoy-permissive,48,server,kernel,[kernel.kallsyms],tcp_sendmsg_locked,35,0.00563
envoy-permissive,48,server,kernel,[kernel.kallsyms],__ksize,35,0.00563
envoy-permissive,48,server,kernel,[kernel.kallsyms],restore_fpregs_from_fpstate,35,0.00563
envoy-permissive,48,server,kernel,[kernel.kallsyms],strncpy,34,0.00547
envoy-permissive,48,client,kernel,[kernel.kallsyms],psi_group_change,171,0.02746
envoy-permissive,48,client,kernel,[kernel.kallsyms],entry_SYSCALL_64,114,0.0183
envoy-permissive,48,client,kernel,[kernel.kallsyms],copy_user_enhanced_fast_string,111,0.01782
envoy-permissive,48,client,kernel,[kernel.kallsyms],_raw_spin_lock_irqsave,108,0.01734
envoy-permissive,48,client,kernel,[kernel.kallsyms],__nf_conntrack_find_get,104,0.0167
envoy-permissive,48,client,envoy,envoy,Envoy::Buffer::OwnedImpl::reserveWithMaxLength,98,0.01574
envoy-permissive,48,client,vdso,[vdso],[unknown],97,0.01557
envoy-permissive,48,client,kernel,[kernel.kallsyms],_raw_spin_lock,84,0.01349
envoy-permissive,48,client,kernel,[kernel.kallsyms],__fget_files,83,0.01333
envoy-permissive,48,client,kernel,[kernel.kallsyms],nft_do_chain,78,0.01252
envoy-permissive,48,client,kernel,[kernel.kallsyms],_raw_spin_lock_bh,73,0.01172
envoy-permissive,48,client,kernel,[kernel.kallsyms],__update_load_avg_se,70,0.01124
envoy-permissive,48,client,kernel,[kernel.kallsyms],enqueue_task_fair,69,0.01108
envoy-permissive,48,client,kernel,[kernel.kallsyms],aa_dfa_match_len,68,0.01092
envoy-permissive,48,client,kernel,[kernel.kallsyms],read_tsc,67,0.01076
envoy-permissive,48,client,app,bench_sock,on_reply,62,0.00996
envoy-permissive,48,client,kernel,[kernel.kallsyms],__inet_lookup_established,58,0.00931
envoy-permissive,48,client,runtime,libc.so.6,pthread_mutex_unlock,56,0.00899
envoy-permissive,48,client,kernel,[kernel.kallsyms],__siphash_unaligned,56,0.00899
envoy-permissive,48,client,kernel,[kernel.kallsyms],tcp_sendmsg_locked,56,0.00899
envoy-permissive,48,client,kernel,[kernel.kallsyms],update_load_avg,53,0.00851
envoy-permissive,48,client,kernel,[kernel.kallsyms],native_queued_spin_lock_slowpath.part.0,52,0.00835
envoy-permissive,48,client,kernel,[kernel.kallsyms],aa_label_sk_perm.part.0,50,0.00803
envoy-permissive,48,client,kernel,[kernel.kallsyms],__ksize,49,0.00787
envoy-permissive,48,client,kernel,[kernel.kallsyms],enqueue_entity,48,0.00771
envoy-permissive,48,client,kernel,[kernel.kallsyms],tcp_check_space,46,0.00739
envoy-permissive,48,client,kernel,[kernel.kallsyms],skb_release_data,46,0.00739
envoy-permissive,48,client,kernel,[kernel.kallsyms],__tcp_transmit_skb,45,0.00723
envoy-permissive,48,client,runtime,libc.so.6,pthread_mutex_lock,43,0.0069
envoy-permissive,48,client,kernel,[kernel.kallsyms],tcp_recvmsg_locked,42,0.00674
envoy-permissive,48,client,kernel,[kernel.kallsyms],fput_many,42,0.00674
envoy-permissive,48,client,kernel,[kernel.kallsyms],strncpy,41,0.00658
envoy-permissive,48,client,kernel,[kernel.kallsyms],__calc_delta,41,0.00658
envoy-permissive,48,client,kernel,[kernel.kallsyms],update_curr,40,0.00642
envoy-permissive,48,client,kernel,[kernel.kallsyms],ip_finish_output2,38,0.0061
envoy-permissive,48,client,kernel,[kernel.kallsyms],update_cfs_group,38,0.0061
envoy-permissive,48,client,kernel,[kernel.kallsyms],ipv4_confirm,36,0.00578
envoy-permissive,48,client,envoy,envoy,Envoy::Stats::CounterImpl::add,35,0.00562
envoy-permissive,48,client,kernel,[kernel.kallsyms],update_rq_clock,35,0.00562
envoy-permissive,48,client,kernel,[kernel.kallsyms],kfree,34,0.00546
envoy-permissive,48,server,kernel,[kernel.kallsyms],psi_group_change,180,0.02904
envoy-permissive,48,server,kernel,[kernel.kallsyms],entry_SYSCALL_64,124,0.02
envoy-permissive,48,server,kernel,[kernel.kallsyms],_raw_spin_lock_irqsave,113,0.01823
envoy-permissive,48,server,kernel,[kernel.kallsyms],copy_user_enhanced_fast_string,98,0.01581
envoy-permissive,48,server,envoy,envoy,Envoy::Buffer::OwnedImpl::reserveWithMaxLength,96,0.01549
envoy-permissive,48,server,kernel,[kernel.kallsyms],__nf_conntrack_find_get,83,0.01339
envoy-permissive,48,server,kernel,[kernel.kallsyms],__fget_files,83,0.01339
envoy-permissive,48,server,kernel,[kernel.kallsyms],native_queued_spin_lock_slowpath.part.0,82,0.01323
envoy-permissive,48,server,kernel,[kernel.kallsyms],__update_load_avg_se,72,0.01162
envoy-permissive,48,server,kernel,[kernel.kallsyms],nft_do_chain,70,0.01129
envoy-permissive,48,server,kernel,[kernel.kallsyms],_raw_spin_lock_bh,68,0.01097
envoy-permissive,48,server,kernel,[kernel.kallsyms],update_load_avg,68,0.01097
envoy-permissive,48,server,kernel,[kernel.kallsyms],_raw_spin_lock,67,0.01081
envoy-permissive,48,server,runtime,libc.so.6,pthread_mutex_lock,57,0.0092
envoy-permissive,48,server,kernel,[kernel.kallsyms],tcp_recvmsg_locked,55,0.00887
envoy-permissive,48,server,runtime,libc.so.6,pthread_mutex_unlock,55,0.00887
envoy-permissive,48,server,kernel,[kernel.kallsyms],__siphash_unaligned,54,0.00871
envoy-permissive,48,server,kernel,[kernel.kallsyms],enqueue_entity,53,0.00855
envoy-permissive,48,server,kernel,[kernel.kallsyms],__calc_delta,51,0.00823
envoy-permissive,48,server,kernel,[kernel.kallsyms],aa_dfa_match_len,50,0.00807
envoy-permissive,48,server,kernel,[kernel.kallsyms],restore_fpregs_from_fpstate,50,0.00807
envoy-permissive,48,server,kernel,[kernel.kallsyms],tcp_sendmsg_locked,50,0.00807
envoy-permissive,48,server,kernel,[kernel.kallsyms],__schedule,49,0.00791
envoy-permissive,48,server,kernel,[kernel.kallsyms],__update_load_avg_cfs_rq,47,0.00758
envoy-permissive,48,server,kernel,[kernel.kallsyms],read_tsc,46,0.00742
envoy-permissive,48,server,kernel,[kernel.kallsyms],update_curr,46,0.00742
envoy-permissive,48,server,kernel,[kernel.kallsyms],tcp_check_space,44,0.0071
envoy-permissive,48,server,kernel,[kernel.kallsyms],skb_release_data,44,0.0071
envoy-permissive,48,server,kernel,[kernel.kallsyms],enqueue_task_fair,44,0.0071
envoy-permissive,48,server,kernel,[kernel.kallsyms],update_cfs_group,43,0.00694
envoy-permissive,48,server,kernel,[kernel.kallsyms],native_sched_clock,43,0.00694
envoy-permissive,48,server,kernel,[kernel.kallsyms],update_rq_clock,40,0.00645
envoy-permissive,48,server,kernel,[kernel.kallsyms],fput_many,39,0.00629
envoy-permissive,48,server,kernel,[kernel.kallsyms],aa_label_sk_perm.part.0,39,0.00629
envoy-permissive,48,server,kernel,[kernel.kallsyms],__ksize,39,0.00629
envoy-permissive,48,server,kernel,[kernel.kallsyms],arch_exit_to_user_mode_prepare.constprop.0,37,0.00597
envoy-permissive,48,server,kernel,[kernel.kallsyms],pick_next_task_fair,37,0.00597
envoy-permissive,48,server,kernel,[kernel.kallsyms],nf_conntrack_in,36,0.00581
envoy-permissive,48,server,kernel,[kernel.kallsyms],ep_poll,35,0.00565
envoy-permissive,48,server,kernel,[kernel.kallsyms],update_min_vruntime,34,0.00549
envoy-permissive,1008,client,kernel,[kernel.kallsyms],copy_user_enhanced_fast_string,322,0.05172
envoy-permissive,1008,client,kernel,[kernel.kallsyms],psi_group_change,147,0.02361
envoy-permissive,1008,client,kernel,[kernel.kallsyms],_raw_spin_lock_irqsave,118,0.01896
envoy-permissive,1008,client,kernel,[kernel.kallsyms],entry_SYSCALL_64,118,0.01896
envoy-permissive,1008,client,kernel,[kernel.kallsyms],nft_do_chain,116,0.01863
envoy-permissive,1008,client,envoy,envoy,Envoy::Buffer::OwnedImpl::reserveWithMaxLength,109,0.01751
envoy-permissive,1008,client,kernel,[kernel.kallsyms],__nf_conntrack_find_get,102,0.01638
envoy-permissive,1008,client,kernel,[kernel.kallsyms],tcp_sendmsg_locked,95,0.01526
envoy-permissive,1008,client,kernel,[kernel.kallsyms],_raw_spin_lock,79,0.01269
envoy-permissive,1008,client,kernel,[kernel.kallsyms],aa_dfa_match_len,72,0.01157
envoy-permissive,1008,client,kernel,[kernel.kallsyms],__fget_files,67,0.01076
envoy-permissive,1008,client,kernel,[kernel.kallsyms],read_tsc,67,0.01076
envoy-permissive,1008,client,vdso,[vdso],[unknown],65,0.01044
envoy-permissive,1008,client,runtime,libc.so.6,__memmove_avx512_unaligned_erms,63,0.01012
envoy-permissive,1008,client,kernel,[kernel.kallsyms],__siphash_unaligned,58,0.00932
envoy-permissive,1008,client,runtime,libc.so.6,pthread_mutex_lock,58,0.00932
envoy-permissive,1008,client,kernel,[kernel.kallsyms],__update_load_avg_se,57,0.00916
envoy-permissive,1008,client,kernel,[kernel.kallsyms],update_load_avg,56,0.009
envoy-permissive,1008,client,kernel,[kernel.kallsyms],_raw_spin_lock_bh,52,0.00835
envoy-permissive,1008,client,app,bench_sock,on_reply,51,0.00819
envoy-permissive,1008,client,kernel,[kernel.kallsyms],__tcp_transmit_skb,50,0.00803
envoy-permissive,1008,client,kernel,[kernel.kallsyms],aa_label_sk_perm.part.0,47,0.00755
envoy-permissive,1008,client,kernel,[kernel.kallsyms],__calc_delta,45,0.00723
envoy-permissive,1008,client,kernel,[kernel.kallsyms],__inet_lookup_established,44,0.00707
envoy-permissive,1008,client,kernel,[kernel.kallsyms],strncpy,44,0.00707
envoy-permissive,1008,client,kernel,[kernel.kallsyms],enqueue_task_fair,43,0.00691
envoy-permissive,1008,client,kernel,[kernel.kallsyms],restore_fpregs_from_fpstate,41,0.00659
envoy-permissive,1008,client,runtime,libc.so.6,pthread_mutex_unlock,40,0.00643
envoy-permissive,1008,client,kernel,[kernel.kallsyms],tcp_recvmsg_locked,38,0.0061
envoy-permissive,1008,client,kernel,[kernel.kallsyms],update_curr,37,0.00594
envoy-permissive,1008,client,kernel,[kernel.kallsyms],nf_hook_slow,35,0.00562
envoy-permissive,1008,client,kernel,[kernel.kallsyms],arch_exit_to_user_mode_prepare.constprop.0,34,0.00546
envoy-permissive,1008,client,kernel,[kernel.kallsyms],fput_many,34,0.00546
envoy-permissive,1008,client,kernel,[kernel.kallsyms],fib_table_lookup,34,0.00546
envoy-permissive,1008,client,kernel,[kernel.kallsyms],enqueue_entity,33,0.0053
envoy-permissive,1008,client,envoy,envoy,Envoy::Stats::CounterImpl::add,33,0.0053
envoy-permissive,1008,client,kernel,[kernel.kallsyms],native_queued_spin_lock_slowpath.part.0,33,0.0053
envoy-permissive,1008,client,kernel,[kernel.kallsyms],ep_poll_callback,32,0.00514
envoy-permissive,1008,client,kernel,[kernel.kallsyms],update_cfs_group,32,0.00514
envoy-permissive,1008,client,runtime,libc.so.6,readv,31,0.00498
envoy-permissive,1008,server,kernel,[kernel.kallsyms],copy_user_enhanced_fast_string,307,0.04938
envoy-permissive,1008,server,kernel,[kernel.kallsyms],psi_group_change,143,0.023
envoy-permissive,1008,server,kernel,[kernel.kallsyms],nft_do_chain,137,0.02203
envoy-permissive,1008,server,kernel,[kernel.kallsyms],__nf_conntrack_find_get,108,0.01737
envoy-permissive,1008,server,kernel,[kernel.kallsyms],entry_SYSCALL_64,105,0.01689
envoy-permissive,1008,server,kernel,[kernel.kallsyms],tcp_sendmsg_locked,102,0.0164
envoy-permissive,1008,server,kernel,[kernel.kallsyms],_raw_spin_lock_irqsave,96,0.01544
envoy-permissive,1008,server,kernel,[kernel.kallsyms],_raw_spin_lock,92,0.0148
envoy-permissive,1008,server,envoy,envoy,Envoy::Buffer::OwnedImpl::reserveWithMaxLength,88,0.01415
envoy-permissive,1008,server,kernel,[kernel.kallsyms],aa_dfa_match_len,76,0.01222
envoy-permissive,1008,server,kernel,[kernel.kallsyms],__fget_files,67,0.01078
envoy-permissive,1008,server,kernel,[kernel.kallsyms],__siphash_unaligned,65,0.01045
envoy-permissive,1008,server,runtime,libc.so.6,pthread_mutex_lock,61,0.00981
envoy-permissive,1008,server,kernel,[kernel.kallsyms],__tcp_transmit_skb,59,0.00949
envoy-permissive,1008,server,kernel,[kernel.kallsyms],nf_conntrack_in,58,0.00933
envoy-permissive,1008,server,kernel,[kernel.kallsyms],strncpy,57,0.00917
envoy-permissive,1008,server,kernel,[kernel.kallsyms],_raw_spin_lock_bh,54,0.00868
envoy-permissive,1008,server,kernel,[kernel.kallsyms],native_queued_spin_lock_slowpath.part.0,49,0.00788
envoy-permissive,1008,server,runtime,libc.so.6,pthread_mutex_unlock,49,0.00788
envoy-permissive,1008,server,kernel,[kernel.kallsyms],nf_hook_slow,48,0.00772
envoy-permissive,1008,server,kernel,[kernel.kallsyms],update_load_avg,47,0.00756
envoy-permissive,1008,server,kernel,[kernel.kallsyms],read_tsc,47,0.00756
envoy-permissive,1008,server,kernel,[kernel.kallsyms],dst_release,45,0.00724
envoy-permissive,1008,server,kernel,[kernel.kallsyms],update_cfs_group,42,0.00675
envoy-permissive,1008,server,kernel,[kernel.kallsyms],__update_load_avg_se,41,0.00659
envoy-permissive,1008,server,kernel,[kernel.kallsyms],update_curr,41,0.00659
envoy-permissive,1008,server,kernel,[kernel.kallsyms],tcp_recvmsg_locked,41,0.00659
envoy-permissive,1008,server,kernel,[kernel.kallsyms],__update_load_avg_cfs_rq,38,0.00611
envoy-permissive,1008,server,kernel,[kernel.kallsyms],arch_exit_to_user_mode_prepare.constprop.0,38,0.00611
envoy-permissive,1008,server,kernel,[kernel.kallsyms],fput_many,37,0.00595
envoy-permissive,1008,server,kernel,[kernel.kallsyms],enqueue_task_fair,37,0.00595
envoy-permissive,1008,server,kernel,[kernel.kallsyms],__inet_lookup_established,36,0.00579
envoy-permissive,1008,server,runtime,libc.so.6,__memmove_avx512_unaligned_erms,36,0.00579
envoy-permissive,1008,server,kernel,[kernel.kallsyms],__calc_delta,35,0.00563
envoy-permissive,1008,server,kernel,[kernel.kallsyms],skb_release_data,35,0.00563
envoy-permissive,1008,server,kernel,[kernel.kallsyms],nf_ct_deliver_cached_events,34,0.00547
envoy-permissive,1008,server,kernel,[kernel.kallsyms],veth_xmit,33,0.00531
envoy-permissive,1008,server,kernel,[kernel.kallsyms],restore_fpregs_from_fpstate,33,0.00531
envoy-permissive,1008,server,kernel,[kernel.kallsyms],slab_free_freelist_hook.constprop.0,32,0.00515
envoy-permissive,1008,server,kernel,[kernel.kallsyms],__ksize,32,0.00515
envoy-strict,48,client,kernel,[kernel.kallsyms],psi_group_change,163,0.02617
envoy-strict,48,client,kernel,[kernel.kallsyms],entry_SYSCALL_64,122,0.01959
envoy-strict,48,client,kernel,[kernel.kallsyms],_raw_spin_lock_irqsave,118,0.01894
envoy-strict,48,client,kernel,[kernel.kallsyms],__nf_conntrack_find_get,112,0.01798
envoy-strict,48,client,kernel,[kernel.kallsyms],__fget_files,87,0.01397
envoy-strict,48,client,kernel,[kernel.kallsyms],nft_do_chain,79,0.01268
envoy-strict,48,client,kernel,[kernel.kallsyms],update_load_avg,77,0.01236
envoy-strict,48,client,kernel,[kernel.kallsyms],native_queued_spin_lock_slowpath.part.0,77,0.01236
envoy-strict,48,client,kernel,[kernel.kallsyms],_raw_spin_lock,71,0.0114
envoy-strict,48,client,kernel,[kernel.kallsyms],read_tsc,70,0.01124
envoy-strict,48,client,runtime,libc.so.6,pthread_mutex_lock,70,0.01124
envoy-strict,48,client,kernel,[kernel.kallsyms],_raw_spin_lock_bh,70,0.01124
envoy-strict,48,client,kernel,[kernel.kallsyms],copy_user_enhanced_fast_string,68,0.01092
envoy-strict,48,client,kernel,[kernel.kallsyms],tcp_check_space,65,0.01043
envoy-strict,48,client,envoy,envoy,Envoy::Buffer::OwnedImpl::reserveWithMaxLength,62,0.00995
envoy-strict,48,client,kernel,[kernel.kallsyms],aa_label_sk_perm.part.0,62,0.00995
envoy-strict,48,client,kernel,[kernel.kallsyms],aa_dfa_match_len,62,0.00995
envoy-strict,48,client,kernel,[kernel.kallsyms],__update_load_avg_se,55,0.00883
envoy-strict,48,client,vdso,[vdso],[unknown],52,0.00835
envoy-strict,48,client,kernel,[kernel.kallsyms],__schedule,52,0.00835
envoy-strict,48,client,kernel,[kernel.kallsyms],__siphash_unaligned,51,0.00819
envoy-strict,48,client,kernel,[kernel.kallsyms],tcp_recvmsg_locked,50,0.00803
envoy-strict,48,client,kernel,[kernel.kallsyms],enqueue_task_fair,50,0.00803
envoy-strict,48,client,kernel,[kernel.kallsyms],__tcp_transmit_skb,49,0.00787
envoy-strict,48,client,kernel,[kernel.kallsyms],skb_release_data,48,0.00771
envoy-strict,48,client,kernel,[kernel.kallsyms],update_curr,46,0.00738
envoy-strict,48,client,runtime,libc.so.6,pthread_mutex_unlock,46,0.00738
envoy-strict,48,client,kernel,[kernel.kallsyms],__update_load_avg_cfs_rq,45,0.00722
envoy-strict,48,client,kernel,[kernel.kallsyms],update_cfs_group,45,0.00722
envoy-strict,48,client,kernel,[kernel.kallsyms],arch_exit_to_user_mode_prepare.constprop.0,45,0.00722
envoy-strict,48,client,kernel,[kernel.kallsyms],__calc_delta,42,0.00674
envoy-strict,48,client,kernel,[kernel.kallsyms],__ksize,42,0.00674
envoy-strict,48,client,kernel,[kernel.kallsyms],update_rq_clock,41,0.00658
envoy-strict,48,client,kernel,[kernel.kallsyms],enqueue_entity,41,0.00658
envoy-strict,48,client,kernel,[kernel.kallsyms],ipv4_conntrack_defrag,40,0.00642
envoy-strict,48,client,kernel,[kernel.kallsyms],tcp_sendmsg_locked,39,0.00626
envoy-strict,48,client,kernel,[kernel.kallsyms],aa_compute_perms,38,0.0061
envoy-strict,48,client,kernel,[kernel.kallsyms],rb_erase,35,0.00562
envoy-strict,48,client,kernel,[kernel.kallsyms],strncpy,35,0.00562
envoy-strict,48,client,kernel,[kernel.kallsyms],nf_hook_slow,34,0.00546
envoy-strict,48,server,kernel,[kernel.kallsyms],psi_group_change,191,0.03088
envoy-strict,48,server,kernel,[kernel.kallsyms],entry_SYSCALL_64,120,0.0194
envoy-strict,48,server,kernel,[kernel.kallsyms],_raw_spin_lock_irqsave,105,0.01698
envoy-strict,48,server,kernel,[kernel.kallsyms],__nf_conntrack_find_get,104,0.01682
envoy-strict,48,server,kernel,[kernel.kallsyms],__fget_files,96,0.01552
envoy-strict,48,server,kernel,[kernel.kallsyms],nft_do_chain,82,0.01326
envoy-strict,48,server,envoy,envoy,Envoy::Buffer::OwnedImpl::reserveWithMaxLength,71,0.01148
envoy-strict,48,server,kernel,[kernel.kallsyms],native_queued_spin_lock_slowpath.part.0,68,0.01099
envoy-strict,48,server,runtime,libc.so.6,pthread_mutex_lock,66,0.01067
envoy-strict,48,server,kernel,[kernel.kallsyms],aa_dfa_match_len,63,0.01019
envoy-strict,48,server,kernel,[kernel.kallsyms],_raw_spin_lock_bh,61,0.00986
envoy-strict,48,server,kernel,[kernel.kallsyms],tcp_check_space,60,0.0097
envoy-strict,48,server,kernel,[kernel.kallsyms],_raw_spin_lock,60,0.0097
envoy-strict,48,server,kernel,[kernel.kallsyms],update_load_avg,60,0.0097
envoy-strict,48,server,kernel,[kernel.kallsyms],__update_load_avg_se,60,0.0097
envoy-strict,48,server,kernel,[kernel.kallsyms],enqueue_task_fair,58,0.00938
envoy-strict,48,server,kernel,[kernel.kallsyms],update_curr,56,0.00905
envoy-strict,48,server,kernel,[kernel.kallsyms],read_tsc,55,0.00889
envoy-strict,48,server,kernel,[kernel.kallsyms],copy_user_enhanced_fast_string,51,0.00825
envoy-strict,48,server,kernel,[kernel.kallsyms],__update_load_avg_cfs_rq,51,0.00825
envoy-strict,48,server,kernel,[kernel.kallsyms],tcp_recvmsg_locked,49,0.00792
envoy-strict,48,server,kernel,[kernel.kallsyms],aa_label_sk_perm.part.0,48,0.00776
envoy-strict,48,server,runtime,libc.so.6,pthread_mutex_unlock,46,0.00744
envoy-strict,48,server,kernel,[kernel.kallsyms],pick_next_task_fair,45,0.00728
envoy-strict,48,server,kernel,[kernel.kallsyms],__siphash_unaligned,43,0.00695
envoy-strict,48,server,kernel,[kernel.kallsyms],enqueue_entity,43,0.00695
envoy-strict,48,server,kernel,[kernel.kallsyms],arch_exit_to_user_mode_prepare.constprop.0,43,0.00695
envoy-strict,48,server,kernel,[kernel.kallsyms],__schedule,42,0.00679
envoy-strict,48,server,kernel,[kernel.kallsyms],tcp_sendmsg_locked,41,0.00663
envoy-strict,48,server,envoy,envoy,Envoy::Stats::CounterImpl::add,38,0.00614
envoy-strict,48,server,kernel,[kernel.kallsyms],update_cfs_group,38,0.00614
envoy-strict,48,server,kernel,[kernel.kallsyms],skb_release_data,37,0.00598
envoy-strict,48,server,kernel,[kernel.kallsyms],__calc_delta,37,0.00598
envoy-strict,48,server,kernel,[kernel.kallsyms],__tcp_transmit_skb,37,0.00598
envoy-strict,48,server,kernel,[kernel.kallsyms],tcp_v4_rcv,36,0.00582
envoy-strict,48,server,kernel,[kernel.kallsyms],update_rq_clock,34,0.0055
envoy-strict,48,server,kernel,[kernel.kallsyms],nf_conntrack_in,34,0.0055
envoy-strict,48,server,kernel,[kernel.kallsyms],fput_many,33,0.00534
envoy-strict,48,server,kernel,[kernel.kallsyms],strncpy,33,0.00534
envoy-strict,48,server,kernel,[kernel.kallsyms],__switch_to,32,0.00517
envoy-strict,48,client,kernel,[kernel.kallsyms],psi_group_change,188,0.03019
envoy-strict,48,client,kernel,[kernel.kallsyms],entry_SYSCALL_64,116,0.01863
envoy-strict,48,client,kernel,[kernel.kallsyms],_raw_spin_lock_irqsave,110,0.01766
envoy-strict,48,client,kernel,[kernel.kallsyms],__nf_conntrack_find_get,89,0.01429
envoy-strict,48,client,kernel,[kernel.kallsyms],nft_do_chain,84,0.01349
envoy-strict,48,client,kernel,[kernel.kallsyms],_raw_spin_lock,75,0.01204
envoy-strict,48,client,kernel,[kernel.kallsyms],native_queued_spin_lock_slowpath.part.0,74,0.01188
envoy-strict,48,client,kernel,[kernel.kallsyms],__fget_files,71,0.0114
envoy-strict,48,client,kernel,[kernel.kallsyms],copy_user_enhanced_fast_string,71,0.0114
envoy-strict,48,client,kernel,[kernel.kallsyms],__update_load_avg_se,66,0.0106
envoy-strict,48,client,kernel,[kernel.kallsyms],_raw_spin_lock_bh,66,0.0106
envoy-strict,48,client,envoy,envoy,Envoy::Buffer::OwnedImpl::reserveWithMaxLength,66,0.0106
envoy-strict,48,client,kernel,[kernel.kallsyms],aa_dfa_match_len,66,0.0106
envoy-strict,48,client,kernel,[kernel.kallsyms],read_tsc,66,0.0106
envoy-strict,48,client,kernel,[kernel.kallsyms],update_load_avg,66,0.0106
envoy-strict,48,client,kernel,[kernel.kallsyms],enqueue_task_fair,61,0.00979
envoy-strict,48,client,vdso,[vdso],[unknown],59,0.00947
envoy-strict,48,client,kernel,[kernel.kallsyms],aa_label_sk_perm.part.0,56,0.00899
envoy-strict,48,client,kernel,[kernel.kallsyms],update_curr,52,0.00835
envoy-strict,48,client,kernel,[kernel.kallsyms],update_cfs_group,48,0.00771
envoy-strict,48,client,kernel,[kernel.kallsyms],tcp_check_space,48,0.00771
envoy-strict,48,client,kernel,[kernel.kallsyms],tcp_sendmsg_locked,47,0.00755
envoy-strict,48,client,runtime,libc.so.6,pthread_mutex_lock,44,0.00706
envoy-strict,48,client,kernel,[kernel.kallsyms],__siphash_unaligned,43,0.0069
envoy-strict,48,client,kernel,[kernel.kallsyms],tcp_recvmsg_locked,43,0.0069
envoy-strict,48,client,kernel,[kernel.kallsyms],__tcp_transmit_skb,40,0.00642
envoy-strict,48,client,kernel,[kernel.kallsyms],arch_exit_to_user_mode_prepare.constprop.0,40,0.00642
envoy-strict,48,client,kernel,[kernel.kallsyms],skb_release_data,39,0.00626
envoy-strict,48,client,kernel,[kernel.kallsyms],aa_compute_perms,38,0.0061
envoy-strict,48,client,kernel,[kernel.kallsyms],strncpy,38,0.0061
envoy-strict,48,client,app,bench_sock,on_reply,38,0.0061
envoy-strict,48,client,kernel,[kernel.kallsyms],__calc_delta,38,0.0061
envoy-strict,48,client,runtime,libc.so.6,pthread_mutex_unlock,38,0.0061
envoy-strict,48,client,kernel,[kernel.kallsyms],set_next_buddy,38,0.0061
envoy-strict,48,client,kernel,[kernel.kallsyms],rb_erase,37,0.00594
envoy-strict,48,client,kernel,[kernel.kallsyms],__update_load_avg_cfs_rq,37,0.00594
envoy-strict,48,client,kernel,[kernel.kallsyms],__schedule,37,0.00594
envoy-strict,48,client,kernel,[kernel.kallsyms],__inet_lookup_established,37,0.00594
envoy-strict,48,client,kernel,[kernel.kallsyms],tcp_rcv_established,36,0.00578
envoy-strict,48,client,kernel,[kernel.kallsyms],reweight_entity,36,0.00578
envoy-strict,48,server,kernel,[kernel.kallsyms],psi_group_change,173,0.02796
envoy-strict,48,server,kernel,[kernel.kallsyms],entry_SYSCALL_64,115,0.01859
envoy-strict,48,server,kernel,[kernel.kallsyms],native_queued_spin_lock_slowpath.part.0,97,0.01568
envoy-strict,48,server,kernel,[kernel.kallsyms],_raw_spin_lock_irqsave,93,0.01503
envoy-strict,48,server,kernel,[kernel.kallsyms],nft_do_chain,92,0.01487
envoy-strict,48,server,kernel,[kernel.kallsyms],__nf_conntrack_find_get,91,0.01471
envoy-strict,48,server,kernel,[kernel.kallsyms],copy_user_enhanced_fast_string,79,0.01277
envoy-strict,48,server,envoy,envoy,Envoy::Buffer::OwnedImpl::reserveWithMaxLength,78,0.01261
envoy-strict,48,server,runtime,libc.so.6,pthread_mutex_lock,77,0.01245
envoy-strict,48,server,kernel,[kernel.kallsyms],__fget_files,70,0.01132
envoy-strict,48,server,kernel,[kernel.kallsyms],tcp_recvmsg_locked,66,0.01067
envoy-strict,48,server,kernel,[kernel.kallsyms],update_load_avg,64,0.01035
envoy-strict,48,server,kernel,[kernel.kallsyms],_raw_spin_lock,60,0.0097
envoy-strict,48,server,kernel,[kernel.kallsyms],aa_dfa_match_len,60,0.0097
envoy-strict,48,server,kernel,[kernel.kallsyms],tcp_check_space,55,0.00889
envoy-strict,48,server,kernel,[kernel.kallsyms],__update_load_avg_se,55,0.00889
envoy-strict,48,server,runtime,libc.so.6,pthread_mutex_unlock,54,0.00873
envoy-strict,48,server,kernel,[kernel.kallsyms],_raw_spin_lock_bh,53,0.00857
envoy-strict,48,server,kernel,[kernel.kallsyms],read_tsc,51,0.00824
envoy-strict,48,server,kernel,[kernel.kallsyms],enqueue_task_fair,50,0.00808
envoy-strict,48,server,kernel,[kernel.kallsyms],update_curr,49,0.00792
envoy-strict,48,server,kernel,[kernel.kallsyms],update_cfs_group,48,0.00776
envoy-strict,48,server,kernel,[kernel.kallsyms],enqueue_entity,48,0.00776
envoy-strict,48,server,kernel,[kernel.kallsyms],restore_fpregs_from_fpstate,46,0.00744
envoy-strict,48,server,kernel,[kernel.kallsyms],__calc_delta,43,0.00695
envoy-strict,48,server,kernel,[kernel.kallsyms],__siphash_unaligned,42,0.00679
envoy-strict,48,server,kernel,[kernel.kallsyms],__dev_queue_xmit,42,0.00679
envoy-strict,48,server,kernel,[kernel.kallsyms],aa_label_sk_perm.part.0,41,0.00663
envoy-strict,48,server,kernel,[kernel.kallsyms],__schedule,41,0.00663
envoy-strict,48,server,envoy,envoy,_aesni_ctr32_ghash_6x,39,0.0063
envoy-strict,48,server,kernel,[kernel.kallsyms],strncpy,38,0.00614
envoy-strict,48,server,kernel,[kernel.kallsyms],__switch_to,38,0.00614
envoy-strict,48,server,kernel,[kernel.kallsyms],update_rq_clock,36,0.00582
envoy-strict,48,server,kernel,[kernel.kallsyms],tcp_rcv_established,36,0.00582
envoy-strict,48,server,kernel,[kernel.kallsyms],aa_compute_perms,35,0.00566
envoy-strict,48,server,kernel,[kernel.kallsyms],nf_conntrack_in,34,0.0055
envoy-strict,48,server,kernel,[kernel.kallsyms],skb_release_data,33,0.00533
envoy-strict,48,server,kernel,[kernel.kallsyms],__update_load_avg_cfs_rq,33,0.00533
envoy-strict,48,server,kernel,[kernel.kallsyms],__tcp_transmit_skb,32,0.00517
envoy-strict,48,server,kernel,[kernel.kallsyms],update_min_vruntime,32,0.00517
envoy-strict,48,client,kernel,[kernel.kallsyms],psi_group_change,178,0.02857
envoy-strict,48,client,kernel,[kernel.kallsyms],entry_SYSCALL_64,111,0.01782
envoy-strict,48,client,kernel,[kernel.kallsyms],_raw_spin_lock_irqsave,107,0.01718
envoy-strict,48,client,envoy,envoy,Envoy::Buffer::OwnedImpl::reserveWithMaxLength,97,0.01557
envoy-strict,48,client,kernel,[kernel.kallsyms],__nf_conntrack_find_get,87,0.01397
envoy-strict,48,client,kernel,[kernel.kallsyms],copy_user_enhanced_fast_string,84,0.01348
envoy-strict,48,client,kernel,[kernel.kallsyms],__fget_files,79,0.01268
envoy-strict,48,client,kernel,[kernel.kallsyms],aa_dfa_match_len,76,0.0122
envoy-strict,48,client,kernel,[kernel.kallsyms],read_tsc,69,0.01108
envoy-strict,48,client,kernel,[kernel.kallsyms],_raw_spin_lock_bh,68,0.01092
envoy-strict,48,client,vdso,[vdso],[unknown],67,0.01076
envoy-strict,48,client,kernel,[kernel.kallsyms],nft_do_chain,62,0.00995
envoy-strict,48,client,kernel,[kernel.kallsyms],_raw_spin_lock,62,0.00995
envoy-strict,48,client,kernel,[kernel.kallsyms],__update_load_avg_se,61,0.00979
envoy-strict,48,client,kernel,[kernel.kallsyms],update_load_avg,60,0.00963
envoy-strict,48,client,app,bench_sock,on_reply,59,0.00947
envoy-strict,48,client,kernel,[kernel.kallsyms],native_queued_spin_lock_slowpath.part.0,53,0.00851
envoy-strict,48,client,runtime,libc.so.6,pthread_mutex_lock,53,0.00851
envoy-strict,48,client,kernel,[kernel.kallsyms],tcp_check_space,52,0.00835
envoy-strict,48,client,kernel,[kernel.kallsyms],update_curr,50,0.00803
envoy-strict,48,client,kernel,[kernel.kallsyms],enqueue_task_fair,50,0.00803
envoy-strict,48,client,envoy,envoy,_aesni_ctr32_ghash_6x,50,0.00803
envoy-strict,48,client,kernel,[kernel.kallsyms],tcp_recvmsg_locked,47,0.00754
envoy-strict,48,client,kernel,[kernel.kallsyms],tcp_sendmsg_locked,47,0.00754
envoy-strict,48,client,kernel,[kernel.kallsyms],__schedule,47,0.00754
envoy-strict,48,client,kernel,[kernel.kallsyms],__update_load_avg_cfs_rq,44,0.00706
envoy-strict,48,client,kernel,[kernel.kallsyms],enqueue_entity,43,0.0069
envoy-strict,48,client,kernel,[kernel.kallsyms],update_cfs_group,43,0.0069
envoy-strict,48,client,kernel,[kernel.kallsyms],aa_label_sk_perm.part.0,42,0.00674
envoy-strict,48,client,kernel,[kernel.kallsyms],skb_release_data,42,0.00674
envoy-strict,48,client,kernel,[kernel.kallsyms],__tcp_transmit_skb,41,0.00658
envoy-strict,48,client,kernel,[kernel.kallsyms],__inet_lookup_established,39,0.00626
envoy-strict,48,client,runtime,libc.so.6,pthread_mutex_unlock,38,0.0061
envoy-strict,48,client,kernel,[kernel.kallsyms],__siphash_unaligned,38,0.0061
envoy-strict,48,client,kernel,[kernel.kallsyms],__dev_queue_xmit,38,0.0061
envoy-strict,48,client,kernel,[kernel.kallsyms],fput_many,38,0.0061
envoy-strict,48,client,envoy,envoy,Envoy::Stats::CounterImpl::add,37,0.00594
envoy-strict,48,client,kernel,[kernel.kallsyms],timerqueue_add,37,0.00594
envoy-strict,48,client,envoy,envoy,TCMallocInternalDeleteArrayAlignedNothrow,34,0.00546
envoy-strict,48,client,kernel,[kernel.kallsyms],arch_exit_to_user_mode_prepare.constprop.0,34,0.00546
envoy-strict,48,server,kernel,[kernel.kallsyms],psi_group_change,149,0.024
envoy-strict,48,server,kernel,[kernel.kallsyms],_raw_spin_lock_irqsave,99,0.01595
envoy-strict,48,server,kernel,[kernel.kallsyms],entry_SYSCALL_64,98,0.01579
envoy-strict,48,server,kernel,[kernel.kallsyms],__nf_conntrack_find_get,96,0.01546
envoy-strict,48,server,kernel,[kernel.kallsyms],native_queued_spin_lock_slowpath.part.0,83,0.01337
envoy-strict,48,server,envoy,envoy,Envoy::Buffer::OwnedImpl::reserveWithMaxLength,81,0.01305
envoy-strict,48,server,kernel,[kernel.kallsyms],copy_user_enhanced_fast_string,75,0.01208
envoy-strict,48,server,kernel,[kernel.kallsyms],_raw_spin_lock,72,0.0116
envoy-strict,48,server,kernel,[kernel.kallsyms],__fget_files,71,0.01144
envoy-strict,48,server,kernel,[kernel.kallsyms],read_tsc,69,0.01112
envoy-strict,48,server,kernel,[kernel.kallsyms],nft_do_chain,69,0.01112
envoy-strict,48,server,kernel,[kernel.kallsyms],aa_dfa_match_len,65,0.01047
envoy-strict,48,server,kernel,[kernel.kallsyms],_raw_spin_lock_bh,65,0.01047
envoy-strict,48,server,kernel,[kernel.kallsyms],tcp_recvmsg_locked,62,0.00999
envoy-strict,48,server,kernel,[kernel.kallsyms],__update_load_avg_se,60,0.00967
envoy-strict,48,server,kernel,[kernel.kallsyms],enqueue_task_fair,57,0.00918
envoy-strict,48,server,runtime,libc.so.6,pthread_mutex_lock,57,0.00918
envoy-strict,48,server,kernel,[kernel.kallsyms],update_cfs_group,53,0.00854
envoy-strict,48,server,envoy,envoy,_aesni_ctr32_ghash_6x,51,0.00822
envoy-strict,48,server,kernel,[kernel.kallsyms],aa_label_sk_perm.part.0,51,0.00822
envoy-strict,48,server,kernel,[kernel.kallsyms],update_curr,51,0.00822
envoy-strict,48,server,kernel,[kernel.kallsyms],__calc_delta,49,0.00789
envoy-strict,48,server,kernel,[kernel.kallsyms],update_load_avg,47,0.00757
envoy-strict,48,server,kernel,[kernel.kallsyms],tcp_check_space,45,0.00725
envoy-strict,48,server,kernel,[kernel.kallsyms],__siphash_unaligned,45,0.00725
envoy-strict,48,server,kernel,[kernel.kallsyms],__schedule,43,0.00693
envoy-strict,48,server,kernel,[kernel.kallsyms],arch_exit_to_user_mode_prepare.constprop.0,41,0.0066
envoy-strict,48,server,kernel,[kernel.kallsyms],__tcp_transmit_skb,40,0.00644
envoy-strict,48,server,kernel,[kernel.kallsyms],pick_next_task_fair,39,0.00628
envoy-strict,48,server,kernel,[kernel.kallsyms],fput_many,36,0.0058
envoy-strict,48,server,kernel,[kernel.kallsyms],__dev_queue_xmit,35,0.00564
envoy-strict,48,server,kernel,[kernel.kallsyms],__update_load_avg_cfs_rq,35,0.00564
envoy-strict,48,server,runtime,libc.so.6,pthread_mutex_unlock,35,0.00564
envoy-strict,48,server,kernel,[kernel.kallsyms],__ksize,34,0.00548
envoy-strict,48,server,kernel,[kernel.kallsyms],nf_hook_slow,34,0.00548
envoy-strict,48,server,kernel,[kernel.kallsyms],skb_release_data,34,0.00548
envoy-strict,48,server,kernel,[kernel.kallsyms],nf_conntrack_in,33,0.00532
envoy-strict,48,server,kernel,[kernel.kallsyms],tcp_sendmsg_locked,32,0.00515
envoy-strict,48,server,kernel,[kernel.kallsyms],enqueue_entity,32,0.00515
envoy-strict,48,server,kernel,[kernel.kallsyms],restore_fpregs_from_fpstate,32,0.00515
envoy-strict,1008,client,envoy,envoy,_aesni_ctr32_ghash_6x,825,0.13255
envoy-strict,1008,client,kernel,[kernel.kallsyms],copy_user_enhanced_fast_string,398,0.06394
envoy-strict,1008,client,kernel,[kernel.kallsyms],psi_group_change,124,0.01992
envoy-strict,1008,client,kernel,[kernel.kallsyms],_raw_spin_lock_irqsave,107,0.01719
envoy-strict,1008,client,kernel,[kernel.kallsyms],entry_SYSCALL_64,84,0.0135
envoy-strict,1008,client,kernel,[kernel.kallsyms],__nf_conntrack_find_get,82,0.01317
envoy-strict,1008,client,kernel,[kernel.kallsyms],tcp_sendmsg_locked,79,0.01269
envoy-strict,1008,client,kernel,[kernel.kallsyms],__fget_files,70,0.01125
envoy-strict,1008,client,kernel,[kernel.kallsyms],nft_do_chain,68,0.01093
envoy-strict,1008,client,runtime,libc.so.6,[unknown],64,0.01028
envoy-strict,1008,client,runtime,libc.so.6,__memmove_avx512_unaligned_erms,56,0.009
envoy-strict,1008,client,kernel,[kernel.kallsyms],aa_dfa_match_len,55,0.00884
envoy-strict,1008,client,kernel,[kernel.kallsyms],_raw_spin_lock_bh,54,0.00868
envoy-strict,1008,client,kernel,[kernel.kallsyms],update_load_avg,50,0.00803
envoy-strict,1008,client,kernel,[kernel.kallsyms],__siphash_unaligned,50,0.00803
envoy-strict,1008,client,kernel,[kernel.kallsyms],_raw_spin_lock,50,0.00803
envoy-strict,1008,client,kernel,[kernel.kallsyms],read_tsc,49,0.00787
envoy-strict,1008,client,envoy,envoy,Envoy::Buffer::OwnedImpl::reserveWithMaxLength,48,0.00771
envoy-strict,1008,client,kernel,[kernel.kallsyms],__tcp_transmit_skb,45,0.00723
envoy-strict,1008,client,kernel,[kernel.kallsyms],update_cfs_group,45,0.00723
envoy-strict,1008,client,kernel,[kernel.kallsyms],__inet_lookup_established,43,0.00691
envoy-strict,1008,client,kernel,[kernel.kallsyms],enqueue_task_fair,42,0.00675
envoy-strict,1008,client,vdso,[vdso],[unknown],41,0.00659
envoy-strict,1008,client,runtime,libc.so.6,pthread_mutex_unlock,38,0.00611
envoy-strict,1008,client,kernel,[kernel.kallsyms],ip_finish_output2,37,0.00594
envoy-strict,1008,client,kernel,[kernel.kallsyms],arch_exit_to_user_mode_prepare.constprop.0,37,0.00594
envoy-strict,1008,client,app,bench_sock,on_reply,37,0.00594
envoy-strict,1008,client,kernel,[kernel.kallsyms],__calc_delta,35,0.00562
envoy-strict,1008,client,envoy,envoy,TCMallocInternalDeleteArrayAlignedNothrow,35,0.00562
envoy-strict,1008,client,runtime,libc.so.6,pthread_mutex_lock,32,0.00514
envoy-strict,1008,client,kernel,[kernel.kallsyms],strncpy,32,0.00514
envoy-strict,1008,client,kernel,[kernel.kallsyms],__schedule,32,0.00514
envoy-strict,1008,client,kernel,[kernel.kallsyms],aa_label_sk_perm.part.0,31,0.00498
envoy-strict,1008,client,kernel,[kernel.kallsyms],enqueue_entity,30,0.00482
envoy-strict,1008,client,kernel,[kernel.kallsyms],dst_release,30,0.00482
envoy-strict,1008,client,kernel,[kernel.kallsyms],timerqueue_add,29,0.00466
envoy-strict,1008,client,kernel,[kernel.kallsyms],__check_object_size.part.0,28,0.0045
envoy-strict,1008,client,kernel,[kernel.kallsyms],aa_profile_af_perm,27,0.00434
envoy-strict,1008,client,kernel,[kernel.kallsyms],update_curr,27,0.00434
envoy-strict,1008,client,kernel,[kernel.kallsyms],__update_load_avg_cfs_rq,27,0.00434
envoy-strict,1008,server,envoy,envoy,_aesni_ctr32_ghash_6x,764,0.12295
envoy-strict,1008,server,kernel,[kernel.kallsyms],copy_user_enhanced_fast_string,404,0.06502
envoy-strict,1008,server,kernel,[kernel.kallsyms],nft_do_chain,115,0.01851
envoy-strict,1008,server,kernel,[kernel.kallsyms],psi_group_change,100,0.01609
envoy-strict,1008,server,kernel,[kernel.kallsyms],__nf_conntrack_find_get,93,0.01497
envoy-strict,1008,server,kernel,[kernel.kallsyms],tcp_sendmsg_locked,82,0.0132
envoy-strict,1008,server,kernel,[kernel.kallsyms],entry_SYSCALL_64,78,0.01255
envoy-strict,1008,server,kernel,[kernel.kallsyms],_raw_spin_lock,75,0.01207
envoy-strict,1008,server,kernel,[kernel.kallsyms],_raw_spin_lock_irqsave,71,0.01143
envoy-strict,1008,server,kernel,[kernel.kallsyms],__fget_files,70,0.01127
envoy-strict,1008,server,kernel,[kernel.kallsyms],aa_dfa_match_len,63,0.01014
envoy-strict,1008,server,runtime,libc.so.6,[unknown],55,0.00885
envoy-strict,1008,server,envoy,envoy,Envoy::Buffer::OwnedImpl::reserveWithMaxLength,54,0.00869
envoy-strict,1008,server,kernel,[kernel.kallsyms],strncpy,53,0.00853
envoy-strict,1008,server,kernel,[kernel.kallsyms],read_tsc,52,0.00837
envoy-strict,1008,server,kernel,[kernel.kallsyms],_raw_spin_lock_bh,48,0.00772
envoy-strict,1008,server,runtime,libc.so.6,pthread_mutex_lock,46,0.0074
envoy-strict,1008,server,kernel,[kernel.kallsyms],update_load_avg,44,0.00708
envoy-strict,1008,server,kernel,[kernel.kallsyms],__siphash_unaligned,43,0.00692
envoy-strict,1008,server,app,echo_sock,on_request,42,0.00676
envoy-strict,1008,server,kernel,[kernel.kallsyms],nf_conntrack_in,41,0.0066
envoy-strict,1008,server,kernel,[kernel.kallsyms],dst_release,39,0.00628
envoy-strict,1008,server,kernel,[kernel.kallsyms],__tcp_transmit_skb,38,0.00612
envoy-strict,1008,server,runtime,libc.so.6,pthread_mutex_unlock,38,0.00612
envoy-strict,1008,server,kernel,[kernel.kallsyms],__update_load_avg_se,35,0.00563
envoy-strict,1008,server,kernel,[kernel.kallsyms],skb_release_data,35,0.00563
envoy-strict,1008,server,envoy,envoy,TCMallocInternalDeleteArrayAlignedNothrow,34,0.00547
envoy-strict,1008,server,kernel,[kernel.kallsyms],ip_finish_output2,34,0.00547
envoy-strict,1008,server,kernel,[kernel.kallsyms],update_curr,34,0.00547
envoy-strict,1008,server,kernel,[kernel.kallsyms],tcp_recvmsg_locked,31,0.00499
envoy-strict,1008,server,kernel,[kernel.kallsyms],__update_load_avg_cfs_rq,31,0.00499
envoy-strict,1008,server,kernel,[kernel.kallsyms],__inet_lookup_established,31,0.00499
envoy-strict,1008,server,kernel,[kernel.kallsyms],update_cfs_group,30,0.00483
envoy-strict,1008,server,kernel,[kernel.kallsyms],enqueue_task_fair,29,0.00467
envoy-strict,1008,server,kernel,[kernel.kallsyms],__calc_delta,28,0.00451
envoy-strict,1008,server,kernel,[kernel.kallsyms],ipv4_conntrack_defrag,28,0.00451
envoy-strict,1008,server,kernel,[kernel.kallsyms],enqueue_entity,27,0.00435
envoy-strict,1008,server,kernel,[kernel.kallsyms],ktime_get,27,0.00435
envoy-strict,1008,server,kernel,[kernel.kallsyms],tcp_ack,26,0.00418
envoy-strict,1008,server,kernel,[kernel.kallsyms],prepare_task_switch,26,0.00418
