run_id,phase,config,frame_bytes,request_body_bytes,response_body_bytes,connections,arrival,rate_index,offered_rps,reported_offered_rps,rep,duration_s,achieved_rps,gbps,request_gbps,response_gbps,p50_us,p95_us,p99_us,p999_us,p9999_us,avg_us,min_us,max_us,ok,scheduled,pending,fail,admission_drops,overflow,reorder,client_app_cores,client_app_user_cores,client_app_system_cores,server_app_cores,server_app_user_cores,server_app_system_cores,client_sidecar_cores,client_sidecar_user_cores,client_sidecar_system_cores,server_sidecar_cores,server_sidecar_user_cores,server_sidecar_system_cores,host_cgroup_cores,host_cgroup_user_cores,host_cgroup_system_cores,host_busy_cores,client_core_busy_cores,server_core_busy_cores,client_tick_busy_cores,server_tick_busy_cores,host_user_cores,host_system_cores,host_irq_cores,host_softirq_cores,system_softirq_cores,dpu_arm_cores,tx_grow_waits,nr_throttled,throttled_seconds,core_list,mpstat_file,perf_data,validation_status,served_clean,achieved_ratio,schedule_ratio,admission_drop_ratio,clean_reason
idle-0-q0-grpc-envoy-strict-r1,idle,grpc-envoy-strict,0,0,0,8,none,0,0,0,1,5,0.000,0,0,0,0,0,0,0,0,0,0,0,0,0,0,0,0,0,0,0.000000,0.000000,0.000000,0.000601,0.000471,0.000129,0.004319,0.000030,0.004289,0.004077,0.001376,0.002701,0.008997,0.001877,0.007119,0.005850,0.004311,0.004681,0.003900,0.001950,0.000000,0.005850,0.000000,0.000000,0.037049,NA,NA,0.000000,0.000000,24;25,/home/jukebox/DPUmesh/integrations/linkerd/bench/report/data/linkerd-20260810/open/raw/mpstat/idle-0-q0-grpc-envoy-strict-r1.txt,NA,ok,NA,NA,NA,NA,idle
idle-0-q0-grpc-linkerd-r1,idle,grpc-linkerd,0,0,0,8,none,0,0,0,1,5,0.000,0,0,0,0,0,0,0,0,0,0,0,0,0,0,0,0,0,0,0.000000,0.000000,0.000000,0.000518,0.000156,0.000362,0.000146,0.000124,0.000022,0.000092,0.000070,0.000022,0.000756,0.000350,0.000406,0.000000,0.000197,0.000749,0.000000,0.000000,0.000000,0.000000,0.000000,0.000000,0.029210,NA,NA,0.000000,0.000000,26;27,/home/jukebox/DPUmesh/integrations/linkerd/bench/report/data/linkerd-20260810/open/raw/mpstat/idle-0-q0-grpc-linkerd-r1.txt,NA,ok,NA,NA,NA,NA,idle
idle-0-q0-grpc-linkerd-opaque-r1,idle,grpc-linkerd-opaque,0,0,0,8,none,0,0,0,1,5,0.000,0,0,0,0,0,0,0,0,0,0,0,0,0,0,0,0,0,0,0.000000,0.000000,0.000000,0.000734,0.000565,0.000169,0.000043,0.000011,0.000032,0.000145,0.000036,0.000109,0.000922,0.000612,0.000310,0.001947,0.000346,0.001169,0.000000,0.001947,0.001947,0.000000,0.000000,0.000000,0.040892,NA,NA,0.000000,0.000000,28;29,/home/jukebox/DPUmesh/integrations/linkerd/bench/report/data/linkerd-20260810/open/raw/mpstat/idle-0-q0-grpc-linkerd-opaque-r1.txt,NA,ok,NA,NA,NA,NA,idle
idle-0-q0-grpc-tcp-r1,idle,grpc-tcp,0,0,0,8,none,0,0,0,1,5,0.000,0,0,0,0,0,0,0,0,0,0,0,0,0,0,0,0,0,0,0.000000,0.000000,0.000000,0.000437,0.000343,0.000094,0.000000,0.000000,0.000000,0.000000,0.000000,0.000000,0.000437,0.000343,0.000094,0.000000,0.000102,0.000534,0.000000,0.000000,0.000000,0.000000,0.000000,0.000000,0.031424,NA,NA,0.000000,0.000000,22;23,/home/jukebox/DPUmesh/integrations/linkerd/bench/report/data/linkerd-20260810/open/raw/mpstat/idle-0-q0-grpc-tcp-r1.txt,NA,ok,NA,NA,NA,NA,idle
idle-0-q0-grpc-dpumesh-r1,idle,grpc-dpumesh,0,0,0,8,none,0,0,0,1,5,0.000,0,0,0,0,0,0,0,0,0,0,0,0,0,0,0,0,0,0,0.000090,0.000090,0.000000,0.000591,0.000000,0.000591,0.000000,0.000000,0.000000,0.000000,0.000000,0.000000,0.000681,0.000090,0.000591,0.000000,0.000220,0.000983,0.000000,0.000000,0.000000,0.000000,0.000000,0.000000,0.039282,0.121773,NA,0.000000,0.000000,18;19,/home/jukebox/DPUmesh/integrations/linkerd/bench/report/data/linkerd-20260810/open/raw/mpstat/idle-0-q0-grpc-dpumesh-r1.txt,NA,ok,NA,NA,NA,NA,idle
idle-0-q0-grpc-envoy-permissive-r1,idle,grpc-envoy-permissive,0,0,0,8,none,0,0,0,1,5,0.000,0,0,0,0,0,0,0,0,0,0,0,0,0,0,0,0,0,0,0.000000,0.000000,0.000000,0.000554,0.000438,0.000116,0.004667,0.000000,0.004667,0.003946,0.000451,0.003495,0.009167,0.000889,0.008278,0.005842,0.005302,0.004544,0.003895,0.001947,0.000000,0.005842,0.000000,0.000000,0.027264,NA,NA,0.000000,0.000000,20;21,/home/jukebox/DPUmesh/integrations/linkerd/bench/report/data/linkerd-20260810/open/raw/mpstat/idle-0-q0-grpc-envoy-permissive-r1.txt,NA,ok,NA,NA,NA,NA,idle
idle-0-q0-grpc-linkerd-r2,idle,grpc-linkerd,0,0,0,8,none,0,0,0,2,5,0.000,0,0,0,0,0,0,0,0,0,0,0,0,0,0,0,0,0,0,0.000000,0.000000,0.000000,0.000491,0.000229,0.000262,0.000111,0.000000,0.000111,0.000081,0.000000,0.000081,0.000683,0.000229,0.000454,0.000000,0.000175,0.000625,0.000000,0.000000,0.000000,0.000000,0.000000,0.000000,0.033092,NA,NA,0.000000,0.000000,26;27,/home/jukebox/DPUmesh/integrations/linkerd/bench/report/data/linkerd-20260810/open/raw/mpstat/idle-0-q0-grpc-linkerd-r2.txt,NA,ok,NA,NA,NA,NA,idle
idle-0-q0-grpc-linkerd-opaque-r2,idle,grpc-linkerd-opaque,0,0,0,8,none,0,0,0,2,5,0.000,0,0,0,0,0,0,0,0,0,0,0,0,0,0,0,0,0,0,0.000000,0.000000,0.000000,0.000726,0.000726,0.000000,0.000115,0.000029,0.000086,0.000147,0.000000,0.000147,0.000988,0.000755,0.000233,0.001947,0.000420,0.000932,0.000000,0.001947,0.001947,0.000000,0.000000,0.000000,0.031157,NA,NA,0.000000,0.000000,28;29,/home/jukebox/DPUmesh/integrations/linkerd/bench/report/data/linkerd-20260810/open/raw/mpstat/idle-0-q0-grpc-linkerd-opaque-r2.txt,NA,ok,NA,NA,NA,NA,idle
idle-0-q0-grpc-tcp-r2,idle,grpc-tcp,0,0,0,8,none,0,0,0,2,5,0.000,0,0,0,0,0,0,0,0,0,0,0,0,0,0,0,0,0,0,0.000000,0.000000,0.000000,0.000443,0.000260,0.000183,0.000000,0.000000,0.000000,0.000000,0.000000,0.000000,0.000443,0.000260,0.000183,0.000000,0.000070,0.000535,0.000000,0.000000,0.000000,0.000000,0.000000,0.000000,0.031424,NA,NA,0.000000,0.000000,22;23,/home/jukebox/DPUmesh/integrations/linkerd/bench/report/data/linkerd-20260810/open/raw/mpstat/idle-0-q0-grpc-tcp-r2.txt,NA,ok,NA,NA,NA,NA,idle
idle-0-q0-grpc-dpumesh-r2,idle,grpc-dpumesh,0,0,0,8,none,0,0,0,2,5,0.000,0,0,0,0,0,0,0,0,0,0,0,0,0,0,0,0,0,0,0.000088,0.000000,0.000088,0.000630,0.000000,0.000630,0.000000,0.000000,0.000000,0.000000,0.000000,0.000000,0.000718,0.000000,0.000718,0.000000,0.000392,0.000767,0.000000,0.000000,0.000000,0.000000,0.000000,0.000000,0.031422,0.119798,NA,0.000000,0.000000,18;19,/home/jukebox/DPUmesh/integrations/linkerd/bench/report/data/linkerd-20260810/open/raw/mpstat/idle-0-q0-grpc-dpumesh-r2.txt,NA,ok,NA,NA,NA,NA,idle
idle-0-q0-grpc-envoy-permissive-r2,idle,grpc-envoy-permissive,0,0,0,8,none,0,0,0,2,5,0.000,0,0,0,0,0,0,0,0,0,0,0,0,0,0,0,0,0,0,0.000000,0.000000,0.000000,0.000591,0.000591,0.000000,0.004625,0.000000,0.004625,0.004067,0.001385,0.002682,0.009283,0.001976,0.007307,0.003893,0.004654,0.004771,0.001947,0.001947,0.003893,0.000000,0.000000,0.000000,0.035038,NA,NA,0.000000,0.000000,20;21,/home/jukebox/DPUmesh/integrations/linkerd/bench/report/data/linkerd-20260810/open/raw/mpstat/idle-0-q0-grpc-envoy-permissive-r2.txt,NA,ok,NA,NA,NA,NA,idle
idle-0-q0-grpc-envoy-strict-r2,idle,grpc-envoy-strict,0,0,0,8,none,0,0,0,2,5,0.000,0,0,0,0,0,0,0,0,0,0,0,0,0,0,0,0,0,0,0.000000,0.000000,0.000000,0.000606,0.000475,0.000130,0.004248,0.000832,0.003416,0.003698,0.001276,0.002422,0.008552,0.002583,0.005968,0.003894,0.004215,0.004373,0.003894,0.000000,0.001947,0.001947,0.000000,0.000000,0.036993,NA,NA,0.000000,0.000000,24;25,/home/jukebox/DPUmesh/integrations/linkerd/bench/report/data/linkerd-20260810/open/raw/mpstat/idle-0-q0-grpc-envoy-strict-r2.txt,NA,ok,NA,NA,NA,NA,idle
idle-0-q0-grpc-linkerd-opaque-r3,idle,grpc-linkerd-opaque,0,0,0,8,none,0,0,0,3,5,0.000,0,0,0,0,0,0,0,0,0,0,0,0,0,0,0,0,0,0,0.000000,0.000000,0.000000,0.000648,0.000499,0.000149,0.000076,0.000019,0.000057,0.000106,0.000000,0.000106,0.000830,0.000518,0.000312,0.000000,0.000179,0.000778,0.000000,0.000000,0.000000,0.000000,0.000000,0.000000,0.036999,NA,NA,0.000000,0.000000,28;29,/home/jukebox/DPUmesh/integrations/linkerd/bench/report/data/linkerd-20260810/open/raw/mpstat/idle-0-q0-grpc-linkerd-opaque-r3.txt,NA,ok,NA,NA,NA,NA,idle
idle-0-q0-grpc-tcp-r3,idle,grpc-tcp,0,0,0,8,none,0,0,0,3,5,0.000,0,0,0,0,0,0,0,0,0,0,0,0,0,0,0,0,0,0,0.000000,0.000000,0.000000,0.000440,0.000258,0.000181,0.000000,0.000000,0.000000,0.000000,0.000000,0.000000,0.000440,0.000258,0.000181,0.000000,0.000427,0.000537,0.000000,0.000000,0.000000,0.000000,0.000000,0.000000,0.029454,NA,NA,0.000000,0.000000,22;23,/home/jukebox/DPUmesh/integrations/linkerd/bench/report/data/linkerd-20260810/open/raw/mpstat/idle-0-q0-grpc-tcp-r3.txt,NA,ok,NA,NA,NA,NA,idle
idle-0-q0-grpc-dpumesh-r3,idle,grpc-dpumesh,0,0,0,8,none,0,0,0,3,5,0.000,0,0,0,0,0,0,0,0,0,0,0,0,0,0,0,0,0,0,0.000088,0.000062,0.000026,0.000598,0.000598,0.000000,0.000000,0.000000,0.000000,0.000000,0.000000,0.000000,0.000686,0.000660,0.000026,0.001965,0.000231,0.000797,0.000000,0.001965,0.001965,0.000000,0.000000,0.000000,0.039291,0.119837,NA,0.000000,0.000000,18;19,/home/jukebox/DPUmesh/integrations/linkerd/bench/report/data/linkerd-20260810/open/raw/mpstat/idle-0-q0-grpc-dpumesh-r3.txt,NA,ok,NA,NA,NA,NA,idle
idle-0-q0-grpc-envoy-permissive-r3,idle,grpc-envoy-permissive,0,0,0,8,none,0,0,0,3,5,0.000,0,0,0,0,0,0,0,0,0,0,0,0,0,0,0,0,0,0,0.000000,0.000000,0.000000,0.000561,0.000101,0.000460,0.004313,0.000000,0.004313,0.004259,0.001424,0.002834,0.009133,0.001525,0.007607,0.005839,0.004328,0.004884,0.005839,0.000000,0.001946,0.003893,0.000000,0.000000,0.029197,NA,NA,0.000000,0.000000,20;21,/home/jukebox/DPUmesh/integrations/linkerd/bench/report/data/linkerd-20260810/open/raw/mpstat/idle-0-q0-grpc-envoy-permissive-r3.txt,NA,ok,NA,NA,NA,NA,idle
idle-0-q0-grpc-envoy-strict-r3,idle,grpc-envoy-strict,0,0,0,8,none,0,0,0,3,5,0.000,0,0,0,0,0,0,0,0,0,0,0,0,0,0,0,0,0,0,0.000000,0.000000,0.000000,0.000615,0.000563,0.000052,0.004230,0.000000,0.004230,0.004223,0.001150,0.003073,0.009068,0.001713,0.007355,0.007789,0.004202,0.004820,0.005841,0.001947,0.000000,0.007789,0.000000,0.000000,0.033101,NA,NA,0.000000,0.000000,24;25,/home/jukebox/DPUmesh/integrations/linkerd/bench/report/data/linkerd-20260810/open/raw/mpstat/idle-0-q0-grpc-envoy-strict-r3.txt,NA,ok,NA,NA,NA,NA,idle
idle-0-q0-grpc-linkerd-r3,idle,grpc-linkerd,0,0,0,8,none,0,0,0,3,5,0.000,0,0,0,0,0,0,0,0,0,0,0,0,0,0,0,0,0,0,0.000000,0.000000,0.000000,0.000521,0.000392,0.000129,0.000199,0.000199,0.000000,0.000155,0.000000,0.000155,0.000875,0.000591,0.000284,0.000000,0.000238,0.001059,0.000000,0.000000,0.000000,0.000000,0.000000,0.000000,0.027277,NA,NA,0.000000,0.000000,26;27,/home/jukebox/DPUmesh/integrations/linkerd/bench/report/data/linkerd-20260810/open/raw/mpstat/idle-0-q0-grpc-linkerd-r3.txt,NA,ok,NA,NA,NA,NA,idle
load-64-q1-grpc-envoy-permissive-r1,load,grpc-envoy-permissive,64,48,48,8,const,1,2607,2607,1,10.000,2607.000,0.0027,0.0013,0.0013,196.00,510.00,567.00,606.00,649.00,280.93,131.62,849.65,24470,26070,0,0,0,0,0,0.115586,0.067894,0.047692,0.189425,0.130871,0.058554,0.064127,0.000000,0.064126,0.132643,0.034901,0.097742,0.501781,0.233666,0.268114,0.361810,0.177802,0.318726,0.182535,0.179275,0.179275,0.138531,0.000000,0.044004,0.105935,NA,0,0.000000,0.000000,20;21,/home/jukebox/DPUmesh/integrations/linkerd/bench/report/data/linkerd-20260810/open/raw/mpstat/load-64-q1-grpc-envoy-permissive-r1.txt,NA,ok,1,1.000000,1.000000,0.000000,clean
load-64-q1-grpc-envoy-strict-r1,load,grpc-envoy-strict,64,48,48,8,const,1,2559,2559,1,10.000,2559.000,0.0026,0.0013,0.0013,203.00,533.00,592.00,633.00,675.00,284.85,140.28,1024.98,23990,25590,0,0,0,0,0,0.119507,0.052071,0.067436,0.179497,0.127048,0.052449,0.071166,0.020709,0.050457,0.138455,0.049038,0.089417,0.508625,0.248866,0.259759,0.353808,0.188738,0.314553,0.172828,0.180980,0.179350,0.125545,0.000000,0.048914,0.110871,NA,0,0.000000,0.000000,24;25,/home/jukebox/DPUmesh/integrations/linkerd/bench/report/data/linkerd-20260810/open/raw/mpstat/load-64-q1-grpc-envoy-strict-r1.txt,NA,ok,1,1.000000,1.000000,0.000000,clean
load-64-q1-grpc-linkerd-r1,load,grpc-linkerd,64,48,48,8,const,1,785,785,1,10.000,784.000,0.0008,0.0004,0.0004,691.00,862.00,988.00,1155.00,1220.00,661.49,351.94,1246.71,6250,7850,0,0,0,0,0,0.066632,0.033097,0.033535,0.099800,0.066712,0.033088,0.086169,0.064208,0.021961,0.175659,0.108496,0.067163,0.428260,0.272513,0.155747,0.350610,0.151793,0.273082,0.092952,0.257657,0.211996,0.109260,0.000000,0.029353,0.058707,NA,0,0.000000,0.000000,26;27,/home/jukebox/DPUmesh/integrations/linkerd/bench/report/data/linkerd-20260810/open/raw/mpstat/load-64-q1-grpc-linkerd-r1.txt,NA,ok,1,0.998726,1.000000,0.000000,clean
load-64-q1-grpc-linkerd-opaque-r1,load,grpc-linkerd-opaque,64,48,48,8,const,1,2511,2511,1,10.000,2510.000,0.0026,0.0013,0.0013,186.00,509.00,546.00,600.00,630.00,273.53,129.32,640.42,23509,25110,0,0,0,0,0,0.112699,0.104170,0.008530,0.181346,0.131733,0.049613,0.053033,0.015391,0.037643,0.116935,0.028396,0.088539,0.464013,0.279690,0.184325,0.319569,0.164002,0.295931,0.171198,0.148371,0.159785,0.117393,0.000000,0.042392,0.096197,NA,0,0.000000,0.000000,28;29,/home/jukebox/DPUmesh/integrations/linkerd/bench/report/data/linkerd-20260810/open/raw/mpstat/load-64-q1-grpc-linkerd-opaque-r1.txt,NA,ok,1,0.999602,1.000000,0.000000,clean
load-64-q1-grpc-tcp-r1,load,grpc-tcp,64,48,48,8,const,1,1694,1694,1,10.000,1694.000,0.0017,0.0009,0.0009,339.00,382.00,405.00,468.00,497.00,280.12,92.61,509.16,15340,16940,0,0,0,0,0,0.074266,0.045498,0.028768,0.235483,0.138888,0.096595,0.000000,0.000000,0.000000,0.000000,0.000000,0.000000,0.309749,0.184386,0.125363,0.174078,0.073775,0.233761,0.068974,0.105104,0.105104,0.049267,0.000000,0.019707,0.054194,NA,0,0.000000,0.000000,22;23,/home/jukebox/DPUmesh/integrations/linkerd/bench/report/data/linkerd-20260810/open/raw/mpstat/load-64-q1-grpc-tcp-r1.txt,NA,ok,1,1.000000,1.000000,0.000000,clean
load-64-q1-grpc-dpumesh-r1,load,grpc-dpumesh,64,48,48,8,const,1,1485,1485,1,10.000,1485.000,0.0015,0.0008,0.0008,260.00,472.00,519.00,883.00,6328.00,324.55,172.29,11712.10,13250,14850,0,0,0,0,0,0.058712,0.042332,0.016380,0.143866,0.097026,0.046840,0.000000,0.000000,0.000000,0.000000,0.000000,0.000000,0.202578,0.139358,0.063220,0.137948,0.058443,0.142776,0.057478,0.080469,0.093607,0.044340,0.000000,0.000000,0.036129,0.257831,0,0.000000,0.000000,18;19,/home/jukebox/DPUmesh/integrations/linkerd/bench/report/data/linkerd-20260810/open/raw/mpstat/load-64-q1-grpc-dpumesh-r1.txt,NA,ok,1,1.000000,1.000000,0.000000,clean
load-64-q2-grpc-envoy-strict-r1,load,grpc-envoy-strict,64,48,48,8,const,2,3925,3925,1,10.000,3924.000,0.0040,0.0020,0.0020,194.00,523.00,574.00,708.00,755.00,262.65,142.97,845.37,37649,39250,0,0,0,0,0,0.181291,0.125677,0.055613,0.225814,0.189687,0.036128,0.108514,0.040874,0.067639,0.167549,0.070783,0.096766,0.683168,0.427021,0.256146,0.560864,0.286664,0.389587,0.290215,0.270650,0.360323,0.185868,0.000000,0.014674,0.107608,NA,0,0.000000,0.000000,24;25,/home/jukebox/DPUmesh/integrations/linkerd/bench/report/data/linkerd-20260810/open/raw/mpstat/load-64-q2-grpc-envoy-strict-r1.txt,NA,ok,1,0.999745,1.000000,0.000000,clean
load-64-q2-grpc-linkerd-r1,load,grpc-linkerd,64,48,48,8,const,2,2355,2355,1,10.000,2355.000,0.0024,0.0012,0.0012,343.00,748.00,795.00,858.00,894.00,404.85,287.25,1101.91,21950,23550,0,0,0,0,0,0.155091,0.102727,0.052364,0.162365,0.123079,0.039286,0.215356,0.164699,0.050657,0.257089,0.183506,0.073583,0.789901,0.574011,0.215890,0.679762,0.366639,0.415144,0.334176,0.345586,0.482517,0.128780,0.000000,0.068465,0.132040,NA,0,0.000000,0.000000,26;27,/home/jukebox/DPUmesh/integrations/linkerd/bench/report/data/linkerd-20260810/open/raw/mpstat/load-64-q2-grpc-linkerd-r1.txt,NA,ok,1,1.000000,1.000000,0.000000,clean
load-64-q2-grpc-linkerd-opaque-r1,load,grpc-linkerd-opaque,64,48,48,8,const,2,3925,3925,1,10.000,3925.000,0.0040,0.0020,0.0020,182.00,486.00,531.00,654.00,678.00,251.87,134.99,768.55,37650,39250,0,0,0,0,0,0.174647,0.121369,0.053278,0.235736,0.186873,0.048863,0.083008,0.019698,0.063310,0.144722,0.053901,0.090820,0.638113,0.381841,0.256271,0.488907,0.254924,0.375872,0.213489,0.275417,0.290085,0.167858,0.000000,0.030964,0.083114,NA,0,0.000000,0.000000,28;29,/home/jukebox/DPUmesh/integrations/linkerd/bench/report/data/linkerd-20260810/open/raw/mpstat/load-64-q2-grpc-linkerd-opaque-r1.txt,NA,ok,1,1.000000,1.000000,0.000000,clean
load-64-q2-grpc-tcp-r1,load,grpc-tcp,64,48,48,8,const,2,3925,3925,1,10.000,3925.000,0.0040,0.0020,0.0020,134.00,140.00,229.00,490.00,525.00,137.85,87.98,556.11,37650,39250,0,0,0,0,0,0.177601,0.013441,0.164159,0.168974,0.102165,0.066809,0.000000,0.000000,0.000000,0.000000,0.000000,0.000000,0.346575,0.115606,0.230968,0.308694,0.176405,0.167781,0.197038,0.111655,0.095235,0.116581,0.000000,0.096877,0.147779,NA,0,0.000000,0.000000,22;23,/home/jukebox/DPUmesh/integrations/linkerd/bench/report/data/linkerd-20260810/open/raw/mpstat/load-64-q2-grpc-tcp-r1.txt,NA,ok,1,1.000000,1.000000,0.000000,clean
load-64-q2-grpc-dpumesh-r1,load,grpc-dpumesh,64,48,48,8,const,2,3925,3925,1,10.000,3925.000,0.0040,0.0020,0.0020,247.00,410.00,530.00,5370.00,14725.00,280.20,168.78,15089.68,37650,39250,0,0,0,0,0,0.146931,0.084772,0.062159,0.219442,0.149050,0.070392,0.000000,0.000000,0.000000,0.000000,0.000000,0.000000,0.366373,0.233822,0.132551,0.178978,0.145927,0.218045,0.065680,0.113298,0.103446,0.075532,0.000000,0.000000,0.047618,0.479464,0,0.000000,0.000000,18;19,/home/jukebox/DPUmesh/integrations/linkerd/bench/report/data/linkerd-20260810/open/raw/mpstat/load-64-q2-grpc-dpumesh-r1.txt,NA,ok,1,1.000000,1.000000,0.000000,clean
load-64-q2-grpc-envoy-permissive-r1,load,grpc-envoy-permissive,64,48,48,8,const,2,3925,3925,1,10.000,3925.000,0.0040,0.0020,0.0020,187.00,497.00,544.00,676.00,758.00,256.77,131.21,1200.95,37650,39250,0,0,0,0,0,0.173198,0.120435,0.052763,0.230170,0.122391,0.107779,0.096430,0.032892,0.063538,0.154971,0.037119,0.117851,0.654769,0.312837,0.341931,0.468250,0.267056,0.381536,0.239835,0.228415,0.208836,0.223520,0.000000,0.035894,0.122365,NA,0,0.000000,0.000000,20;21,/home/jukebox/DPUmesh/integrations/linkerd/bench/report/data/linkerd-20260810/open/raw/mpstat/load-64-q2-grpc-envoy-permissive-r1.txt,NA,ok,1,1.000000,1.000000,0.000000,clean
load-64-q3-grpc-linkerd-r1,load,grpc-linkerd,64,48,48,8,const,3,3925,3925,1,10.000,3925.000,0.0040,0.0020,0.0020,455.00,755.00,1008.00,1056.00,1185.00,449.51,264.65,1232.23,37649,39250,0,0,0,0,0,0.252333,0.129867,0.122465,0.223630,0.171425,0.052205,0.355531,0.287795,0.067736,0.350932,0.298971,0.051961,1.182426,0.888058,0.294367,1.132973,0.601520,0.568548,0.601535,0.531438,0.855843,0.205402,0.000000,0.071728,0.141825,NA,0,0.000000,0.000000,26;27,/home/jukebox/DPUmesh/integrations/linkerd/bench/report/data/linkerd-20260810/open/raw/mpstat/load-64-q3-grpc-linkerd-r1.txt,NA,ok,1,1.000000,1.000000,0.000000,clean
load-64-q3-grpc-linkerd-opaque-r1,load,grpc-linkerd-opaque,64,48,48,8,const,3,7534,7534,1,10.000,7534.000,0.0077,0.0039,0.0039,174.00,311.00,573.00,708.00,804.00,192.94,125.37,848.59,73739,75340,0,0,0,0,0,0.322400,0.199268,0.123132,0.287364,0.187429,0.099935,0.165327,0.035538,0.129789,0.174506,0.041400,0.133106,0.949597,0.463635,0.485962,0.898455,0.482644,0.457070,0.500591,0.397864,0.436998,0.309812,0.000000,0.151645,0.262525,NA,0,0.000000,0.000000,28;29,/home/jukebox/DPUmesh/integrations/linkerd/bench/report/data/linkerd-20260810/open/raw/mpstat/load-64-q3-grpc-linkerd-opaque-r1.txt,NA,ok,1,1.000000,1.000000,0.000000,clean
load-64-q3-grpc-tcp-r1,load,grpc-tcp,64,48,48,8,const,3,5081,5081,1,10.000,5081.000,0.0052,0.0026,0.0026,134.00,139.00,324.00,503.00,534.00,138.39,81.35,596.12,49210,50810,0,0,0,0,0,0.227115,0.137977,0.089138,0.215212,0.120849,0.094363,0.000000,0.000000,0.000000,0.000000,0.000000,0.000000,0.442327,0.258826,0.183501,0.417184,0.225572,0.213779,0.210234,0.206950,0.244726,0.114972,0.000000,0.057486,0.116614,NA,0,0.000000,0.000000,22;23,/home/jukebox/DPUmesh/integrations/linkerd/bench/report/data/linkerd-20260810/open/raw/mpstat/load-64-q3-grpc-tcp-r1.txt,NA,ok,1,1.000000,1.000000,0.000000,clean
load-64-q3-grpc-dpumesh-r1,load,grpc-dpumesh,64,48,48,8,const,3,4456,4456,1,10.000,4456.000,0.0046,0.0023,0.0023,245.00,264.00,430.00,596.00,2046.00,251.13,168.42,5195.27,42959,44560,0,0,0,0,0,0.166997,0.118148,0.048849,0.152370,0.105824,0.046547,0.000000,0.000000,0.000000,0.000000,0.000000,0.000000,0.319367,0.223972,0.095396,0.284090,0.165850,0.151447,0.154361,0.129729,0.198699,0.085391,0.000000,0.000000,0.045980,0.538622,0,0.000000,0.000000,18;19,/home/jukebox/DPUmesh/integrations/linkerd/bench/report/data/linkerd-20260810/open/raw/mpstat/load-64-q3-grpc-dpumesh-r1.txt,NA,ok,1,1.000000,1.000000,0.000000,clean
load-64-q3-grpc-envoy-permissive-r1,load,grpc-envoy-permissive,64,48,48,8,const,3,7822,7822,1,10.000,7822.000,0.0080,0.0040,0.0040,208.00,257.00,555.00,776.00,824.00,216.92,126.13,959.44,76619,78220,0,0,0,0,0,0.327809,0.191485,0.136324,0.290773,0.188810,0.101963,0.196225,0.061869,0.134357,0.196566,0.044428,0.152138,1.011373,0.486592,0.524782,0.967084,0.518762,0.482573,0.502296,0.464787,0.469680,0.358783,0.000000,0.138621,0.241363,NA,0,0.000000,0.000000,20;21,/home/jukebox/DPUmesh/integrations/linkerd/bench/report/data/linkerd-20260810/open/raw/mpstat/load-64-q3-grpc-envoy-permissive-r1.txt,NA,ok,1,1.000000,1.000000,0.000000,clean
load-64-q3-grpc-envoy-strict-r1,load,grpc-envoy-strict,64,48,48,8,const,3,7677,7677,1,10.000,7676.000,0.0079,0.0039,0.0039,214.00,533.00,706.00,838.00,869.00,250.48,132.02,982.12,75166,76770,0,0,0,0,0,0.334918,0.193678,0.141239,0.309796,0.211266,0.098529,0.212144,0.056216,0.155928,0.222397,0.069816,0.152581,1.079255,0.530976,0.548277,1.025919,0.541416,0.527191,0.551289,0.474630,0.508882,0.362089,0.000000,0.154948,0.288693,NA,0,0.000000,0.000000,24;25,/home/jukebox/DPUmesh/integrations/linkerd/bench/report/data/linkerd-20260810/open/raw/mpstat/load-64-q3-grpc-envoy-strict-r1.txt,NA,ok,1,0.999870,1.000000,0.000000,clean
load-64-q4-grpc-linkerd-opaque-r1,load,grpc-linkerd-opaque,64,48,48,8,const,4,7851,7851,1,10.000,7851.000,0.0080,0.0040,0.0040,175.00,209.00,505.00,690.00,787.00,187.18,119.13,925.16,76909,78510,0,0,0,0,0,0.334766,0.211126,0.123640,0.290243,0.176430,0.113813,0.172612,0.033916,0.138697,0.178385,0.042555,0.135830,0.976006,0.464027,0.511980,0.937601,0.502096,0.463898,0.495706,0.441896,0.446787,0.363626,0.000000,0.127188,0.202196,NA,0,0.000000,0.000000,28;29,/home/jukebox/DPUmesh/integrations/linkerd/bench/report/data/linkerd-20260810/open/raw/mpstat/load-64-q4-grpc-linkerd-opaque-r1.txt,NA,ok,1,1.000000,1.000000,0.000000,clean
load-64-q4-grpc-tcp-r1,load,grpc-tcp,64,48,48,8,const,4,7851,7851,1,10.000,7851.000,0.0080,0.0040,0.0040,134.00,481.00,567.00,639.00,670.00,185.99,87.33,683.34,76909,78510,0,0,0,0,0,0.346373,0.197511,0.148862,0.403252,0.225454,0.177798,0.000000,0.000000,0.000000,0.000000,0.000000,0.000000,0.749625,0.422965,0.326660,0.647043,0.344064,0.400179,0.323521,0.323521,0.362935,0.193784,0.000000,0.090323,0.162582,NA,0,0.000000,0.000000,22;23,/home/jukebox/DPUmesh/integrations/linkerd/bench/report/data/linkerd-20260810/open/raw/mpstat/load-64-q4-grpc-tcp-r1.txt,NA,ok,1,1.000000,1.000000,0.000000,clean
load-64-q4-grpc-dpumesh-r1,load,grpc-dpumesh,64,48,48,8,const,4,7851,7851,1,10.000,7851.000,0.0080,0.0040,0.0040,231.00,257.00,389.00,720.00,1885.00,236.42,156.10,4807.25,76909,78510,0,0,0,0,0,0.278123,0.197160,0.080963,0.244460,0.170153,0.074306,0.000000,0.000000,0.000000,0.000000,0.000000,0.000000,0.522583,0.367313,0.155269,0.502506,0.276222,0.242856,0.285739,0.216767,0.353068,0.149438,0.000000,0.000000,0.054192,0.788244,0,0.000000,0.000000,18;19,/home/jukebox/DPUmesh/integrations/linkerd/bench/report/data/linkerd-20260810/open/raw/mpstat/load-64-q4-grpc-dpumesh-r1.txt,NA,ok,1,1.000000,1.000000,0.000000,clean
load-64-q4-grpc-envoy-permissive-r1,load,grpc-envoy-permissive,64,48,48,8,const,4,7851,7851,1,10.000,7851.000,0.0080,0.0040,0.0040,208.00,267.00,580.00,787.00,843.00,218.73,125.13,1272.73,76909,78510,0,0,0,0,0,0.330506,0.188847,0.141659,0.293736,0.183272,0.110464,0.195813,0.054821,0.140992,0.198465,0.055678,0.142787,1.018520,0.482618,0.535902,0.975121,0.520879,0.487258,0.525065,0.450056,0.448425,0.381569,0.000000,0.145127,0.247857,NA,0,0.000000,0.000000,20;21,/home/jukebox/DPUmesh/integrations/linkerd/bench/report/data/linkerd-20260810/open/raw/mpstat/load-64-q4-grpc-envoy-permissive-r1.txt,NA,ok,1,1.000000,1.000000,0.000000,clean
load-64-q4-grpc-envoy-strict-r1,load,grpc-envoy-strict,64,48,48,8,const,4,7851,7851,1,10.000,7851.000,0.0080,0.0040,0.0040,214.00,542.00,748.00,832.00,972.00,255.18,132.70,1475.71,76909,78510,0,0,0,0,0,0.347014,0.210067,0.136947,0.319261,0.219782,0.099480,0.215573,0.077153,0.138420,0.231824,0.079965,0.151859,1.113672,0.586967,0.526706,1.048612,0.556956,0.545591,0.551214,0.497397,0.552845,0.368563,0.000000,0.127203,0.267453,NA,0,0.000000,0.000000,24;25,/home/jukebox/DPUmesh/integrations/linkerd/bench/report/data/linkerd-20260810/open/raw/mpstat/load-64-q4-grpc-envoy-strict-r1.txt,NA,ok,1,1.000000,1.000000,0.000000,clean
load-64-q4-grpc-linkerd-r1,load,grpc-linkerd,64,48,48,8,const,4,4710,4710,1,10.000,4710.000,0.0048,0.0024,0.0024,416.00,675.00,959.00,1148.00,1197.00,440.10,277.13,1261.09,45499,47100,0,0,0,0,0,0.305428,0.213759,0.091668,0.256674,0.184215,0.072460,0.419958,0.305737,0.114221,0.396553,0.289337,0.107217,1.378613,0.993048,0.385566,1.317766,0.717918,0.646589,0.714334,0.603433,0.937767,0.270729,0.000000,0.109270,0.208755,NA,0,0.000000,0.000000,26;27,/home/jukebox/DPUmesh/integrations/linkerd/bench/report/data/linkerd-20260810/open/raw/mpstat/load-64-q4-grpc-linkerd-r1.txt,NA,ok,1,1.000000,1.000000,0.000000,clean
load-64-q5-grpc-tcp-r1,load,grpc-tcp,64,48,48,8,const,5,10163,10163,1,10.000,10163.000,0.0104,0.0052,0.0052,133.00,137.00,141.00,169.00,561.00,134.07,77.54,690.17,100029,101630,0,0,0,0,0,0.454058,0.264836,0.189222,0.407825,0.219752,0.188073,0.000000,0.000000,0.000000,0.000000,0.000000,0.000000,0.861883,0.484588,0.377295,0.836224,0.451038,0.404895,0.432077,0.404148,0.469863,0.261217,0.000000,0.105144,0.200431,NA,0,0.000000,0.000000,22;23,/home/jukebox/DPUmesh/integrations/linkerd/bench/report/data/linkerd-20260810/open/raw/mpstat/load-64-q5-grpc-tcp-r1.txt,NA,ok,1,1.000000,1.000000,0.000000,clean
load-64-q5-grpc-dpumesh-r1,load,grpc-dpumesh,64,48,48,8,const,5,8912,8912,1,10.000,8911.000,0.0091,0.0046,0.0046,229.00,256.00,413.00,798.00,2236.00,234.20,149.19,5192.10,87518,89120,0,0,0,0,0,0.299816,0.218640,0.081176,0.270142,0.188457,0.081686,0.000000,0.000000,0.000000,0.000000,0.000000,0.000000,0.569958,0.407097,0.162862,0.537105,0.297787,0.268359,0.290727,0.246378,0.381065,0.156040,0.000000,0.000000,0.050918,0.878750,0,0.000000,0.000000,18;19,/home/jukebox/DPUmesh/integrations/linkerd/bench/report/data/linkerd-20260810/open/raw/mpstat/load-64-q5-grpc-dpumesh-r1.txt,NA,ok,1,0.999888,1.000000,0.000000,clean
load-64-q5-grpc-envoy-permissive-r1,load,grpc-envoy-permissive,64,48,48,8,const,5,11776,11776,1,10.000,11776.000,0.0121,0.0060,0.0060,202.00,215.00,302.00,444.00,881.00,205.58,139.94,1321.96,116158,117760,0,0,0,0,0,0.499836,0.317241,0.182595,0.422536,0.275013,0.147523,0.294858,0.076189,0.218668,0.280396,0.075754,0.204643,1.497626,0.744197,0.753429,1.459359,0.786567,0.695751,0.774520,0.684839,0.723973,0.508737,0.000000,0.226649,0.324483,NA,0,0.000000,0.000000,20;21,/home/jukebox/DPUmesh/integrations/linkerd/bench/report/data/linkerd-20260810/open/raw/mpstat/load-64-q5-grpc-envoy-permissive-r1.txt,NA,ok,1,1.000000,1.000000,0.000000,clean
load-64-q5-grpc-envoy-strict-r1,load,grpc-envoy-strict,64,48,48,8,const,5,11776,11776,1,10.000,11776.000,0.0121,0.0060,0.0060,207.00,235.00,342.00,508.00,869.00,212.44,160.80,1227.70,116158,117760,0,0,0,0,0,0.536065,0.332750,0.203315,0.429013,0.279014,0.149999,0.325477,0.105149,0.220328,0.308215,0.099989,0.208225,1.598770,0.816902,0.781867,1.538982,0.852455,0.729554,0.834702,0.704280,0.785794,0.544513,0.000000,0.208676,0.316274,NA,0,0.000000,0.000000,24;25,/home/jukebox/DPUmesh/integrations/linkerd/bench/report/data/linkerd-20260810/open/raw/mpstat/load-64-q5-grpc-envoy-strict-r1.txt,NA,ok,1,1.000000,1.000000,0.000000,clean
load-64-q5-grpc-linkerd-r1,load,grpc-linkerd,64,48,48,8,const,5,7851,7851,1,10.000,7851.000,0.0080,0.0040,0.0040,882.00,1603.00,1986.00,2403.00,2595.00,966.27,612.57,2748.60,76904,78509,0,0,0,0,0,0.432129,0.294156,0.137973,0.304100,0.226356,0.077744,0.547072,0.446659,0.100412,0.446270,0.362350,0.083920,1.729571,1.329521,0.400049,1.720415,0.969196,0.742628,0.976805,0.743611,1.330672,0.283746,0.000000,0.105997,0.210364,NA,0,0.000000,0.000000,26;27,/home/jukebox/DPUmesh/integrations/linkerd/bench/report/data/linkerd-20260810/open/raw/mpstat/load-64-q5-grpc-linkerd-r1.txt,NA,ok,1,1.000000,0.999987,0.000000,clean
load-64-q5-grpc-linkerd-opaque-r1,load,grpc-linkerd-opaque,64,48,48,8,const,5,11776,11776,1,10.000,11776.000,0.0121,0.0060,0.0060,197.00,202.00,212.00,302.00,672.00,197.94,148.16,1013.84,116158,117760,0,0,0,0,0,0.491313,0.317205,0.174108,0.422822,0.257157,0.165665,0.247474,0.058572,0.188902,0.256040,0.058443,0.197597,1.417649,0.691377,0.726272,1.366549,0.731237,0.671941,0.709366,0.657183,0.671859,0.485956,0.000000,0.208733,0.301684,NA,0,0.000000,0.000000,28;29,/home/jukebox/DPUmesh/integrations/linkerd/bench/report/data/linkerd-20260810/open/raw/mpstat/load-64-q5-grpc-linkerd-opaque-r1.txt,NA,ok,1,1.000000,1.000000,0.000000,clean
load-64-q6-grpc-dpumesh-r1,load,grpc-dpumesh,64,48,48,8,const,6,11776,11776,1,10.000,11776.000,0.0121,0.0060,0.0060,245.00,253.00,330.00,662.00,1426.00,244.01,133.96,3896.43,116158,117760,0,0,0,0,0,0.379683,0.270376,0.109306,0.323080,0.236520,0.086560,0.000000,0.000000,0.000000,0.000000,0.000000,0.000000,0.702763,0.506896,0.195866,0.689565,0.377082,0.320893,0.380903,0.308662,0.497472,0.192093,0.000000,0.000000,0.088658,1.050766,0,0.000000,0.000000,18;19,/home/jukebox/DPUmesh/integrations/linkerd/bench/report/data/linkerd-20260810/open/raw/mpstat/load-64-q6-grpc-dpumesh-r1.txt,NA,ok,1,1.000000,1.000000,0.000000,clean
load-64-q6-grpc-envoy-permissive-r1,load,grpc-envoy-permissive,64,48,48,8,const,6,14131,14131,1,10.000,14131.000,0.0145,0.0072,0.0072,185.00,305.00,498.00,760.00,993.00,200.35,141.09,1223.93,139708,141310,0,0,0,0,0,0.578012,0.355644,0.222368,0.505349,0.317046,0.188303,0.357195,0.087044,0.270151,0.342888,0.084962,0.257927,1.783444,0.844696,0.938749,1.745284,0.925722,0.839629,0.906895,0.838389,0.830233,0.667122,0.000000,0.247928,0.340901,NA,0,0.000000,0.000000,20;21,/home/jukebox/DPUmesh/integrations/linkerd/bench/report/data/linkerd-20260810/open/raw/mpstat/load-64-q6-grpc-envoy-permissive-r1.txt,NA,ok,1,1.000000,1.000000,0.000000,clean
load-64-q6-grpc-envoy-strict-r1,load,grpc-envoy-strict,64,48,48,8,const,6,14131,14131,1,10.000,14131.000,0.0145,0.0072,0.0072,243.00,486.00,728.00,1011.00,1350.00,274.90,141.57,1492.90,139708,141310,0,0,0,0,0,0.597676,0.359048,0.238628,0.522261,0.345306,0.176955,0.381550,0.109080,0.272470,0.369857,0.112274,0.257583,1.871344,0.925708,0.945636,1.849307,0.969420,0.882951,0.968684,0.880622,0.913238,0.678405,0.000000,0.257664,0.388126,NA,0,0.000000,0.000000,24;25,/home/jukebox/DPUmesh/integrations/linkerd/bench/report/data/linkerd-20260810/open/raw/mpstat/load-64-q6-grpc-envoy-strict-r1.txt,NA,ok,1,1.000000,1.000000,0.000000,clean
load-64-q6-grpc-linkerd-r1,load,grpc-linkerd,64,48,48,8,const,6,10991,10991,1,10.000,10991.000,0.0113,0.0056,0.0056,2540.00,3268.00,3594.00,3878.00,4632.00,2564.10,1520.71,5514.49,108288,109901,0,0,0,0,0,0.418870,0.320469,0.098401,0.290895,0.236137,0.054759,0.573205,0.509417,0.063788,0.464638,0.421803,0.042835,1.747608,1.487826,0.259783,1.698775,0.981758,0.747791,0.983072,0.715703,1.449339,0.189115,0.000000,0.060321,0.096188,NA,0,0.000000,0.000000,26;27,/home/jukebox/DPUmesh/integrations/linkerd/bench/report/data/linkerd-20260810/open/raw/mpstat/load-64-q6-grpc-linkerd-r1.txt,NA,ok,1,1.000000,0.999918,0.000000,clean
load-64-q6-grpc-linkerd-opaque-r1,load,grpc-linkerd-opaque,64,48,48,8,const,6,14131,14131,1,10.000,14131.000,0.0145,0.0072,0.0072,181.00,187.00,216.00,377.00,732.00,183.03,154.57,1064.18,139708,141310,0,0,0,0,0,0.592572,0.373894,0.218678,0.506027,0.333117,0.172909,0.278723,0.052893,0.225830,0.301228,0.083295,0.217933,1.678550,0.843199,0.835350,1.636084,0.862700,0.799151,0.843326,0.792759,0.823751,0.566023,0.000000,0.246310,0.350706,NA,0,0.000000,0.000000,28;29,/home/jukebox/DPUmesh/integrations/linkerd/bench/report/data/linkerd-20260810/open/raw/mpstat/load-64-q6-grpc-linkerd-opaque-r1.txt,NA,ok,1,1.000000,1.000000,0.000000,clean
load-64-q6-grpc-tcp-r1,load,grpc-tcp,64,48,48,8,const,6,11776,11776,1,10.000,11776.000,0.0121,0.0060,0.0060,132.00,150.00,159.00,179.00,234.00,134.94,86.26,263.34,116159,117760,0,0,0,0,0,0.526347,0.267043,0.259304,0.474042,0.266978,0.207064,0.000000,0.000000,0.000000,0.000000,0.000000,0.000000,1.000389,0.534021,0.466368,0.969025,0.522829,0.470858,0.514076,0.454949,0.517361,0.336695,0.000000,0.114969,0.192163,NA,0,0.000000,0.000000,22;23,/home/jukebox/DPUmesh/integrations/linkerd/bench/report/data/linkerd-20260810/open/raw/mpstat/load-64-q6-grpc-tcp-r1.txt,NA,ok,1,1.000000,1.000000,0.000000,clean
load-64-q7-grpc-envoy-permissive-r1,load,grpc-envoy-permissive,64,48,48,8,const,7,15645,15645,1,10.000,15645.000,0.0160,0.0080,0.0080,337.00,467.00,597.00,925.00,1210.00,339.27,199.65,1533.98,154846,156450,0,0,0,0,0,0.616295,0.366070,0.250225,0.576680,0.354488,0.222192,0.373557,0.106975,0.266582,0.363512,0.093760,0.269752,1.930044,0.921293,1.008751,1.909586,0.979749,0.930509,0.980069,0.929517,0.916471,0.709368,0.000000,0.283747,0.396268,NA,0,0.000000,0.000000,20;21,/home/jukebox/DPUmesh/integrations/linkerd/bench/report/data/linkerd-20260810/open/raw/mpstat/load-64-q7-grpc-envoy-permissive-r1.txt,NA,ok,1,1.000000,1.000000,0.000000,clean
load-64-q7-grpc-envoy-strict-r1,load,grpc-envoy-strict,64,48,48,8,const,7,15354,15354,1,10.000,15354.000,0.0157,0.0079,0.0079,618.00,830.00,971.00,1310.00,1654.00,628.99,247.41,2050.77,151929,153538,0,0,0,0,0,0.606728,0.371787,0.234941,0.551668,0.337785,0.213883,0.384405,0.087426,0.296979,0.375287,0.092776,0.282511,1.918088,0.889774,1.028314,1.910156,0.980830,0.917278,0.981155,0.929001,0.896404,0.738311,0.000000,0.275441,0.467760,NA,0,0.000000,0.000000,24;25,/home/jukebox/DPUmesh/integrations/linkerd/bench/report/data/linkerd-20260810/open/raw/mpstat/load-64-q7-grpc-envoy-strict-r1.txt,NA,ok,1,1.000000,0.999987,0.000000,clean
load-64-q7-grpc-linkerd-r1,load,grpc-linkerd,64,48,48,8,const,7,11776,11776,1,10.000,11776.000,0.0121,0.0060,0.0060,2963.00,3757.00,4171.00,4482.00,5034.00,2980.59,1888.52,5428.51,116132,117749,0,0,0,0,0,0.407627,0.300236,0.107391,0.295020,0.240402,0.054618,0.584369,0.521040,0.063329,0.478473,0.449018,0.029455,1.765489,1.510696,0.254793,1.722031,0.981908,0.765188,0.981688,0.740343,1.482316,0.174486,0.000000,0.065228,0.119042,NA,0,0.000000,0.000000,26;27,/home/jukebox/DPUmesh/integrations/linkerd/bench/report/data/linkerd-20260810/open/raw/mpstat/load-64-q7-grpc-linkerd-r1.txt,NA,ok,1,1.000000,0.999907,0.000000,clean
load-64-q7-grpc-linkerd-opaque-r1,load,grpc-linkerd-opaque,64,48,48,8,const,7,15069,15069,1,10.000,15069.000,0.0154,0.0077,0.0077,175.00,180.00,242.00,339.00,689.00,177.17,165.65,1155.02,149088,150690,0,0,0,0,0,0.622684,0.404606,0.218078,0.539358,0.357471,0.181887,0.290876,0.065814,0.225062,0.319594,0.092301,0.227294,1.772512,0.920192,0.852321,1.712449,0.904189,0.850086,0.885581,0.826868,0.890474,0.593649,0.000000,0.228327,0.402833,NA,0,0.000000,0.000000,28;29,/home/jukebox/DPUmesh/integrations/linkerd/bench/report/data/linkerd-20260810/open/raw/mpstat/load-64-q7-grpc-linkerd-opaque-r1.txt,NA,ok,1,1.000000,1.000000,0.000000,clean
load-64-q7-grpc-tcp-r1,load,grpc-tcp,64,48,48,8,const,7,14131,14131,1,10.000,14111.000,0.0144,0.0072,0.0072,154.00,1843.00,12458.00,16045.00,17139.00,569.75,98.37,17758.57,139515,141310,0,0,0,0,0,0.633403,0.342009,0.291394,0.614953,0.365393,0.249560,0.000000,0.000000,0.000000,0.000000,0.000000,0.000000,1.248356,0.707402,0.540954,1.238445,0.629120,0.611192,0.625792,0.612652,0.704632,0.364635,0.000000,0.169177,0.275940,NA,0,0.000000,0.000000,22;23,/home/jukebox/DPUmesh/integrations/linkerd/bench/report/data/linkerd-20260810/open/raw/mpstat/load-64-q7-grpc-tcp-r1.txt,NA,ok,1,0.998585,1.000000,0.000000,clean
load-64-q7-grpc-dpumesh-r1,load,grpc-dpumesh,64,48,48,8,const,7,14131,14131,1,10.000,14130.000,0.0145,0.0072,0.0072,225.00,240.00,289.00,590.00,1557.00,226.40,137.88,2634.98,139707,141310,0,0,0,0,0,0.482847,0.360356,0.122491,0.392680,0.289819,0.102861,0.000000,0.000000,0.000000,0.000000,0.000000,0.000000,0.875527,0.650175,0.225352,0.862281,0.479590,0.390008,0.481235,0.381046,0.640551,0.221729,0.000000,0.000000,0.073910,1.300812,0,0.000000,0.000000,18;19,/home/jukebox/DPUmesh/integrations/linkerd/bench/report/data/linkerd-20260810/open/raw/mpstat/load-64-q7-grpc-dpumesh-r1.txt,NA,ok,1,0.999929,1.000000,0.000000,clean
load-64-q8-grpc-envoy-strict-r1,load,grpc-envoy-strict,64,48,48,8,const,8,25590,25590,1,10.000,25589.000,0.0262,0.0131,0.0131,1434.00,1782.00,1879.00,2184.00,2588.00,1415.23,437.78,2966.68,254261,255893,0,0,0,0,0,0.701491,0.497141,0.204350,0.634128,0.456105,0.178022,0.290507,0.085853,0.204654,0.286349,0.086185,0.200164,1.912475,1.125284,0.787190,1.904316,0.981797,0.910870,0.979875,0.924441,1.118460,0.555969,0.000000,0.229888,0.419015,NA,0,0.000000,0.000000,24;25,/home/jukebox/DPUmesh/integrations/linkerd/bench/report/data/linkerd-20260810/open/raw/mpstat/load-64-q8-grpc-envoy-strict-r1.txt,NA,ok,1,0.999961,0.999973,0.000000,clean
load-64-q8-grpc-linkerd-r1,load,grpc-linkerd,64,48,48,8,const,8,13346,13346,1,10.000,13347.000,0.0137,0.0068,0.0068,4207.00,5176.00,5957.00,6721.00,7184.00,4228.57,2837.59,7412.75,131814,133455,0,0,0,0,0,0.389452,0.287823,0.101629,0.291675,0.243887,0.047788,0.602550,0.551154,0.051396,0.489094,0.465826,0.023268,1.772771,1.548690,0.224081,1.736109,0.981553,0.772482,0.982980,0.753129,1.520930,0.156494,0.000000,0.058685,0.125522,NA,0,0.000000,0.000000,26;27,/home/jukebox/DPUmesh/integrations/linkerd/bench/report/data/linkerd-20260810/open/raw/mpstat/load-64-q8-grpc-linkerd-r1.txt,NA,ok,1,1.000075,0.999963,0.000000,clean
load-64-q8-grpc-linkerd-opaque-r1,load,grpc-linkerd-opaque,64,48,48,8,const,8,25115,25115,1,10.000,25115.000,0.0257,0.0129,0.0129,1027.00,1255.00,1326.00,1693.00,1923.00,1019.88,339.32,2271.38,249527,251149,0,0,0,0,0,0.745193,0.501360,0.243834,0.663208,0.459725,0.203483,0.246824,0.041319,0.205505,0.254390,0.073917,0.180473,1.909615,1.076321,0.833295,1.893220,0.982519,0.908530,0.982516,0.910704,1.065752,0.594079,0.000000,0.233388,0.448824,NA,0,0.000000,0.000000,28;29,/home/jukebox/DPUmesh/integrations/linkerd/bench/report/data/linkerd-20260810/open/raw/mpstat/load-64-q8-grpc-linkerd-opaque-r1.txt,NA,ok,1,1.000000,0.999996,0.000000,clean
load-64-q8-grpc-tcp-r1,load,grpc-tcp,64,48,48,8,const,8,16938,16938,1,10.000,16937.000,0.0173,0.0087,0.0087,159.00,298.00,311.00,358.00,510.00,197.10,96.84,1051.39,167777,169379,0,0,0,0,0,0.764755,0.399207,0.365548,0.717625,0.376564,0.341061,0.000000,0.000000,0.000000,0.000000,0.000000,0.000000,1.482380,0.775771,0.706609,1.471610,0.759712,0.713040,0.750587,0.721023,0.776866,0.507508,0.000000,0.187236,0.307133,NA,0,0.000000,0.000000,22;23,/home/jukebox/DPUmesh/integrations/linkerd/bench/report/data/linkerd-20260810/open/raw/mpstat/load-64-q8-grpc-tcp-r1.txt,NA,ok,1,0.999941,0.999994,0.000000,clean
load-64-q8-grpc-dpumesh-r1,load,grpc-dpumesh,64,48,48,8,const,8,14854,14854,1,10.000,14854.000,0.0152,0.0076,0.0076,219.00,243.00,294.00,1180.00,8552.00,224.18,142.78,16323.95,146938,148540,0,0,0,0,0,0.503170,0.353147,0.150023,0.416324,0.299984,0.116340,0.000000,0.000000,0.000000,0.000000,0.000000,0.000000,0.919494,0.653131,0.266363,0.899873,0.500106,0.413644,0.487705,0.412168,0.642063,0.257810,0.000000,0.000000,0.085389,1.369515,0,0.000000,0.000000,18;19,/home/jukebox/DPUmesh/integrations/linkerd/bench/report/data/linkerd-20260810/open/raw/mpstat/load-64-q8-grpc-dpumesh-r1.txt,NA,ok,1,1.000000,1.000000,0.000000,clean
load-64-q8-grpc-envoy-permissive-r1,load,grpc-envoy-permissive,64,48,48,8,const,8,26075,26075,1,10.000,26075.000,0.0267,0.0134,0.0134,1282.00,1594.00,1679.00,1967.00,2416.00,1261.94,356.84,3076.13,259125,260742,0,0,0,0,0,0.712506,0.502523,0.209982,0.651002,0.455627,0.195376,0.279446,0.060353,0.219093,0.281317,0.069333,0.211984,1.924271,1.087836,0.836435,1.905825,0.981765,0.922550,0.979812,0.926012,1.076000,0.599952,0.000000,0.229873,0.425509,NA,0,0.000000,0.000000,20;21,/home/jukebox/DPUmesh/integrations/linkerd/bench/report/data/linkerd-20260810/open/raw/mpstat/load-64-q8-grpc-envoy-permissive-r1.txt,NA,ok,1,1.000000,0.999969,0.000000,clean
load-64-q9-grpc-linkerd-r1,load,grpc-linkerd,64,48,48,8,const,9,14131,14131,1,10.000,14138.000,0.0145,0.0072,0.0072,5414.00,6867.00,7829.00,8926.00,10653.00,5454.52,3558.58,11562.33,139647,141298,0,0,0,0,0,0.377539,0.275554,0.101985,0.301531,0.244601,0.056931,0.614435,0.570206,0.044229,0.518866,0.494486,0.024380,1.812371,1.584847,0.227525,1.820476,0.981505,0.811620,0.981134,0.839342,1.593935,0.169498,0.000000,0.057043,0.130383,NA,0,0.000000,0.000000,26;27,/home/jukebox/DPUmesh/integrations/linkerd/bench/report/data/linkerd-20260810/open/raw/mpstat/load-64-q9-grpc-linkerd-r1.txt,NA,ok,1,1.000495,0.999915,0.000000,clean
load-64-q9-grpc-linkerd-opaque-r1,load,grpc-linkerd-opaque,64,48,48,8,const,9,35160,35160,1,10.000,35160.000,0.0360,0.0180,0.0180,1822.00,2278.00,2620.00,10048.00,16890.00,1851.17,656.47,20348.25,349927,351586,0,0,0,0,0,0.833188,0.615802,0.217386,0.730664,0.573202,0.157462,0.158796,0.027346,0.131450,0.154671,0.043801,0.110870,1.877319,1.260151,0.617168,1.855530,0.981954,0.876115,0.983203,0.872327,1.247347,0.445132,0.000000,0.163052,0.360345,NA,0,0.000000,0.000000,28;29,/home/jukebox/DPUmesh/integrations/linkerd/bench/report/data/linkerd-20260810/open/raw/mpstat/load-64-q9-grpc-linkerd-opaque-r1.txt,NA,ok,1,1.000000,0.999960,0.000000,clean
load-64-q9-grpc-tcp-r1,load,grpc-tcp,64,48,48,8,const,9,23713,23713,1,10.000,23713.000,0.0243,0.0121,0.0121,585.00,1010.00,1225.00,1422.00,1709.00,619.42,89.86,2254.07,235515,237125,0,0,0,0,0,0.918172,0.475783,0.442390,0.810705,0.459543,0.351162,0.000000,0.000000,0.000000,0.000000,0.000000,0.000000,1.728877,0.935326,0.793552,1.701144,0.911986,0.805290,0.898191,0.802953,0.921179,0.520524,0.000000,0.259441,0.399013,NA,0,0.000000,0.000000,22;23,/home/jukebox/DPUmesh/integrations/linkerd/bench/report/data/linkerd-20260810/open/raw/mpstat/load-64-q9-grpc-tcp-r1.txt,NA,ok,1,1.000000,0.999979,0.000000,clean
load-64-q9-grpc-dpumesh-r1,load,grpc-dpumesh,64,48,48,8,const,9,20795,20795,1,10.000,20794.000,0.0213,0.0106,0.0106,245.00,288.00,384.00,12836.00,16885.00,299.52,125.91,18605.08,206346,207950,0,0,0,0,0,0.618755,0.417372,0.201383,0.557360,0.383394,0.173967,0.000000,0.000000,0.000000,0.000000,0.000000,0.000000,1.176115,0.800766,0.375350,0.899847,0.614492,0.553571,0.449923,0.449923,0.607561,0.292286,0.000000,0.000000,0.067324,1.727443,0,0.000000,0.000000,18;19,/home/jukebox/DPUmesh/integrations/linkerd/bench/report/data/linkerd-20260810/open/raw/mpstat/load-64-q9-grpc-dpumesh-r1.txt,NA,ok,1,0.999952,1.000000,0.000000,clean
load-64-q9-grpc-envoy-permissive-r1,load,grpc-envoy-permissive,64,48,48,8,const,9,36504,36504,1,10.000,36505.000,0.0374,0.0187,0.0187,2227.00,2759.00,2996.00,3469.00,4139.00,2231.83,715.17,4920.58,363371,365028,0,0,0,0,0,0.829580,0.625560,0.204020,0.731894,0.572801,0.159093,0.162818,0.041137,0.121681,0.169093,0.036163,0.132931,1.893385,1.275661,0.617725,1.875853,0.982274,0.891833,0.983600,0.892254,1.260900,0.458361,0.000000,0.156593,0.336022,NA,0,0.000000,0.000000,20;21,/home/jukebox/DPUmesh/integrations/linkerd/bench/report/data/linkerd-20260810/open/raw/mpstat/load-64-q9-grpc-envoy-permissive-r1.txt,NA,ok,1,1.000027,0.999967,0.000000,clean
load-64-q9-grpc-envoy-strict-r1,load,grpc-envoy-strict,64,48,48,8,const,9,35826,35826,1,10.000,35829.000,0.0367,0.0183,0.0183,2467.00,3060.00,3334.00,3763.00,4330.00,2472.71,786.67,4753.77,356580,358248,0,0,0,0,0,0.817685,0.625289,0.192396,0.720947,0.547863,0.173083,0.174517,0.051576,0.122941,0.169290,0.059418,0.109872,1.882439,1.284146,0.598292,1.865479,0.981999,0.881002,0.983290,0.882189,1.253980,0.448432,0.000000,0.163066,0.340809,NA,0,0.000000,0.000000,24;25,/home/jukebox/DPUmesh/integrations/linkerd/bench/report/data/linkerd-20260810/open/raw/mpstat/load-64-q9-grpc-envoy-strict-r1.txt,NA,ok,1,1.000084,0.999967,0.000000,clean
load-64-q10-grpc-linkerd-opaque-r1,load,grpc-linkerd-opaque,64,48,48,8,const,10,42695,42695,1,10.000,42697.000,0.0437,0.0219,0.0219,3758.00,4708.00,5143.00,5702.00,6488.00,3766.62,2027.93,7367.37,425205,426938,0,0,0,0,0,0.913789,0.685019,0.228770,0.801981,0.639823,0.162159,0.078420,0.013863,0.064557,0.085312,0.025349,0.059963,1.879502,1.364054,0.515449,1.856052,0.982055,0.878184,0.981848,0.874204,1.337401,0.376756,0.000000,0.141895,0.300100,NA,0,0.000000,0.000000,28;29,/home/jukebox/DPUmesh/integrations/linkerd/bench/report/data/linkerd-20260810/open/raw/mpstat/load-64-q10-grpc-linkerd-opaque-r1.txt,NA,ok,1,1.000047,0.999972,0.000000,clean
load-64-q10-grpc-tcp-r1,load,grpc-tcp,64,48,48,8,const,10,28795,28795,1,10.000,28805.000,0.0295,0.0147,0.0147,1400.00,2698.00,4285.00,6836.00,8795.00,1562.15,138.07,11937.35,286312,287931,0,0,0,0,0,0.966972,0.569951,0.397021,0.905959,0.512386,0.393573,0.000000,0.000000,0.000000,0.000000,0.000000,0.000000,1.872931,1.082337,0.790594,1.855482,0.960473,0.899775,0.952371,0.903111,1.070597,0.499174,0.000000,0.285711,0.467976,NA,0,0.000000,0.000000,22;23,/home/jukebox/DPUmesh/integrations/linkerd/bench/report/data/linkerd-20260810/open/raw/mpstat/load-64-q10-grpc-tcp-r1.txt,NA,ok,1,1.000347,0.999934,0.000000,clean
load-64-q10-grpc-dpumesh-r1,load,grpc-dpumesh,64,48,48,8,const,10,25251,25251,1,10.000,25250.000,0.0259,0.0129,0.0129,255.00,182667.00,335378.00,674374.00,736987.00,26623.17,128.68,744046.14,250904,252510,0,0,0,0,0,0.785007,0.528812,0.256195,0.780357,0.586231,0.194127,0.000000,0.000000,0.000000,0.000000,0.000000,0.000000,1.565364,1.115043,0.450322,1.530514,0.778102,0.774470,0.745551,0.784963,1.088767,0.441747,0.000000,0.000000,0.118237,2.092141,0,0.000000,0.000000,18;19,/home/jukebox/DPUmesh/integrations/linkerd/bench/report/data/linkerd-20260810/open/raw/mpstat/load-64-q10-grpc-dpumesh-r1.txt,NA,ok,1,0.999960,1.000000,0.000000,clean
load-64-q10-grpc-envoy-permissive-r1,load,grpc-envoy-permissive,64,48,48,8,const,10,44327,44327,1,10.000,44325.000,0.0454,0.0227,0.0227,5264.00,6785.00,7468.00,8561.00,9673.00,5289.93,2585.69,11228.59,441437,443247,0,0,0,0,0,0.899064,0.742936,0.156128,0.805086,0.673063,0.132023,0.092842,0.024179,0.068663,0.098380,0.025665,0.072715,1.895372,1.465843,0.429529,1.876072,0.981679,0.894040,0.982860,0.893213,1.453915,0.293391,0.000000,0.128766,0.298281,NA,0,0.000000,0.000000,20;21,/home/jukebox/DPUmesh/integrations/linkerd/bench/report/data/linkerd-20260810/open/raw/mpstat/load-64-q10-grpc-envoy-permissive-r1.txt,NA,ok,1,0.999955,0.999948,0.000000,clean
load-64-q10-grpc-envoy-strict-r1,load,grpc-envoy-strict,64,48,48,8,const,10,43503,43503,1,10.000,43508.000,0.0446,0.0223,0.0223,5308.00,6930.00,7689.00,8917.00,9819.00,5342.52,2667.92,10716.87,433226,435005,0,0,0,0,0,0.895835,0.739471,0.156363,0.799054,0.662368,0.136686,0.097025,0.033974,0.063050,0.105867,0.031117,0.074750,1.897781,1.466930,0.430849,1.883047,0.982623,0.895662,0.982317,0.900729,1.471844,0.288821,0.000000,0.122382,0.308402,NA,0,0.000000,0.000000,24;25,/home/jukebox/DPUmesh/integrations/linkerd/bench/report/data/linkerd-20260810/open/raw/mpstat/load-64-q10-grpc-envoy-strict-r1.txt,NA,ok,1,1.000115,0.999943,0.000000,clean
load-64-q10-grpc-linkerd-r1,load,grpc-linkerd,64,48,48,8,const,10,14916,14916,1,10.000,14921.000,0.0153,0.0076,0.0076,7042.00,8778.00,10193.00,11821.00,13185.00,7088.36,4735.34,13773.17,147477,149136,0,0,0,0,0,0.374308,0.300601,0.073706,0.300998,0.248688,0.052309,0.617862,0.584087,0.033774,0.534988,0.511224,0.023764,1.828156,1.644600,0.183553,1.774115,0.981815,0.827432,0.980003,0.794112,1.599639,0.123927,0.000000,0.050549,0.099468,NA,0,0.000000,0.000000,26;27,/home/jukebox/DPUmesh/integrations/linkerd/bench/report/data/linkerd-20260810/open/raw/mpstat/load-64-q10-grpc-linkerd-r1.txt,NA,ok,1,1.000335,0.999839,0.000000,clean
load-64-q11-grpc-tcp-r1,load,grpc-tcp,64,48,48,8,const,11,32182,32182,1,10.000,32232.000,0.0330,0.0165,0.0165,5210.00,11123.00,29314.00,42216.00,52588.00,6258.20,384.90,59179.49,320087,321721,0,0,0,0,0,0.983871,0.591310,0.392561,0.970009,0.577954,0.392055,0.000000,0.000000,0.000000,0.000000,0.000000,0.000000,1.953880,1.169264,0.784616,1.929340,0.977252,0.963626,0.975343,0.953997,1.155962,0.453190,0.000000,0.320188,0.446622,NA,0,0.000000,0.000000,22;23,/home/jukebox/DPUmesh/integrations/linkerd/bench/report/data/linkerd-20260810/open/raw/mpstat/load-64-q11-grpc-tcp-r1.txt,NA,ok,1,1.001554,0.999692,0.000000,clean
load-64-q11-grpc-dpumesh-r1,load,grpc-dpumesh,64,48,48,8,const,11,28222,28222,1,10.000,28222.000,0.0289,0.0144,0.0144,242.00,15748.00,32239.00,69407.00,85476.00,2492.15,126.90,92572.75,280614,282220,0,0,0,0,0,0.860046,0.563326,0.296720,0.811379,0.600509,0.210869,0.000000,0.000000,0.000000,0.000000,0.000000,0.000000,1.671425,1.163835,0.507589,1.706624,0.855091,0.806793,0.790834,0.915790,1.190362,0.516262,0.000000,0.000000,0.120023,2.367571,0,0.000000,0.000000,18;19,/home/jukebox/DPUmesh/integrations/linkerd/bench/report/data/linkerd-20260810/open/raw/mpstat/load-64-q11-grpc-dpumesh-r1.txt,NA,ok,1,1.000000,1.000000,0.000000,clean
load-64-q11-grpc-envoy-permissive-r1,load,grpc-envoy-permissive,64,48,48,8,const,11,49542,49542,1,10.000,49546.000,0.0507,0.0254,0.0254,15503.00,21762.00,26278.00,33803.00,38248.00,15638.90,5255.05,45003.91,493231,495245,0,0,0,0,0,0.949110,0.789497,0.159613,0.875102,0.728545,0.146556,0.043129,0.008998,0.034131,0.049819,0.015727,0.034092,1.917160,1.542767,0.374392,1.901380,0.982018,0.915621,0.984934,0.916446,1.527953,0.278847,0.000000,0.094580,0.280478,NA,0,0.000000,0.000000,20;21,/home/jukebox/DPUmesh/integrations/linkerd/bench/report/data/linkerd-20260810/open/raw/mpstat/load-64-q11-grpc-envoy-permissive-r1.txt,NA,ok,1,1.000081,0.999647,0.000000,clean
load-64-q11-grpc-envoy-strict-r1,load,grpc-envoy-strict,64,48,48,8,const,11,48621,48621,1,10.000,48612.000,0.0498,0.0249,0.0249,14835.00,20069.00,22618.00,26751.00,33985.00,14863.12,5317.36,37487.49,483818,486058,0,0,0,0,0,0.934984,0.772741,0.162243,0.868510,0.722412,0.146097,0.057209,0.017524,0.039685,0.057579,0.014729,0.042851,1.918282,1.527406,0.390876,1.887862,0.981779,0.916694,0.981427,0.906435,1.506377,0.277147,0.000000,0.104338,0.229869,NA,0,0.000000,0.000000,24;25,/home/jukebox/DPUmesh/integrations/linkerd/bench/report/data/linkerd-20260810/open/raw/mpstat/load-64-q11-grpc-envoy-strict-r1.txt,NA,ok,1,0.999815,0.999687,0.000000,clean
load-64-q11-grpc-linkerd-r1,load,grpc-linkerd,64,48,48,8,const,11,15701,15701,1,10.000,15709.000,0.0161,0.0080,0.0080,11986.00,20647.00,26776.00,33236.00,36637.00,12866.08,7333.11,37490.14,155251,156945,0,0,0,0,0,0.358678,0.289052,0.069626,0.304562,0.252581,0.051981,0.633811,0.604912,0.028899,0.539285,0.524683,0.014602,1.836336,1.671228,0.165108,1.817831,0.982071,0.834821,0.981465,0.836365,1.658057,0.122276,0.000000,0.037498,0.115754,NA,0,0.000000,0.000000,26;27,/home/jukebox/DPUmesh/integrations/linkerd/bench/report/data/linkerd-20260810/open/raw/mpstat/load-64-q11-grpc-linkerd-r1.txt,NA,ok,1,1.000510,0.999586,0.000000,clean
load-64-q11-grpc-linkerd-opaque-r1,load,grpc-linkerd-opaque,64,48,48,8,const,11,47718,47718,1,10.000,47740.000,0.0489,0.0244,0.0244,12065.00,16179.00,18382.00,21556.00,25364.00,12107.41,2908.26,29144.50,475123,477049,0,0,0,0,0,0.937808,0.770834,0.166974,0.856149,0.713472,0.142677,0.054424,0.012136,0.042289,0.052019,0.015022,0.036997,1.900400,1.511464,0.388937,1.882660,0.982575,0.899074,0.983747,0.898913,1.492750,0.290393,0.000000,0.099517,0.287130,NA,0,0.000000,0.000000,28;29,/home/jukebox/DPUmesh/integrations/linkerd/bench/report/data/linkerd-20260810/open/raw/mpstat/load-64-q11-grpc-linkerd-opaque-r1.txt,NA,ok,1,1.000461,0.999725,0.000000,clean
load-64-q12-grpc-dpumesh-r1,load,grpc-dpumesh,64,48,48,8,const,12,29707,29707,1,10.000,29708.000,0.0304,0.0152,0.0152,2068.00,138590.00,336065.00,606276.00,664471.00,22059.99,126.44,671535.63,295463,297069,0,0,0,0,0,0.933295,0.621858,0.311437,0.873963,0.661281,0.212682,0.000000,0.000000,0.000000,0.000000,0.000000,0.000000,1.807258,1.283139,0.524119,1.798171,0.926666,0.868330,0.899906,0.898264,1.277604,0.520566,0.000000,0.000000,0.101814,2.305600,0,0.000000,0.000000,18;19,/home/jukebox/DPUmesh/integrations/linkerd/bench/report/data/linkerd-20260810/open/raw/mpstat/load-64-q12-grpc-dpumesh-r1.txt,NA,ok,1,1.000034,0.999997,0.000000,clean
load-64-q12-grpc-envoy-permissive-r1,load,grpc-envoy-permissive,64,48,48,8,const,12,52149,52149,1,10.000,52094.000,0.0533,0.0267,0.0267,23405.00,34985.00,40541.00,48038.00,57107.00,23710.39,5604.42,63818.06,518442,521106,0,0,0,0,0,0.957775,0.818399,0.139376,0.917712,0.766838,0.150874,0.034223,0.005706,0.028517,0.033530,0.008337,0.025194,1.943240,1.599280,0.343961,1.916892,0.981681,0.942380,0.981266,0.935626,1.590890,0.247762,0.000000,0.078240,0.241242,NA,0,0.000000,0.000000,20;21,/home/jukebox/DPUmesh/integrations/linkerd/bench/report/data/linkerd-20260810/open/raw/mpstat/load-64-q12-grpc-envoy-permissive-r1.txt,NA,ok,1,0.998945,0.999264,0.000000,clean
load-64-q12-grpc-envoy-strict-r1,load,grpc-envoy-strict,64,48,48,8,const,12,51180,51180,1,10.000,51153.000,0.0524,0.0262,0.0262,21257.00,36425.00,45410.00,56184.00,66204.00,22391.60,5449.77,72771.41,508996,511295,0,0,0,0,0,0.948816,0.791456,0.157360,0.910058,0.769327,0.140732,0.043193,0.012014,0.031179,0.042704,0.010056,0.032648,1.944771,1.582853,0.361919,1.922031,0.981639,0.943164,0.981393,0.940638,1.569903,0.255945,0.000000,0.096183,0.229861,NA,0,0.000000,0.000000,24;25,/home/jukebox/DPUmesh/integrations/linkerd/bench/report/data/linkerd-20260810/open/raw/mpstat/load-64-q12-grpc-envoy-strict-r1.txt,NA,ok,1,0.999472,0.999013,0.000000,clean
load-64-q12-grpc-linkerd-r1,load,grpc-linkerd,64,48,48,8,const,12,16486,16486,1,10.000,9955.000,0.0102,0.0051,0.0051,943761.00,1458079.64,1458079.64,1458079.64,1458079.64,821561.09,17861.45,1458079.64,98319,164782,0,53007,0,47270,0,0.413488,0.334731,0.078757,0.196211,0.165633,0.030577,0.576967,0.570724,0.006243,0.322597,0.318683,0.003914,1.509263,1.389771,0.119491,1.511884,0.981428,0.511479,0.981828,0.530056,1.415659,0.075023,0.000000,0.021202,0.068500,NA,0,0.000000,0.000000,26;27,/home/jukebox/DPUmesh/integrations/linkerd/bench/report/data/linkerd-20260810/open/raw/mpstat/load-64-q12-grpc-linkerd-r1.txt,NA,overload_shed,0,0.603846,0.999527,0.000000,fail+overflow+achieved
load-64-q12-grpc-linkerd-opaque-r1,load,grpc-linkerd-opaque,64,48,48,8,const,12,50229,50229,1,10.000,50209.000,0.0514,0.0257,0.0257,22371.00,39914.00,50054.00,64799.00,81054.00,23951.50,5385.57,88882.32,499639,501690,0,0,0,0,0,0.956800,0.774786,0.182014,0.906107,0.751149,0.154958,0.035015,0.006603,0.028412,0.034767,0.005390,0.029377,1.932689,1.537928,0.394761,1.909936,0.981616,0.931405,0.981042,0.928894,1.528601,0.278668,0.000000,0.102667,0.262372,NA,0,0.000000,0.000000,28;29,/home/jukebox/DPUmesh/integrations/linkerd/bench/report/data/linkerd-20260810/open/raw/mpstat/load-64-q12-grpc-linkerd-opaque-r1.txt,NA,ok,1,0.999602,0.998805,0.000000,clean
load-64-q12-grpc-tcp-r1,load,grpc-tcp,64,48,48,8,const,12,33876,33876,1,10.000,33898.000,0.0347,0.0174,0.0174,19455.00,38345.00,49284.00,58671.00,65349.00,21299.49,1276.55,79608.56,336663,338562,0,0,0,0,0,0.992280,0.615818,0.376463,0.988913,0.569248,0.419666,0.000000,0.000000,0.000000,0.000000,0.000000,0.000000,1.981193,1.185066,0.796129,1.973389,0.985671,0.981714,0.988336,0.985053,1.178780,0.443274,0.000000,0.351335,0.530287,NA,0,0.000000,0.000000,22;23,/home/jukebox/DPUmesh/integrations/linkerd/bench/report/data/linkerd-20260810/open/raw/mpstat/load-64-q12-grpc-tcp-r1.txt,NA,ok,1,1.000649,0.999416,0.000000,clean
load-64-q13-grpc-envoy-permissive-r1,load,grpc-envoy-permissive,64,48,48,8,const,13,54756,54756,1,10.000,49760.000,0.0510,0.0255,0.0255,449131.00,879131.00,935282.00,979397.00,998793.00,459596.10,7612.12,1005878.18,495208,531645,0,0,0,0,0,0.970080,0.789936,0.180144,0.900658,0.755228,0.145430,0.022085,0.005241,0.016844,0.026041,0.004285,0.021756,1.918864,1.554690,0.364174,1.879701,0.981629,0.916290,0.981422,0.898279,1.529193,0.257583,0.000000,0.092925,0.221717,NA,0,0.000000,0.000000,20;21,/home/jukebox/DPUmesh/integrations/linkerd/bench/report/data/linkerd-20260810/open/raw/mpstat/load-64-q13-grpc-envoy-permissive-r1.txt,NA,ok,0,0.908759,0.970935,0.000000,achieved+scheduler
load-64-q13-grpc-envoy-strict-r1,load,grpc-envoy-strict,64,48,48,8,const,13,53739,53739,1,10.000,49244.000,0.0504,0.0252,0.0252,448127.00,810264.00,868031.00,912544.00,929383.00,438400.75,6869.96,934161.40,490164,506648,0,0,0,0,0,0.964099,0.785856,0.178243,0.898438,0.740216,0.158222,0.028415,0.009729,0.018686,0.038900,0.009525,0.029375,1.929852,1.545326,0.384526,1.889313,0.983324,0.928596,0.981398,0.907915,1.520269,0.292297,0.000000,0.076748,0.209017,NA,0,0.000000,0.000000,24;25,/home/jukebox/DPUmesh/integrations/linkerd/bench/report/data/linkerd-20260810/open/raw/mpstat/load-64-q13-grpc-envoy-strict-r1.txt,NA,ok,0,0.916355,0.942794,0.000000,achieved+scheduler
load-64-q13-grpc-linkerd-r1,load,grpc-linkerd,64,48,48,8,const,13,18056,18056,1,10.000,7653.000,0.0078,0.0039,0.0039,2697115.71,2697115.71,2697115.71,2697115.71,2697115.71,1245722.49,42085.93,2697115.71,75447,179153,0,70753,0,47750,0,0.469425,0.382767,0.086658,0.136718,0.111391,0.025327,0.521172,0.508942,0.012230,0.221929,0.217104,0.004825,1.349244,1.220204,0.129040,1.345696,0.981722,0.355195,0.980319,0.365377,1.234778,0.088082,0.000000,0.022836,0.066877,NA,0,0.000000,0.000000,26;27,/home/jukebox/DPUmesh/integrations/linkerd/bench/report/data/linkerd-20260810/open/raw/mpstat/load-64-q13-grpc-linkerd-r1.txt,NA,overload_shed,0,0.423848,0.992208,0.000000,fail+overflow+achieved
load-64-q13-grpc-linkerd-opaque-r1,load,grpc-linkerd-opaque,64,48,48,8,const,13,52740,52740,1,10.000,48205.000,0.0494,0.0247,0.0247,434275.00,834314.00,911960.00,964196.00,994398.00,436224.70,8604.74,1001511.13,479778,508705,0,0,0,0,0,0.964798,0.740082,0.224716,0.898420,0.717195,0.181224,0.027156,0.004148,0.023007,0.028063,0.005184,0.022879,1.918437,1.466609,0.451826,1.879427,0.982843,0.916899,0.982131,0.897296,1.445462,0.324658,0.000000,0.109307,0.256137,NA,0,0.000000,0.000000,28;29,/home/jukebox/DPUmesh/integrations/linkerd/bench/report/data/linkerd-20260810/open/raw/mpstat/load-64-q13-grpc-linkerd-opaque-r1.txt,NA,ok,0,0.914012,0.964553,0.000000,achieved+scheduler
load-64-q13-grpc-tcp-r1,load,grpc-tcp,64,48,48,8,const,13,35570,35570,1,10.000,28636.000,0.0293,0.0147,0.0147,827550.00,2042085.20,2042085.20,2042085.20,2042085.20,896023.11,6687.04,2042085.20,284408,350699,0,0,0,105038,0,0.995974,0.609769,0.386206,0.995116,0.605473,0.389643,0.000000,0.000000,0.000000,0.000000,0.000000,0.000000,1.991090,1.215242,0.775849,1.976589,0.988657,0.988510,0.988295,0.988295,1.203355,0.438330,0.000000,0.334904,0.485939,NA,0,0.000000,0.000000,22;23,/home/jukebox/DPUmesh/integrations/linkerd/bench/report/data/linkerd-20260810/open/raw/mpstat/load-64-q13-grpc-tcp-r1.txt,NA,ok,0,0.805060,0.985940,0.000000,overflow+achieved
load-64-q13-grpc-dpumesh-r1,load,grpc-dpumesh,64,48,48,8,const,13,31192,31192,1,10.000,27128.000,0.0278,0.0139,0.0139,574100.00,1548628.63,1548628.63,1548628.63,1548628.63,550199.65,124.15,1548628.63,269612,311028,0,0,0,20858,0,0.938139,0.722906,0.215234,0.995115,0.734212,0.260903,0.000000,0.000000,0.000000,0.000000,0.000000,0.000000,1.933254,1.457118,0.476137,1.930732,0.932124,0.988558,0.940739,0.989993,1.451333,0.479399,0.000000,0.000000,0.114925,1.613869,0,0.000000,0.000000,18;19,/home/jukebox/DPUmesh/integrations/linkerd/bench/report/data/linkerd-20260810/open/raw/mpstat/load-64-q13-grpc-dpumesh-r1.txt,NA,ok,0,0.869710,0.997140,0.000000,overflow+achieved
load-64-q14-grpc-envoy-strict-r1,load,grpc-envoy-strict,64,48,48,8,const,14,58857,58857,1,10.000,49159.000,0.0503,0.0252,0.0252,870404.00,1758389.18,1758389.18,1758389.18,1758389.18,869093.73,8615.09,1758389.18,489105,531467,0,0,0,192067,0,0.960343,0.803339,0.157003,0.904059,0.751552,0.152507,0.031396,0.008603,0.022793,0.032593,0.011617,0.020976,1.928391,1.575111,0.353279,1.897204,0.981218,0.928590,0.984460,0.912744,1.554925,0.260784,0.000000,0.081495,0.200478,NA,0,0.000000,0.000000,24;25,/home/jukebox/DPUmesh/integrations/linkerd/bench/report/data/linkerd-20260810/open/raw/mpstat/load-64-q14-grpc-envoy-strict-r1.txt,NA,ok,0,0.835228,0.902980,0.000000,overflow+achieved+scheduler
load-64-q14-grpc-linkerd-r1,load,grpc-linkerd,64,48,48,8,const,14,20411,20411,1,10.000,7713.000,0.0079,0.0039,0.0039,5874978.57,5874978.57,5874978.57,5874978.57,5874978.57,1880193.48,80539.61,5874978.57,75732,195510,0,54914,0,55390,0,0.498216,0.415915,0.082301,0.173223,0.147288,0.025936,0.492937,0.485815,0.007122,0.294542,0.288626,0.005917,1.458918,1.337644,0.121276,1.444978,0.982087,0.461321,0.983433,0.461545,1.324292,0.109270,0.000000,0.011416,0.066867,NA,0,0.000000,0.000000,26;27,/home/jukebox/DPUmesh/integrations/linkerd/bench/report/data/linkerd-20260810/open/raw/mpstat/load-64-q14-grpc-linkerd-r1.txt,NA,overload_shed,0,0.377884,0.957866,0.000000,fail+overflow+achieved+scheduler
load-64-q14-grpc-linkerd-opaque-r1,load,grpc-linkerd-opaque,64,48,48,8,const,14,57763,57763,1,10.000,48490.000,0.0497,0.0248,0.0248,846150.00,1730556.65,1730556.65,1730556.65,1730556.65,847417.34,8027.24,1730556.65,482303,524697,0,0,0,181880,0,0.963394,0.757191,0.206204,0.891619,0.712732,0.178887,0.028176,0.028176,0.000000,0.029924,0.007671,0.022253,1.913113,1.505770,0.407344,1.868025,0.981312,0.911017,0.982914,0.885111,1.453995,0.306447,0.000000,0.107583,0.254286,NA,0,0.000000,0.000000,28;29,/home/jukebox/DPUmesh/integrations/linkerd/bench/report/data/linkerd-20260810/open/raw/mpstat/load-64-q14-grpc-linkerd-opaque-r1.txt,NA,ok,0,0.839465,0.908362,0.000000,overflow+achieved+scheduler
load-64-q14-grpc-tcp-r1,load,grpc-tcp,64,48,48,8,const,14,38957,38957,1,10.000,27629.000,0.0283,0.0141,0.0141,3059100.86,3059100.86,3059100.86,3059100.86,3059100.86,1465595.32,4485.51,3059100.86,274054,365906,0,0,0,177714,0,0.995483,0.631454,0.364029,0.995546,0.596432,0.399113,0.000000,0.000000,0.000000,0.000000,0.000000,0.000000,1.991029,1.227886,0.763142,1.978728,0.988690,0.988852,0.988543,0.990185,1.218437,0.449935,0.000000,0.310356,0.467998,NA,0,0.000000,0.000000,22;23,/home/jukebox/DPUmesh/integrations/linkerd/bench/report/data/linkerd-20260810/open/raw/mpstat/load-64-q14-grpc-tcp-r1.txt,NA,ok,0,0.709218,0.939256,0.000000,overflow+achieved+scheduler
load-64-q14-grpc-dpumesh-r1,load,grpc-dpumesh,64,48,48,8,const,14,34163,34163,1,10.000,24108.000,0.0247,0.0123,0.0123,3096718.93,3096718.93,3096718.93,3096718.93,3096718.93,1507029.04,141.70,3096718.93,239688,337854,0,0,0,154009,0,0.977636,0.715057,0.262579,0.995709,0.746581,0.249128,0.000000,0.000000,0.000000,0.000000,0.000000,0.000000,1.973345,1.461638,0.511707,1.952339,0.971464,0.988838,0.963855,0.988485,1.444961,0.507378,0.000000,0.000000,0.098520,1.528703,0,0.000000,0.000000,18;19,/home/jukebox/DPUmesh/integrations/linkerd/bench/report/data/linkerd-20260810/open/raw/mpstat/load-64-q14-grpc-dpumesh-r1.txt,NA,ok,0,0.705676,0.988947,0.000000,overflow+achieved
load-64-q14-grpc-envoy-permissive-r1,load,grpc-envoy-permissive,64,48,48,8,const,14,59971,59971,1,10.000,49958.000,0.0512,0.0256,0.0256,871399.00,1729598.87,1729598.87,1729598.87,1729598.87,872046.76,7281.20,1729598.87,496965,542260,0,0,0,193784,0,0.965717,0.809725,0.155992,0.904929,0.755281,0.149648,0.025750,0.004145,0.021605,0.027789,0.002578,0.025211,1.924185,1.571729,0.352456,1.890977,0.981285,0.924347,0.981352,0.909625,1.545385,0.262455,0.000000,0.083138,0.218440,NA,0,0.000000,0.000000,20;21,/home/jukebox/DPUmesh/integrations/linkerd/bench/report/data/linkerd-20260810/open/raw/mpstat/load-64-q14-grpc-envoy-permissive-r1.txt,NA,ok,0,0.833036,0.904204,0.000000,overflow+achieved+scheduler
load-64-q15-grpc-linkerd-opaque-r1,load,grpc-linkerd-opaque,64,48,48,8,const,15,65298,65298,1,10.000,48362.000,0.0495,0.0248,0.0248,2652128.92,2652128.92,2652128.92,2652128.92,2652128.92,1331069.64,8640.10,2652128.92,481242,561640,0,0,0,295529,0,0.962666,0.751196,0.211470,0.892630,0.705033,0.187596,0.028913,0.028913,0.000000,0.032141,0.006935,0.025206,1.916350,1.492077,0.424272,1.869496,0.982494,0.916422,0.980425,0.889071,1.435564,0.321371,0.000000,0.112561,0.238173,NA,0,0.000000,0.000000,28;29,/home/jukebox/DPUmesh/integrations/linkerd/bench/report/data/linkerd-20260810/open/raw/mpstat/load-64-q15-grpc-linkerd-opaque-r1.txt,NA,ok,0,0.740635,0.860118,0.000000,overflow+achieved+scheduler
load-64-q15-grpc-tcp-r1,load,grpc-tcp,64,48,48,8,const,15,44039,44039,1,10.000,28158.000,0.0288,0.0144,0.0144,3678274.03,3678274.03,3678274.03,3678274.03,3678274.03,1831367.16,10104.94,3678274.03,279180,397075,0,0,0,204837,0,0.995410,0.613190,0.382219,0.995814,0.609219,0.386594,0.000000,0.000000,0.000000,0.000000,0.000000,0.000000,1.991224,1.222409,0.768813,1.976950,0.989134,0.989224,0.988475,0.988475,1.213427,0.426916,0.000000,0.336607,0.500805,NA,0,0.000000,0.000000,22;23,/home/jukebox/DPUmesh/integrations/linkerd/bench/report/data/linkerd-20260810/open/raw/mpstat/load-64-q15-grpc-tcp-r1.txt,NA,ok,0,0.639388,0.901644,0.000000,overflow+achieved+scheduler
load-64-q15-grpc-dpumesh-r1,load,grpc-dpumesh,64,48,48,8,const,15,38619,38619,1,10.000,22980.000,0.0235,0.0118,0.0118,4242803.16,4242803.16,4242803.16,4242803.16,4242803.16,2107502.00,558.85,4242803.16,228329,370598,0,0,0,179194,0,0.995656,0.729539,0.266117,0.996269,0.757786,0.238483,0.000000,0.000000,0.000000,0.000000,0.000000,0.000000,1.991925,1.487325,0.504600,1.978421,0.988764,0.988897,0.988390,0.990032,1.474375,0.504046,0.000000,0.000000,0.096869,1.428404,0,0.000000,0.000000,18;19,/home/jukebox/DPUmesh/integrations/linkerd/bench/report/data/linkerd-20260810/open/raw/mpstat/load-64-q15-grpc-dpumesh-r1.txt,NA,ok,0,0.595044,0.959626,0.000000,overflow+achieved+scheduler
load-64-q15-grpc-envoy-permissive-r1,load,grpc-envoy-permissive,64,48,48,8,const,15,67794,67794,1,10.000,49551.000,0.0507,0.0254,0.0254,2800931.05,2800931.05,2800931.05,2800931.05,2800931.05,1377348.36,8293.04,2800931.05,493030,587027,0,0,0,310617,0,0.965009,0.805184,0.159825,0.906205,0.745615,0.160589,0.026649,0.004348,0.022301,0.029759,0.007429,0.022330,1.927622,1.562576,0.365045,1.887939,0.981281,0.927350,0.979837,0.908102,1.542306,0.252703,0.000000,0.092930,0.226618,NA,0,0.000000,0.000000,20;21,/home/jukebox/DPUmesh/integrations/linkerd/bench/report/data/linkerd-20260810/open/raw/mpstat/load-64-q15-grpc-envoy-permissive-r1.txt,NA,ok,0,0.730905,0.865898,0.000000,overflow+achieved+scheduler
load-64-q15-grpc-envoy-strict-r1,load,grpc-envoy-strict,64,48,48,8,const,15,66534,66534,1,10.000,49109.000,0.0503,0.0251,0.0251,2673591.24,2673591.24,2673591.24,2673591.24,2673591.24,1349609.78,12032.73,2673591.24,488335,610014,0,0,0,301659,0,0.957944,0.787441,0.170503,0.901211,0.747334,0.153877,0.034514,0.012810,0.021704,0.036092,0.013047,0.023045,1.929761,1.560632,0.369129,1.894965,0.982114,0.928521,0.983360,0.911606,1.537825,0.267448,0.000000,0.089693,0.220155,NA,0,0.000000,0.000000,24;25,/home/jukebox/DPUmesh/integrations/linkerd/bench/report/data/linkerd-20260810/open/raw/mpstat/load-64-q15-grpc-envoy-strict-r1.txt,NA,ok,0,0.738104,0.916846,0.000000,overflow+achieved+scheduler
load-1024-q1-grpc-envoy-permissive-r1,load,grpc-envoy-permissive,1024,1008,1008,8,const,1,2419,2419,1,10.000,2419.000,0.0396,0.0198,0.0198,192.00,500.00,546.00,608.00,641.00,258.03,134.39,650.84,22590,24190,0,0,0,0,0,0.111582,0.073178,0.038405,0.154173,0.032348,0.121825,0.061729,0.022554,0.039175,0.107948,0.029543,0.078405,0.435432,0.157623,0.277810,0.324762,0.171649,0.259728,0.172989,0.151773,0.166461,0.122398,0.000000,0.035903,0.097918,NA,0,0.000000,0.000000,20;21,/home/jukebox/DPUmesh/integrations/linkerd/bench/report/data/linkerd-20260810/open/raw/mpstat/load-1024-q1-grpc-envoy-permissive-r1.txt,NA,ok,1,1.000000,1.000000,0.000000,clean
load-1024-q1-grpc-envoy-strict-r1,load,grpc-envoy-strict,1024,1008,1008,8,const,1,2330,2330,1,10.000,2330.000,0.0382,0.0191,0.0191,199.00,515.00,568.00,633.00,673.00,256.00,143.10,721.18,21700,23300,0,0,0,0,0,0.112587,0.072743,0.039844,0.141714,0.089628,0.052086,0.068179,0.068179,0.000000,0.109683,0.029551,0.080132,0.432163,0.260101,0.172062,0.342434,0.178887,0.248839,0.179370,0.163064,0.177740,0.154911,0.000000,0.009784,0.075009,NA,0,0.000000,0.000000,24;25,/home/jukebox/DPUmesh/integrations/linkerd/bench/report/data/linkerd-20260810/open/raw/mpstat/load-1024-q1-grpc-envoy-strict-r1.txt,NA,ok,1,1.000000,1.000000,0.000000,clean
load-1024-q1-grpc-linkerd-r1,load,grpc-linkerd,1024,1008,1008,8,const,1,663,663,1,10.000,662.000,0.0109,0.0054,0.0054,733.00,979.00,1105.00,1193.00,1225.00,745.80,397.93,1249.77,5030,6630,0,0,0,0,0,0.065465,0.048667,0.016798,0.091669,0.070396,0.021272,0.090414,0.071916,0.018498,0.168361,0.117389,0.050971,0.415909,0.308368,0.107539,0.446747,0.154902,0.257583,0.161416,0.285331,0.327723,0.079893,0.000000,0.039131,0.083154,NA,0,0.000000,0.000000,26;27,/home/jukebox/DPUmesh/integrations/linkerd/bench/report/data/linkerd-20260810/open/raw/mpstat/load-1024-q1-grpc-linkerd-r1.txt,NA,ok,1,0.998492,1.000000,0.000000,clean
load-1024-q1-grpc-linkerd-opaque-r1,load,grpc-linkerd-opaque,1024,1008,1008,8,const,1,2202,2202,1,10.000,2202.000,0.0361,0.0180,0.0180,212.00,483.00,524.00,575.00,632.00,308.41,131.17,662.29,20420,22020,0,0,0,0,0,0.101392,0.065402,0.035990,0.191210,0.146438,0.044772,0.047872,0.011157,0.036716,0.127682,0.030702,0.096980,0.468156,0.253699,0.214458,0.296744,0.147794,0.315398,0.145111,0.151633,0.159785,0.096197,0.000000,0.040762,0.099458,NA,0,0.000000,0.000000,28;29,/home/jukebox/DPUmesh/integrations/linkerd/bench/report/data/linkerd-20260810/open/raw/mpstat/load-1024-q1-grpc-linkerd-opaque-r1.txt,NA,ok,1,1.000000,1.000000,0.000000,clean
load-1024-q1-grpc-tcp-r1,load,grpc-tcp,1024,1008,1008,8,const,1,1514,1514,1,10.000,1514.000,0.0248,0.0124,0.0124,341.00,385.00,421.00,481.00,532.00,278.48,91.94,534.58,13540,15140,0,0,0,0,0,0.067864,0.040169,0.027695,0.206945,0.125202,0.081743,0.000000,0.000000,0.000000,0.000000,0.000000,0.000000,0.274809,0.165371,0.109438,0.157666,0.067422,0.206426,0.064052,0.093614,0.096899,0.042701,0.000000,0.018066,0.054198,NA,0,0.000000,0.000000,22;23,/home/jukebox/DPUmesh/integrations/linkerd/bench/report/data/linkerd-20260810/open/raw/mpstat/load-1024-q1-grpc-tcp-r1.txt,NA,ok,1,1.000000,1.000000,0.000000,clean
load-1024-q1-grpc-dpumesh-r1,load,grpc-dpumesh,1024,1008,1008,8,const,1,1378,1378,1,10.000,1378.000,0.0226,0.0113,0.0113,263.00,478.00,528.00,1015.00,6444.00,333.25,187.68,12207.66,12180,13780,0,0,0,0,0,0.055129,0.041512,0.013617,0.133230,0.091552,0.041678,0.000000,0.000000,0.000000,0.000000,0.000000,0.000000,0.188359,0.133064,0.055295,0.108378,0.054830,0.132364,0.042694,0.065684,0.075536,0.032842,0.000000,0.000000,0.034484,0.256166,0,0.000000,0.000000,18;19,/home/jukebox/DPUmesh/integrations/linkerd/bench/report/data/linkerd-20260810/open/raw/mpstat/load-1024-q1-grpc-dpumesh-r1.txt,NA,ok,1,1.000000,1.000000,0.000000,clean
load-1024-q2-grpc-envoy-strict-r1,load,grpc-envoy-strict,1024,1008,1008,8,const,2,3316,3316,1,10.000,3316.000,0.0543,0.0272,0.0272,195.00,484.00,525.00,610.00,763.00,225.57,142.58,809.26,31560,33160,0,0,0,0,0,0.159145,0.090721,0.068424,0.161634,0.106826,0.054808,0.096801,0.036114,0.060686,0.121599,0.041161,0.080438,0.539179,0.274822,0.264356,0.466513,0.253351,0.279781,0.251199,0.215314,0.238150,0.169641,0.000000,0.058722,0.148436,NA,0,0.000000,0.000000,24;25,/home/jukebox/DPUmesh/integrations/linkerd/bench/report/data/linkerd-20260810/open/raw/mpstat/load-1024-q2-grpc-envoy-strict-r1.txt,NA,ok,1,1.000000,1.000000,0.000000,clean
load-1024-q2-grpc-linkerd-r1,load,grpc-linkerd,1024,1008,1008,8,const,2,1989,1989,1,10.000,1989.000,0.0326,0.0163,0.0163,406.00,752.00,865.00,950.00,4329.00,477.77,303.08,4746.60,18290,19890,0,0,0,0,0,0.149009,0.095323,0.053685,0.171642,0.124072,0.047569,0.213793,0.135320,0.078473,0.285946,0.203545,0.082401,0.820390,0.558260,0.262128,0.740225,0.359020,0.452877,0.392939,0.347286,0.492396,0.153262,0.000000,0.094566,0.171197,NA,0,0.000000,0.000000,26;27,/home/jukebox/DPUmesh/integrations/linkerd/bench/report/data/linkerd-20260810/open/raw/mpstat/load-1024-q2-grpc-linkerd-r1.txt,NA,ok,1,1.000000,1.000000,0.000000,clean
load-1024-q2-grpc-linkerd-opaque-r1,load,grpc-linkerd-opaque,1024,1008,1008,8,const,2,3316,3316,1,10.000,3316.000,0.0543,0.0272,0.0272,186.00,460.00,496.00,566.00,710.00,237.44,129.12,746.68,31560,33160,0,0,0,0,0,0.152014,0.093573,0.058441,0.195443,0.140281,0.055162,0.073938,0.019191,0.054747,0.122929,0.028545,0.094384,0.544324,0.281590,0.262734,0.417377,0.223606,0.314980,0.198906,0.218471,0.220101,0.149995,0.000000,0.047281,0.083149,NA,0,0.000000,0.000000,28;29,/home/jukebox/DPUmesh/integrations/linkerd/bench/report/data/linkerd-20260810/open/raw/mpstat/load-1024-q2-grpc-linkerd-opaque-r1.txt,NA,ok,1,1.000000,1.000000,0.000000,clean
load-1024-q2-grpc-tcp-r1,load,grpc-tcp,1024,1008,1008,8,const,2,3316,3316,1,10.000,3316.000,0.0543,0.0272,0.0272,136.00,147.00,387.00,565.00,597.00,143.95,84.51,618.22,31560,33160,0,0,0,0,0,0.153785,0.085062,0.068723,0.154295,0.089167,0.065128,0.000000,0.000000,0.000000,0.000000,0.000000,0.000000,0.308080,0.174229,0.133851,0.276373,0.152908,0.153361,0.139832,0.136541,0.156282,0.082254,0.000000,0.037837,0.085544,NA,0,0.000000,0.000000,22;23,/home/jukebox/DPUmesh/integrations/linkerd/bench/report/data/linkerd-20260810/open/raw/mpstat/load-1024-q2-grpc-tcp-r1.txt,NA,ok,1,1.000000,1.000000,0.000000,clean
load-1024-q2-grpc-dpumesh-r1,load,grpc-dpumesh,1024,1008,1008,8,const,2,3316,3316,1,10.000,3316.000,0.0543,0.0272,0.0272,247.00,325.00,502.00,918.00,6169.00,259.81,179.30,13451.25,31560,33160,0,0,0,0,0,0.127182,0.086986,0.040195,0.125506,0.092935,0.032570,0.000000,0.000000,0.000000,0.000000,0.000000,0.000000,0.252688,0.179921,0.072765,0.211869,0.126404,0.124741,0.116610,0.095259,0.149458,0.062411,0.000000,0.000000,0.041060,0.454943,0,0.000000,0.000000,18;19,/home/jukebox/DPUmesh/integrations/linkerd/bench/report/data/linkerd-20260810/open/raw/mpstat/load-1024-q2-grpc-dpumesh-r1.txt,NA,ok,1,1.000000,1.000000,0.000000,clean
load-1024-q2-grpc-envoy-permissive-r1,load,grpc-envoy-permissive,1024,1008,1008,8,const,2,3316,3316,1,10.000,3316.000,0.0543,0.0272,0.0272,186.00,464.00,503.00,583.00,785.00,218.64,131.90,1208.66,31560,33160,0,0,0,0,0,0.151591,0.097618,0.053973,0.165805,0.107262,0.058543,0.084067,0.019829,0.064239,0.113203,0.027493,0.085710,0.514666,0.252202,0.262465,0.430535,0.233434,0.276500,0.226683,0.203852,0.208744,0.167974,0.000000,0.053817,0.104372,NA,0,0.000000,0.000000,20;21,/home/jukebox/DPUmesh/integrations/linkerd/bench/report/data/linkerd-20260810/open/raw/mpstat/load-1024-q2-grpc-envoy-permissive-r1.txt,NA,ok,1,1.000000,1.000000,0.000000,clean
load-1024-q3-grpc-linkerd-r1,load,grpc-linkerd,1024,1008,1008,8,const,3,3316,3316,1,10.000,3316.000,0.0543,0.0272,0.0272,420.00,797.00,1063.00,1223.00,1260.00,481.21,286.96,1286.48,31559,33160,0,0,0,0,0,0.242343,0.167900,0.074443,0.203823,0.142974,0.060849,0.359682,0.256813,0.102869,0.326437,0.234661,0.091776,1.132285,0.802348,0.329937,1.076423,0.595885,0.524695,0.603449,0.472974,0.746972,0.218547,0.000000,0.110904,0.177773,NA,0,0.000000,0.000000,26;27,/home/jukebox/DPUmesh/integrations/linkerd/bench/report/data/linkerd-20260810/open/raw/mpstat/load-1024-q3-grpc-linkerd-r1.txt,NA,ok,1,1.000000,1.000000,0.000000,clean
load-1024-q3-grpc-linkerd-opaque-r1,load,grpc-linkerd-opaque,1024,1008,1008,8,const,3,6607,6607,1,10.000,6607.000,0.1082,0.0541,0.0541,181.00,452.00,617.00,686.00,773.00,214.79,152.44,808.80,64469,66070,0,0,0,0,0,0.290178,0.176588,0.113590,0.281051,0.195588,0.085463,0.150367,0.047070,0.103297,0.172919,0.042688,0.130232,0.894515,0.461934,0.432582,0.814949,0.435892,0.449252,0.431923,0.383026,0.425403,0.288492,0.000000,0.101054,0.210257,NA,0,0.000000,0.000000,28;29,/home/jukebox/DPUmesh/integrations/linkerd/bench/report/data/linkerd-20260810/open/raw/mpstat/load-1024-q3-grpc-linkerd-opaque-r1.txt,NA,ok,1,1.000000,1.000000,0.000000,clean
load-1024-q3-grpc-tcp-r1,load,grpc-tcp,1024,1008,1008,8,const,3,4541,4541,1,10.000,4541.000,0.0744,0.0372,0.0372,135.00,141.00,248.00,515.00,534.00,139.61,84.10,555.00,43810,45410,0,0,0,0,0,0.208460,0.123292,0.085169,0.197492,0.114440,0.083052,0.000000,0.000000,0.000000,0.000000,0.000000,0.000000,0.405952,0.237732,0.168221,0.385877,0.207063,0.196238,0.197043,0.188833,0.226600,0.113300,0.000000,0.045977,0.098522,NA,0,0.000000,0.000000,22;23,/home/jukebox/DPUmesh/integrations/linkerd/bench/report/data/linkerd-20260810/open/raw/mpstat/load-1024-q3-grpc-tcp-r1.txt,NA,ok,1,1.000000,1.000000,0.000000,clean
load-1024-q3-grpc-dpumesh-r1,load,grpc-dpumesh,1024,1008,1008,8,const,3,4134,4134,1,10.000,4133.000,0.0677,0.0339,0.0339,246.00,268.00,536.00,7456.00,17220.00,269.09,178.44,19137.03,39738,41340,0,0,0,0,0,0.160606,0.108249,0.052357,0.143068,0.089730,0.053339,0.000000,0.000000,0.000000,0.000000,0.000000,0.000000,0.303674,0.197979,0.105696,0.280725,0.159508,0.142123,0.152675,0.128050,0.182225,0.098500,0.000000,0.000000,0.055817,0.503991,0,0.000000,0.000000,18;19,/home/jukebox/DPUmesh/integrations/linkerd/bench/report/data/linkerd-20260810/open/raw/mpstat/load-1024-q3-grpc-dpumesh-r1.txt,NA,ok,1,0.999758,1.000000,0.000000,clean
load-1024-q3-grpc-envoy-permissive-r1,load,grpc-envoy-permissive,1024,1008,1008,8,const,3,6631,6631,1,10.000,6631.000,0.1086,0.0543,0.0543,183.00,229.00,544.00,673.00,784.00,196.32,133.25,877.41,64709,66310,0,0,0,0,0,0.299789,0.171384,0.128404,0.254244,0.155434,0.098810,0.168489,0.044102,0.124387,0.170993,0.041501,0.129491,0.893515,0.412421,0.481092,0.847831,0.463460,0.420518,0.446742,0.401089,0.392937,0.332611,0.000000,0.122283,0.215219,NA,0,0.000000,0.000000,20;21,/home/jukebox/DPUmesh/integrations/linkerd/bench/report/data/linkerd-20260810/open/raw/mpstat/load-1024-q3-grpc-envoy-permissive-r1.txt,NA,ok,1,1.000000,1.000000,0.000000,clean
load-1024-q3-grpc-envoy-strict-r1,load,grpc-envoy-strict,1024,1008,1008,8,const,3,6631,6631,1,10.000,6631.000,0.1086,0.0543,0.0543,190.00,217.00,477.00,740.00,849.00,198.61,139.10,928.90,64709,66310,0,0,0,0,0,0.304578,0.188138,0.116440,0.252620,0.171208,0.081412,0.190652,0.065959,0.124693,0.185180,0.050210,0.134969,0.933030,0.475515,0.457514,0.898704,0.490213,0.433238,0.486051,0.412654,0.466478,0.314791,0.000000,0.117435,0.208773,NA,0,0.000000,0.000000,24;25,/home/jukebox/DPUmesh/integrations/linkerd/bench/report/data/linkerd-20260810/open/raw/mpstat/load-1024-q3-grpc-envoy-strict-r1.txt,NA,ok,1,1.000000,1.000000,0.000000,clean
load-1024-q4-grpc-linkerd-opaque-r1,load,grpc-linkerd-opaque,1024,1008,1008,8,const,4,6631,6631,1,10.000,6631.000,0.1086,0.0543,0.0543,182.00,454.00,617.00,690.00,777.00,217.05,133.17,815.38,64709,66310,0,0,0,0,0,0.298595,0.189305,0.109290,0.286448,0.198785,0.087663,0.150529,0.030183,0.120346,0.175199,0.053334,0.121865,0.910771,0.471607,0.439164,0.839913,0.444572,0.456634,0.437081,0.402832,0.435450,0.288669,0.000000,0.115794,0.169614,NA,0,0.000000,0.000000,28;29,/home/jukebox/DPUmesh/integrations/linkerd/bench/report/data/linkerd-20260810/open/raw/mpstat/load-1024-q4-grpc-linkerd-opaque-r1.txt,NA,ok,1,1.000000,1.000000,0.000000,clean
load-1024-q4-grpc-tcp-r1,load,grpc-tcp,1024,1008,1008,8,const,4,6631,6631,1,10.000,6631.000,0.1086,0.0543,0.0543,136.00,485.00,536.00,587.00,655.00,175.72,83.56,719.25,64710,66310,0,0,0,0,0,0.301351,0.173000,0.128351,0.344581,0.192593,0.151989,0.000000,0.000000,0.000000,0.000000,0.000000,0.000000,0.645932,0.365593,0.280340,0.569820,0.299319,0.342290,0.292300,0.277520,0.320216,0.170782,0.000000,0.078822,0.147792,NA,0,0.000000,0.000000,22;23,/home/jukebox/DPUmesh/integrations/linkerd/bench/report/data/linkerd-20260810/open/raw/mpstat/load-1024-q4-grpc-tcp-r1.txt,NA,ok,1,1.000000,1.000000,0.000000,clean
load-1024-q4-grpc-dpumesh-r1,load,grpc-dpumesh,1024,1008,1008,8,const,4,6631,6631,1,10.000,6631.000,0.1086,0.0543,0.0543,246.00,263.00,398.00,848.00,2988.00,249.82,140.03,6343.69,64709,66310,0,0,0,0,0,0.246854,0.173759,0.073095,0.215061,0.141659,0.073402,0.000000,0.000000,0.000000,0.000000,0.000000,0.000000,0.461915,0.315418,0.146497,0.452232,0.245483,0.213851,0.269695,0.182537,0.309162,0.143070,0.000000,0.000000,0.064135,0.771261,0,0.000000,0.000000,18;19,/home/jukebox/DPUmesh/integrations/linkerd/bench/report/data/linkerd-20260810/open/raw/mpstat/load-1024-q4-grpc-dpumesh-r1.txt,NA,ok,1,1.000000,1.000000,0.000000,clean
load-1024-q4-grpc-envoy-permissive-r1,load,grpc-envoy-permissive,1024,1008,1008,8,const,4,7257,7257,1,10.000,7257.000,0.1189,0.0594,0.0594,181.00,217.00,472.00,722.00,833.00,190.91,128.31,939.78,70969,72570,0,0,0,0,0,0.319181,0.190461,0.128719,0.269867,0.174900,0.094967,0.185188,0.046880,0.138308,0.180334,0.057624,0.122710,0.954570,0.469865,0.484704,0.913247,0.499159,0.445673,0.495763,0.417484,0.448470,0.331052,0.000000,0.133725,0.277236,NA,0,0.000000,0.000000,20;21,/home/jukebox/DPUmesh/integrations/linkerd/bench/report/data/linkerd-20260810/open/raw/mpstat/load-1024-q4-grpc-envoy-permissive-r1.txt,NA,ok,1,1.000000,1.000000,0.000000,clean
load-1024-q4-grpc-envoy-strict-r1,load,grpc-envoy-strict,1024,1008,1008,8,const,4,6990,6990,1,10.000,6990.000,0.1145,0.0573,0.0573,215.00,269.00,538.00,794.00,896.00,223.75,136.45,1079.80,68299,69900,0,0,0,0,0,0.329575,0.187974,0.141601,0.266039,0.189403,0.076636,0.203295,0.061102,0.142193,0.196411,0.075410,0.121000,0.995320,0.513889,0.481430,0.961712,0.527180,0.457630,0.541167,0.420545,0.495526,0.327634,0.000000,0.138552,0.286883,NA,0,0.000000,0.000000,24;25,/home/jukebox/DPUmesh/integrations/linkerd/bench/report/data/linkerd-20260810/open/raw/mpstat/load-1024-q4-grpc-envoy-strict-r1.txt,NA,ok,1,1.000000,1.000000,0.000000,clean
load-1024-q4-grpc-linkerd-r1,load,grpc-linkerd,1024,1008,1008,8,const,4,3979,3979,1,10.000,3979.000,0.0652,0.0326,0.0326,479.00,769.00,1027.00,1074.00,1107.00,497.11,285.35,1390.41,38189,39790,0,0,0,0,0,0.284999,0.201341,0.083658,0.228739,0.161626,0.067112,0.422575,0.286947,0.135629,0.359199,0.247823,0.111376,1.295512,0.897737,0.397775,1.252224,0.700338,0.581794,0.697854,0.554370,0.857643,0.262510,0.000000,0.132070,0.244575,NA,0,0.000000,0.000000,26;27,/home/jukebox/DPUmesh/integrations/linkerd/bench/report/data/linkerd-20260810/open/raw/mpstat/load-1024-q4-grpc-linkerd-r1.txt,NA,ok,1,1.000000,1.000000,0.000000,clean
load-1024-q5-grpc-tcp-r1,load,grpc-tcp,1024,1008,1008,8,const,5,9081,9081,1,10.000,9081.000,0.1488,0.0744,0.0744,135.00,145.00,521.00,620.00,673.00,145.37,102.23,722.38,89209,90810,0,0,0,0,0,0.415841,0.239633,0.176207,0.385911,0.213694,0.172217,0.000000,0.000000,0.000000,0.000000,0.000000,0.000000,0.801752,0.453327,0.348424,0.768282,0.412982,0.383293,0.398916,0.369366,0.433390,0.231470,0.000000,0.103423,0.172371,NA,0,0.000000,0.000000,22;23,/home/jukebox/DPUmesh/integrations/linkerd/bench/report/data/linkerd-20260810/open/raw/mpstat/load-1024-q5-grpc-tcp-r1.txt,NA,ok,1,1.000000,1.000000,0.000000,clean
load-1024-q5-grpc-dpumesh-r1,load,grpc-dpumesh,1024,1008,1008,8,const,5,8268,8268,1,10.000,8267.000,0.1355,0.0677,0.0677,231.00,259.00,386.00,644.00,1614.00,236.95,138.17,4345.57,81077,82680,0,0,0,0,0,0.289929,0.194308,0.095621,0.255461,0.172927,0.082533,0.000000,0.000000,0.000000,0.000000,0.000000,0.000000,0.545390,0.367235,0.178154,0.530344,0.287982,0.253744,0.297190,0.233154,0.357941,0.172403,0.000000,0.000000,0.059110,0.842311,0,0.000000,0.000000,18;19,/home/jukebox/DPUmesh/integrations/linkerd/bench/report/data/linkerd-20260810/open/raw/mpstat/load-1024-q5-grpc-dpumesh-r1.txt,NA,ok,1,0.999879,1.000000,0.000000,clean
load-1024-q5-grpc-envoy-permissive-r1,load,grpc-envoy-permissive,1024,1008,1008,8,const,5,9947,9947,1,10.000,9947.000,0.1630,0.0815,0.0815,215.00,279.00,649.00,886.00,1003.00,216.89,128.91,1352.93,97869,99470,0,0,0,0,0,0.419553,0.264138,0.155415,0.374394,0.253697,0.120698,0.257860,0.067863,0.189996,0.253540,0.055539,0.198002,1.305347,0.641237,0.664111,1.248761,0.670211,0.621495,0.653725,0.595036,0.606448,0.454836,0.000000,0.187477,0.295073,NA,0,0.000000,0.000000,20;21,/home/jukebox/DPUmesh/integrations/linkerd/bench/report/data/linkerd-20260810/open/raw/mpstat/load-1024-q5-grpc-envoy-permissive-r1.txt,NA,ok,1,1.000000,1.000000,0.000000,clean
load-1024-q5-grpc-envoy-strict-r1,load,grpc-envoy-strict,1024,1008,1008,8,const,5,9947,9947,1,10.000,9947.000,0.1630,0.0815,0.0815,224.00,244.00,467.00,826.00,983.00,221.11,137.49,1093.84,97868,99470,0,0,0,0,0,0.443980,0.279924,0.164057,0.373246,0.245943,0.127303,0.292638,0.086941,0.205697,0.270825,0.092326,0.178499,1.380689,0.705134,0.675556,1.322696,0.728953,0.637512,0.706199,0.616497,0.668687,0.469712,0.000000,0.184297,0.331082,NA,0,0.000000,0.000000,24;25,/home/jukebox/DPUmesh/integrations/linkerd/bench/report/data/linkerd-20260810/open/raw/mpstat/load-1024-q5-grpc-envoy-strict-r1.txt,NA,ok,1,1.000000,1.000000,0.000000,clean
load-1024-q5-grpc-linkerd-r1,load,grpc-linkerd,1024,1008,1008,8,const,5,6631,6631,1,10.000,6631.000,0.1086,0.0543,0.0543,872.00,1486.00,1982.00,2461.00,2734.00,942.52,523.61,2937.30,64704,66308,0,0,0,0,0,0.417405,0.267931,0.149474,0.298723,0.212286,0.086437,0.563026,0.440713,0.122314,0.476838,0.338362,0.138476,1.755992,1.259292,0.496701,1.741508,0.970903,0.767774,0.980924,0.760583,1.251862,0.336224,0.000000,0.153422,0.270937,NA,0,0.000000,0.000000,26;27,/home/jukebox/DPUmesh/integrations/linkerd/bench/report/data/linkerd-20260810/open/raw/mpstat/load-1024-q5-grpc-linkerd-r1.txt,NA,ok,1,1.000000,0.999970,0.000000,clean
load-1024-q5-grpc-linkerd-opaque-r1,load,grpc-linkerd-opaque,1024,1008,1008,8,const,5,9947,9947,1,10.000,9946.000,0.1630,0.0815,0.0815,212.00,357.00,650.00,863.00,901.00,221.53,133.93,1058.19,97864,99470,0,0,0,0,0,0.422160,0.255798,0.166362,0.392672,0.265406,0.127266,0.222047,0.051337,0.170709,0.239544,0.057226,0.182318,1.276423,0.629767,0.646655,1.188597,0.637555,0.625405,0.622831,0.565766,0.560874,0.425547,0.000000,0.202176,0.334242,NA,0,0.000000,0.000000,28;29,/home/jukebox/DPUmesh/integrations/linkerd/bench/report/data/linkerd-20260810/open/raw/mpstat/load-1024-q5-grpc-linkerd-opaque-r1.txt,NA,ok,1,0.999899,1.000000,0.000000,clean
load-1024-q6-grpc-dpumesh-r1,load,grpc-dpumesh,1024,1008,1008,8,const,6,9947,9947,1,10.000,9946.000,0.1630,0.0815,0.0815,227.00,255.00,409.00,982.00,14458.00,238.65,143.37,19204.42,97868,99470,0,0,0,0,0,0.335805,0.230981,0.104825,0.293305,0.212908,0.080397,0.000000,0.000000,0.000000,0.000000,0.000000,0.000000,0.629110,0.443889,0.185222,0.615647,0.333574,0.291322,0.329987,0.285660,0.433415,0.182231,0.000000,0.000000,0.070594,0.937424,0,0.000000,0.000000,18;19,/home/jukebox/DPUmesh/integrations/linkerd/bench/report/data/linkerd-20260810/open/raw/mpstat/load-1024-q6-grpc-dpumesh-r1.txt,NA,ok,1,0.999899,1.000000,0.000000,clean
load-1024-q6-grpc-envoy-permissive-r1,load,grpc-envoy-permissive,1024,1008,1008,8,const,6,11936,11936,1,10.000,11936.000,0.1956,0.0978,0.0978,202.00,214.00,253.00,599.00,1195.00,204.98,133.10,1979.23,117758,119360,0,0,0,0,0,0.514380,0.311701,0.202679,0.436163,0.276734,0.159429,0.303174,0.066613,0.236561,0.289683,0.076889,0.212794,1.543400,0.731937,0.811463,1.490528,0.809194,0.718401,0.790925,0.699602,0.709387,0.559356,0.000000,0.221785,0.342463,NA,0,0.000000,0.000000,20;21,/home/jukebox/DPUmesh/integrations/linkerd/bench/report/data/linkerd-20260810/open/raw/mpstat/load-1024-q6-grpc-envoy-permissive-r1.txt,NA,ok,1,1.000000,1.000000,0.000000,clean
load-1024-q6-grpc-envoy-strict-r1,load,grpc-envoy-strict,1024,1008,1008,8,const,6,11936,11936,1,10.000,11936.000,0.1956,0.0978,0.0978,207.00,231.00,319.00,464.00,867.00,211.81,171.23,1304.05,117758,119360,0,0,0,0,0,0.571065,0.357660,0.213405,0.446381,0.306095,0.140286,0.342981,0.102317,0.240664,0.324245,0.105208,0.219037,1.684672,0.871280,0.813392,1.644592,0.904571,0.762532,0.893198,0.751395,0.857340,0.576993,0.000000,0.210260,0.376512,NA,0,0.000000,0.000000,24;25,/home/jukebox/DPUmesh/integrations/linkerd/bench/report/data/linkerd-20260810/open/raw/mpstat/load-1024-q6-grpc-envoy-strict-r1.txt,NA,ok,1,1.000000,1.000000,0.000000,clean
load-1024-q6-grpc-linkerd-r1,load,grpc-linkerd,1024,1008,1008,8,const,6,9283,9283,1,10.000,9283.000,0.1521,0.0760,0.0760,2798.00,3578.00,3854.00,4258.00,4988.00,2812.61,1623.76,5815.20,91210,92821,0,0,0,0,0,0.399418,0.268936,0.130482,0.258420,0.209949,0.048472,0.592569,0.467773,0.124797,0.500745,0.389910,0.110835,1.751152,1.336568,0.414586,1.643542,0.981969,0.751425,0.983190,0.660352,1.252223,0.259249,0.000000,0.132070,0.177724,NA,0,0.000000,0.000000,26;27,/home/jukebox/DPUmesh/integrations/linkerd/bench/report/data/linkerd-20260810/open/raw/mpstat/load-1024-q6-grpc-linkerd-r1.txt,NA,ok,1,1.000000,0.999903,0.000000,clean
load-1024-q6-grpc-linkerd-opaque-r1,load,grpc-linkerd-opaque,1024,1008,1008,8,const,6,11936,11936,1,10.000,11936.000,0.1956,0.0978,0.0978,199.00,205.00,227.00,307.00,642.00,199.81,153.66,1039.47,117758,119360,0,0,0,0,0,0.521552,0.323358,0.198194,0.440611,0.285637,0.154973,0.259439,0.058919,0.200520,0.272017,0.071004,0.201014,1.493619,0.738918,0.754701,1.429748,0.772830,0.705188,0.759707,0.670042,0.699387,0.520057,0.000000,0.210305,0.316273,NA,0,0.000000,0.000000,28;29,/home/jukebox/DPUmesh/integrations/linkerd/bench/report/data/linkerd-20260810/open/raw/mpstat/load-1024-q6-grpc-linkerd-opaque-r1.txt,NA,ok,1,1.000000,1.000000,0.000000,clean
load-1024-q6-grpc-tcp-r1,load,grpc-tcp,1024,1008,1008,8,const,6,9947,9947,1,10.000,9947.000,0.1630,0.0815,0.0815,135.00,139.00,144.00,195.00,592.00,136.03,79.80,698.65,97869,99470,0,0,0,0,0,0.452107,0.255388,0.196718,0.411078,0.231800,0.179278,0.000000,0.000000,0.000000,0.000000,0.000000,0.000000,0.863185,0.487188,0.375996,0.825904,0.449018,0.408275,0.425267,0.400637,0.464673,0.244651,0.000000,0.116579,0.210170,NA,0,0.000000,0.000000,22;23,/home/jukebox/DPUmesh/integrations/linkerd/bench/report/data/linkerd-20260810/open/raw/mpstat/load-1024-q6-grpc-tcp-r1.txt,NA,ok,1,1.000000,1.000000,0.000000,clean
load-1024-q7-grpc-envoy-permissive-r1,load,grpc-envoy-permissive,1024,1008,1008,8,const,7,14514,14514,1,10.000,14514.000,0.2378,0.1189,0.1189,192.00,354.00,435.00,870.00,1200.00,222.13,129.69,1465.64,143538,145140,0,0,0,0,0,0.606407,0.381715,0.224692,0.530887,0.336367,0.194520,0.361636,0.089476,0.272160,0.359769,0.095053,0.264716,1.858699,0.902611,0.956088,1.833259,0.958331,0.881650,0.947619,0.885640,0.893795,0.681764,0.000000,0.257700,0.381657,NA,0,0.000000,0.000000,20;21,/home/jukebox/DPUmesh/integrations/linkerd/bench/report/data/linkerd-20260810/open/raw/mpstat/load-1024-q7-grpc-envoy-permissive-r1.txt,NA,ok,1,1.000000,1.000000,0.000000,clean
load-1024-q7-grpc-envoy-strict-r1,load,grpc-envoy-strict,1024,1008,1008,8,const,7,13980,13980,1,10.000,13980.000,0.2290,0.1145,0.1145,340.00,492.00,673.00,1023.00,1323.00,359.17,216.76,1736.07,138197,139799,0,0,0,0,0,0.597998,0.378135,0.219862,0.538295,0.346575,0.191720,0.388919,0.122178,0.266741,0.370165,0.108954,0.261210,1.895377,0.955842,0.939533,1.865392,0.976920,0.899163,0.975091,0.890301,0.942479,0.668541,0.000000,0.254372,0.353837,NA,0,0.000000,0.000000,24;25,/home/jukebox/DPUmesh/integrations/linkerd/bench/report/data/linkerd-20260810/open/raw/mpstat/load-1024-q7-grpc-envoy-strict-r1.txt,NA,ok,1,1.000000,0.999993,0.000000,clean
load-1024-q7-grpc-linkerd-r1,load,grpc-linkerd,1024,1008,1008,8,const,7,9947,9947,1,10.000,9947.000,0.1630,0.0815,0.0815,3294.00,4183.00,4584.00,5243.00,6684.00,3319.34,1996.88,7245.65,97839,99464,0,0,0,0,0,0.383742,0.256346,0.127397,0.257686,0.198725,0.058961,0.608399,0.452830,0.155569,0.509541,0.422301,0.087240,1.759368,1.330202,0.429167,1.774464,0.982130,0.759208,0.983457,0.791006,1.340634,0.293569,0.000000,0.140261,0.194082,NA,0,0.000000,0.000000,26;27,/home/jukebox/DPUmesh/integrations/linkerd/bench/report/data/linkerd-20260810/open/raw/mpstat/load-1024-q7-grpc-linkerd-r1.txt,NA,ok,1,1.000000,0.999940,0.000000,clean
load-1024-q7-grpc-linkerd-opaque-r1,load,grpc-linkerd-opaque,1024,1008,1008,8,const,7,13215,13215,1,10.000,13214.000,0.2165,0.1083,0.1083,190.00,195.00,222.00,313.00,597.00,191.05,157.59,787.90,130547,132149,0,0,0,0,0,0.571919,0.358222,0.213697,0.486824,0.321010,0.165814,0.280389,0.076865,0.203525,0.301101,0.072251,0.228850,1.640233,0.828348,0.811886,1.572338,0.843648,0.779848,0.817159,0.755179,0.787800,0.561083,0.000000,0.223455,0.340891,NA,0,0.000000,0.000000,28;29,/home/jukebox/DPUmesh/integrations/linkerd/bench/report/data/linkerd-20260810/open/raw/mpstat/load-1024-q7-grpc-linkerd-opaque-r1.txt,NA,ok,1,0.999924,0.999992,0.000000,clean
load-1024-q7-grpc-tcp-r1,load,grpc-tcp,1024,1008,1008,8,const,7,11936,11936,1,10.000,11936.000,0.1956,0.0978,0.0978,159.00,165.00,182.00,258.00,327.00,158.68,93.52,796.65,117759,119360,0,0,0,0,0,0.537754,0.290284,0.247471,0.496768,0.277337,0.219430,0.000000,0.000000,0.000000,0.000000,0.000000,0.000000,1.034522,0.567621,0.466901,1.029755,0.534091,0.493530,0.527195,0.502560,0.564969,0.333398,0.000000,0.131388,0.206936,NA,0,0.000000,0.000000,22;23,/home/jukebox/DPUmesh/integrations/linkerd/bench/report/data/linkerd-20260810/open/raw/mpstat/load-1024-q7-grpc-tcp-r1.txt,NA,ok,1,1.000000,1.000000,0.000000,clean
load-1024-q7-grpc-dpumesh-r1,load,grpc-dpumesh,1024,1008,1008,8,const,7,11936,11936,1,10.000,11936.000,0.1956,0.0978,0.0978,245.00,252.00,328.00,671.00,8591.00,246.38,136.59,16393.52,117758,119360,0,0,0,0,0,0.389939,0.277851,0.112087,0.327790,0.231297,0.096493,0.000000,0.000000,0.000000,0.000000,0.000000,0.000000,0.717729,0.509148,0.208580,0.664934,0.387228,0.325517,0.364482,0.300452,0.471200,0.193734,0.000000,0.000000,0.067314,1.072104,0,0.000000,0.000000,18;19,/home/jukebox/DPUmesh/integrations/linkerd/bench/report/data/linkerd-20260810/open/raw/mpstat/load-1024-q7-grpc-dpumesh-r1.txt,NA,ok,1,1.000000,1.000000,0.000000,clean
load-1024-q8-grpc-envoy-strict-r1,load,grpc-envoy-strict,1024,1008,1008,8,const,8,23300,23300,1,10.000,23300.000,0.3817,0.1909,0.1909,1471.00,1807.00,1911.00,2143.00,2490.00,1464.43,435.52,3303.31,231372,232993,0,0,0,0,0,0.684467,0.489554,0.194913,0.603661,0.426194,0.177467,0.307621,0.104775,0.202846,0.359308,0.088258,0.271051,1.955057,1.108781,0.846277,1.932289,0.981994,0.953154,0.981635,0.950654,1.102302,0.575610,0.000000,0.254377,0.433746,NA,0,0.000000,0.000000,24;25,/home/jukebox/DPUmesh/integrations/linkerd/bench/report/data/linkerd-20260810/open/raw/mpstat/load-1024-q8-grpc-envoy-strict-r1.txt,NA,ok,1,1.000000,0.999970,0.000000,clean
load-1024-q8-grpc-linkerd-r1,load,grpc-linkerd,1024,1008,1008,8,const,8,11273,11273,1,10.000,11271.000,0.1847,0.0923,0.0923,4634.00,5561.00,5876.00,6564.00,7202.00,4639.13,3005.22,7513.84,111070,112716,0,0,0,0,0,0.363288,0.261107,0.102182,0.256094,0.215459,0.040635,0.628763,0.518072,0.110690,0.524036,0.394178,0.129858,1.772181,1.388816,0.383365,1.833459,0.981501,0.772138,0.982734,0.850725,1.409727,0.301502,0.000000,0.122231,0.184161,NA,0,0.000000,0.000000,26;27,/home/jukebox/DPUmesh/integrations/linkerd/bench/report/data/linkerd-20260810/open/raw/mpstat/load-1024-q8-grpc-linkerd-r1.txt,NA,ok,1,0.999823,0.999876,0.000000,clean
load-1024-q8-grpc-linkerd-opaque-r1,load,grpc-linkerd-opaque,1024,1008,1008,8,const,8,22025,22025,1,10.000,22025.000,0.3609,0.1804,0.1804,1032.00,1260.00,1331.00,1689.00,2058.00,1025.34,392.07,2449.95,218628,220244,0,0,0,0,0,0.729236,0.471170,0.258066,0.625509,0.419079,0.206429,0.262720,0.056390,0.206330,0.288174,0.075245,0.212929,1.905639,1.021884,0.883754,1.890132,0.981763,0.904284,0.983390,0.906741,0.999699,0.637655,0.000000,0.252779,0.458263,NA,0,0.000000,0.000000,28;29,/home/jukebox/DPUmesh/integrations/linkerd/bench/report/data/linkerd-20260810/open/raw/mpstat/load-1024-q8-grpc-linkerd-opaque-r1.txt,NA,ok,1,1.000000,0.999973,0.000000,clean
load-1024-q8-grpc-tcp-r1,load,grpc-tcp,1024,1008,1008,8,const,8,15135,15135,1,10.000,15134.000,0.2480,0.1240,0.1240,161.00,290.00,309.00,13153.00,16449.00,234.33,90.00,17717.73,149747,151350,0,0,0,0,0,0.702566,0.356536,0.346030,0.715138,0.375498,0.339639,0.000000,0.000000,0.000000,0.000000,0.000000,0.000000,1.417704,0.732034,0.685669,1.379312,0.697776,0.711162,0.688014,0.691298,0.712644,0.494253,0.000000,0.172414,0.292283,NA,0,0.000000,0.000000,22;23,/home/jukebox/DPUmesh/integrations/linkerd/bench/report/data/linkerd-20260810/open/raw/mpstat/load-1024-q8-grpc-tcp-r1.txt,NA,ok,1,0.999934,1.000000,0.000000,clean
load-1024-q8-grpc-dpumesh-r1,load,grpc-dpumesh,1024,1008,1008,8,const,8,13780,13780,1,10.000,13780.000,0.2258,0.1129,0.1129,229.00,251.00,373.00,11472.00,15511.00,266.47,124.60,16813.11,136198,137800,0,0,0,0,0,0.476653,0.348706,0.127947,0.386486,0.285657,0.100829,0.000000,0.000000,0.000000,0.000000,0.000000,0.000000,0.863139,0.634363,0.228776,0.867197,0.473471,0.383873,0.489440,0.377756,0.635616,0.231581,0.000000,0.000000,0.091975,1.235098,0,0.000000,0.000000,18;19,/home/jukebox/DPUmesh/integrations/linkerd/bench/report/data/linkerd-20260810/open/raw/mpstat/load-1024-q8-grpc-dpumesh-r1.txt,NA,ok,1,1.000000,1.000000,0.000000,clean
load-1024-q8-grpc-envoy-permissive-r1,load,grpc-envoy-permissive,1024,1008,1008,8,const,8,24190,24190,1,10.000,24189.000,0.3963,0.1982,0.1982,1320.00,1616.00,1722.00,2133.00,2366.00,1321.88,433.86,3504.71,240270,241899,0,0,0,0,0,0.700578,0.497414,0.203164,0.629340,0.458949,0.170391,0.291511,0.068900,0.222611,0.346324,0.066480,0.279844,1.967753,1.091743,0.876010,1.944992,0.981796,0.965494,0.981463,0.963529,1.072762,0.599964,0.000000,0.272266,0.443452,NA,0,0.000000,0.000000,20;21,/home/jukebox/DPUmesh/integrations/linkerd/bench/report/data/linkerd-20260810/open/raw/mpstat/load-1024-q8-grpc-envoy-permissive-r1.txt,NA,ok,1,0.999959,0.999996,0.000000,clean
load-1024-q9-grpc-linkerd-r1,load,grpc-linkerd,1024,1008,1008,8,const,9,11936,11936,1,10.000,11934.000,0.1955,0.0978,0.0978,6066.00,7340.00,8137.00,9109.00,9783.00,6085.08,3876.17,9998.21,117688,119348,0,0,0,0,0,0.347020,0.267968,0.079051,0.261290,0.205528,0.055762,0.644680,0.506717,0.137963,0.553675,0.445663,0.108012,1.806665,1.425876,0.380788,1.806176,0.981261,0.806259,0.982078,0.824098,1.423443,0.247555,0.000000,0.135178,0.197067,NA,0,0.000000,0.000000,26;27,/home/jukebox/DPUmesh/integrations/linkerd/bench/report/data/linkerd-20260810/open/raw/mpstat/load-1024-q9-grpc-linkerd-r1.txt,NA,ok,1,0.999832,0.999899,0.000000,clean
load-1024-q9-grpc-linkerd-opaque-r1,load,grpc-linkerd-opaque,1024,1008,1008,8,const,9,30834,30834,1,10.000,30833.000,0.5052,0.2526,0.2526,1771.00,2150.00,2278.00,2669.00,3005.00,1767.32,617.14,3335.51,306684,308336,0,0,0,0,0,0.804807,0.584379,0.220428,0.683105,0.524966,0.158139,0.187386,0.040480,0.146906,0.242372,0.054182,0.188191,1.917670,1.204007,0.713664,1.906286,0.982061,0.915970,0.981680,0.924606,1.185518,0.510409,0.000000,0.210360,0.388106,NA,0,0.000000,0.000000,28;29,/home/jukebox/DPUmesh/integrations/linkerd/bench/report/data/linkerd-20260810/open/raw/mpstat/load-1024-q9-grpc-linkerd-opaque-r1.txt,NA,ok,1,0.999968,0.999987,0.000000,clean
load-1024-q9-grpc-tcp-r1,load,grpc-tcp,1024,1008,1008,8,const,9,21189,21189,1,10.000,21189.000,0.3472,0.1736,0.1736,362.00,642.00,795.00,9946.00,16691.00,414.58,85.10,19463.36,210281,211888,0,0,0,0,0,0.910827,0.482101,0.428726,0.795750,0.411268,0.384482,0.000000,0.000000,0.000000,0.000000,0.000000,0.000000,1.706577,0.893369,0.813208,1.646847,0.904532,0.790240,0.862009,0.784838,0.860367,0.564821,0.000000,0.221659,0.380926,NA,0,0.000000,0.000000,22;23,/home/jukebox/DPUmesh/integrations/linkerd/bench/report/data/linkerd-20260810/open/raw/mpstat/load-1024-q9-grpc-tcp-r1.txt,NA,ok,1,1.000000,0.999991,0.000000,clean
load-1024-q9-grpc-dpumesh-r1,load,grpc-dpumesh,1024,1008,1008,8,const,9,19292,19292,1,10.000,19041.000,0.3120,0.1560,0.1560,237.00,286.00,2998.00,14605.00,17695.00,334.95,115.31,19624.29,188834,192919,0,0,0,0,0,0.572113,0.404339,0.167774,0.532537,0.400881,0.131656,0.000000,0.000000,0.000000,0.000000,0.000000,0.000000,1.104650,0.805220,0.299430,1.006525,0.569157,0.530809,0.474528,0.531997,0.735600,0.270924,0.000000,0.000000,0.128073,1.490905,0,0.000000,0.000000,18;19,/home/jukebox/DPUmesh/integrations/linkerd/bench/report/data/linkerd-20260810/open/raw/mpstat/load-1024-q9-grpc-dpumesh-r1.txt,NA,ok,1,0.986989,0.999995,0.000000,clean
load-1024-q9-grpc-envoy-permissive-r1,load,grpc-envoy-permissive,1024,1008,1008,8,const,9,33866,33866,1,10.000,33863.000,0.5548,0.2774,0.2774,2206.00,2715.00,2906.00,3374.00,3929.00,2210.21,707.66,4631.62,336968,338645,0,0,0,0,0,0.802550,0.612966,0.189585,0.704771,0.543989,0.160781,0.189768,0.036182,0.153586,0.214738,0.040978,0.173760,1.911827,1.234115,0.677712,1.896877,0.982197,0.910219,0.983506,0.913372,1.216742,0.471365,0.000000,0.208771,0.386552,NA,0,0.000000,0.000000,20;21,/home/jukebox/DPUmesh/integrations/linkerd/bench/report/data/linkerd-20260810/open/raw/mpstat/load-1024-q9-grpc-envoy-permissive-r1.txt,NA,ok,1,0.999911,0.999956,0.000000,clean
load-1024-q9-grpc-envoy-strict-r1,load,grpc-envoy-strict,1024,1008,1008,8,const,9,32619,32619,1,10.000,32618.000,0.5344,0.2672,0.2672,2412.00,2959.00,3153.00,3536.00,4126.00,2415.97,811.32,4674.48,324494,326174,0,0,0,0,0,0.781900,0.610845,0.171055,0.691313,0.539408,0.151906,0.210172,0.078978,0.131195,0.249794,0.077490,0.172305,1.933179,1.306721,0.626461,1.914392,0.981952,0.931471,0.983287,0.931106,1.293111,0.440278,0.000000,0.181003,0.347330,NA,0,0.000000,0.000000,24;25,/home/jukebox/DPUmesh/integrations/linkerd/bench/report/data/linkerd-20260810/open/raw/mpstat/load-1024-q9-grpc-envoy-strict-r1.txt,NA,ok,1,0.999969,0.999951,0.000000,clean
load-1024-q10-grpc-linkerd-opaque-r1,load,grpc-linkerd-opaque,1024,1008,1008,8,const,10,37442,37442,1,10.000,37438.000,0.6134,0.3067,0.3067,3629.00,4459.00,4705.00,12693.00,15885.00,3661.81,1109.68,17786.70,372666,374400,0,0,0,0,0,0.829510,0.633465,0.196045,0.727837,0.572833,0.155004,0.162709,0.032750,0.129959,0.194504,0.042886,0.151618,1.914560,1.281934,0.632626,1.883000,0.981776,0.912581,0.981442,0.901557,1.278157,0.436921,0.000000,0.167921,0.366818,NA,0,0.000000,0.000000,28;29,/home/jukebox/DPUmesh/integrations/linkerd/bench/report/data/linkerd-20260810/open/raw/mpstat/load-1024-q10-grpc-linkerd-opaque-r1.txt,NA,ok,1,0.999893,0.999947,0.000000,clean
load-1024-q10-grpc-tcp-r1,load,grpc-tcp,1024,1008,1008,8,const,10,25730,25730,1,10.000,25743.000,0.4218,0.2109,0.2109,978.00,1899.00,5852.00,14541.00,28671.00,1159.98,91.14,36676.58,255682,257284,0,0,0,0,0,0.976891,0.527910,0.448980,0.888318,0.504559,0.383759,0.000000,0.000000,0.000000,0.000000,0.000000,0.000000,1.865209,1.032469,0.832739,1.845660,0.970255,0.882245,0.968807,0.876853,1.024637,0.540233,0.000000,0.280790,0.418722,NA,0,0.000000,0.000000,22;23,/home/jukebox/DPUmesh/integrations/linkerd/bench/report/data/linkerd-20260810/open/raw/mpstat/load-1024-q10-grpc-tcp-r1.txt,NA,ok,1,1.000505,0.999938,0.000000,clean
load-1024-q10-grpc-dpumesh-r1,load,grpc-dpumesh,1024,1008,1008,8,const,10,23426,23426,1,10.000,23425.000,0.3838,0.1919,0.1919,244.00,8578.00,15036.00,18577.00,20247.00,1027.71,120.10,21880.36,232654,234260,0,0,0,0,0,0.716381,0.518032,0.198349,0.686001,0.484707,0.201294,0.000000,0.000000,0.000000,0.000000,0.000000,0.000000,1.402382,1.002739,0.399643,1.267497,0.711403,0.681521,0.604195,0.663301,0.907935,0.359562,0.000000,0.000000,0.085375,2.011248,0,0.000000,0.000000,18;19,/home/jukebox/DPUmesh/integrations/linkerd/bench/report/data/linkerd-20260810/open/raw/mpstat/load-1024-q10-grpc-dpumesh-r1.txt,NA,ok,1,0.999957,1.000000,0.000000,clean
load-1024-q10-grpc-envoy-permissive-r1,load,grpc-envoy-permissive,1024,1008,1008,8,const,10,41123,41123,1,10.000,41129.000,0.6739,0.3369,0.3369,4359.00,5684.00,6402.00,7315.00,8139.00,4389.82,1815.62,8764.35,409441,411194,0,0,0,0,0,0.874763,0.695323,0.179440,0.766923,0.611904,0.155019,0.117289,0.023716,0.093573,0.131610,0.018925,0.112685,1.890585,1.349868,0.540717,1.869570,0.981626,0.889217,0.981239,0.888331,1.328422,0.404231,0.000000,0.136917,0.301544,NA,0,0.000000,0.000000,20;21,/home/jukebox/DPUmesh/integrations/linkerd/bench/report/data/linkerd-20260810/open/raw/mpstat/load-1024-q10-grpc-envoy-permissive-r1.txt,NA,ok,1,1.000146,0.999912,0.000000,clean
load-1024-q10-grpc-envoy-strict-r1,load,grpc-envoy-strict,1024,1008,1008,8,const,10,39609,39609,1,10.000,39610.000,0.6490,0.3245,0.3245,3988.00,4970.00,5593.00,6570.00,7500.00,4002.55,1364.87,8433.50,394342,396081,0,0,0,0,0,0.841949,0.677530,0.164419,0.756657,0.605019,0.151638,0.150131,0.049828,0.100303,0.176842,0.053896,0.122946,1.925579,1.386273,0.539306,1.902562,0.981736,0.923945,0.983072,0.919490,1.358041,0.371709,0.000000,0.172812,0.353775,NA,0,0.000000,0.000000,24;25,/home/jukebox/DPUmesh/integrations/linkerd/bench/report/data/linkerd-20260810/open/raw/mpstat/load-1024-q10-grpc-envoy-strict-r1.txt,NA,ok,1,1.000025,0.999977,0.000000,clean
load-1024-q10-grpc-linkerd-r1,load,grpc-linkerd,1024,1008,1008,8,const,10,12599,12599,1,10.000,12600.000,0.2064,0.1032,0.1032,8032.00,10023.00,11137.00,12398.00,13503.00,8073.24,5265.81,14579.80,124281,125967,0,0,0,0,0,0.334661,0.259919,0.074742,0.265076,0.217225,0.047851,0.657084,0.542493,0.114591,0.568753,0.452997,0.115756,1.825574,1.472634,0.352940,1.799496,0.981285,0.824954,0.981247,0.818249,1.452310,0.226567,0.000000,0.120618,0.174408,NA,0,0.000000,0.000000,26;27,/home/jukebox/DPUmesh/integrations/linkerd/bench/report/data/linkerd-20260810/open/raw/mpstat/load-1024-q10-grpc-linkerd-r1.txt,NA,ok,1,1.000079,0.999817,0.000000,clean
load-1024-q11-grpc-tcp-r1,load,grpc-tcp,1024,1008,1008,8,const,11,28757,28757,1,10.000,28832.000,0.4724,0.2362,0.2362,4123.00,10591.00,29332.00,56155.00,75343.00,5202.57,115.40,112502.63,285866,287544,0,0,0,0,0,0.992390,0.578525,0.413865,0.974020,0.567611,0.406409,0.000000,0.000000,0.000000,0.000000,0.000000,0.000000,1.966410,1.146136,0.820274,1.943746,0.985583,0.966984,0.983365,0.960381,1.136041,0.494145,0.000000,0.313560,0.461311,NA,0,0.000000,0.000000,22;23,/home/jukebox/DPUmesh/integrations/linkerd/bench/report/data/linkerd-20260810/open/raw/mpstat/load-1024-q11-grpc-tcp-r1.txt,NA,ok,1,1.002608,0.999910,0.000000,clean
load-1024-q11-grpc-dpumesh-r1,load,grpc-dpumesh,1024,1008,1008,8,const,11,26182,26182,1,10.000,26182.000,0.4290,0.2145,0.2145,250.00,21107.00,141335.00,401224.00,465267.00,7427.10,129.29,472503.57,260215,261819,0,0,0,0,0,0.826022,0.536601,0.289422,0.797050,0.597312,0.199739,0.000000,0.000000,0.000000,0.000000,0.000000,0.000000,1.623072,1.133913,0.489161,1.685798,0.819377,0.791616,0.801041,0.884757,1.178581,0.507217,0.000000,0.000000,0.126394,2.196297,0,0.000000,0.000000,18;19,/home/jukebox/DPUmesh/integrations/linkerd/bench/report/data/linkerd-20260810/open/raw/mpstat/load-1024-q11-grpc-dpumesh-r1.txt,NA,ok,1,1.000000,0.999996,0.000000,clean
load-1024-q11-grpc-envoy-permissive-r1,load,grpc-envoy-permissive,1024,1008,1008,8,const,11,45961,45961,1,10.000,45924.000,0.7524,0.3762,0.3762,11828.00,16670.00,19949.00,26041.00,31585.00,12067.69,5041.66,35686.30,457381,459576,0,0,0,0,0,0.914257,0.769987,0.144270,0.828195,0.695180,0.133015,0.077891,0.011653,0.066238,0.081478,0.006166,0.075312,1.901821,1.482986,0.418835,1.889635,0.981728,0.899772,0.981502,0.908134,1.473883,0.311407,0.000000,0.104346,0.255973,NA,0,0.000000,0.000000,20;21,/home/jukebox/DPUmesh/integrations/linkerd/bench/report/data/linkerd-20260810/open/raw/mpstat/load-1024-q11-grpc-envoy-permissive-r1.txt,NA,ok,1,0.999195,0.999926,0.000000,clean
load-1024-q11-grpc-envoy-strict-r1,load,grpc-envoy-strict,1024,1008,1008,8,const,11,44269,44269,1,10.000,44281.000,0.7255,0.3627,0.3627,12419.00,16767.00,19777.00,25250.00,29837.00,12534.20,5418.61,32687.96,440535,442657,0,0,0,0,0,0.870329,0.707010,0.163319,0.803689,0.663415,0.140274,0.121785,0.053107,0.068678,0.120811,0.044973,0.075838,1.916614,1.468505,0.448109,1.905896,0.982618,0.915788,0.983951,0.921944,1.462057,0.324720,0.000000,0.119118,0.261082,NA,0,0.000000,0.000000,24;25,/home/jukebox/DPUmesh/integrations/linkerd/bench/report/data/linkerd-20260810/open/raw/mpstat/load-1024-q11-grpc-envoy-strict-r1.txt,NA,ok,1,1.000271,0.999925,0.000000,clean
load-1024-q11-grpc-linkerd-r1,load,grpc-linkerd,1024,1008,1008,8,const,11,13262,13262,1,10.000,13264.000,0.2173,0.1087,0.1087,13588.00,18201.00,21993.00,27755.00,31956.00,13826.16,7141.12,33370.90,130864,132610,0,0,0,0,0,0.318780,0.254250,0.064530,0.268296,0.218062,0.050234,0.673470,0.555333,0.118137,0.590592,0.485224,0.105367,1.851138,1.512869,0.338268,1.824197,0.981740,0.849826,0.983012,0.841184,1.488375,0.215187,0.000000,0.120635,0.177692,NA,0,0.000000,0.000000,26;27,/home/jukebox/DPUmesh/integrations/linkerd/bench/report/data/linkerd-20260810/open/raw/mpstat/load-1024-q11-grpc-linkerd-r1.txt,NA,ok,1,1.000151,0.999925,0.000000,clean
load-1024-q11-grpc-linkerd-opaque-r1,load,grpc-linkerd-opaque,1024,1008,1008,8,const,11,41847,41847,1,10.000,41846.000,0.6856,0.3428,0.3428,10620.00,14032.00,15800.00,19491.00,23538.00,10654.79,2370.53,27500.14,416461,418451,0,0,0,0,0,0.856312,0.684112,0.172199,0.769425,0.645216,0.124210,0.135653,0.035708,0.099945,0.131046,0.033843,0.097203,1.892436,1.398879,0.493557,1.871371,0.981651,0.891283,0.981329,0.890042,1.382337,0.347214,0.000000,0.141820,0.277119,NA,0,0.000000,0.000000,28;29,/home/jukebox/DPUmesh/integrations/linkerd/bench/report/data/linkerd-20260810/open/raw/mpstat/load-1024-q11-grpc-linkerd-opaque-r1.txt,NA,ok,1,0.999976,0.999955,0.000000,clean
load-1024-q12-grpc-dpumesh-r1,load,grpc-dpumesh,1024,1008,1008,8,const,12,27560,27560,1,10.000,27546.000,0.4513,0.2257,0.2257,253.00,16939.00,32056.00,48159.00,61738.00,2911.99,127.91,67697.80,273858,275600,0,0,0,0,0,0.856774,0.635203,0.221571,0.807680,0.580831,0.226849,0.000000,0.000000,0.000000,0.000000,0.000000,0.000000,1.664454,1.216034,0.448420,1.512428,0.850950,0.802630,0.752109,0.760319,1.108457,0.403971,0.000000,0.000000,0.124804,2.313801,0,0.000000,0.000000,18;19,/home/jukebox/DPUmesh/integrations/linkerd/bench/report/data/linkerd-20260810/open/raw/mpstat/load-1024-q12-grpc-dpumesh-r1.txt,NA,ok,1,0.999492,1.000000,0.000000,clean
load-1024-q12-grpc-envoy-permissive-r1,load,grpc-envoy-permissive,1024,1008,1008,8,const,12,48380,48380,1,10.000,48366.000,0.7924,0.3962,0.3962,19001.00,29160.00,35278.00,43592.00,51934.00,19548.13,5513.38,57625.51,481230,483665,0,0,0,0,0,0.930041,0.771863,0.158177,0.872253,0.714772,0.157481,0.062580,0.007971,0.054609,0.066413,0.011335,0.055078,1.931287,1.505941,0.425345,1.913800,0.982482,0.929887,0.982189,0.931611,1.494493,0.305099,0.000000,0.114208,0.280625,NA,0,0.000000,0.000000,20;21,/home/jukebox/DPUmesh/integrations/linkerd/bench/report/data/linkerd-20260810/open/raw/mpstat/load-1024-q12-grpc-envoy-permissive-r1.txt,NA,ok,1,0.999711,0.999721,0.000000,clean
load-1024-q12-grpc-envoy-strict-r1,load,grpc-envoy-strict,1024,1008,1008,8,const,12,46599,46599,1,10.000,44566.000,0.7302,0.3651,0.3651,37656.00,399046.00,453678.00,509519.00,543377.00,121429.33,6379.95,550725.33,443659,456712,0,0,0,0,0,0.891754,0.736808,0.154946,0.825619,0.680981,0.144638,0.099624,0.042849,0.056774,0.097149,0.034613,0.062535,1.914146,1.495251,0.418893,1.879431,0.980788,0.912923,0.981282,0.898150,1.473552,0.306447,0.000000,0.099432,0.202124,NA,0,0.000000,0.000000,24;25,/home/jukebox/DPUmesh/integrations/linkerd/bench/report/data/linkerd-20260810/open/raw/mpstat/load-1024-q12-grpc-envoy-strict-r1.txt,NA,ok,0,0.956372,0.980090,0.000000,achieved
load-1024-q12-grpc-linkerd-r1,load,grpc-linkerd,1024,1008,1008,8,const,12,13925,13925,1,10.000,8413.000,0.1378,0.0689,0.0689,4950332.49,4950332.49,4950332.49,4950332.49,4950332.49,1413693.89,20172.90,4950332.49,82979,139243,0,24581,0,44742,0,0.350673,0.262646,0.088026,0.210579,0.175617,0.034961,0.640682,0.545125,0.095557,0.455606,0.354194,0.101412,1.657540,1.337582,0.319956,1.657949,0.981659,0.658835,0.984662,0.673287,1.356355,0.203779,0.000000,0.097814,0.136940,NA,0,0.000000,0.000000,26;27,/home/jukebox/DPUmesh/integrations/linkerd/bench/report/data/linkerd-20260810/open/raw/mpstat/load-1024-q12-grpc-linkerd-r1.txt,NA,overload_shed,0,0.604165,0.999950,0.000000,fail+overflow+achieved
load-1024-q12-grpc-linkerd-opaque-r1,load,grpc-linkerd-opaque,1024,1008,1008,8,const,12,44049,44049,1,10.000,44047.000,0.7217,0.3608,0.3608,16578.00,23928.00,27563.00,32117.00,37377.00,16844.30,4161.49,42735.23,438200,440282,0,0,0,0,0,0.864142,0.701184,0.162958,0.807120,0.651706,0.155414,0.127873,0.033708,0.094166,0.121861,0.033235,0.088626,1.920996,1.419833,0.501164,1.904063,0.981745,0.919282,0.981375,0.922688,1.393813,0.374944,0.000000,0.135306,0.296695,NA,0,0.000000,0.000000,28;29,/home/jukebox/DPUmesh/integrations/linkerd/bench/report/data/linkerd-20260810/open/raw/mpstat/load-1024-q12-grpc-linkerd-opaque-r1.txt,NA,ok,1,0.999955,0.999528,0.000000,clean
load-1024-q12-grpc-tcp-r1,load,grpc-tcp,1024,1008,1008,8,const,12,30270,30270,1,10.000,30247.000,0.4956,0.2478,0.2478,29692.00,52280.00,63170.00,77272.00,89049.00,30847.09,209.00,95697.65,300129,302283,0,0,0,0,0,0.995420,0.589667,0.405753,0.994727,0.567351,0.427376,0.000000,0.000000,0.000000,0.000000,0.000000,0.000000,1.990147,1.157018,0.833129,1.976737,0.988833,0.987877,0.988368,0.988368,1.150907,0.507319,0.000000,0.318511,0.479408,NA,0,0.000000,0.000000,22;23,/home/jukebox/DPUmesh/integrations/linkerd/bench/report/data/linkerd-20260810/open/raw/mpstat/load-1024-q12-grpc-tcp-r1.txt,NA,ok,1,0.999240,0.998622,0.000000,clean
load-1024-q13-grpc-envoy-permissive-r1,load,grpc-envoy-permissive,1024,1008,1008,8,const,13,50799,50799,1,10.000,44967.000,0.7367,0.3684,0.3684,593640.00,1231092.90,1231092.90,1231092.90,1231092.90,589705.90,7260.66,1231092.90,447393,478530,0,0,0,42486,0,0.941840,0.780830,0.161011,0.832476,0.686735,0.145740,0.049957,0.007466,0.042490,0.053480,0.007729,0.045750,1.877753,1.482760,0.394991,1.831916,0.981463,0.879274,0.981151,0.850765,1.452168,0.291738,0.000000,0.088010,0.205357,NA,0,0.000000,0.000000,20;21,/home/jukebox/DPUmesh/integrations/linkerd/bench/report/data/linkerd-20260810/open/raw/mpstat/load-1024-q13-grpc-envoy-permissive-r1.txt,NA,ok,0,0.885195,0.942007,0.000000,overflow+achieved+scheduler
load-1024-q13-grpc-envoy-strict-r1,load,grpc-envoy-strict,1024,1008,1008,8,const,13,48929,48929,1,10.000,42766.000,0.7007,0.3503,0.3503,654463.00,1368485.10,1368485.10,1368485.10,1368485.10,648450.84,6655.09,1368485.10,425596,463712,0,0,0,74373,0,0.898231,0.735705,0.162527,0.796991,0.637778,0.159213,0.093379,0.035033,0.058345,0.091756,0.036540,0.055216,1.880357,1.445056,0.435301,1.841848,0.981902,0.879570,0.981232,0.860615,1.416430,0.327621,0.000000,0.097797,0.198854,NA,0,0.000000,0.000000,24;25,/home/jukebox/DPUmesh/integrations/linkerd/bench/report/data/linkerd-20260810/open/raw/mpstat/load-1024-q13-grpc-envoy-strict-r1.txt,NA,ok,0,0.874042,0.947724,0.000000,overflow+achieved+scheduler
load-1024-q13-grpc-linkerd-r1,load,grpc-linkerd,1024,1008,1008,8,const,13,15251,15251,1,10.000,6756.000,0.1107,0.0553,0.0553,6072669.44,6072669.44,6072669.44,6072669.44,6072669.44,1998511.77,76825.67,6072669.44,66288,152490,0,56351,0,45444,0,0.395430,0.305850,0.089580,0.165840,0.139445,0.026394,0.595284,0.514169,0.081115,0.360245,0.285624,0.074620,1.516799,1.245088,0.271709,1.511163,0.982098,0.521289,0.982989,0.528173,1.256857,0.167907,0.000000,0.086399,0.123893,NA,0,0.000000,0.000000,26;27,/home/jukebox/DPUmesh/integrations/linkerd/bench/report/data/linkerd-20260810/open/raw/mpstat/load-1024-q13-grpc-linkerd-r1.txt,NA,overload_shed,0,0.442987,0.999869,0.000000,fail+overflow+achieved
load-1024-q13-grpc-linkerd-opaque-r1,load,grpc-linkerd-opaque,1024,1008,1008,8,const,13,46251,46251,1,10.000,41325.000,0.6771,0.3385,0.3385,572077.00,1017170.00,1169123.51,1169123.51,1169123.51,562818.07,7002.57,1169123.51,411255,436546,0,0,0,11224,0,0.881543,0.691613,0.189930,0.775647,0.611763,0.163884,0.109825,0.026392,0.083434,0.103949,0.025455,0.078493,1.870964,1.355223,0.515741,1.811127,0.981489,0.871757,0.981367,0.829760,1.335115,0.340707,0.000000,0.135305,0.260828,NA,0,0.000000,0.000000,28;29,/home/jukebox/DPUmesh/integrations/linkerd/bench/report/data/linkerd-20260810/open/raw/mpstat/load-1024-q13-grpc-linkerd-opaque-r1.txt,NA,ok,0,0.893494,0.943863,0.000000,overflow+achieved+scheduler
load-1024-q13-grpc-tcp-r1,load,grpc-tcp,1024,1008,1008,8,const,13,31784,31784,1,10.000,28391.000,0.4652,0.2326,0.2326,394444.00,1036233.00,1276483.05,1276483.05,1276483.05,454203.81,1529.28,1276483.05,281713,316637,0,0,0,10418,0,0.995091,0.600403,0.394687,0.995346,0.602520,0.392826,0.000000,0.000000,0.000000,0.000000,0.000000,0.000000,1.990437,1.202923,0.787513,1.976870,0.988930,0.989308,0.988435,0.988435,1.194016,0.470370,0.000000,0.312484,0.473659,NA,0,0.000000,0.000000,22;23,/home/jukebox/DPUmesh/integrations/linkerd/bench/report/data/linkerd-20260810/open/raw/mpstat/load-1024-q13-grpc-tcp-r1.txt,NA,ok,0,0.893248,0.996215,0.000000,overflow+achieved
load-1024-q13-grpc-dpumesh-r1,load,grpc-dpumesh,1024,1008,1008,8,const,13,28938,28938,1,10.000,29300.000,0.4801,0.2400,0.2400,595.00,56506.00,132710.00,247419.00,318069.00,10312.56,128.76,325946.12,287773,289379,0,0,0,0,0,0.903975,0.640487,0.263488,0.849553,0.629591,0.219962,0.000000,0.000000,0.000000,0.000000,0.000000,0.000000,1.753528,1.270078,0.483450,1.605043,0.897606,0.844125,0.839485,0.765558,1.164765,0.440278,0.000000,0.000000,0.101855,2.385387,0,0.000000,0.000000,18;19,/home/jukebox/DPUmesh/integrations/linkerd/bench/report/data/linkerd-20260810/open/raw/mpstat/load-1024-q13-grpc-dpumesh-r1.txt,NA,ok,1,1.012510,0.999997,0.000000,clean
load-1024-q14-grpc-envoy-strict-r1,load,grpc-envoy-strict,1024,1008,1008,8,const,14,53589,53589,1,10.000,42825.000,0.7016,0.3508,0.3508,1047119.00,2104359.26,2104359.26,2104359.26,2104359.26,1040478.83,10368.25,2104359.26,425849,492396,0,0,0,212635,0,0.898299,0.741674,0.156625,0.802330,0.655646,0.146685,0.093477,0.036440,0.057037,0.091445,0.034466,0.056980,1.885551,1.468226,0.417327,1.840621,0.981602,0.884341,0.981447,0.859174,1.442825,0.317911,0.000000,0.079885,0.187486,NA,0,0.000000,0.000000,24;25,/home/jukebox/DPUmesh/integrations/linkerd/bench/report/data/linkerd-20260810/open/raw/mpstat/load-1024-q14-grpc-envoy-strict-r1.txt,NA,ok,0,0.799138,0.918838,0.000000,overflow+achieved+scheduler
load-1024-q14-grpc-linkerd-r1,load,grpc-linkerd,1024,1008,1008,8,const,14,17241,17241,1,10.000,4659.000,0.0763,0.0382,0.0382,6301929.75,6301929.75,6301929.75,6301929.75,6301929.75,2474010.74,96135.89,6301929.75,45641,172200,0,100692,0,33649,0,0.441113,0.361068,0.080045,0.113093,0.095459,0.017633,0.549100,0.486981,0.062119,0.243322,0.194288,0.049034,1.346628,1.137796,0.208831,1.331734,0.981409,0.353740,0.981278,0.350456,1.139391,0.143443,0.000000,0.048901,0.097802,NA,0,0.000000,0.000000,26;27,/home/jukebox/DPUmesh/integrations/linkerd/bench/report/data/linkerd-20260810/open/raw/mpstat/load-1024-q14-grpc-linkerd-r1.txt,NA,overload_shed,0,0.270228,0.998782,0.000000,fail+overflow+achieved
load-1024-q14-grpc-linkerd-opaque-r1,load,grpc-linkerd-opaque,1024,1008,1008,8,const,14,50656,50656,1,10.000,41166.000,0.6745,0.3372,0.3372,972540.00,1998746.62,1998746.62,1998746.62,1998746.62,965682.78,10493.84,1998746.62,409410,461714,0,0,0,188729,0,0.881980,0.699223,0.182757,0.777109,0.621067,0.156042,0.110208,0.026614,0.083594,0.102544,0.019528,0.083016,1.871841,1.366432,0.505409,1.823998,0.982667,0.871682,0.980521,0.843476,1.345973,0.357295,0.000000,0.120730,0.243091,NA,0,0.000000,0.000000,28;29,/home/jukebox/DPUmesh/integrations/linkerd/bench/report/data/linkerd-20260810/open/raw/mpstat/load-1024-q14-grpc-linkerd-opaque-r1.txt,NA,ok,0,0.812658,0.911470,0.000000,overflow+achieved+scheduler
load-1024-q14-grpc-tcp-r1,load,grpc-tcp,1024,1008,1008,8,const,14,34811,34811,1,10.000,26350.000,0.4317,0.2159,0.2159,4164502.99,4164502.99,4164502.99,4164502.99,4164502.99,1103973.04,1912.36,4164502.99,261440,346624,0,0,0,138555,0,0.995262,0.635411,0.359851,0.858248,0.541903,0.316345,0.000000,0.000000,0.000000,0.000000,0.000000,0.000000,1.853510,1.177314,0.676196,1.841922,0.988870,0.853975,0.989910,0.852012,1.167207,0.428468,0.000000,0.246246,0.384144,NA,0,0.000000,0.000000,22;23,/home/jukebox/DPUmesh/integrations/linkerd/bench/report/data/linkerd-20260810/open/raw/mpstat/load-1024-q14-grpc-tcp-r1.txt,NA,ok,0,0.756945,0.995731,0.000000,overflow+achieved
load-1024-q14-grpc-dpumesh-r1,load,grpc-dpumesh,1024,1008,1008,8,const,14,31694,31694,1,10.000,25889.000,0.4242,0.2121,0.2121,687555.00,1868882.96,1868882.96,1868882.96,1868882.96,723369.15,134.82,1868882.96,256911,316939,0,0,0,91138,0,0.934597,0.711964,0.222633,0.995683,0.753337,0.242346,0.000000,0.000000,0.000000,0.000000,0.000000,0.000000,1.930280,1.465301,0.464979,1.931415,0.927977,0.988931,0.942714,0.988700,1.463342,0.468072,0.000000,0.000000,0.100184,1.598016,0,0.000000,0.000000,18;19,/home/jukebox/DPUmesh/integrations/linkerd/bench/report/data/linkerd-20260810/open/raw/mpstat/load-1024-q14-grpc-dpumesh-r1.txt,NA,ok,0,0.816842,0.999997,0.000000,overflow+achieved
load-1024-q14-grpc-envoy-permissive-r1,load,grpc-envoy-permissive,1024,1008,1008,8,const,14,55637,55637,1,10.000,44711.000,0.7326,0.3663,0.3663,1027993.00,2132879.92,2132879.92,2132879.92,2132879.92,1029948.57,7854.55,2132879.92,444714,484740,0,0,0,217816,0,0.941736,0.780940,0.160796,0.830995,0.669033,0.161962,0.050315,0.008467,0.041848,0.053498,0.007511,0.045987,1.876544,1.465951,0.410593,1.836457,0.982674,0.874559,0.981836,0.854621,1.443396,0.300096,0.000000,0.092965,0.229965,NA,0,0.000000,0.000000,20;21,/home/jukebox/DPUmesh/integrations/linkerd/bench/report/data/linkerd-20260810/open/raw/mpstat/load-1024-q14-grpc-envoy-permissive-r1.txt,NA,ok,0,0.803620,0.871255,0.000000,overflow+achieved+scheduler
load-1024-q15-grpc-linkerd-opaque-r1,load,grpc-linkerd-opaque,1024,1008,1008,8,const,15,57264,57264,1,10.000,41262.000,0.6760,0.3380,0.3380,2970723.82,2970723.82,2970723.82,2970723.82,2970723.82,1435012.89,11351.14,2970723.82,410076,478079,0,0,0,263805,0,0.880862,0.698489,0.182373,0.773263,0.626371,0.146892,0.110706,0.028936,0.081769,0.104204,0.019912,0.084293,1.869035,1.373708,0.495327,1.818002,0.981551,0.869735,0.979928,0.838075,1.353311,0.342404,0.000000,0.122287,0.231530,NA,0,0.000000,0.000000,28;29,/home/jukebox/DPUmesh/integrations/linkerd/bench/report/data/linkerd-20260810/open/raw/mpstat/load-1024-q15-grpc-linkerd-opaque-r1.txt,NA,ok,0,0.720557,0.834868,0.000000,overflow+achieved+scheduler
load-1024-q15-grpc-tcp-r1,load,grpc-tcp,1024,1008,1008,8,const,15,39351,39351,1,10.000,26896.000,0.4407,0.2203,0.2203,3321046.28,3321046.28,3321046.28,3321046.28,3321046.28,1456317.95,6543.41,3321046.28,266879,358820,0,0,0,163389,0,0.995736,0.580376,0.415359,0.995305,0.591004,0.404302,0.000000,0.000000,0.000000,0.000000,0.000000,0.000000,1.991041,1.171380,0.819661,1.978568,0.988225,0.989109,0.988463,0.990105,1.164153,0.490947,0.000000,0.323467,0.463034,NA,0,0.000000,0.000000,22;23,/home/jukebox/DPUmesh/integrations/linkerd/bench/report/data/linkerd-20260810/open/raw/mpstat/load-1024-q15-grpc-tcp-r1.txt,NA,ok,0,0.683490,0.911845,0.000000,overflow+achieved+scheduler
load-1024-q15-grpc-dpumesh-r1,load,grpc-dpumesh,1024,1008,1008,8,const,15,35828,35828,1,10.000,24239.000,0.3971,0.1986,0.1986,3508050.36,3508050.36,3508050.36,3508050.36,3508050.36,1681321.35,801.29,3508050.36,240880,343596,0,0,0,171605,0,0.995411,0.738950,0.256461,0.995596,0.751914,0.243683,0.000000,0.000000,0.000000,0.000000,0.000000,0.000000,1.991007,1.490864,0.500144,1.977860,0.988150,0.988141,0.988109,0.989751,1.482164,0.495696,0.000000,0.000000,0.100124,1.388606,0,0.000000,0.000000,18;19,/home/jukebox/DPUmesh/integrations/linkerd/bench/report/data/linkerd-20260810/open/raw/mpstat/load-1024-q15-grpc-dpumesh-r1.txt,NA,ok,0,0.676538,0.959015,0.000000,overflow+achieved+scheduler
load-1024-q15-grpc-envoy-permissive-r1,load,grpc-envoy-permissive,1024,1008,1008,8,const,15,62894,62894,1,10.000,44664.000,0.7318,0.3659,0.3659,2976174.59,2976174.59,2976174.59,2976174.59,2976174.59,1497195.10,14144.73,2976174.59,443790,507756,0,0,0,292306,0,0.941393,0.767566,0.173827,0.825921,0.662169,0.163752,0.050281,0.007731,0.042550,0.053350,0.006185,0.047165,1.870945,1.443651,0.427294,1.827622,0.982020,0.872293,0.981471,0.846152,1.421665,0.321179,0.000000,0.084778,0.208685,NA,0,0.000000,0.000000,20;21,/home/jukebox/DPUmesh/integrations/linkerd/bench/report/data/linkerd-20260810/open/raw/mpstat/load-1024-q15-grpc-envoy-permissive-r1.txt,NA,ok,0,0.710147,0.807320,0.000000,overflow+achieved+scheduler
load-1024-q15-grpc-envoy-strict-r1,load,grpc-envoy-strict,1024,1008,1008,8,const,15,60579,60579,1,10.000,43044.000,0.7052,0.3526,0.3526,2987110.88,2987110.88,2987110.88,2987110.88,2987110.88,1496249.11,9635.19,2987110.88,427751,513961,0,0,0,282617,0,0.898204,0.739864,0.158340,0.803235,0.651780,0.151454,0.093752,0.037013,0.056739,0.092266,0.035692,0.056574,1.887457,1.464349,0.423107,1.845243,0.981201,0.885865,0.981304,0.863939,1.431204,0.311344,0.000000,0.102695,0.198869,NA,0,0.000000,0.000000,24;25,/home/jukebox/DPUmesh/integrations/linkerd/bench/report/data/linkerd-20260810/open/raw/mpstat/load-1024-q15-grpc-envoy-strict-r1.txt,NA,ok,0,0.710543,0.848414,0.000000,overflow+achieved+scheduler
load-8192-q1-grpc-tcp-r1,load,grpc-tcp,8192,8176,8176,8,const,1,1303,1303,1,10.000,1303.000,0.1707,0.0854,0.0854,165.00,387.00,410.00,461.00,496.00,219.58,97.21,517.86,11430,13030,0,0,0,0,0,0.067862,0.036162,0.031699,0.137254,0.021880,0.115374,0.000000,0.000000,0.000000,0.000000,0.000000,0.000000,0.205116,0.058042,0.147073,0.272846,0.067462,0.137528,0.088757,0.184089,0.138067,0.082183,0.000000,0.052597,0.101906,NA,0,0.000000,0.000000,22;23,/home/jukebox/DPUmesh/integrations/linkerd/bench/report/data/linkerd-20260810/open/raw/mpstat/load-8192-q1-grpc-tcp-r1.txt,NA,ok,1,1.000000,1.000000,0.000000,clean
load-8192-q1-grpc-dpumesh-r1,load,grpc-dpumesh,8192,8176,8176,8,const,1,1100,1100,1,10.000,1100.000,0.1441,0.0721,0.0721,264.00,471.00,534.00,890.00,2405.00,316.69,202.59,2535.92,9400,11000,0,0,0,0,0,0.054719,0.054719,0.000000,0.092060,0.065823,0.026237,0.000000,0.000000,0.000000,0.000000,0.000000,0.000000,0.146779,0.120542,0.026237,0.004925,0.054504,0.091506,0.003283,0.001642,0.003283,0.001642,0.000000,0.000000,0.029551,0.257752,0,0.000000,0.000000,18;19,/home/jukebox/DPUmesh/integrations/linkerd/bench/report/data/linkerd-20260810/open/raw/mpstat/load-8192-q1-grpc-dpumesh-r1.txt,NA,ok,1,1.000000,1.000000,0.000000,clean
load-8192-q1-grpc-envoy-permissive-r1,load,grpc-envoy-permissive,8192,8176,8176,8,const,1,1759,1759,1,10.000,1759.000,0.2305,0.1152,0.1152,200.00,462.00,500.00,557.00,588.00,224.22,142.76,626.10,15990,17590,0,0,0,0,0,0.086828,0.052710,0.034118,0.093287,0.055983,0.037304,0.055124,0.012454,0.042669,0.072656,0.000000,0.072656,0.307895,0.121147,0.186747,0.272316,0.140589,0.164205,0.143496,0.128820,0.115775,0.101099,0.000000,0.055442,0.091316,NA,0,0.000000,0.000000,20;21,/home/jukebox/DPUmesh/integrations/linkerd/bench/report/data/linkerd-20260810/open/raw/mpstat/load-8192-q1-grpc-envoy-permissive-r1.txt,NA,ok,1,1.000000,1.000000,0.000000,clean
load-8192-q1-grpc-envoy-strict-r1,load,grpc-envoy-strict,8192,8176,8176,8,const,1,1431,1431,1,10.000,1431.000,0.1875,0.0938,0.0938,225.00,517.00,556.00,632.00,666.00,270.84,167.92,775.08,12710,14310,0,0,0,0,0,0.075644,0.046922,0.028722,0.092233,0.063750,0.028483,0.056547,0.021547,0.035000,0.084475,0.027636,0.056839,0.308899,0.159855,0.149044,0.291894,0.130867,0.175277,0.141870,0.150024,0.146763,0.094580,0.000000,0.050552,0.104364,NA,0,0.000000,0.000000,24;25,/home/jukebox/DPUmesh/integrations/linkerd/bench/report/data/linkerd-20260810/open/raw/mpstat/load-8192-q1-grpc-envoy-strict-r1.txt,NA,ok,1,1.000000,1.000000,0.000000,clean
load-8192-q1-grpc-linkerd-r1,load,grpc-linkerd,8192,8176,8176,8,const,1,540,540,1,10.000,539.000,0.0707,0.0354,0.0354,873.00,1062.00,1120.00,1182.00,1206.00,881.79,451.09,1290.80,3800,5400,0,0,0,0,0,0.080471,0.050540,0.029931,0.075739,0.068259,0.007479,0.111615,0.086248,0.025367,0.145891,0.080414,0.065477,0.413716,0.285461,0.128254,0.406075,0.190660,0.219546,0.167975,0.238100,0.277240,0.084803,0.000000,0.044032,0.071756,NA,0,0.000000,0.000000,26;27,/home/jukebox/DPUmesh/integrations/linkerd/bench/report/data/linkerd-20260810/open/raw/mpstat/load-8192-q1-grpc-linkerd-r1.txt,NA,ok,1,0.998148,1.000000,0.000000,clean
load-8192-q1-grpc-linkerd-opaque-r1,load,grpc-linkerd-opaque,8192,8176,8176,8,const,1,1278,1278,1,10.000,1278.000,0.1674,0.0837,0.0837,245.00,528.00,582.00,652.00,673.00,317.48,189.33,679.37,11180,12780,0,0,0,0,0,0.069307,0.046546,0.022761,0.105289,0.075476,0.029813,0.058007,0.012397,0.045609,0.095893,0.025132,0.070761,0.328496,0.159551,0.168944,0.365392,0.126064,0.200034,0.122341,0.243051,0.203902,0.106029,0.000000,0.055461,0.107660,NA,0,0.000000,0.000000,28;29,/home/jukebox/DPUmesh/integrations/linkerd/bench/report/data/linkerd-20260810/open/raw/mpstat/load-8192-q1-grpc-linkerd-opaque-r1.txt,NA,ok,1,1.000000,1.000000,0.000000,clean
load-8192-q2-grpc-dpumesh-r1,load,grpc-dpumesh,8192,8176,8176,8,const,2,2698,2698,1,10.000,2698.000,0.3536,0.1768,0.1768,256.00,266.00,293.00,794.00,2033.00,257.40,189.33,3627.31,25380,26980,0,0,0,0,0,0.128638,0.091430,0.037208,0.107458,0.069724,0.037734,0.000000,0.000000,0.000000,0.000000,0.000000,0.000000,0.236096,0.161154,0.074942,0.234872,0.127775,0.106751,0.126469,0.108402,0.156034,0.078838,0.000000,0.000000,0.041061,0.468101,0,0.000000,0.000000,18;19,/home/jukebox/DPUmesh/integrations/linkerd/bench/report/data/linkerd-20260810/open/raw/mpstat/load-8192-q2-grpc-dpumesh-r1.txt,NA,ok,1,1.000000,1.000000,0.000000,clean
load-8192-q2-grpc-envoy-permissive-r1,load,grpc-envoy-permissive,8192,8176,8176,8,const,2,2698,2698,1,10.000,2698.000,0.3536,0.1768,0.1768,195.00,241.00,498.00,559.00,630.00,206.05,141.74,674.92,25380,26980,0,0,0,0,0,0.133278,0.083239,0.050040,0.119713,0.080509,0.039204,0.084248,0.013924,0.070324,0.092292,0.019881,0.072411,0.429531,0.197553,0.231979,0.402678,0.215212,0.209974,0.218457,0.184221,0.192373,0.143464,0.000000,0.066841,0.132052,NA,0,0.000000,0.000000,20;21,/home/jukebox/DPUmesh/integrations/linkerd/bench/report/data/linkerd-20260810/open/raw/mpstat/load-8192-q2-grpc-envoy-permissive-r1.txt,NA,ok,1,1.000000,1.000000,0.000000,clean
load-8192-q2-grpc-envoy-strict-r1,load,grpc-envoy-strict,8192,8176,8176,8,const,2,2698,2698,1,10.000,2698.000,0.3536,0.1768,0.1768,215.00,233.00,500.00,568.00,642.00,219.93,162.55,760.07,25380,26980,0,0,0,0,0,0.140443,0.098658,0.041785,0.115826,0.079301,0.036525,0.102477,0.034168,0.068309,0.112620,0.030281,0.082339,0.471366,0.242408,0.228958,0.453642,0.240513,0.226252,0.243139,0.210503,0.233348,0.143599,0.000000,0.076695,0.138704,NA,0,0.000000,0.000000,24;25,/home/jukebox/DPUmesh/integrations/linkerd/bench/report/data/linkerd-20260810/open/raw/mpstat/load-8192-q2-grpc-envoy-strict-r1.txt,NA,ok,1,1.000000,1.000000,0.000000,clean
load-8192-q2-grpc-linkerd-r1,load,grpc-linkerd,8192,8176,8176,8,const,2,1619,1619,1,10.000,1619.000,0.2121,0.1061,0.1061,448.00,870.00,884.00,919.00,1031.00,566.34,355.16,1152.67,14590,16190,0,0,0,0,0,0.137881,0.095330,0.042551,0.160275,0.123108,0.037168,0.197667,0.134162,0.063505,0.285447,0.201675,0.083772,0.781270,0.554275,0.226996,0.639209,0.332143,0.440860,0.301667,0.337541,0.435379,0.127190,0.000000,0.076640,0.117406,NA,0,0.000000,0.000000,26;27,/home/jukebox/DPUmesh/integrations/linkerd/bench/report/data/linkerd-20260810/open/raw/mpstat/load-8192-q2-grpc-linkerd-r1.txt,NA,ok,1,1.000000,1.000000,0.000000,clean
load-8192-q2-grpc-linkerd-opaque-r1,load,grpc-linkerd-opaque,8192,8176,8176,8,const,2,2698,2698,1,10.000,2698.000,0.3536,0.1768,0.1768,221.00,235.00,509.00,555.00,627.00,226.76,168.09,696.41,25380,26980,0,0,0,0,0,0.139611,0.078730,0.060881,0.122768,0.077519,0.045249,0.122783,0.031203,0.091580,0.128355,0.027986,0.100369,0.513517,0.215438,0.298079,0.490759,0.259698,0.248492,0.255977,0.234782,0.208695,0.180978,0.000000,0.101087,0.169565,NA,0,0.000000,0.000000,28;29,/home/jukebox/DPUmesh/integrations/linkerd/bench/report/data/linkerd-20260810/open/raw/mpstat/load-8192-q2-grpc-linkerd-opaque-r1.txt,NA,ok,1,1.000000,1.000000,0.000000,clean
load-8192-q2-grpc-tcp-r1,load,grpc-tcp,8192,8176,8176,8,const,2,2698,2698,1,10.000,2698.000,0.3536,0.1768,0.1768,145.00,358.00,396.00,443.00,482.00,167.38,89.93,488.81,25380,26980,0,0,0,0,0,0.140999,0.069912,0.071087,0.176773,0.097180,0.079594,0.000000,0.000000,0.000000,0.000000,0.000000,0.000000,0.317772,0.167092,0.150681,0.279223,0.140087,0.175532,0.137969,0.141254,0.144539,0.085409,0.000000,0.049275,0.106762,NA,0,0.000000,0.000000,22;23,/home/jukebox/DPUmesh/integrations/linkerd/bench/report/data/linkerd-20260810/open/raw/mpstat/load-8192-q2-grpc-tcp-r1.txt,NA,ok,1,1.000000,1.000000,0.000000,clean
load-8192-q3-grpc-envoy-permissive-r1,load,grpc-envoy-permissive,8192,8176,8176,8,const,3,5276,5276,1,10.000,5276.000,0.6915,0.3457,0.3457,194.00,205.00,221.00,259.00,570.00,195.35,145.02,600.55,51159,52760,0,0,0,0,0,0.258712,0.152135,0.106577,0.206749,0.142981,0.063768,0.164122,0.031848,0.132274,0.160511,0.033807,0.126704,0.790094,0.360771,0.429323,0.774715,0.418484,0.363461,0.425685,0.349029,0.353922,0.293576,0.000000,0.127216,0.236492,NA,0,0.000000,0.000000,20;21,/home/jukebox/DPUmesh/integrations/linkerd/bench/report/data/linkerd-20260810/open/raw/mpstat/load-8192-q3-grpc-envoy-permissive-r1.txt,NA,ok,1,1.000000,1.000000,0.000000,clean
load-8192-q3-grpc-envoy-strict-r1,load,grpc-envoy-strict,8192,8176,8176,8,const,3,4292,4292,1,10.000,4292.000,0.5625,0.2813,0.2813,214.00,224.00,240.00,291.00,546.00,215.25,160.63,796.92,41320,42920,0,0,0,0,0,0.220049,0.139257,0.080792,0.173881,0.114813,0.059068,0.154852,0.065252,0.089600,0.176595,0.055583,0.121012,0.725377,0.374905,0.350472,0.710636,0.371009,0.346836,0.373247,0.337389,0.368357,0.228186,0.000000,0.114093,0.205367,NA,0,0.000000,0.000000,24;25,/home/jukebox/DPUmesh/integrations/linkerd/bench/report/data/linkerd-20260810/open/raw/mpstat/load-8192-q3-grpc-envoy-strict-r1.txt,NA,ok,1,1.000000,1.000000,0.000000,clean
load-8192-q3-grpc-linkerd-r1,load,grpc-linkerd,8192,8176,8176,8,const,3,2698,2698,1,10.000,2697.000,0.3536,0.1768,0.1768,398.00,815.00,1054.00,1138.00,1218.00,454.58,356.11,1232.02,25378,26980,0,0,0,0,0,0.226905,0.155284,0.071621,0.185016,0.136159,0.048857,0.330754,0.228192,0.102562,0.316408,0.193087,0.123320,1.059083,0.712722,0.346360,1.012225,0.551795,0.496270,0.516708,0.495518,0.673187,0.226569,0.000000,0.112469,0.184189,NA,0,0.000000,0.000000,26;27,/home/jukebox/DPUmesh/integrations/linkerd/bench/report/data/linkerd-20260810/open/raw/mpstat/load-8192-q3-grpc-linkerd-r1.txt,NA,ok,1,0.999629,1.000000,0.000000,clean
load-8192-q3-grpc-linkerd-opaque-r1,load,grpc-linkerd-opaque,8192,8176,8176,8,const,3,3835,3835,1,10.000,3835.000,0.5026,0.2513,0.2513,221.00,228.00,234.00,281.00,432.00,221.26,168.85,709.43,36750,38350,0,0,0,0,0,0.201219,0.113273,0.087946,0.163207,0.108557,0.054650,0.175955,0.051923,0.124032,0.174350,0.036691,0.137659,0.714731,0.310444,0.404287,0.691306,0.373267,0.334065,0.368479,0.322827,0.300001,0.278805,0.000000,0.112500,0.200544,NA,0,0.000000,0.000000,28;29,/home/jukebox/DPUmesh/integrations/linkerd/bench/report/data/linkerd-20260810/open/raw/mpstat/load-8192-q3-grpc-linkerd-opaque-r1.txt,NA,ok,1,1.000000,1.000000,0.000000,clean
load-8192-q3-grpc-tcp-r1,load,grpc-tcp,8192,8176,8176,8,const,3,3908,3908,1,10.000,3908.000,0.5122,0.2561,0.2561,140.00,146.00,149.00,170.00,370.00,141.19,86.10,558.37,37480,39080,0,0,0,0,0,0.203227,0.116883,0.086344,0.182595,0.087556,0.095039,0.000000,0.000000,0.000000,0.000000,0.000000,0.000000,0.385822,0.204439,0.181383,0.364440,0.201860,0.181329,0.188786,0.175653,0.192070,0.098497,0.000000,0.073873,0.114913,NA,0,0.000000,0.000000,22;23,/home/jukebox/DPUmesh/integrations/linkerd/bench/report/data/linkerd-20260810/open/raw/mpstat/load-8192-q3-grpc-tcp-r1.txt,NA,ok,1,1.000000,1.000000,0.000000,clean
load-8192-q3-grpc-dpumesh-r1,load,grpc-dpumesh,8192,8176,8176,8,const,3,3301,3301,1,10.000,3301.000,0.4326,0.2163,0.2163,255.00,265.00,282.00,748.00,2003.00,256.64,177.28,3683.81,31410,33010,0,0,0,0,0,0.157122,0.094310,0.062812,0.131193,0.079845,0.051349,0.000000,0.000000,0.000000,0.000000,0.000000,0.000000,0.288315,0.174155,0.114161,0.266001,0.156044,0.130286,0.146136,0.119865,0.159272,0.106729,0.000000,0.000000,0.055827,0.568126,0,0.000000,0.000000,18;19,/home/jukebox/DPUmesh/integrations/linkerd/bench/report/data/linkerd-20260810/open/raw/mpstat/load-8192-q3-grpc-dpumesh-r1.txt,NA,ok,1,1.000000,1.000000,0.000000,clean
load-8192-q4-grpc-envoy-strict-r1,load,grpc-envoy-strict,8192,8176,8176,8,const,4,5395,5395,1,10.000,5395.000,0.7071,0.3535,0.3535,213.00,226.00,249.00,320.00,609.00,215.10,161.87,852.79,52349,53950,0,0,0,0,0,0.277214,0.173824,0.103390,0.217482,0.143820,0.073661,0.200168,0.073562,0.126606,0.213330,0.056614,0.156716,0.908194,0.447820,0.460373,0.874027,0.472627,0.426483,0.466365,0.407662,0.433752,0.304931,0.000000,0.135344,0.260904,NA,0,0.000000,0.000000,24;25,/home/jukebox/DPUmesh/integrations/linkerd/bench/report/data/linkerd-20260810/open/raw/mpstat/load-8192-q4-grpc-envoy-strict-r1.txt,NA,ok,1,1.000000,1.000000,0.000000,clean
load-8192-q4-grpc-linkerd-r1,load,grpc-linkerd,8192,8176,8176,8,const,4,3237,3237,1,10.000,3236.000,0.4242,0.2121,0.2121,550.00,996.00,1227.00,1307.00,1324.00,558.54,310.09,1371.53,30768,32370,0,0,0,0,0,0.254617,0.176943,0.077674,0.214759,0.152251,0.062508,0.390784,0.259325,0.131458,0.367748,0.242615,0.125133,1.227908,0.831134,0.396773,1.162507,0.638699,0.576235,0.629352,0.533155,0.776092,0.247828,0.000000,0.138588,0.208697,NA,0,0.000000,0.000000,26;27,/home/jukebox/DPUmesh/integrations/linkerd/bench/report/data/linkerd-20260810/open/raw/mpstat/load-8192-q4-grpc-linkerd-r1.txt,NA,ok,1,0.999691,1.000000,0.000000,clean
load-8192-q4-grpc-linkerd-opaque-r1,load,grpc-linkerd-opaque,8192,8176,8176,8,const,4,5395,5395,1,10.000,5395.000,0.7071,0.3535,0.3535,219.00,228.00,246.00,288.00,358.00,220.33,190.48,557.52,52349,53950,0,0,0,0,0,0.271107,0.161911,0.109196,0.229270,0.150352,0.078919,0.247300,0.061708,0.185592,0.245209,0.058132,0.187077,0.992886,0.432103,0.560784,0.953702,0.513043,0.469566,0.498859,0.454842,0.418977,0.350506,0.000000,0.184219,0.291816,NA,0,0.000000,0.000000,28;29,/home/jukebox/DPUmesh/integrations/linkerd/bench/report/data/linkerd-20260810/open/raw/mpstat/load-8192-q4-grpc-linkerd-opaque-r1.txt,NA,ok,1,1.000000,1.000000,0.000000,clean
load-8192-q4-grpc-tcp-r1,load,grpc-tcp,8192,8176,8176,8,const,4,5395,5395,1,10.000,5395.000,0.7071,0.3535,0.3535,141.00,146.00,149.00,168.00,191.00,141.38,89.45,235.57,52350,53950,0,0,0,0,0,0.282139,0.139405,0.142734,0.251322,0.118323,0.132998,0.000000,0.000000,0.000000,0.000000,0.000000,0.000000,0.533461,0.257728,0.275732,0.504162,0.280240,0.249612,0.266040,0.238122,0.243049,0.156011,0.000000,0.105102,0.180644,NA,0,0.000000,0.000000,22;23,/home/jukebox/DPUmesh/integrations/linkerd/bench/report/data/linkerd-20260810/open/raw/mpstat/load-8192-q4-grpc-tcp-r1.txt,NA,ok,1,1.000000,1.000000,0.000000,clean
load-8192-q4-grpc-dpumesh-r1,load,grpc-dpumesh,8192,8176,8176,8,const,4,5395,5395,1,10.000,5395.000,0.7071,0.3535,0.3535,271.00,278.00,292.00,724.00,9590.00,271.57,149.36,17063.48,52349,53950,0,0,0,0,0,0.251648,0.149150,0.102497,0.212855,0.130326,0.082529,0.000000,0.000000,0.000000,0.000000,0.000000,0.000000,0.464503,0.279476,0.185026,0.454818,0.249993,0.211396,0.244649,0.210168,0.272562,0.182255,0.000000,0.000000,0.062394,0.840674,0,0.000000,0.000000,18;19,/home/jukebox/DPUmesh/integrations/linkerd/bench/report/data/linkerd-20260810/open/raw/mpstat/load-8192-q4-grpc-dpumesh-r1.txt,NA,ok,1,1.000000,1.000000,0.000000,clean
load-8192-q4-grpc-envoy-permissive-r1,load,grpc-envoy-permissive,8192,8176,8176,8,const,4,5395,5395,1,10.000,5395.000,0.7071,0.3535,0.3535,193.00,202.00,224.00,260.00,550.00,194.54,151.32,813.30,52349,53950,0,0,0,0,0,0.264252,0.173985,0.090267,0.211224,0.141593,0.069631,0.165987,0.052652,0.113335,0.162342,0.032335,0.130007,0.803805,0.400565,0.403240,0.779318,0.425816,0.369645,0.422266,0.357051,0.388028,0.267381,0.000000,0.123908,0.236404,NA,0,0.000000,0.000000,20;21,/home/jukebox/DPUmesh/integrations/linkerd/bench/report/data/linkerd-20260810/open/raw/mpstat/load-8192-q4-grpc-envoy-permissive-r1.txt,NA,ok,1,1.000000,1.000000,0.000000,clean
load-8192-q5-grpc-linkerd-r1,load,grpc-linkerd,8192,8176,8176,8,const,5,5395,5395,1,10.000,5395.000,0.7071,0.3535,0.3535,852.00,1459.00,1923.00,2421.00,2673.00,917.38,589.22,2921.96,52346,53950,0,0,0,0,0,0.394552,0.275075,0.119477,0.291673,0.208667,0.083006,0.578456,0.410602,0.167854,0.483082,0.326860,0.156222,1.747763,1.221204,0.526559,1.726436,0.962978,0.766680,0.971630,0.754806,1.203125,0.350504,0.000000,0.172807,0.236386,NA,0,0.000000,0.000000,26;27,/home/jukebox/DPUmesh/integrations/linkerd/bench/report/data/linkerd-20260810/open/raw/mpstat/load-8192-q5-grpc-linkerd-r1.txt,NA,ok,1,1.000000,1.000000,0.000000,clean
load-8192-q5-grpc-linkerd-opaque-r1,load,grpc-linkerd-opaque,8192,8176,8176,8,const,5,7670,7670,1,10.000,7670.000,1.0053,0.5026,0.5026,272.00,279.00,284.00,319.00,444.00,260.99,171.13,681.80,75099,76700,0,0,0,0,0,0.387092,0.236695,0.150397,0.324022,0.204383,0.119640,0.350133,0.076094,0.274039,0.332225,0.086556,0.245669,1.393472,0.603728,0.789745,1.362983,0.729697,0.649464,0.723881,0.639102,0.601604,0.505412,0.000000,0.255967,0.370092,NA,0,0.000000,0.000000,28;29,/home/jukebox/DPUmesh/integrations/linkerd/bench/report/data/linkerd-20260810/open/raw/mpstat/load-8192-q5-grpc-linkerd-opaque-r1.txt,NA,ok,1,1.000000,1.000000,0.000000,clean
load-8192-q5-grpc-tcp-r1,load,grpc-tcp,8192,8176,8176,8,const,5,7816,7816,1,10.000,7816.000,1.0244,0.5122,0.5122,140.00,145.00,149.00,168.00,191.00,141.04,96.38,217.37,76559,78160,0,0,0,0,0,0.406555,0.227470,0.179086,0.362710,0.176032,0.186678,0.000000,0.000000,0.000000,0.000000,0.000000,0.000000,0.769265,0.403502,0.365764,0.725707,0.403820,0.360239,0.374347,0.351360,0.379272,0.197025,0.000000,0.149410,0.234788,NA,0,0.000000,0.000000,22;23,/home/jukebox/DPUmesh/integrations/linkerd/bench/report/data/linkerd-20260810/open/raw/mpstat/load-8192-q5-grpc-tcp-r1.txt,NA,ok,1,1.000000,1.000000,0.000000,clean
load-8192-q5-grpc-dpumesh-r1,load,grpc-dpumesh,8192,8176,8176,8,const,5,6602,6602,1,10.000,6602.000,0.8653,0.4326,0.4326,246.00,266.00,284.00,548.00,1772.00,251.68,159.16,2302.28,64419,66020,0,0,0,0,0,0.314491,0.203389,0.111102,0.262477,0.158497,0.103980,0.000000,0.000000,0.000000,0.000000,0.000000,0.000000,0.576968,0.361886,0.215082,0.561508,0.312322,0.260666,0.310307,0.251201,0.352995,0.208513,0.000000,0.000000,0.065673,0.937489,0,0.000000,0.000000,18;19,/home/jukebox/DPUmesh/integrations/linkerd/bench/report/data/linkerd-20260810/open/raw/mpstat/load-8192-q5-grpc-dpumesh-r1.txt,NA,ok,1,1.000000,1.000000,0.000000,clean
load-8192-q5-grpc-envoy-permissive-r1,load,grpc-envoy-permissive,8192,8176,8176,8,const,5,8093,8093,1,10.000,8092.000,1.0607,0.5303,0.5303,214.00,256.00,264.00,321.00,761.00,223.18,144.83,1126.97,79328,80930,0,0,0,0,0,0.383811,0.219626,0.164185,0.318276,0.215142,0.103134,0.253789,0.047962,0.205827,0.242906,0.053134,0.189772,1.198782,0.535864,0.662918,1.159266,0.631012,0.555376,0.632623,0.526643,0.521751,0.427184,0.000000,0.210331,0.342399,NA,0,0.000000,0.000000,20;21,/home/jukebox/DPUmesh/integrations/linkerd/bench/report/data/linkerd-20260810/open/raw/mpstat/load-8192-q5-grpc-envoy-permissive-r1.txt,NA,ok,1,0.999876,1.000000,0.000000,clean
load-8192-q5-grpc-envoy-strict-r1,load,grpc-envoy-strict,8192,8176,8176,8,const,5,8093,8093,1,10.000,8093.000,1.0607,0.5304,0.5304,258.00,267.00,285.00,338.00,818.00,241.07,164.50,1108.54,79329,80930,0,0,0,0,0,0.411621,0.253851,0.157770,0.324982,0.215237,0.109745,0.314125,0.111594,0.202531,0.299480,0.112773,0.186707,1.350208,0.693455,0.656753,1.311244,0.718398,0.618116,0.709442,0.601802,0.684978,0.445236,0.000000,0.181030,0.285408,NA,0,0.000000,0.000000,24;25,/home/jukebox/DPUmesh/integrations/linkerd/bench/report/data/linkerd-20260810/open/raw/mpstat/load-8192-q5-grpc-envoy-strict-r1.txt,NA,ok,1,1.000000,1.000000,0.000000,clean
load-8192-q6-grpc-linkerd-opaque-r1,load,grpc-linkerd-opaque,8192,8176,8176,8,const,6,8093,8093,1,10.000,8092.000,1.0607,0.5303,0.5303,268.00,277.00,284.00,330.00,507.00,265.07,186.95,741.99,79328,80930,0,0,0,0,0,0.415947,0.237447,0.178500,0.341382,0.212293,0.129088,0.367284,0.070586,0.296697,0.345308,0.093875,0.251434,1.469921,0.614201,0.855719,1.456824,0.775265,0.679658,0.771644,0.685181,0.608506,0.567721,0.000000,0.280598,0.399689,NA,0,0.000000,0.000000,28;29,/home/jukebox/DPUmesh/integrations/linkerd/bench/report/data/linkerd-20260810/open/raw/mpstat/load-8192-q6-grpc-linkerd-opaque-r1.txt,NA,ok,1,0.999876,1.000000,0.000000,clean
load-8192-q6-grpc-tcp-r1,load,grpc-tcp,8192,8176,8176,8,const,6,8093,8093,1,10.000,8093.000,1.0607,0.5304,0.5304,140.00,145.00,149.00,166.00,185.00,141.16,103.68,224.44,79329,80930,0,0,0,0,0,0.419000,0.225174,0.193827,0.376890,0.181467,0.195423,0.000000,0.000000,0.000000,0.000000,0.000000,0.000000,0.795890,0.406641,0.389250,0.756987,0.416148,0.374351,0.399019,0.357968,0.385883,0.221677,0.000000,0.149427,0.221677,NA,0,0.000000,0.000000,22;23,/home/jukebox/DPUmesh/integrations/linkerd/bench/report/data/linkerd-20260810/open/raw/mpstat/load-8192-q6-grpc-tcp-r1.txt,NA,ok,1,1.000000,1.000000,0.000000,clean
load-8192-q6-grpc-dpumesh-r1,load,grpc-dpumesh,8192,8176,8176,8,const,6,8093,8093,1,10.000,8092.000,1.0607,0.5303,0.5303,249.00,275.00,288.00,776.00,1745.00,250.57,167.29,2770.41,79328,80930,0,0,0,0,0,0.362331,0.239304,0.123027,0.328776,0.200800,0.127977,0.000000,0.000000,0.000000,0.000000,0.000000,0.000000,0.691107,0.440104,0.251004,0.669233,0.360123,0.326794,0.343660,0.325573,0.425875,0.243357,0.000000,0.000000,0.092081,1.114840,0,0.000000,0.000000,18;19,/home/jukebox/DPUmesh/integrations/linkerd/bench/report/data/linkerd-20260810/open/raw/mpstat/load-8192-q6-grpc-dpumesh-r1.txt,NA,ok,1,0.999876,1.000000,0.000000,clean
load-8192-q6-grpc-envoy-permissive-r1,load,grpc-envoy-permissive,8192,8176,8176,8,const,6,9711,9711,1,10.000,9710.000,1.2728,0.6364,0.6364,229.00,242.00,269.00,404.00,743.00,220.32,160.80,1029.64,95508,97110,0,0,0,0,0,0.449450,0.267398,0.182053,0.377203,0.240522,0.136680,0.301724,0.059984,0.241740,0.287268,0.056568,0.230699,1.415645,0.624472,0.791172,1.387756,0.743542,0.657678,0.730570,0.657186,0.613157,0.539773,0.000000,0.234826,0.368546,NA,0,0.000000,0.000000,20;21,/home/jukebox/DPUmesh/integrations/linkerd/bench/report/data/linkerd-20260810/open/raw/mpstat/load-8192-q6-grpc-envoy-permissive-r1.txt,NA,ok,1,0.999897,1.000000,0.000000,clean
load-8192-q6-grpc-envoy-strict-r1,load,grpc-envoy-strict,8192,8176,8176,8,const,6,8584,8584,1,10.000,8583.000,1.1251,0.5625,0.5625,255.00,267.00,291.00,404.00,784.00,245.38,186.34,1155.18,84238,85840,0,0,0,0,0,0.444262,0.273065,0.171198,0.343398,0.227582,0.115816,0.333976,0.110498,0.223478,0.315673,0.112876,0.202797,1.437309,0.724021,0.713289,1.405408,0.770236,0.652279,0.764659,0.640748,0.697813,0.479339,0.000000,0.228256,0.401079,NA,0,0.000000,0.000000,24;25,/home/jukebox/DPUmesh/integrations/linkerd/bench/report/data/linkerd-20260810/open/raw/mpstat/load-8192-q6-grpc-envoy-strict-r1.txt,NA,ok,1,0.999884,1.000000,0.000000,clean
load-8192-q6-grpc-linkerd-r1,load,grpc-linkerd,8192,8176,8176,8,const,6,7553,7553,1,10.000,7552.000,0.9899,0.4949,0.4949,2568.00,3304.00,3594.00,4126.00,4929.00,2590.08,1491.43,5681.87,73908,75527,0,0,0,0,0,0.387329,0.249521,0.137809,0.253266,0.190499,0.062767,0.603452,0.425011,0.178441,0.489573,0.381219,0.108354,1.733620,1.246250,0.487371,1.718231,0.980564,0.735323,0.979750,0.738481,1.238952,0.321149,0.000000,0.158129,0.211926,NA,0,0.000000,0.000000,26;27,/home/jukebox/DPUmesh/integrations/linkerd/bench/report/data/linkerd-20260810/open/raw/mpstat/load-8192-q6-grpc-linkerd-r1.txt,NA,ok,1,0.999868,0.999960,0.000000,clean
load-8192-q7-grpc-tcp-r1,load,grpc-tcp,8192,8176,8176,8,const,7,9711,9711,1,10.000,9711.000,1.2728,0.6364,0.6364,141.00,146.00,153.00,6625.00,14219.00,155.12,79.76,15861.28,95509,97110,0,0,0,0,0,0.508516,0.269563,0.238953,0.454486,0.221666,0.232820,0.000000,0.000000,0.000000,0.000000,0.000000,0.000000,0.963002,0.491229,0.471773,0.916334,0.505040,0.451413,0.487726,0.428608,0.468020,0.266032,0.000000,0.182282,0.289023,NA,0,0.000000,0.000000,22;23,/home/jukebox/DPUmesh/integrations/linkerd/bench/report/data/linkerd-20260810/open/raw/mpstat/load-8192-q7-grpc-tcp-r1.txt,NA,ok,1,1.000000,1.000000,0.000000,clean
load-8192-q7-grpc-dpumesh-r1,load,grpc-dpumesh,8192,8176,8176,8,const,7,9711,9711,1,10.000,9710.000,1.2728,0.6364,0.6364,240.00,281.00,301.00,717.00,9556.00,246.19,157.92,16508.05,95508,97110,0,0,0,0,0,0.423350,0.273321,0.150030,0.372319,0.225591,0.146728,0.000000,0.000000,0.000000,0.000000,0.000000,0.000000,0.795669,0.498912,0.296758,0.732459,0.420465,0.369776,0.389221,0.343237,0.458197,0.274261,0.000000,0.000000,0.072261,1.210363,0,0.000000,0.000000,18;19,/home/jukebox/DPUmesh/integrations/linkerd/bench/report/data/linkerd-20260810/open/raw/mpstat/load-8192-q7-grpc-dpumesh-r1.txt,NA,ok,1,0.999897,1.000000,0.000000,clean
load-8192-q7-grpc-envoy-permissive-r1,load,grpc-envoy-permissive,8192,8176,8176,8,const,7,10551,10551,1,10.000,10551.000,1.3829,0.6914,0.6914,221.00,234.00,264.00,398.00,803.00,223.28,167.95,1089.48,103908,105510,0,0,0,0,0,0.493309,0.295541,0.197768,0.412106,0.261825,0.150281,0.321145,0.053911,0.267234,0.313439,0.058172,0.255267,1.539999,0.669449,0.870550,1.495445,0.806166,0.718137,0.794201,0.701245,0.668629,0.554473,0.000000,0.272344,0.430532,NA,0,0.000000,0.000000,20;21,/home/jukebox/DPUmesh/integrations/linkerd/bench/report/data/linkerd-20260810/open/raw/mpstat/load-8192-q7-grpc-envoy-permissive-r1.txt,NA,ok,1,1.000000,1.000000,0.000000,clean
load-8192-q7-grpc-envoy-strict-r1,load,grpc-envoy-strict,8192,8176,8176,8,const,7,9711,9711,1,10.000,9711.000,1.2728,0.6364,0.6364,239.00,253.00,284.00,503.00,916.00,241.58,182.68,1273.95,95508,97110,0,0,0,0,0,0.477086,0.296041,0.181045,0.390529,0.245728,0.144801,0.365217,0.129578,0.235639,0.354561,0.128822,0.225739,1.587393,0.800169,0.787224,1.545775,0.834671,0.738106,0.820274,0.725501,0.777790,0.526152,0.000000,0.241834,0.357849,NA,0,0.000000,0.000000,24;25,/home/jukebox/DPUmesh/integrations/linkerd/bench/report/data/linkerd-20260810/open/raw/mpstat/load-8192-q7-grpc-envoy-strict-r1.txt,NA,ok,1,1.000000,1.000000,0.000000,clean
load-8192-q7-grpc-linkerd-r1,load,grpc-linkerd,8192,8176,8176,8,const,7,8093,8093,1,10.000,8092.000,1.0607,0.5303,0.5303,2974.00,3681.00,4060.00,4452.00,4890.00,2990.43,1709.24,5340.07,79308,80929,0,0,0,0,0,0.379326,0.255199,0.124127,0.255403,0.199271,0.056132,0.612689,0.470680,0.142008,0.502423,0.368510,0.133913,1.749841,1.293660,0.456180,1.687511,0.981819,0.749992,0.981528,0.705983,1.248921,0.296741,0.000000,0.141849,0.195653,NA,0,0.000000,0.000000,26;27,/home/jukebox/DPUmesh/integrations/linkerd/bench/report/data/linkerd-20260810/open/raw/mpstat/load-8192-q7-grpc-linkerd-r1.txt,NA,ok,1,0.999876,0.999988,0.000000,clean
load-8192-q7-grpc-linkerd-opaque-r1,load,grpc-linkerd-opaque,8192,8176,8176,8,const,7,9711,9711,1,10.000,9711.000,1.2728,0.6364,0.6364,244.00,251.00,279.00,382.00,728.00,245.44,193.24,1066.12,95508,97110,0,0,0,0,0,0.470496,0.294526,0.175970,0.407271,0.256554,0.150716,0.418533,0.093112,0.325421,0.408703,0.084259,0.324444,1.705003,0.728451,0.976551,1.687400,0.879861,0.807579,0.872231,0.815169,0.741804,0.640723,0.000000,0.304873,0.430409,NA,0,0.000000,0.000000,28;29,/home/jukebox/DPUmesh/integrations/linkerd/bench/report/data/linkerd-20260810/open/raw/mpstat/load-8192-q7-grpc-linkerd-opaque-r1.txt,NA,ok,1,1.000000,1.000000,0.000000,clean
load-8192-q8-grpc-dpumesh-r1,load,grpc-dpumesh,8192,8176,8176,8,const,8,11003,11003,1,10.000,11003.000,1.4421,0.7211,0.7211,251.00,270.00,296.00,1762.00,7105.00,251.89,170.16,9395.60,108428,110030,0,0,0,0,0,0.476456,0.303811,0.172645,0.403334,0.257557,0.145777,0.000000,0.000000,0.000000,0.000000,0.000000,0.000000,0.879790,0.561368,0.318422,0.843993,0.473298,0.400587,0.453195,0.390798,0.540221,0.303772,0.000000,0.000000,0.070606,1.303756,0,0.000000,0.000000,18;19,/home/jukebox/DPUmesh/integrations/linkerd/bench/report/data/linkerd-20260810/open/raw/mpstat/load-8192-q8-grpc-dpumesh-r1.txt,NA,ok,1,1.000000,1.000000,0.000000,clean
load-8192-q8-grpc-envoy-permissive-r1,load,grpc-envoy-permissive,8192,8176,8176,8,const,8,17586,17586,1,10.000,17585.000,2.3050,1.1525,1.1525,1397.00,1722.00,1809.00,2070.00,2422.00,1379.43,464.63,2849.80,174235,175856,0,0,0,0,0,0.633734,0.422678,0.211056,0.566251,0.360018,0.206233,0.358073,0.070485,0.287588,0.367335,0.078762,0.288574,1.925393,0.931943,0.993451,1.902300,0.981584,0.923798,0.979677,0.922624,0.922624,0.668332,0.000000,0.311345,0.485763,NA,0,0.000000,0.000000,20;21,/home/jukebox/DPUmesh/integrations/linkerd/bench/report/data/linkerd-20260810/open/raw/mpstat/load-8192-q8-grpc-envoy-permissive-r1.txt,NA,ok,1,0.999943,0.999977,0.000000,clean
load-8192-q8-grpc-envoy-strict-r1,load,grpc-envoy-strict,8192,8176,8176,8,const,8,14307,14307,1,10.000,14307.000,1.8752,0.9376,0.9376,1409.00,1726.00,1839.00,2065.00,2408.00,1409.34,530.77,3116.71,141451,143067,0,0,0,0,0,0.580164,0.369181,0.210984,0.504659,0.333035,0.171624,0.411742,0.134056,0.277686,0.485385,0.155747,0.329637,1.981950,0.992019,0.989931,1.962641,0.981700,0.979746,0.981321,0.981321,0.992731,0.647150,0.000000,0.322760,0.489030,NA,0,0.000000,0.000000,24;25,/home/jukebox/DPUmesh/integrations/linkerd/bench/report/data/linkerd-20260810/open/raw/mpstat/load-8192-q8-grpc-envoy-strict-r1.txt,NA,ok,1,1.000000,0.999979,0.000000,clean
load-8192-q8-grpc-linkerd-r1,load,grpc-linkerd,8192,8176,8176,8,const,8,9172,9172,1,10.000,9172.000,1.2022,0.6011,0.6011,3983.00,4901.00,5477.00,6068.00,6605.00,4005.23,2468.08,7393.19,90091,91707,0,0,0,0,0,0.362320,0.245591,0.116730,0.256308,0.192713,0.063595,0.629779,0.491731,0.138047,0.533869,0.395655,0.138214,1.782276,1.325690,0.456586,1.785150,0.981795,0.781913,0.983055,0.802095,1.333564,0.330946,0.000000,0.120640,0.164658,NA,0,0.000000,0.000000,26;27,/home/jukebox/DPUmesh/integrations/linkerd/bench/report/data/linkerd-20260810/open/raw/mpstat/load-8192-q8-grpc-linkerd-r1.txt,NA,ok,1,1.000000,0.999858,0.000000,clean
load-8192-q8-grpc-linkerd-opaque-r1,load,grpc-linkerd-opaque,8192,8176,8176,8,const,8,12784,12784,1,10.000,12784.000,1.6756,0.8378,0.8378,1234.00,1544.00,1653.00,1803.00,2073.00,1198.51,413.43,2367.11,126228,127836,0,0,0,0,0,0.524837,0.310272,0.214565,0.500227,0.298665,0.201562,0.466906,0.083786,0.383120,0.448643,0.102579,0.346063,1.940613,0.795302,1.145310,1.910484,0.981567,0.938844,0.979693,0.930790,0.771040,0.738438,0.000000,0.401006,0.596619,NA,0,0.000000,0.000000,28;29,/home/jukebox/DPUmesh/integrations/linkerd/bench/report/data/linkerd-20260810/open/raw/mpstat/load-8192-q8-grpc-linkerd-opaque-r1.txt,NA,ok,1,1.000000,0.999969,0.000000,clean
load-8192-q8-grpc-tcp-r1,load,grpc-tcp,8192,8176,8176,8,const,8,13026,13026,1,10.000,13010.000,1.7052,0.8526,0.8526,168.00,11228.00,15006.00,16636.00,18145.00,1766.45,94.45,20131.26,128480,130260,0,0,0,0,0,0.650955,0.344228,0.306726,0.755771,0.412569,0.343202,0.000000,0.000000,0.000000,0.000000,0.000000,0.000000,1.406726,0.756797,0.649928,1.367480,0.645991,0.751811,0.635312,0.732168,0.735452,0.423541,0.000000,0.208487,0.346385,NA,0,0.000000,0.000000,22;23,/home/jukebox/DPUmesh/integrations/linkerd/bench/report/data/linkerd-20260810/open/raw/mpstat/load-8192-q8-grpc-tcp-r1.txt,NA,ok,1,0.998772,1.000000,0.000000,clean
load-8192-q9-grpc-envoy-permissive-r1,load,grpc-envoy-permissive,8192,8176,8176,8,const,9,24620,24620,1,10.000,24622.000,3.2273,1.6137,1.6137,2021.00,2510.00,2717.00,3215.00,3732.00,2008.21,592.19,4472.33,244559,246186,0,0,0,0,0,0.717250,0.488266,0.228983,0.629881,0.470193,0.159687,0.274841,0.051468,0.223374,0.302676,0.053652,0.249024,1.924648,1.063579,0.861068,1.894936,0.981978,0.923044,0.981714,0.913222,1.046944,0.619686,0.000000,0.228305,0.396273,NA,0,0.000000,0.000000,20;21,/home/jukebox/DPUmesh/integrations/linkerd/bench/report/data/linkerd-20260810/open/raw/mpstat/load-8192-q9-grpc-envoy-permissive-r1.txt,NA,ok,1,1.000081,0.999943,0.000000,clean
load-8192-q9-grpc-envoy-strict-r1,load,grpc-envoy-strict,8192,8176,8176,8,const,9,20029,20029,1,10.000,20028.000,2.6252,1.3126,1.3126,2351.00,2899.00,3021.00,3406.00,3944.00,2329.74,738.29,5097.41,198648,200289,0,0,0,0,0,0.602803,0.441449,0.161354,0.552777,0.412576,0.140201,0.389082,0.158278,0.230803,0.427935,0.155897,0.272037,1.972597,1.168200,0.804395,1.951115,0.981641,0.970521,0.981263,0.969853,1.152413,0.554201,0.000000,0.244501,0.420541,NA,0,0.000000,0.000000,24;25,/home/jukebox/DPUmesh/integrations/linkerd/bench/report/data/linkerd-20260810/open/raw/mpstat/load-8192-q9-grpc-envoy-strict-r1.txt,NA,ok,1,0.999950,0.999995,0.000000,clean
load-8192-q9-grpc-linkerd-r1,load,grpc-linkerd,8192,8176,8176,8,const,9,9711,9711,1,10.000,9711.000,1.2728,0.6364,0.6364,4815.00,5851.00,6583.00,7663.00,8535.00,4832.31,2855.10,9481.57,95471,97095,0,0,0,0,0,0.352001,0.245988,0.106014,0.254533,0.202431,0.052102,0.640058,0.473239,0.166819,0.538836,0.425829,0.113007,1.785428,1.347487,0.437942,1.833944,0.981744,0.784990,0.982994,0.850950,1.384016,0.324404,0.000000,0.125523,0.167908,NA,0,0.000000,0.000000,26;27,/home/jukebox/DPUmesh/integrations/linkerd/bench/report/data/linkerd-20260810/open/raw/mpstat/load-8192-q9-grpc-linkerd-r1.txt,NA,ok,1,1.000000,0.999846,0.000000,clean
load-8192-q9-grpc-linkerd-opaque-r1,load,grpc-linkerd-opaque,8192,8176,8176,8,const,9,17898,17898,1,10.000,17899.000,2.3460,1.1730,1.1730,2254.00,2801.00,2894.00,3081.00,3594.00,2202.45,721.09,4587.88,177348,178966,0,0,0,0,0,0.569740,0.387861,0.181879,0.509428,0.351096,0.158332,0.422250,0.103132,0.319118,0.451938,0.101085,0.350853,1.953356,0.943174,1.010182,1.940245,0.981771,0.951519,0.979905,0.960340,0.935883,0.670118,0.000000,0.334244,0.516855,NA,0,0.000000,0.000000,28;29,/home/jukebox/DPUmesh/integrations/linkerd/bench/report/data/linkerd-20260810/open/raw/mpstat/load-8192-q9-grpc-linkerd-opaque-r1.txt,NA,ok,1,1.000056,0.999922,0.000000,clean
load-8192-q9-grpc-tcp-r1,load,grpc-tcp,8192,8176,8176,8,const,9,18236,18236,1,10.000,18235.000,2.3902,1.1951,1.1951,275.00,605.00,8258.00,16361.00,19338.00,489.73,83.83,22842.37,180754,182359,0,0,0,0,0,0.950649,0.452552,0.498098,0.857536,0.421135,0.436401,0.000000,0.000000,0.000000,0.000000,0.000000,0.000000,1.808185,0.873687,0.934499,1.793252,0.944419,0.851865,0.950719,0.842533,0.870399,0.585184,0.000000,0.337669,0.529452,NA,0,0.000000,0.000000,22;23,/home/jukebox/DPUmesh/integrations/linkerd/bench/report/data/linkerd-20260810/open/raw/mpstat/load-8192-q9-grpc-tcp-r1.txt,NA,ok,1,0.999945,0.999995,0.000000,clean
load-8192-q9-grpc-dpumesh-r1,load,grpc-dpumesh,8192,8176,8176,8,const,9,15403,15403,1,10.000,15403.000,2.0189,1.0094,1.0094,237.00,4532.00,13330.00,16836.00,18210.00,786.80,164.42,20497.75,152427,154030,0,0,0,0,0,0.677585,0.450287,0.227297,0.634686,0.399517,0.235170,0.000000,0.000000,0.000000,0.000000,0.000000,0.000000,1.312271,0.849804,0.462467,1.293808,0.673120,0.630796,0.660039,0.633769,0.837363,0.456445,0.000000,0.000000,0.090304,1.940712,0,0.000000,0.000000,18;19,/home/jukebox/DPUmesh/integrations/linkerd/bench/report/data/linkerd-20260810/open/raw/mpstat/load-8192-q9-grpc-dpumesh-r1.txt,NA,ok,1,1.000000,1.000000,0.000000,clean
load-8192-q10-grpc-envoy-strict-r1,load,grpc-envoy-strict,8192,8176,8176,8,const,10,24321,24321,1,10.000,24325.000,3.1884,1.5942,1.5942,4149.00,5182.00,5372.00,5966.00,6951.00,4066.98,1244.10,7571.16,241527,243198,0,0,0,0,0,0.626717,0.469732,0.156985,0.568534,0.436415,0.132119,0.365422,0.151761,0.213661,0.392538,0.163004,0.229533,1.953211,1.220912,0.732298,1.937035,0.981978,0.951134,0.983192,0.953843,1.208201,0.497303,0.000000,0.231531,0.384798,NA,0,0.000000,0.000000,24;25,/home/jukebox/DPUmesh/integrations/linkerd/bench/report/data/linkerd-20260810/open/raw/mpstat/load-8192-q10-grpc-envoy-strict-r1.txt,NA,ok,1,1.000164,0.999951,0.000000,clean
load-8192-q10-grpc-linkerd-r1,load,grpc-linkerd,8192,8176,8176,8,const,10,10251,10251,1,10.000,10251.000,1.3436,0.6718,0.6718,6617.00,8177.00,8980.00,10181.00,10798.00,6646.69,4031.66,11553.37,100846,102503,0,0,0,0,0,0.332462,0.232523,0.099939,0.251466,0.202444,0.049021,0.659412,0.513456,0.145957,0.555272,0.426282,0.128990,1.798612,1.374705,0.423907,1.778028,0.981568,0.798289,0.981093,0.796935,1.364078,0.286831,0.000000,0.127118,0.179270,NA,0,0.000000,0.000000,26;27,/home/jukebox/DPUmesh/integrations/linkerd/bench/report/data/linkerd-20260810/open/raw/mpstat/load-8192-q10-grpc-linkerd-r1.txt,NA,ok,1,1.000000,0.999932,0.000000,clean
load-8192-q10-grpc-linkerd-opaque-r1,load,grpc-linkerd-opaque,8192,8176,8176,8,const,10,21733,21733,1,10.000,21734.000,2.8488,1.4244,1.4244,3945.00,4946.00,5271.00,5909.00,6436.00,3861.54,1197.12,7357.56,215663,217304,0,0,0,0,0,0.593688,0.423904,0.169785,0.524956,0.390616,0.134340,0.398106,0.102769,0.295337,0.425389,0.103094,0.322295,1.942139,1.020383,0.921757,1.921706,0.981682,0.940470,0.982857,0.938849,1.013826,0.604710,0.000000,0.303170,0.500393,NA,0,0.000000,0.000000,28;29,/home/jukebox/DPUmesh/integrations/linkerd/bench/report/data/linkerd-20260810/open/raw/mpstat/load-8192-q10-grpc-linkerd-opaque-r1.txt,NA,ok,1,1.000046,0.999880,0.000000,clean
load-8192-q10-grpc-tcp-r1,load,grpc-tcp,8192,8176,8176,8,const,10,22144,22144,1,10.000,22151.000,2.9033,1.4517,1.4517,1429.00,3726.00,8667.00,17869.00,22203.00,1727.31,81.57,25495.50,219814,221423,0,0,0,0,0,0.992408,0.498032,0.494376,0.935807,0.462551,0.473256,0.000000,0.000000,0.000000,0.000000,0.000000,0.000000,1.928215,0.960583,0.967632,1.901503,0.985779,0.929618,0.983593,0.917910,0.950751,0.591141,0.000000,0.359611,0.532027,NA,0,0.000000,0.000000,22;23,/home/jukebox/DPUmesh/integrations/linkerd/bench/report/data/linkerd-20260810/open/raw/mpstat/load-8192-q10-grpc-tcp-r1.txt,NA,ok,1,1.000316,0.999923,0.000000,clean
load-8192-q10-grpc-dpumesh-r1,load,grpc-dpumesh,8192,8176,8176,8,const,10,18704,18704,1,10.000,18704.000,2.4515,1.2258,1.2258,303.00,102620.00,172154.00,333854.00,363270.00,15401.71,159.85,369137.96,185436,187039,0,0,0,0,0,0.807806,0.545659,0.262147,0.865592,0.576368,0.289224,0.000000,0.000000,0.000000,0.000000,0.000000,0.000000,1.673398,1.122027,0.551371,1.635191,0.801272,0.861107,0.789686,0.845505,1.096694,0.538497,0.000000,0.000000,0.131341,2.196672,5,0.000000,0.000000,18;19,/home/jukebox/DPUmesh/integrations/linkerd/bench/report/data/linkerd-20260810/open/raw/mpstat/load-8192-q10-grpc-dpumesh-r1.txt,NA,ok,1,1.000000,0.999995,0.000000,clean
load-8192-q10-grpc-envoy-permissive-r1,load,grpc-envoy-permissive,8192,8176,8176,8,const,10,29895,29895,1,10.000,29895.000,3.9184,1.9592,1.9592,3098.00,3911.00,4358.00,5070.00,5845.00,3087.81,834.44,7056.20,297254,298944,0,0,0,0,0,0.771256,0.547694,0.223562,0.681284,0.517651,0.163633,0.220877,0.027403,0.193474,0.243334,0.047402,0.195932,1.916751,1.140150,0.776601,1.896780,0.982196,0.915387,0.983455,0.913325,1.143287,0.575721,0.000000,0.177772,0.352282,NA,0,0.000000,0.000000,20;21,/home/jukebox/DPUmesh/integrations/linkerd/bench/report/data/linkerd-20260810/open/raw/mpstat/load-8192-q10-grpc-envoy-permissive-r1.txt,NA,ok,1,1.000000,0.999980,0.000000,clean
load-8192-q11-grpc-linkerd-r1,load,grpc-linkerd,8192,8176,8176,8,const,11,10790,10790,1,10.000,10790.000,1.4142,0.7071,0.7071,8615.00,10792.00,11932.00,13232.00,15156.00,8662.83,5742.40,17138.73,106196,107872,0,0,0,0,0,0.324417,0.239402,0.085016,0.259873,0.201840,0.058033,0.668200,0.525165,0.143035,0.592183,0.458164,0.134019,1.844673,1.424571,0.420103,1.786212,0.982606,0.843678,0.983640,0.802572,1.376770,0.291993,0.000000,0.117450,0.159862,NA,0,0.000000,0.000000,26;27,/home/jukebox/DPUmesh/integrations/linkerd/bench/report/data/linkerd-20260810/open/raw/mpstat/load-8192-q11-grpc-linkerd-r1.txt,NA,ok,1,1.000000,0.999741,0.000000,clean
load-8192-q11-grpc-linkerd-opaque-r1,load,grpc-linkerd-opaque,8192,8176,8176,8,const,11,24290,24290,1,10.000,24298.000,3.1847,1.5924,1.5924,7906.00,10040.00,10537.00,11414.00,12343.00,7717.08,2207.66,13977.47,241095,242860,0,0,0,0,0,0.595442,0.447078,0.148363,0.527483,0.414920,0.112564,0.396606,0.096848,0.299758,0.403890,0.090830,0.313059,1.923421,1.049676,0.873744,1.928566,0.981718,0.921875,0.981401,0.947166,1.027047,0.616228,0.000000,0.285291,0.448314,NA,0,0.000000,0.000000,28;29,/home/jukebox/DPUmesh/integrations/linkerd/bench/report/data/linkerd-20260810/open/raw/mpstat/load-8192-q11-grpc-linkerd-opaque-r1.txt,NA,ok,1,1.000329,0.999835,0.000000,clean
load-8192-q11-grpc-tcp-r1,load,grpc-tcp,8192,8176,8176,8,const,11,24749,24749,1,10.000,24766.000,3.2462,1.6231,1.6231,9016.00,25806.00,37247.00,48097.00,55831.00,10928.13,131.68,65404.74,245675,247380,0,0,0,0,0,0.995452,0.502102,0.493350,0.987065,0.513701,0.473364,0.000000,0.000000,0.000000,0.000000,0.000000,0.000000,1.982517,1.015803,0.966714,1.970231,0.989015,0.980139,0.988399,0.981832,1.011385,0.574651,0.000000,0.384195,0.554948,NA,0,0.000000,0.000000,22;23,/home/jukebox/DPUmesh/integrations/linkerd/bench/report/data/linkerd-20260810/open/raw/mpstat/load-8192-q11-grpc-tcp-r1.txt,NA,ok,1,1.000687,0.999556,0.000000,clean
load-8192-q11-grpc-dpumesh-r1,load,grpc-dpumesh,8192,8176,8176,8,const,11,20905,20905,1,10.000,20905.000,2.7400,1.3700,1.3700,296.00,193030.00,467444.00,864325.00,880756.00,29849.39,153.15,883256.22,207444,209050,0,0,0,0,0,0.837658,0.559971,0.277687,0.824728,0.543645,0.281083,0.000000,0.000000,0.000000,0.000000,0.000000,0.000000,1.662386,1.103616,0.558770,1.600878,0.831933,0.819717,0.786483,0.814395,1.063968,0.536910,0.000000,0.000000,0.141206,2.362732,9,0.000000,0.000000,18;19,/home/jukebox/DPUmesh/integrations/linkerd/bench/report/data/linkerd-20260810/open/raw/mpstat/load-8192-q11-grpc-dpumesh-r1.txt,NA,ok,1,1.000000,1.000000,0.000000,clean
load-8192-q11-grpc-envoy-permissive-r1,load,grpc-envoy-permissive,8192,8176,8176,8,const,11,33412,33412,1,10.000,33420.000,4.3805,2.1902,2.1902,5873.00,7312.00,8442.00,10158.00,11614.00,5899.48,1933.53,12790.81,332284,334082,0,0,0,0,0,0.809082,0.613935,0.195148,0.704622,0.553013,0.151608,0.182923,0.033562,0.149361,0.211309,0.035730,0.175578,1.907936,1.236240,0.671695,1.893972,0.981590,0.906267,0.979584,0.914387,1.230593,0.526465,0.000000,0.136914,0.304796,NA,0,0.000000,0.000000,20;21,/home/jukebox/DPUmesh/integrations/linkerd/bench/report/data/linkerd-20260810/open/raw/mpstat/load-8192-q11-grpc-envoy-permissive-r1.txt,NA,ok,1,1.000239,0.999886,0.000000,clean
load-8192-q11-grpc-envoy-strict-r1,load,grpc-envoy-strict,8192,8176,8176,8,const,11,27182,27182,1,10.000,27189.000,3.5637,1.7818,1.7818,7213.00,9053.00,9669.00,12771.00,14323.00,7097.08,2017.35,14931.13,270035,271814,0,0,0,0,0,0.650344,0.504730,0.145615,0.585685,0.443696,0.141989,0.341889,0.161107,0.180782,0.374618,0.153714,0.220905,1.952536,1.263247,0.689291,1.930306,0.981860,0.950298,0.984717,0.945589,1.240678,0.477685,0.000000,0.211942,0.363563,NA,0,0.000000,0.000000,24;25,/home/jukebox/DPUmesh/integrations/linkerd/bench/report/data/linkerd-20260810/open/raw/mpstat/load-8192-q11-grpc-envoy-strict-r1.txt,NA,ok,1,1.000258,0.999978,0.000000,clean
load-8192-q12-grpc-linkerd-opaque-r1,load,grpc-linkerd-opaque,8192,8176,8176,8,const,12,25568,25568,1,10.000,25568.000,3.3512,1.6756,1.6756,19000.00,27194.00,31451.00,36330.00,39566.00,19149.29,3208.65,52328.72,253707,255622,0,0,0,0,0,0.596073,0.423804,0.172270,0.543763,0.419186,0.124577,0.395620,0.098730,0.296890,0.393054,0.090874,0.302180,1.928510,1.032594,0.895917,1.907487,0.981837,0.927430,0.981459,0.926028,1.005914,0.648872,0.000000,0.252701,0.396170,NA,0,0.000000,0.000000,28;29,/home/jukebox/DPUmesh/integrations/linkerd/bench/report/data/linkerd-20260810/open/raw/mpstat/load-8192-q12-grpc-linkerd-opaque-r1.txt,NA,ok,1,1.000000,0.999773,0.000000,clean
load-8192-q12-grpc-tcp-r1,load,grpc-tcp,8192,8176,8176,8,const,12,26052,26052,1,10.000,25870.000,3.3909,1.6954,1.6954,121540.00,237038.00,282916.00,345024.00,374940.00,125621.95,607.53,382777.69,256587,259749,0,0,0,0,0,0.991755,0.553584,0.438170,0.994302,0.565583,0.428719,0.000000,0.000000,0.000000,0.000000,0.000000,0.000000,1.986057,1.119167,0.866889,1.970280,0.985006,0.987699,0.983498,0.986782,1.113208,0.517198,0.000000,0.339873,0.505705,NA,0,0.000000,0.000000,22;23,/home/jukebox/DPUmesh/integrations/linkerd/bench/report/data/linkerd-20260810/open/raw/mpstat/load-8192-q12-grpc-tcp-r1.txt,NA,ok,1,0.993014,0.997041,0.000000,clean
load-8192-q12-grpc-dpumesh-r1,load,grpc-dpumesh,8192,8176,8176,8,const,12,22005,22005,1,10.000,21997.000,2.8832,1.4416,1.4416,288.00,16406.00,37275.00,59039.00,87831.00,3352.72,151.73,92877.75,218108,220049,0,0,0,0,0,0.873676,0.568129,0.305547,0.870378,0.576455,0.293923,0.000000,0.000000,0.000000,0.000000,0.000000,0.000000,1.744054,1.144584,0.599470,1.755355,0.867506,0.864985,0.845658,0.909698,1.152722,0.602634,0.000000,0.000000,0.110018,2.497563,0,0.000000,0.000000,18;19,/home/jukebox/DPUmesh/integrations/linkerd/bench/report/data/linkerd-20260810/open/raw/mpstat/load-8192-q12-grpc-dpumesh-r1.txt,NA,ok,1,0.999636,0.999995,0.000000,clean
load-8192-q12-grpc-envoy-permissive-r1,load,grpc-envoy-permissive,8192,8176,8176,8,const,12,35171,35171,1,10.000,35161.000,4.6086,2.3043,2.3043,12671.00,19797.00,25661.00,32667.00,39151.00,13240.78,2988.89,46248.91,349696,351670,0,0,0,0,0,0.817377,0.669985,0.147391,0.730765,0.580557,0.150208,0.174498,0.015742,0.158756,0.183171,0.018722,0.164449,1.905811,1.285006,0.620804,1.884252,0.981601,0.904369,0.981245,0.903007,1.269751,0.503662,0.000000,0.110838,0.264056,NA,0,0.000000,0.000000,20;21,/home/jukebox/DPUmesh/integrations/linkerd/bench/report/data/linkerd-20260810/open/raw/mpstat/load-8192-q12-grpc-envoy-permissive-r1.txt,NA,ok,1,0.999716,0.999886,0.000000,clean
load-8192-q12-grpc-envoy-strict-r1,load,grpc-envoy-strict,8192,8176,8176,8,const,12,28613,28613,1,10.000,28622.000,3.7515,1.8757,1.8757,13849.00,18185.00,22811.00,27875.00,31823.00,13784.42,3593.73,35341.07,284239,286024,0,0,0,0,0,0.647443,0.505351,0.142092,0.593580,0.460089,0.133491,0.344933,0.168900,0.176033,0.355709,0.138822,0.216887,1.941665,1.273162,0.668503,1.912489,0.981952,0.939240,0.981516,0.930973,1.258688,0.476084,0.000000,0.177716,0.345650,NA,0,0.000000,0.000000,24;25,/home/jukebox/DPUmesh/integrations/linkerd/bench/report/data/linkerd-20260810/open/raw/mpstat/load-8192-q12-grpc-envoy-strict-r1.txt,NA,ok,1,1.000315,0.999630,0.000000,clean
load-8192-q12-grpc-linkerd-r1,load,grpc-linkerd,8192,8176,8176,8,const,12,11330,11330,1,10.000,7402.000,0.9702,0.4851,0.4851,5333914.02,5333914.02,5333914.02,5333914.02,5333914.02,1343222.27,11613.92,5333914.02,72889,113288,0,0,0,39514,0,0.332917,0.244360,0.088557,0.240258,0.193340,0.046917,0.659110,0.492068,0.167042,0.538626,0.415561,0.123065,1.770911,1.345329,0.425581,1.760883,0.981776,0.773352,0.981529,0.779354,1.359793,0.301633,0.000000,0.099457,0.154893,NA,0,0.000000,0.000000,26;27,/home/jukebox/DPUmesh/integrations/linkerd/bench/report/data/linkerd-20260810/open/raw/mpstat/load-8192-q12-grpc-linkerd-r1.txt,NA,ok,0,0.653310,0.999894,0.000000,overflow+achieved
load-8192-q13-grpc-tcp-r1,load,grpc-tcp,8192,8176,8176,8,const,13,27355,27355,1,10.000,25766.000,3.3772,1.6886,1.6886,246829.00,568500.00,635008.00,682000.00,723627.00,273253.91,233.92,748261.74,255381,271846,0,0,0,0,0,0.995272,0.571884,0.423387,0.994886,0.572472,0.422414,0.000000,0.000000,0.000000,0.000000,0.000000,0.000000,1.990158,1.144356,0.845801,1.978581,0.988736,0.988563,0.988470,0.990112,1.139531,0.497519,0.000000,0.341531,0.469605,NA,0,0.000000,0.000000,22;23,/home/jukebox/DPUmesh/integrations/linkerd/bench/report/data/linkerd-20260810/open/raw/mpstat/load-8192-q13-grpc-tcp-r1.txt,NA,ok,0,0.941912,0.993771,0.000000,achieved
load-8192-q13-grpc-dpumesh-r1,load,grpc-dpumesh,8192,8176,8176,8,const,13,23105,23105,1,10.000,23195.000,3.0402,1.5201,1.5201,1256.00,130129.00,531518.00,672789.00,700493.00,28105.70,144.66,821435.08,229322,231049,0,0,0,0,0,0.788220,0.505168,0.283053,0.777371,0.510652,0.266719,0.000000,0.000000,0.000000,0.000000,0.000000,0.000000,1.565591,1.015820,0.549772,1.584221,0.784558,0.774774,0.771590,0.812632,1.030975,0.553246,0.000000,0.000000,0.139543,2.012700,16,0.000000,0.000000,18;19,/home/jukebox/DPUmesh/integrations/linkerd/bench/report/data/linkerd-20260810/open/raw/mpstat/load-8192-q13-grpc-dpumesh-r1.txt,NA,ok,1,1.003895,0.999996,0.000000,clean
load-8192-q13-grpc-envoy-permissive-r1,load,grpc-envoy-permissive,8192,8176,8176,8,const,13,36930,36930,1,10.000,31566.000,4.1374,2.0687,2.0687,732821.00,1585561.43,1585561.43,1585561.43,1585561.43,725705.81,6986.11,1585561.43,313693,342483,0,0,0,86658,0,0.823137,0.667273,0.155864,0.694141,0.555506,0.138635,0.168177,0.016287,0.151890,0.172308,0.017470,0.154839,1.857763,1.256536,0.601228,1.824412,0.981885,0.859533,0.981498,0.842914,1.271708,0.469554,0.000000,0.083150,0.195647,NA,0,0.000000,0.000000,20;21,/home/jukebox/DPUmesh/integrations/linkerd/bench/report/data/linkerd-20260810/open/raw/mpstat/load-8192-q13-grpc-envoy-permissive-r1.txt,NA,ok,0,0.854752,0.927384,0.000000,overflow+achieved+scheduler
load-8192-q13-grpc-envoy-strict-r1,load,grpc-envoy-strict,8192,8176,8176,8,const,13,30044,30044,1,10.000,25910.000,3.3961,1.6980,1.6980,688505.00,1473338.18,1473338.18,1473338.18,1473338.18,690706.68,5236.14,1473338.18,257413,283246,0,0,0,60968,0,0.676205,0.519988,0.156217,0.580609,0.431864,0.148746,0.314903,0.117741,0.197162,0.321069,0.130357,0.190712,1.892786,1.199950,0.692837,1.854919,0.981369,0.891281,0.982879,0.872040,1.232266,0.495514,0.000000,0.127139,0.218417,NA,0,0.000000,0.000000,24;25,/home/jukebox/DPUmesh/integrations/linkerd/bench/report/data/linkerd-20260810/open/raw/mpstat/load-8192-q13-grpc-envoy-strict-r1.txt,NA,ok,0,0.862402,0.942771,0.000000,overflow+achieved+scheduler
load-8192-q13-grpc-linkerd-r1,load,grpc-linkerd,8192,8176,8176,8,const,13,12408,12408,1,10.000,4495.000,0.5892,0.2946,0.2946,8155305.76,8155305.76,8155305.76,8155305.76,8155305.76,2588228.02,180517.07,8155305.76,43536,124023,0,9474,0,33028,0,0.399935,0.263703,0.136231,0.169060,0.142895,0.026165,0.591880,0.453303,0.138577,0.442916,0.347116,0.095799,1.603791,1.207017,0.396772,1.600675,0.982040,0.605522,0.982899,0.617776,1.227402,0.311333,0.000000,0.061941,0.120621,NA,0,0.000000,0.000000,26;27,/home/jukebox/DPUmesh/integrations/linkerd/bench/report/data/linkerd-20260810/open/raw/mpstat/load-8192-q13-grpc-linkerd-r1.txt,NA,overload_shed,0,0.362266,0.999541,0.000000,fail+overflow+achieved
load-8192-q13-grpc-linkerd-opaque-r1,load,grpc-linkerd-opaque,8192,8176,8176,8,const,13,26846,26846,1,10.000,23775.000,3.1162,1.5581,1.5581,585291.00,1365790.51,1365790.51,1365790.51,1365790.51,583596.36,4818.17,1365790.51,235885,253271,0,0,0,26173,0,0.626683,0.469586,0.157097,0.533811,0.406694,0.127117,0.364296,0.092565,0.271731,0.371716,0.083076,0.288640,1.896506,1.051921,0.844585,1.864643,0.981758,0.897126,0.981220,0.883424,1.090425,0.544398,0.000000,0.229821,0.353695,NA,0,0.000000,0.000000,28;29,/home/jukebox/DPUmesh/integrations/linkerd/bench/report/data/linkerd-20260810/open/raw/mpstat/load-8192-q13-grpc-linkerd-opaque-r1.txt,NA,ok,0,0.885607,0.943422,0.000000,overflow+achieved+scheduler
load-8192-q14-grpc-dpumesh-r1,load,grpc-dpumesh,8192,8176,8176,8,const,14,25306,25306,1,10.000,24885.000,3.2617,1.6309,1.6309,94084.00,674736.00,2778971.75,2778971.75,2778971.75,178759.25,162.28,2778971.75,246552,253044,0,0,0,5891,0,0.971262,0.764263,0.207000,0.942475,0.686841,0.255634,0.000000,0.000000,0.000000,0.000000,0.000000,0.000000,1.913737,1.451104,0.462634,1.900698,0.964447,0.943980,0.956915,0.943784,1.432910,0.467788,0.000000,0.000000,0.162495,1.523185,131,0.000000,0.000000,18;19,/home/jukebox/DPUmesh/integrations/linkerd/bench/report/data/linkerd-20260810/open/raw/mpstat/load-8192-q14-grpc-dpumesh-r1.txt,NA,ok,0,0.983364,0.999937,0.000000,overflow
load-8192-q14-grpc-envoy-permissive-r1,load,grpc-envoy-permissive,8192,8176,8176,8,const,14,40447,40447,1,10.000,31656.000,4.1492,2.0746,2.0746,2245252.77,2245252.77,2245252.77,2245252.77,2245252.77,1128142.84,8166.86,2245252.77,314555,372700,0,0,0,169557,0,0.822800,0.667937,0.154863,0.700771,0.535863,0.164907,0.169213,0.013120,0.156093,0.172674,0.011278,0.161395,1.865458,1.228198,0.637258,1.836609,0.981123,0.863749,0.981046,0.855563,1.236900,0.490523,0.000000,0.109186,0.215113,NA,0,0.000000,0.000000,20;21,/home/jukebox/DPUmesh/integrations/linkerd/bench/report/data/linkerd-20260810/open/raw/mpstat/load-8192-q14-grpc-envoy-permissive-r1.txt,NA,ok,0,0.782654,0.921453,0.000000,overflow+achieved+scheduler
load-8192-q14-grpc-envoy-strict-r1,load,grpc-envoy-strict,8192,8176,8176,8,const,14,32905,32905,1,10.000,26076.000,3.4179,1.7089,1.7089,2253690.48,2253690.48,2253690.48,2253690.48,2253690.48,1069544.08,10739.26,2253690.48,258793,286625,0,0,0,131557,0,0.672869,0.521810,0.151059,0.584370,0.458928,0.125442,0.318900,0.133623,0.185277,0.320653,0.134045,0.186608,1.896792,1.248406,0.648386,1.866242,0.981523,0.896788,0.982833,0.883409,1.281106,0.461263,0.000000,0.123873,0.218407,NA,0,0.000000,0.000000,24;25,/home/jukebox/DPUmesh/integrations/linkerd/bench/report/data/linkerd-20260810/open/raw/mpstat/load-8192-q14-grpc-envoy-strict-r1.txt,NA,ok,0,0.792463,0.871068,0.000000,overflow+achieved+scheduler
load-8192-q14-grpc-linkerd-r1,load,grpc-linkerd,8192,8176,8176,8,const,14,14027,14027,1,10.000,3338.000,0.4375,0.2188,0.2188,9004271.65,9004271.65,9004271.65,9004271.65,9004271.65,3571851.81,189363.22,9004271.65,32310,140233,0,51509,0,25858,0,0.423624,0.296760,0.126864,0.113361,0.090026,0.023335,0.566609,0.420567,0.146042,0.293511,0.237863,0.055647,1.397105,1.045216,0.351888,1.402307,0.981129,0.402964,0.981615,0.420692,1.063144,0.280461,0.000000,0.058701,0.099466,NA,0,0.000000,0.000000,26;27,/home/jukebox/DPUmesh/integrations/linkerd/bench/report/data/linkerd-20260810/open/raw/mpstat/load-8192-q14-grpc-linkerd-r1.txt,NA,overload_shed,0,0.237970,0.999736,0.000000,fail+overflow+achieved
load-8192-q14-grpc-linkerd-opaque-r1,load,grpc-linkerd-opaque,8192,8176,8176,8,const,14,29403,29403,1,10.000,23624.000,3.0964,1.5482,1.5482,1008513.00,2049639.52,2049639.52,2049639.52,2049639.52,1013392.10,4574.33,2049639.52,234485,258616,0,0,0,112401,0,0.621973,0.478328,0.143645,0.529357,0.388987,0.140370,0.369208,0.093156,0.276051,0.376628,0.082800,0.293828,1.897166,1.043271,0.853894,1.861393,0.981886,0.898065,0.981225,0.880168,1.077391,0.575369,0.000000,0.208633,0.342288,NA,0,0.000000,0.000000,28;29,/home/jukebox/DPUmesh/integrations/linkerd/bench/report/data/linkerd-20260810/open/raw/mpstat/load-8192-q14-grpc-linkerd-opaque-r1.txt,NA,ok,0,0.803455,0.879557,0.000000,overflow+achieved+scheduler
load-8192-q14-grpc-tcp-r1,load,grpc-tcp,8192,8176,8176,8,const,14,29960,29960,1,10.000,23467.000,3.0759,1.5379,1.5379,933799.00,4786733.60,4786733.60,4786733.60,4786733.60,958404.14,4160.43,4786733.60,232613,298320,0,0,0,93503,0,0.994976,0.621190,0.373785,0.972639,0.616621,0.356018,0.000000,0.000000,0.000000,0.000000,0.000000,0.000000,1.967615,1.237811,0.729803,1.956818,0.988697,0.968921,0.989900,0.966918,1.227936,0.508904,0.000000,0.219978,0.354591,NA,0,0.000000,0.000000,22;23,/home/jukebox/DPUmesh/integrations/linkerd/bench/report/data/linkerd-20260810/open/raw/mpstat/load-8192-q14-grpc-tcp-r1.txt,NA,ok,0,0.783278,0.995728,0.000000,overflow+achieved
load-8192-q15-grpc-envoy-permissive-r1,load,grpc-envoy-permissive,8192,8176,8176,8,const,15,45722,45722,1,10.000,31622.000,4.1448,2.0724,2.0724,3276441.87,3276441.87,3276441.87,3276441.87,3276441.87,1580265.88,12924.75,3276441.87,313898,388237,0,0,0,212380,0,0.823100,0.644674,0.178426,0.703368,0.549340,0.154028,0.168665,0.019919,0.148746,0.171754,0.020236,0.151518,1.866887,1.234169,0.632718,1.840334,0.981597,0.866529,0.982924,0.857410,1.253514,0.502057,0.000000,0.084763,0.182566,NA,0,0.000000,0.000000,20;21,/home/jukebox/DPUmesh/integrations/linkerd/bench/report/data/linkerd-20260810/open/raw/mpstat/load-8192-q15-grpc-envoy-permissive-r1.txt,NA,ok,0,0.691615,0.849125,0.000000,overflow+achieved+scheduler
load-8192-q15-grpc-envoy-strict-r1,load,grpc-envoy-strict,8192,8176,8176,8,const,15,37197,37197,1,10.000,26263.000,3.4423,1.7212,1.7212,3340865.66,3340865.66,3340865.66,3340865.66,3340865.66,1495245.31,14509.03,3340865.66,260541,313543,0,0,0,168101,0,0.674430,0.555292,0.119138,0.587396,0.449261,0.138135,0.317391,0.139468,0.177922,0.325459,0.132525,0.192933,1.904676,1.276546,0.628128,1.873166,0.981643,0.903344,0.981415,0.891751,1.299315,0.449951,0.000000,0.123900,0.220085,NA,0,0.000000,0.000000,24;25,/home/jukebox/DPUmesh/integrations/linkerd/bench/report/data/linkerd-20260810/open/raw/mpstat/load-8192-q15-grpc-envoy-strict-r1.txt,NA,ok,0,0.706052,0.842926,0.000000,overflow+achieved+scheduler
load-8192-q15-grpc-linkerd-opaque-r1,load,grpc-linkerd-opaque,8192,8176,8176,8,const,15,33238,33238,1,10.000,23717.000,3.1087,1.5543,1.5543,3005400.99,3005400.99,3005400.99,3005400.99,3005400.99,1451949.56,13646.20,3005400.99,235092,286835,0,0,0,151926,0,0.622129,0.477447,0.144682,0.535173,0.384684,0.150489,0.369168,0.102844,0.266324,0.374186,0.090765,0.283421,1.900656,1.055740,0.844916,1.865163,0.982154,0.901144,0.983124,0.882040,1.085838,0.570636,0.000000,0.208690,0.332599,NA,0,0.000000,0.000000,28;29,/home/jukebox/DPUmesh/integrations/linkerd/bench/report/data/linkerd-20260810/open/raw/mpstat/load-8192-q15-grpc-linkerd-opaque-r1.txt,NA,ok,0,0.713551,0.862973,0.000000,overflow+achieved+scheduler
load-8192-q15-grpc-tcp-r1,load,grpc-tcp,8192,8176,8176,8,const,15,33868,33868,1,10.000,23866.000,3.1282,1.5641,1.5641,5408595.80,5408595.80,5408595.80,5408595.80,5408595.80,1242268.08,1764.72,5408595.80,236714,324848,0,0,0,120236,0,0.994392,0.679203,0.315188,0.987828,0.641079,0.346749,0.000000,0.000000,0.000000,0.000000,0.000000,0.000000,1.982220,1.320282,0.661937,1.974806,0.988601,0.983665,0.989865,0.984940,1.308329,0.508886,0.000000,0.157590,0.262651,NA,0,0.000000,0.000000,22;23,/home/jukebox/DPUmesh/integrations/linkerd/bench/report/data/linkerd-20260810/open/raw/mpstat/load-8192-q15-grpc-tcp-r1.txt,NA,ok,0,0.704677,0.959159,0.000000,overflow+achieved+scheduler
load-8192-q15-grpc-dpumesh-r1,load,grpc-dpumesh,8192,8176,8176,8,const,15,28607,28607,1,10.000,22447.000,2.9422,1.4711,1.4711,549183.00,7542590.31,7542590.31,7542590.31,7542590.31,921365.23,170.13,7542590.31,222862,283609,0,0,0,70796,0,0.996113,0.789601,0.206513,0.971354,0.722170,0.249184,0.000000,0.000000,0.000000,0.000000,0.000000,0.000000,1.967467,1.511771,0.455697,1.964224,0.989159,0.973580,0.990323,0.973900,1.501087,0.463136,0.000000,0.000000,0.118248,0.937769,225,0.000000,0.000000,18;19,/home/jukebox/DPUmesh/integrations/linkerd/bench/report/data/linkerd-20260810/open/raw/mpstat/load-8192-q15-grpc-dpumesh-r1.txt,NA,ok,0,0.784668,0.991397,0.000000,overflow+achieved
