arm,protocol,size,mode,rep,symbol,self_percent
lean,grpc,64,capacity,1,__memcpy_generic,2.74
lean,grpc,64,capacity,1,__aarch64_ldadd8_relax,2.46
lean,grpc,64,capacity,1,__aarch64_ldadd8_rel,2.25
lean,grpc,64,capacity,1,el0_svc_common.constprop.0,2.1
lean,grpc,64,capacity,1,"tokio::runtime::task::core::Core<T,S>::poll",1.67
lean,grpc,64,capacity,1,"h2::proto::connection::Connection<T,P,B>::poll",1.61
lean,grpc,64,capacity,1,h2::hpack::encoder::Encoder::encode,1.49
lean,grpc,64,capacity,1,"<linkerd_stack::map_err::ResponseFuture<W,F> as core::future::future::Future>::poll",1.44
lean,grpc,64,capacity,1,eventfd_write,1.36
lean,grpc,64,capacity,1,px_worker_drain,1.3
lean,grpc,64,capacity,1,<linkerd_http_box::body::Inner<B> as http_body::Body>::poll_frame,1.21
lean,grpc,64,capacity,1,core::hash::BuildHasher::hash_one,1.12
lean,grpc,64,capacity,1,__fget_files,0.86
lean,grpc,64,capacity,1,h2::proto::connection::DynConnection<B>::recv_frame,0.79
lean,grpc,64,capacity,1,http::header::map::hash_elem_using,0.77
lean,grpc,64,capacity,1,__aarch64_cas4_acq,0.74
lean,grpc,64,capacity,1,<tracing::instrument::Instrumented<T> as core::future::future::Future>::poll,0.73
lean,grpc,64,capacity,1,_rjem_malloc,0.71
lean,grpc,64,capacity,1,"<futures_util::future::try_future::ErrInto<Fut,E> as core::future::future::Future>::poll",0.71
lean,grpc,64,capacity,1,<dmesh_l7::ExternalBackend as dmesh_doca::runtime::RuntimeBackend>::drain,0.69
lean,grpc,64,capacity,1,__aarch64_cas1_rel,0.66
lean,grpc,64,capacity,1,__aarch64_cas1_acq,0.64
lean,grpc,64,capacity,1,dmesh_l7::l7_worker_run::{{closure}},0.58
lean,grpc,64,capacity,1,h2::frame::headers::HeaderBlock::load::{{closure}},0.58
lean,grpc,64,capacity,1,__aarch64_ldadd4_acq_rel,0.57
lean,grpc,64,capacity,1,"<S as linkerd_stack::box_service::sealed::BoxCloneSyncService<Req,Rsp>>::box_clone_sync",0.57
lean,grpc,64,capacity,1,<core::hash::sip::Hasher<S> as core::hash::Hasher>::write,0.55
lean,grpc,64,capacity,1,"<futures_util::future::try_future::MapOk<Fut,F> as core::future::future::Future>::poll",0.54
lean,grpc,64,capacity,1,"<tower::util::map_future::MapFuture<S,F> as tower_service::Service<R>>::poll_ready",0.52
lean,grpc,64,capacity,1,epoll_pwait,0.5
lean,grpc,64,capacity,1,__aarch64_swp4_rel,0.5
lean,grpc,64,capacity,1,slab::Slab<T>::insert_at,0.48
lean,grpc,64,capacity,1,h2::proto::streams::prioritize::Prioritize::pop_frame,0.47
lean,grpc,64,capacity,1,h2::codec::framed_read::decode_frame,0.46
lean,grpc,64,capacity,1,arch_local_irq_enable,0.46
lean,grpc,64,capacity,1,<linkerd_stack::box_future::BoxFuture<T> as tower_service::Service<R>>::poll_ready,0.45
lean,grpc,64,capacity,1,"<tower::util::map_future::MapFuture<S,F> as tower_service::Service<R>>::call",0.45
lean,grpc,64,capacity,1,"<linkerd_router::OneshotRoute<Sel,N> as tower_service::Service<Req>>::call",0.44
lean,grpc,64,capacity,1,0x00000000000004c8,0.44
lean,grpc,64,capacity,1,<linkerd_http_box::body::Inner<B> as http_body::Body>::is_end_stream,0.44
lean,grpc,64,capacity,1,ep_item_poll.isra.0,0.42
lean,grpc,64,capacity,1,__aarch64_cas8_acq_rel,0.41
lean,grpc,64,capacity,1,_rjem_sdallocx,0.4
lean,grpc,64,capacity,1,tokio::runtime::task::raw::poll,0.4
lean,grpc,64,capacity,1,"<hyper::server::conn::http2::Connection<I,S,E> as core::future::future::Future>::poll",0.39
lean,grpc,64,capacity,1,h2::proto::streams::buffer::Deque::pop_front,0.39
lean,grpc,64,capacity,1,get_random_u32,0.38
lean,grpc,64,capacity,1,h2::codec::framed_write::Encoder<B>::buffer,0.38
lean,grpc,64,capacity,1,aa_file_perm,0.36
lean,grpc,64,capacity,1,tokio::runtime::time::wheel::Wheel::next_expiration,0.35
lean,grpc,64,capacity,1,h2::frame::headers::HeaderBlock::load,0.34
lean,grpc,64,capacity,1,http::header::name::StandardHeader::as_str,0.34
lean,grpc,64,capacity,1,h2::proto::streams::prioritize::Prioritize::try_assign_capacity,0.32
lean,grpc,64,capacity,1,"<futures_util::future::future::Map<Fut,F> as core::future::future::Future>::poll",0.32
lean,grpc,64,capacity,1,doca_buf_inventory_buf_get_by_args,0.31
lean,grpc,64,capacity,1,devx_async_event_read,0.31
lean,grpc,64,capacity,1,http::header::map::HeaderMap<T>::try_append2,0.31
lean,grpc,64,capacity,1,tokio::runtime::io::driver::Driver::turn,0.31
lean,grpc,64,capacity,1,<linkerd_stack_metrics::service::TrackService<S> as tower_service::Service<T>>::poll_ready,0.31
lean,grpc,64,capacity,1,"tower::ready_cache::cache::ReadyCache<K,S,Req>::poll_pending",0.3
lean,grpc,64,capacity,1,<linkerd_proxy_client_policy::Meta as core::cmp::PartialEq>::eq,0.3
lean,grpc,64,capacity,1,<tokio_util::codec::length_delimited::LengthDelimitedCodec as tokio_util::codec::decoder::Decoder>::decode,0.3
lean,grpc,64,capacity,1,"<linkerd_stack::either::vendor::Either<A,B> as core::future::future::Future>::poll",0.29
lean,grpc,64,capacity,1,hrtimer_start_range_ns,0.29
lean,grpc,64,capacity,1,<h2::hpack::header::Header<T> as core::clone::Clone>::clone,0.29
lean,grpc,64,capacity,1,linkerd_app_core::classify::grpc_code,0.29
lean,grpc,64,capacity,1,invoke_syscall,0.28
lean,grpc,64,capacity,1,0x0000000000076824,0.28
lean,grpc,64,capacity,1,__aarch64_swp1_acq_rel,0.28
lean,grpc,64,capacity,1,doca_pe_progress,0.28
lean,grpc,64,capacity,1,h2::proto::streams::recv::Recv::recv_headers,0.28
lean,grpc,64,capacity,1,"prometheus_client::metrics::family::Family<S,M,C>::get_or_create",0.28
lean,grpc,64,capacity,1,<linkerd_stack::box_future::BoxFuture<T> as tower_service::Service<R>>::call,0.28
lean,grpc,64,capacity,1,"h2::codec::framed_write::FramedWrite<T,B>::flush",0.27
lean,grpc,64,capacity,1,apparmor_file_permission,0.26
lean,grpc,64,capacity,1,<linkerd_http_box::body::Data as bytes::buf::buf_impl::Buf>::remaining,0.26
lean,grpc,64,capacity,1,<linkerd_http_stream_timeouts::EnforceTimeouts<S> as tower_service::Service<http::request::Request<B>>>::call,0.26
lean,grpc,64,capacity,1,http::header::name::StandardHeader::from_bytes,0.26
lean,grpc,64,capacity,1,devx_async_event_poll,0.26
lean,grpc,64,capacity,1,0x00000000000004b8,0.26
lean,grpc,64,capacity,1,__check_object_size.part.0,0.25
lean,grpc,64,capacity,1,<h2::server::Peer as h2::proto::peer::Peer>::convert_poll_message,0.25
lean,grpc,64,capacity,1,ep_send_events,0.25
lean,grpc,64,capacity,1,tokio::runtime::scheduler::current_thread::<impl tokio::runtime::task::Schedule for alloc::sync::Arc<tokio::runtime::scheduler::current_thread::Handle>>::release,0.25
lean,grpc,64,capacity,1,h2::proto::streams::store::Queue<N>::pop,0.25
lean,grpc,64,capacity,1,h2::proto::streams::store::Queue<N>::push,0.25
lean,grpc,64,capacity,1,tokio::sync::mpsc::list::Rx<T>::pop,0.25
lean,grpc,64,capacity,1,core::ops::function::FnOnce::call_once,0.25
lean,grpc,64,capacity,1,read,0.24
lean,grpc,64,capacity,1,"<hyper::client::conn::http2::Connection<T,B,E> as core::future::future::Future>::poll",0.24
lean,grpc,64,capacity,1,priv_doca_cq_empty,0.23
lean,grpc,64,capacity,1,<hyper::body::incoming::Incoming as http_body::Body>::poll_frame,0.23
lean,grpc,64,capacity,1,__ep_eventpoll_poll.isra.0,0.23
lean,grpc,64,capacity,1,http::header::map::HeaderMap<T>::remove,0.23
lean,grpc,64,capacity,1,dmesh_doca_dpa_msgq_recv_cb,0.22
lean,grpc,64,capacity,1,mutex_lock,0.22
lean,grpc,64,capacity,1,ep_poll,0.22
lean,grpc,64,capacity,1,find_pod_by_id,0.22
lean,grpc,64,capacity,1,"linkerd_http_prom::record_response::request::<impl tower_service::Service<http::request::Request<ReqB>> for linkerd_http_prom::record_response::RecordDuration<L,linkerd_http_prom::record_response::request::RequestMetrics<<L as linkerd_http_prom::stream_label::MkStreamLabel>::DurationLabels>,S>>::call",0.22
lean,grpc,64,capacity,1,tokio::runtime::time::Driver::park_internal,0.22
lean,grpc,64,capacity,1,<h2::proto::streams::streams::OpaqueStreamRef as core::ops::drop::Drop>::drop,0.22
lean,grpc,64,capacity,1,h2::proto::streams::recv::Recv::recv_data,0.21
lean,grpc,64,capacity,1,"<linkerd_proxy_tap::service::TapHttp<S,I> as tower_service::Service<http::request::Request<A>>>::call::{{closure}}",0.21
lean,grpc,64,capacity,1,<linkerd_app_outbound::http::logical::Concrete<T> as core::hash::Hash>::hash,0.21
lean,grpc,64,capacity,1,h2::proto::streams::counts::Counts::transition_after,0.21
lean,grpc,64,capacity,1,__aarch64_cas8_acq,0.21
lean,grpc,64,capacity,1,fsnotify_perm.part.0,0.21
lean,grpc,64,capacity,1,<linkerd_http_stream_timeouts::ResponseFuture<F> as core::future::future::Future>::poll,0.2
lean,grpc,64,capacity,1,__fget_light,0.2
lean,grpc,64,capacity,1,<linkerd_http_route::http::match::MatchRequest as linkerd_http_route::Match>::match_request,0.2
lean,grpc,64,capacity,1,fput_many,0.19
lean,grpc,64,capacity,1,h2::proto::streams::send::Send::send_headers,0.19
lean,grpc,64,capacity,1,<core::pin::Pin<P> as core::future::future::Future>::poll,0.19
lean,grpc,64,capacity,1,h2::proto::streams::streams::StreamRef<B>::send_data,0.19
lean,grpc,64,capacity,1,http::header::map::HeaderMap<T>::contains_key,0.19
lean,grpc,64,capacity,1,"<linkerd_io::sensor::SensorIo<T,S> as tokio::io::async_read::AsyncRead>::poll_read",0.19
lean,grpc,64,capacity,1,"<linkerd_http_prom::record_response::ResponseFuture<L,F> as core::future::future::Future>::poll",0.19
lean,grpc,64,capacity,1,linkerd_http_prom::record_response::end_stream,0.19
lean,grpc,64,capacity,1,"linkerd_http_prom::status::RecordStatusFuture<F,SL,L>::on_eos",0.19
lean,grpc,64,capacity,1,tokio::sync::oneshot::Sender<T>::send,0.19
lean,grpc,64,capacity,1,__arm64_sys_epoll_pwait,0.18
lean,grpc,64,capacity,1,__aarch64_ldadd4_relax,0.18
lean,grpc,64,capacity,1,h2::hpack::decoder::Table::get,0.18
lean,grpc,64,capacity,1,<tokio::runtime::io::scheduled_io::Readiness as core::future::future::Future>::poll,0.18
lean,grpc,64,capacity,1,dmesh_l7_driver_drain,0.18
lean,grpc,64,capacity,1,memcmp,0.18
lean,grpc,64,capacity,1,<bytes::bytes::Bytes as bytes::buf::buf_impl::Buf>::remaining,0.18
lean,grpc,64,capacity,1,"<alloc::sync::Arc<T,A> as alloc::sync::ArcEqIdent<T,A>>::eq",0.18
lean,grpc,64,capacity,1,hyper::client::conn::http2::SendRequest<B>::send_request::{{closure}},0.18
lean,grpc,64,capacity,1,tokio::runtime::task::waker::wake_by_val,0.18
lean,grpc,64,capacity,1,h2::proto::streams::store::Ptr::unlink,0.18
lean,grpc,64,capacity,1,do_rallocx,0.17
lean,grpc,64,capacity,1,<tokio::sync::notify::Notified as core::future::future::Future>::poll,0.17
lean,grpc,64,capacity,1,tokio::runtime::time::<impl tokio::runtime::time::handle::Handle>::process_at_time,0.17
lean,grpc,64,capacity,1,dmesh_l7::pump_side,0.17
lean,grpc,64,capacity,1,linkerd_http_prom::body_data::metrics::RequestBodyFamilies<L>::metrics,0.17
lean,grpc,64,capacity,1,0x000000000001da18,0.17
lean,grpc,64,capacity,1,http::request::Builder::and_then,0.17
lean,grpc,64,capacity,1,"<linkerd_app_core::errors::respond::Respond<R> as linkerd_error_respond::Respond<http::response::Response<B>,alloc::boxed::Box<dyn core::error::Error+core::marker::Sync+core::marker::Send>>>::respond",0.17
lean,grpc,64,capacity,1,h2::proto::streams::prioritize::Prioritize::reclaim_frame,0.17
lean,grpc,64,capacity,1,http::header::map::HeaderMap<T>::get,0.16
lean,grpc,64,capacity,1,<&mut S as tower_service::Service<Request>>::poll_ready,0.16
lean,grpc,64,capacity,1,__aarch64_ldadd8_acq_rel,0.16
lean,grpc,64,capacity,1,px_l7_caller_conn,0.16
lean,grpc,64,capacity,1,<hyper::proto::h2::PipeToSendStream<S> as core::future::future::Future>::poll,0.16
lean,grpc,64,capacity,1,"<futures_util::stream::try_stream::try_filter_map::TryFilterMap<St,Fut,F> as futures_core::stream::Stream>::poll_next",0.16
lean,grpc,64,capacity,1,"hyper::proto::h2::client::ClientTask<B,E,T>::poll_pipe",0.16
lean,grpc,64,capacity,1,tokio::runtime::scheduler::current_thread::Core::next_task,0.16
lean,grpc,64,capacity,1,"<linkerd_stack_tracing::Instrument<T,G,S> as tower_service::Service<Req>>::call",0.16
lean,grpc,64,capacity,1,tokio::runtime::task::list::OwnedTasks<S>::bind_inner,0.16
lean,grpc,64,capacity,1,tokio::runtime::task::raw::dealloc,0.16
lean,grpc,64,capacity,1,"tokio::sync::mpsc::chan::Rx<T,S>::recv",0.16
lean,grpc,64,capacity,1,http::extensions::Extensions::remove,0.16
lean,grpc,64,capacity,1,eventfd_read,0.15
lean,grpc,64,capacity,1,<linkerd_app_outbound::http::logical::Concrete<T> as core::clone::Clone>::clone,0.15
lean,grpc,64,capacity,1,bytes::bytes::shared_clone,0.15
lean,grpc,64,capacity,1,<linkerd_app_core::errors::respond::NewRespond<R> as linkerd_error_respond::NewRespond<http::request::Request<B>>>::new_respond,0.15
lean,grpc,64,capacity,1,__aarch64_swp1_acq,0.15
lean,grpc,64,capacity,1,"core::ptr::drop_in_place<linkerd_http_metrics::requests::service::ResponseFuture<core::pin::Pin<alloc::boxed::Box<dyn core::future::future::Future+Output = core::result::Result<http::response::Response<linkerd_http_box::body::BoxBody>,alloc::boxed::Box<dyn core::error::Error+core::marker::Sync+core::marker::Send>>+core::marker::Send>>,linkerd_app_core::classify::Response>>",0.15
lean,grpc,64,capacity,1,doca_dma_task_memcpy_alloc_init,0.15
lean,grpc,64,capacity,1,"<linkerd_http_body_eos::BodyWithEosFn<B,F> as http_body::Body>::poll_frame",0.15
lean,grpc,64,capacity,1,"<linkerd_http_metrics::requests::service::ResponseFuture<F,C> as core::future::future::Future>::poll",0.15
lean,grpc,64,capacity,1,h2::share::RecvStream::is_end_stream,0.15
lean,grpc,64,capacity,1,tokio::runtime::scheduler::current_thread::<impl tokio::runtime::task::Schedule for alloc::sync::Arc<tokio::runtime::scheduler::current_thread::Handle>>::schedule,0.15
lean,grpc,64,capacity,1,h2::proto::streams::prioritize::Prioritize::reserve_capacity,0.15
lean,grpc,64,capacity,1,"hashbrown::raw::RawTable<T,A>::reserve_rehash",0.15
lean,grpc,64,capacity,1,hyper::headers::content_length_parse_all,0.14
lean,grpc,64,capacity,1,dmesh_doca::io::DmeshIo::poll_transmit,0.14
lean,grpc,64,capacity,1,<dmesh_doca::io::DmeshIo as tokio::io::async_read::AsyncRead>::poll_read,0.14
lean,grpc,64,capacity,1,http::header::map::Entry<T>::or_try_insert_with,0.14
lean,grpc,64,capacity,1,0x0000000000076f48,0.14
lean,grpc,64,capacity,1,bytes::bytes_mut::BytesMut::reserve_inner,0.14
lean,grpc,64,capacity,1,"<linkerd_stack::either::vendor::Either<A,B> as tower_service::Service<Request>>::call",0.14
lean,grpc,64,capacity,1,<linkerd_proxy_http::h2::Connection<B> as tower_service::Service<http::request::Request<B>>>::call,0.14
lean,grpc,64,capacity,1,tokio::runtime::task::raw::schedule,0.14
lean,grpc,64,capacity,1,h2::frame::headers::HeaderBlock::into_encoding,0.14
lean,grpc,64,capacity,1,"<linkerd_http_metrics::requests::service::HttpMetrics<S,C> as tower_service::Service<http::request::Request<A>>>::call",0.14
lean,grpc,64,capacity,1,l7_worker_run,0.14
lean,grpc,64,capacity,1,http::header::name::parse_hdr,0.14
lean,grpc,64,capacity,1,<linkerd_stack::loadshed::LoadShed<S> as tower_service::Service<Req>>::poll_ready,0.14
lean,grpc,64,capacity,1,core::ptr::drop_in_place<linkerd_app_outbound::http::logical::Concrete<linkerd_app_outbound::http::Http<linkerd_app_outbound::sidecar::HttpSidecar>>>,0.14
lean,grpc,64,capacity,1,__aarch64_ldset8_rel,0.13
lean,grpc,64,capacity,1,h2::proto::streams::recv::Recv::release_capacity,0.13
lean,grpc,64,capacity,1,dmesh_l7_driver_stopped,0.13
lean,grpc,64,capacity,1,std::sys::pal::unix::time::Timespec::now,0.13
lean,grpc,64,capacity,1,tracing::span::Span::current,0.13
lean,grpc,64,capacity,1,tokio::runtime::scheduler::current_thread::Context::park_internal,0.13
lean,grpc,64,capacity,1,"<alloc::vec::Vec<T> as alloc::vec::spec_from_iter::SpecFromIter<T,I>>::from_iter",0.13
lean,grpc,64,capacity,1,core::ptr::drop_in_place$LT$core..pin..Pin$LT$alloc..boxed..Box$LT$dyn$u20$core..future..future..Future$u2b$Output$u20$$u3d$$u20$$LP$$RP$$u2b$core..marker..Send$GT$$GT$$GT$::h223712d785558218,0.13
lean,grpc,64,capacity,1,h2::proto::streams::recv::Recv::recv_trailers,0.13
lean,grpc,64,capacity,1,<linkerd_http_detect::Detect<N> as tower_service::Service<I>>::call::{{closure}},0.13
lean,grpc,64,capacity,1,doca_task_try_submit,0.13
lean,grpc,64,capacity,1,<dmesh_l7::DirectWriter as dmesh_doca::io::TxWriter>::write,0.13
lean,grpc,64,capacity,1,h2::proto::streams::streams::StreamRef<B>::poll_reset,0.13
lean,grpc,64,capacity,1,memblock_is_map_memory,0.13
lean,grpc,64,capacity,1,_rjem_je_tcache_bin_flush_stashed,0.13
lean,grpc,64,capacity,1,tokio::sync::task::atomic_waker::AtomicWaker::register_by_ref,0.13
lean,grpc,64,capacity,1,clock_gettime@@GLIBC_2.17,0.13
lean,grpc,64,capacity,1,tokio::sync::mpsc::unbounded::UnboundedSender<T>::send,0.13
lean,grpc,64,capacity,1,<tokio::sync::batch_semaphore::Acquire as core::future::future::Future>::poll,0.13
lean,grpc,64,capacity,1,tokio::runtime::scheduler::current_thread::Context::run_task,0.13
lean,grpc,64,capacity,1,_rjem_je_sdallocx_default,0.13
lean,grpc,64,capacity,1,"<linkerd_http_classify::channel::BroadcastClassification<C,S> as tower_service::Service<http::request::Request<ReqB>>>::call",0.13
lean,grpc,64,capacity,1,<core::future::poll_fn::PollFn<F> as core::future::future::Future>::poll,0.12
lean,grpc,64,capacity,1,h2::frame::head::Head::encode,0.12
lean,grpc,64,capacity,1,"core::ptr::drop_in_place<core::result::Result<core::option::Option<h2::proto::streams::store::Key>,h2::proto::error::Error>>",0.12
lean,grpc,64,capacity,1,px_ack_queue_push,0.12
lean,grpc,64,capacity,1,drain::Watch::signaled::{{closure}},0.12
lean,grpc,64,capacity,1,core::ptr::drop_in_place<h2::frame::headers::Iter>,0.12
lean,grpc,64,capacity,1,px_unit_prepare,0.12
lean,grpc,64,capacity,1,0x00000000000004bc,0.12
lean,grpc,64,capacity,1,"<linkerd_app_outbound::http::logical::policy::route::Route<T,F,P> as core::clone::Clone>::clone",0.12
lean,grpc,64,capacity,1,"<linkerd_stack_tracing::Instrument<T,G,S> as core::ops::drop::Drop>::drop",0.12
lean,grpc,64,capacity,1,__GI___pthread_enable_asynccancel,0.12
lean,grpc,64,capacity,1,"<linkerd_http_classify::insert::InsertClassifyResponse<C,S> as tower_service::Service<http::request::Request<B>>>::call",0.12
lean,grpc,64,capacity,1,__arch_copy_from_user,0.12
lean,grpc,64,capacity,1,h2::share::RecvStream::poll_data,0.12
lean,grpc,64,capacity,1,dmesh_l7_release,0.12
lean,grpc,64,capacity,1,__aarch64_swp8_relax,0.12
lean,grpc,64,capacity,1,<tokio::sync::oneshot::Receiver<T> as core::future::future::Future>::poll,0.12
lean,grpc,64,capacity,1,linkerd_proxy_balance_queue::worker::Discovery<R>::discover::{{closure}},0.12
lean,grpc,64,capacity,1,mlx5dv_devx_get_event,0.12
lean,grpc,64,capacity,1,tokio::runtime::time::wheel::Wheel::remove,0.12
lean,grpc,64,capacity,1,"linkerd_http_metrics::requests::service::ResponseBody<B,C>::record_latency",0.12
lean,grpc,64,capacity,1,px_process_forward,0.12
lean,grpc,64,capacity,1,h2::client::SendRequest<B>::send_request,0.12
lean,grpc,64,capacity,1,__kernel_clock_gettime,0.12
lean,grpc,64,capacity,1,"<E as hyper::rt::bounds::h2_server::Http2ServerConnExec<F,B>>::execute_h2stream",0.12
lean,grpc,64,capacity,1,core::ptr::drop_in_place<[http::header::map::Bucket<http::header::value::HeaderValue>]>,0.12
lean,grpc,64,capacity,1,epoll_wait@plt,0.12
lean,grpc,64,capacity,1,"tokio::runtime::task::core::Core<T,S>::set_stage",0.12
lean,grpc,64,capacity,1,"tokio::runtime::task::harness::Harness<T,S>::complete",0.12
lean,grpc,64,capacity,1,tracing::instrument::_::<impl core::ops::drop::Drop for tracing::instrument::Instrumented<T>>::drop,0.12
lean,grpc,64,capacity,1,h2::proto::streams::stream::Stream::new,0.11
lean,grpc,64,capacity,1,__GI___libc_write,0.11
lean,grpc,64,capacity,1,linkerd_http_metrics::requests::service::measure_class,0.11
lean,grpc,64,capacity,1,_rjem_mallocx,0.11
lean,grpc,64,capacity,1,dmesh_l7_tx_batch_write,0.11
lean,grpc,64,capacity,1,"hashbrown::rustc_entry::<impl hashbrown::map::HashMap<K,V,S,A>>::rustc_entry",0.11
lean,grpc,64,capacity,1,h2::proto::streams::state::State::recv_close,0.11
lean,grpc,64,capacity,1,bytes::bytes_mut::shared_v_drop,0.11
lean,grpc,64,capacity,1,h2::proto::streams::streams::StreamRef<B>::send_trailers,0.11
lean,grpc,64,capacity,1,set_user_sigmask,0.11
lean,grpc,64,capacity,1,bytes::bytes_mut::BytesMut::split_to,0.11
lean,grpc,64,capacity,1,0x00000000000ae134,0.11
lean,grpc,64,capacity,1,px_l7_tx_commit,0.11
lean,grpc,64,capacity,1,h2::proto::streams::prioritize::Prioritize::pop_pending_open,0.11
lean,grpc,64,capacity,1,h2::hpack::encoder::encode_str,0.11
lean,grpc,64,capacity,1,tokio_util::sync::mpsc::make_acquire_future::{{closure}},0.11
lean,grpc,64,capacity,1,0x000000000001d81c,0.11
lean,grpc,64,capacity,1,l7_conn_segment,0.11
lean,grpc,64,capacity,1,priv_doca_ctx_on_arm,0.11
lean,grpc,64,capacity,1,<core::pin::Pin<P> as futures_core::stream::Stream>::poll_next,0.11
lean,grpc,64,capacity,1,"<linkerd_stack_tracing::Instrument<T,G,S> as tower_service::Service<Req>>::poll_ready",0.11
lean,grpc,64,capacity,1,<Q as hashbrown::Equivalent<K>>::equivalent,0.11
lean,grpc,64,capacity,1,linkerd_proxy_balance_queue::worker::PoolDriver<P>::call,0.11
lean,grpc,64,capacity,1,0x00000000000004d8,0.11
lean,grpc,64,capacity,1,_rjem_je_tcache_bin_flush_small,0.11
lean,grpc,64,capacity,1,h2::client::Peer::convert_send_message,0.11
lean,grpc,64,capacity,1,<S as futures_core::stream::TryStream>::try_poll_next,0.11
lean,grpc,64,capacity,1,<T as core::any::Any>::type_id,0.11
lean,grpc,64,capacity,1,h2::proto::streams::streams::Actions::reset_on_recv_stream_err,0.1
lean,grpc,64,capacity,1,tokio::sync::oneshot::Sender<T>::poll_closed,0.1
lean,grpc,64,capacity,1,core::ptr::drop_in_place<h2::hpack::header::Header>,0.1
lean,grpc,64,capacity,1,0x00000000000b03b4,0.1
lean,grpc,64,capacity,1,px_bind_worker,0.1
lean,grpc,64,capacity,1,linkerd_proxy_http::client_handle::ClientHandle::new::{{closure}},0.1
lean,grpc,64,capacity,1,px_rev_submit_copy.part.0,0.1
lean,grpc,64,capacity,1,0x0000000000014a84,0.1
lean,grpc,64,capacity,1,h2::proto::streams::recv::Recv::release_connection_capacity,0.1
lean,grpc,64,capacity,1,0x00000000000004ac,0.1
lean,grpc,64,capacity,1,0x00000000000b03bc,0.1
lean,grpc,64,capacity,1,_rjem_je_arena_cache_bin_fill_small,0.1
lean,grpc,64,capacity,1,h2::proto::streams::store::Store::find_entry,0.1
lean,grpc,64,capacity,1,<tokio::time::sleep::Sleep as core::future::future::Future>::poll,0.1
lean,grpc,64,capacity,1,px_unit_alloc,0.1
lean,grpc,64,capacity,1,http::extensions::Extensions::insert,0.1
lean,grpc,64,capacity,1,"core::ptr::drop_in_place<linkerd_stack_metrics::service::TrackService<linkerd_stack::either::vendor::Either<linkerd_http_box::response::BoxResponse<linkerd_stack::gate::Gate<linkerd_proxy_balance_queue::service::PoolQueue<http::request::Request<linkerd_http_box::body::BoxBody>,futures_util::future::try_future::ErrInto<tower::load::completion::TrackCompletionFuture<core::pin::Pin<alloc::boxed::Box<dyn core::future::future::Future+Output = core::result::Result<http::response::Response<linkerd_http_classify::channel::ResponseBody<linkerd_app_core::classify::Eos,linkerd_http_box::body::BoxBody>>,alloc::boxed::Box<dyn core::error::Error+core::marker::Sync+core::marker::Send>>+core::marker::Send>>,hyper_balance::PendingUntilFirstData,tower::load::peak_ewma::Handle>,alloc::boxed::Box<dyn core::error::Error+core::marker::Sync+core::marker::Send>>>>>,linkerd_http_box::response::BoxResponse<linkerd_stack::gate::Gate<linkerd_proxy_balance_queue::service::PoolQueue<http::request::Request<linkerd_http_box::body::BoxBody>,futures_util::future::try_future::ErrInto<linkerd_load_biaser::LoadBiaserFuture<core::pin::Pin<alloc::boxed::Box<dyn core::future::future::Future+Output = core::result::Result<http::response::Response<linkerd_http_classify::channel::ResponseBody<linkerd_app_core::classify::Eos,linkerd_http_box::body::BoxBody>>,alloc::boxed::Box<dyn core::error::Error+core::marker::Sync+core::marker::Send>>+core::marker::Send>>,http::response::Response<linkerd_http_classify::channel::ResponseBody<linkerd_app_core::classify::Eos,linkerd_http_box::body::BoxBody>>,hyper_balance::PendingUntilFirstData>,alloc::boxed::Box<dyn core::error::Error+core::marker::Sync+core::marker::Send>>>>>>>>",0.09
lean,grpc,64,capacity,1,_rjem_je_te_event_trigger,0.09
lean,grpc,64,capacity,1,px_dma_done_cb,0.09
lean,grpc,64,capacity,1,hyper::proto::h2::strip_connection_headers,0.09
lean,grpc,64,capacity,1,px_upstream_resolve.constprop.0,0.09
lean,grpc,64,capacity,1,h2::hpack::header::Header::len,0.09
lean,grpc,64,capacity,1,"hashbrown::map::HashMap<K,V,S,A>::insert",0.09
lean,grpc,64,capacity,1,"core::ptr::drop_in_place<(dmesh_doca::runtime::readable::{{closure}},dmesh_doca::runtime::readable::{{closure}},dmesh_doca::runtime::readable::{{closure}},core::future::poll_fn::PollFn<dmesh_doca::runtime::run<dmesh_l7::ExternalBackend>::{{closure}}::{{closure}}::{{closure}}>,tokio::time::sleep::Sleep)>",0.09
lean,grpc,64,capacity,1,<dmesh_l7::ExternalBackend as dmesh_doca::runtime::RuntimeBackend>::maintenance,0.09
lean,grpc,64,capacity,1,"linkerd_http_classify::channel::_::<impl core::ops::drop::Drop for linkerd_http_classify::channel::ResponseBody<C,B>>::drop",0.09
lean,grpc,64,capacity,1,security_file_permission,0.09
lean,grpc,64,capacity,1,memcpy@plt,0.09
lean,grpc,64,capacity,1,h2::frame::headers::calculate_headermap_size,0.09
lean,grpc,64,capacity,1,"core::ptr::drop_in_place<linkerd_stack::map_err::ResponseFuture<(),tracing::instrument::Instrumented<linkerd_stack::map_err::ResponseFuture<linkerd_stack::map_err::WrapFromTarget<linkerd_app_outbound::http::concrete::balance::Balance<linkerd_app_outbound::http::logical::Concrete<linkerd_app_outbound::http::Http<linkerd_app_outbound::sidecar::HttpSidecar>>>,linkerd_app_outbound::http::concrete::balance::BalanceError>,linkerd_stack::either::vendor::Either<futures_util::future::try_future::MapOk<linkerd_proxy_balance_queue::future::ResponseFuture<futures_util::future::try_future::ErrInto<tower::load::completion::TrackCompletionFuture<core::pin::Pin<alloc::boxed::Box<dyn core::future::future::Future+Output = core::result::Result<http::response::Response<linkerd_http_classify::channel::ResponseBody<linkerd_app_core::classify::Eos,linkerd_http_box::body::BoxBody>>,alloc::boxed::Box<dyn core::error::Error+core::marker::Sync+core::marker::Send>>+core::marker::Send>>,hyper_balance::PendingUntilFirstData,tower::load::peak_ewma::Handle>,alloc::boxed::Box<dyn core::error::Error+core::marker::Sync+core::marker::Send>>>,fn(http::response::Response<hyper_balance::PendingUntilFirstDataBody<tower::load::peak_ewma::Handle,linkerd_http_classify::channel::ResponseBody<linkerd_app_core::classify::Eos,linkerd_http_box::body::BoxBody>>>) .> http::response::Response<linkerd_http_box::body::BoxBody>>,futures_util::future::try_future::MapOk<linkerd_proxy_balance_queue::future::ResponseFuture<futures_util::future::try_future::ErrInto<linkerd_load_biaser::LoadBiaserFuture<core::pin::Pin<alloc::boxed::Box<dyn core::future::future::Future+Output = core::result::Result<http::response::Response<linkerd_http_classify::channel::ResponseBody<linkerd_app_core::classify::Eos,linkerd_http_box::body::BoxBody>>,alloc::boxed::Box<dyn core::error::Error+core::marker::Sync+core::marker::Send>>+core::marker::Send>>,http::response::Response<linkerd_http_classify::channel::ResponseBody<linkerd_app_core::classify::Eos,linkerd_http_box::body::BoxBody>>,hyper_balance::PendingUntilFirstData>,alloc::boxed::Box<dyn core::error::Error+core::marker::Sync+core::marker::Send>>>,fn(http::response::Response<hyper_balance::PendingUntilFirstDataBody<core::option::Option<linkerd_load_biaser::Handle>,linkerd_http_classify::channel::ResponseBody<linkerd_app_core::classify::Eos,linkerd_http_box::body::BoxBody>>>) .> http::response::Response<linkerd_http_box::body::BoxBody>>>>>>>",0.09
lean,grpc,64,capacity,1,h2::proto::streams::flow_control::FlowControl::send_data,0.09
lean,grpc,64,capacity,1,ep_done_scan,0.09
lean,grpc,64,capacity,1,hashbrown::raw::RawTableInner::drop_elements,0.09
lean,grpc,64,capacity,1,"<futures_util::future::try_future::MapErr<Fut,F> as core::future::future::Future>::poll",0.09
lean,grpc,64,capacity,1,h2::proto::streams::prioritize::Prioritize::queue_frame,0.09
lean,grpc,64,capacity,1,core::ptr::drop_in_place<tracing::span::EnteredSpan>,0.09
lean,grpc,64,capacity,1,std::sys::pal::unix::time::Timespec::sub_timespec,0.09
lean,grpc,64,capacity,1,"<futures_util::future::either::Either<A,B> as core::future::future::Future>::poll",0.09
lean,grpc,64,capacity,1,dmesh_l7_driver_clear_notifications,0.09
lean,grpc,64,capacity,1,"core::ptr::drop_in_place<linkerd_app_outbound::http::logical::policy::route::Matched<linkerd_http_route::http::match::RequestMatch,linkerd_app_outbound::http::logical::policy::route::Route<linkerd_app_outbound::http::Http<linkerd_app_outbound::sidecar::HttpSidecar>,linkerd_proxy_client_policy::http::Filter,linkerd_proxy_client_policy::http::RouteParams>>>",0.09
lean,grpc,64,capacity,1,exp@@GLIBC_2.29,0.09
lean,grpc,64,capacity,1,<h2::proto::streams::streams::OpaqueStreamRef as core::clone::Clone>::clone,0.09
lean,grpc,64,capacity,1,linkerd_app_outbound::http::logical::policy::route::filters::apply_http_request,0.09
lean,grpc,64,capacity,1,"<linkerd_app_outbound::http::logical::policy::route::filters::ApplyFilters<A,S> as tower_service::Service<http::request::Request<B>>>::call",0.09
lean,grpc,64,capacity,1,vfs_write,0.09
lean,grpc,64,capacity,1,linkerd_proxy_balance_queue::worker::PoolDriver<P>::ready_or_failfast::{{closure}},0.09
lean,grpc,64,capacity,1,linkerd_app_outbound::http::logical::policy::route::metrics::labels::Route::new,0.09
lean,grpc,64,capacity,1,"h2::proto::streams::streams::Streams<B,P>::next_incoming",0.08
lean,grpc,64,capacity,1,core::ptr::drop_in_place<http::header::map::HeaderMap>,0.08
lean,grpc,64,capacity,1,px_arrival_release,0.08
lean,grpc,64,capacity,1,<std::hash::random::DefaultHasher as core::hash::Hasher>::write,0.08
lean,grpc,64,capacity,1,new_sync_read,0.08
lean,grpc,64,capacity,1,<linkerd_http_prom::body_data::response::RecordBodyData<S> as tower_service::Service<http::request::Request<ReqB>>>::call,0.08
lean,grpc,64,capacity,1,select_estimate_accuracy,0.08
lean,grpc,64,capacity,1,px_l7_stats_report,0.08
lean,grpc,64,capacity,1,mlx5dv_devx_get_event@plt,0.08
lean,grpc,64,capacity,1,tokio::sync::batch_semaphore::Semaphore::add_permits_locked,0.08
lean,grpc,64,capacity,1,0x000000000001d7dc,0.08
lean,grpc,64,capacity,1,linkerd_proxy_balance_queue::failfast::Failfast::set_ready,0.08
lean,grpc,64,capacity,1,h2::proto::streams::recv::Recv::open,0.08
lean,grpc,64,capacity,1,<tracing_subscriber::registry::sharded::Registry as tracing_core::subscriber::Subscriber>::current_span,0.08
lean,grpc,64,capacity,1,http::uri::path::PathAndQuery::from_shared,0.08
lean,grpc,64,capacity,1,"linkerd_http_prom::record_response::response::<impl tower_service::Service<http::request::Request<linkerd_http_box::body::BoxBody>> for linkerd_http_prom::record_response::RecordDuration<M,linkerd_http_prom::record_response::response::ResponseMetrics<<M as linkerd_http_prom::stream_label::MkStreamLabel>::DurationLabels>,S>>::call",0.08
lean,grpc,64,capacity,1,"<linkerd_io::sensor::SensorIo<T,S> as tokio::io::async_write::AsyncWrite>::poll_write_vectored",0.08
lean,grpc,64,capacity,1,doca_pe_get_notification_handle,0.08
lean,grpc,64,capacity,1,<linkerd_proxy_http::normalize_uri::MarkAbsoluteForm<S> as tower_service::Service<http::request::Request<B>>>::call,0.08
lean,grpc,64,capacity,1,px_lane_retire,0.08
lean,grpc,64,capacity,1,tracing::span::Span::in_scope,0.08
lean,grpc,64,capacity,1,0x00000000000b03b8,0.08
lean,grpc,64,capacity,1,core::ptr::drop_in_place<linkerd_http_box::body::Inner<linkerd_http_prom::body_data::body::Body<linkerd_http_box::body::BoxBody>>>,0.08
lean,grpc,64,capacity,1,clock_gettime@plt,0.08
lean,grpc,64,capacity,1,h2::hpack::decoder::decode_int,0.08
lean,grpc,64,capacity,1,h2::proto::streams::stream::Stream::notify_capacity,0.08
lean,grpc,64,capacity,1,px_advance,0.08
lean,grpc,64,capacity,1,"core::ptr::drop_in_place<tower::util::oneshot::State<linkerd_stack::box_service::BoxCloneSyncService<http::request::Request<linkerd_http_box::body::BoxBody>,http::response::Response<linkerd_http_box::body::BoxBody>>,http::request::Request<linkerd_http_box::body::BoxBody>>>",0.08
lean,grpc,64,capacity,1,0x0000000000079a70,0.08
lean,grpc,64,capacity,1,"<alloc::vec::Vec<T,A> as core::clone::Clone>::clone",0.08
lean,grpc,64,capacity,1,"indexmap::map::IndexMap<K,V,S>::swap_remove",0.07
lean,grpc,64,capacity,1,0x00000000000031e4,0.07
lean,grpc,64,capacity,1,dmesh_doca::runtime::readable::{{closure}},0.07
lean,grpc,64,capacity,1,<linkerd_app_outbound::http::concrete::Dispatch as core::hash::Hash>::hash,0.07
lean,grpc,64,capacity,1,tokio::runtime::io::scheduled_io::ScheduledIo::wake,0.07
lean,grpc,64,capacity,1,"indexmap::map::IndexMap<K,V,S>::insert_full",0.07
lean,grpc,64,capacity,1,h2::proto::streams::send::Send::check_headers,0.07
lean,grpc,64,capacity,1,__check_heap_object,0.07
lean,grpc,64,capacity,1,"core::ptr::drop_in_place<linkerd_stack::map_err::ResponseFuture<(),linkerd_stack::map_err::ResponseFuture<linkerd_app_outbound::http::logical::policy::route::Matched<linkerd_http_route::http::match::RequestMatch,linkerd_app_outbound::http::logical::policy::route::Route<linkerd_app_outbound::http::Http<linkerd_app_outbound::sidecar::HttpSidecar>,linkerd_proxy_client_policy::http::Filter,linkerd_proxy_client_policy::http::RouteParams>>::layer<linkerd_distribute::cache::BackendCache<linkerd_app_outbound::http::logical::Concrete<linkerd_app_outbound::http::Http<linkerd_app_outbound::sidecar::HttpSidecar>>,linkerd_stack::box_service::BoxCloneSyncService<http::request::Request<linkerd_http_box::body::BoxBody>,http::response::Response<linkerd_http_box::body::BoxBody>>>,linkerd_stack::box_service::BoxCloneSyncService<http::request::Request<linkerd_http_box::body::BoxBody>,http::response::Response<linkerd_http_box::body::BoxBody>>>::{{closure}}::{{closure}}::{{closure}},futures_util::future::try_future::MapOk<linkerd_http_prom::status::RecordStatusFuture<linkerd_http_prom::record_response::ResponseFuture<linkerd_app_outbound::http::logical::policy::route::metrics::LabelHttpRsp<linkerd_app_outbound::http::logical::policy::route::metrics::labels::Route>,futures_util::future::either::Either<futures_util::future::either::Either<futures_util::future::ready::Ready<core::result::Result<http::response::Response<linkerd_http_box::body::BoxBody>,alloc::boxed::Box<dyn core::error::Error+core::marker::Sync+core::marker::Send>>>,futures_util::future::try_future::ErrInto<linkerd_app_outbound::http::logical::policy::route::filters::ResponseFuture<linkerd_app_outbound::http::logical::policy::route::Matched<linkerd_http_route::http::match::RequestMatch,linkerd_app_outbound::http::logical::policy::route::Route<linkerd_app_outbound::http::Http<linkerd_app_outbound::sidecar::HttpSidecar>,linkerd_proxy_client_policy::http::Filter,linkerd_proxy_client_policy::http::RouteParams>>,futures_util::future::either::Either<futures_util::future::try_future::MapErr<core::pin::Pin<alloc::boxed::Box<dyn core::future::future::Future+Output = core::result::Result<http::response::Response<linkerd_http_box::body::BoxBody>,alloc::boxed::Box<dyn core::error::Error+core::marker::Sync+core::marker::Send>>+core::marker::Send>>,fn(alloc::boxed::Box<dyn core::error::Error+core::marker::Sync+core::marker::Send>) .> alloc::boxed::Box<dyn core::error::Error+core::marker::Sync+core::marker::Send>>,futures_util::future::ready::Ready<core::result::Result<http::response::Response<linkerd_http_box::body::BoxBody>,alloc::boxed::Box<dyn core::error::Error+core::marker::Sync+core::marker::Send>>>>>,alloc::boxed::Box<dyn core::error::Error+core::marker::Sync+core::marker::Send>>>,core::pin::Pin<alloc::boxed::Box<dyn core::future::future::Future+Output = core::result::Result<http::response::Response<linkerd_http_box::body::BoxBody>,alloc::boxed::Box<dyn core::error::Error+core::marker::Sync+core::marker::Send>>+core::marker::Send>>>>,linkerd_app_outbound::http::logical::policy::route::metrics::LabelHttpRsp<linkerd_app_outbound::http::logical::policy::route::metrics::labels::Route>,linkerd_app_outbound::http::logical::policy::route::metrics::labels::Rsp<linkerd_app_outbound::http::logical::policy::route::metrics::labels::Route,linkerd_app_outbound::http::logical::policy::route::metrics::labels::HttpRsp>>,fn(http::response::Response<http_body_util::either::Either<linkerd_http_body_eos::BodyWithEosFn<linkerd_http_box::body::BoxBody,alloc::boxed::Box<dyn core::ops::function::FnOnce<(linkerd_http_body_eos::EosRef<alloc::boxed::Box<dyn core::error::Error+core::marker::Sync+core::marker::Send>>,)>+Output = ()+core::marker::Send>>,linkerd_http_box::body::BoxBody>>) .> http::response::Response<linkerd_http_box::body::BoxBody>>>>>",0.07
lean,grpc,64,capacity,1,"alloc::vec::Vec<T,A>::into_boxed_slice",0.07
lean,grpc,64,capacity,1,ktime_get_ts64,0.07
lean,grpc,64,capacity,1,linkerd_http_route::find::{{closure}}::{{closure}},0.07
lean,grpc,64,capacity,1,"core::ptr::drop_in_place<linkerd_app_outbound::http::logical::policy::route::Route<linkerd_app_outbound::http::Http<linkerd_app_outbound::sidecar::HttpSidecar>,linkerd_proxy_client_policy::http::Filter,linkerd_proxy_client_policy::http::RouteParams>>",0.07
lean,grpc,64,capacity,1,"<linkerd_stack::map_err::WrapFromTarget<T,E> as core::clone::Clone>::clone",0.07
lean,grpc,64,capacity,1,<h2::client::ResponseFuture as core::future::future::Future>::poll,0.07
lean,grpc,64,capacity,1,_rjem_je_arena_ralloc,0.07
lean,grpc,64,capacity,1,"h2::proto::streams::streams::Streams<B,P>::clear_expired_reset_streams",0.07
lean,grpc,64,capacity,1,0x0000000000005994,0.07
lean,grpc,64,capacity,1,h2::proto::streams::streams::StreamRef<B>::capacity,0.07
lean,grpc,64,capacity,1,core::ptr::drop_in_place<linkerd_http_box::body::Inner<linkerd_http_prom::record_response::ResponseBody<linkerd_app_outbound::http::logical::policy::route::metrics::LabelHttpRsp<linkerd_app_outbound::http::logical::policy::route::metrics::labels::Route>>>>,0.07
lean,grpc,64,capacity,1,<hyper_util::rt::tokio::TokioIo<T> as hyper::rt::io::Write>::poll_flush,0.07
lean,grpc,64,capacity,1,eventfd_poll,0.07
lean,grpc,64,capacity,1,h2::client::SendRequest<B>::poll_ready,0.07
lean,grpc,64,capacity,1,px_peer_stats_report,0.07
lean,grpc,64,capacity,1,"hyper::client::dispatch::Receiver<T,U>::poll_recv",0.07
lean,grpc,64,capacity,1,doca_pe_request_notification,0.07
lean,grpc,64,capacity,1,h2::frame::headers::Pseudo::set_scheme,0.07
lean,grpc,64,capacity,1,linkerd_proxy_tap::registry::Registry::get_taps,0.07
lean,grpc,64,capacity,1,"<linkerd_error_respond::RespondService<R,S> as tower_service::Service<Req>>::call",0.07
lean,grpc,64,capacity,1,core::hash::Hash::hash_slice,0.07
lean,grpc,64,capacity,1,<tower::spawn_ready::service::SpawnReady<S> as tower_service::Service<Req>>::poll_ready,0.07
lean,grpc,64,capacity,1,tokio_util::sync::poll_semaphore::PollSemaphore::poll_acquire,0.07
lean,grpc,64,capacity,1,"<linkerd_http_metrics::requests::service::RequestBody<B,C> as http_body::Body>::poll_frame",0.07
lean,grpc,64,capacity,1,"core::ptr::drop_in_place<hyper_util::service::oneshot::Oneshot<linkerd_http_box::request::BoxRequest<hyper::body::incoming::Incoming,linkerd_proxy_http::client_handle::SetClientHandle<linkerd_stack::box_service::BoxCloneSyncService<http::request::Request<linkerd_http_box::body::BoxBody>,http::response::Response<linkerd_http_box::body::BoxBody>>>>,http::request::Request<hyper::body::incoming::Incoming>>>",0.07
lean,grpc,64,capacity,1,tcache_bin_flush_edatas_lookup.constprop.0,0.07
lean,grpc,64,capacity,1,_rjem_je_arena_palloc,0.07
lean,grpc,64,capacity,1,0x000000000007687c,0.07
lean,grpc,64,capacity,1,linkerd_http_route::find::{{closure}},0.07
lean,grpc,64,capacity,1,<linkerd_proxy_http::client_handle::SetClientHandle<S> as tower_service::Service<http::request::Request<B>>>::call,0.07
lean,grpc,64,capacity,1,h2::share::FlowControl::release_capacity,0.07
lean,grpc,64,capacity,1,hyper::proto::h2::ping::Recorder::record_non_data,0.07
lean,grpc,64,capacity,1,core::ptr::drop_in_place<h2::frame::headers::Pseudo>,0.07
lean,grpc,64,capacity,1,"core::ptr::drop_in_place<linkerd_stack::map_err::ResponseFuture<(),futures_util::future::either::Either<futures_util::future::try_future::MapErr<tower::util::oneshot::Oneshot<linkerd_stack::box_service::BoxCloneSyncService<http::request::Request<linkerd_http_box::body::BoxBody>,http::response::Response<linkerd_http_box::body::BoxBody>>,http::request::Request<linkerd_http_box::body::BoxBody>>,fn(alloc::boxed::Box<dyn core::error::Error+core::marker::Sync+core::marker::Send>) .> alloc::boxed::Box<dyn core::error::Error+core::marker::Sync+core::marker::Send>>,futures_util::future::ready::Ready<core::result::Result<http::response::Response<linkerd_http_box::body::BoxBody>,alloc::boxed::Box<dyn core::error::Error+core::marker::Sync+core::marker::Send>>>>>>",0.07
lean,grpc,64,capacity,1,__GI___pthread_disable_asynccancel,0.07
lean,grpc,64,capacity,1,rseq_get_rseq_cs.isra.0,0.07
lean,grpc,64,capacity,1,do_epoll_wait,0.07
lean,grpc,64,capacity,1,"<tokio::sync::mpsc::chan::Tx<T,S> as core::ops::drop::Drop>::drop",0.07
lean,grpc,64,capacity,1,<F as linkerd_stack_tracing::GetSpan<T>>::get_span,0.07
lean,grpc,64,capacity,1,<linkerd_stack::result::ResultService<S> as tower_service::Service<T>>::poll_ready,0.07
lean,grpc,64,capacity,1,"alloc::sync::Arc<T,A>::drop_slow",0.07
lean,grpc,64,capacity,1,"core::ptr::drop_in_place<linkerd_http_classify::channel::ResponseBody<linkerd_app_core::classify::Eos,linkerd_http_box::body::BoxBody>>",0.06
lean,grpc,64,capacity,1,_rjem_je_malloc_default,0.06
lean,grpc,64,capacity,1,tokio::runtime::task::waker::wake_by_ref,0.06
lean,grpc,64,capacity,1,h2::proto::streams::store::Store::insert,0.06
lean,grpc,64,capacity,1,"core::ptr::drop_in_place<linkerd_stack::map_err::WrapFromTarget<linkerd_app_outbound::http::logical::RouterParams<linkerd_app_outbound::http::Http<linkerd_app_outbound::sidecar::HttpSidecar>>,linkerd_app_outbound::http::logical::LogicalError>>",0.06
lean,grpc,64,capacity,1,"<E as hyper::rt::bounds::h2_client::Http2ClientConnExec<B,T>>::execute_h2_future",0.06
lean,grpc,64,capacity,1,"<tracing_subscriber::layer::layered::Layered<L,S> as tracing_core::subscriber::Subscriber>::current_span",0.06
lean,grpc,64,capacity,1,priv_doca_cq_datapath_objects_get,0.06
lean,grpc,64,capacity,1,<h2::share::RecvStream as core::ops::drop::Drop>::drop,0.06
lean,grpc,64,capacity,1,tokio::runtime::driver::Driver::park_timeout,0.06
lean,grpc,64,capacity,1,"core::ptr::drop_in_place<linkerd_stack::map_err::ResponseFuture<(),linkerd_stack::map_err::ResponseFuture<linkerd_stack::map_err::WrapFromTarget<linkerd_app_outbound::http::concrete::Endpoint<linkerd_app_outbound::http::logical::Concrete<linkerd_app_outbound::http::Http<linkerd_app_outbound::sidecar::HttpSidecar>>>,linkerd_app_outbound::http::endpoint::EndpointError>,futures_util::future::try_future::MapErr<tower::spawn_ready::future::ResponseFuture<core::pin::Pin<alloc::boxed::Box<dyn core::future::future::Future+Output = core::result::Result<http::response::Response<linkerd_http_box::body::BoxBody>,alloc::boxed::Box<dyn core::error::Error+core::marker::Sync+core::marker::Send>>+core::marker::Send>>,alloc::boxed::Box<dyn core::error::Error+core::marker::Sync+core::marker::Send>>,fn(alloc::boxed::Box<dyn core::error::Error+core::marker::Sync+core::marker::Send>) .> alloc::boxed::Box<dyn core::error::Error+core::marker::Sync+core::marker::Send>>>>>",0.06
lean,grpc,64,capacity,1,h2::proto::streams::prioritize::Prioritize::recv_stream_window_update,0.06
lean,grpc,64,capacity,1,"<futures_util::fns::MapOkFn<F> as futures_util::fns::FnOnce1<core::result::Result<T,E>>>::call_once",0.06
lean,grpc,64,capacity,1,core::ptr::drop_in_place<core::option::Option<tokio::runtime::Timer>>,0.06
lean,grpc,64,capacity,1,"core::ptr::drop_in_place<linkerd_stack::result::ResultService<linkerd_stack::either::vendor::Either<tower::util::boxed::sync::BoxService<linkerd_io::sensor::SensorIo<linkerd_io::prefixed::PrefixedIo<linkerd_io::either::EitherIo<linkerd_meshtls::server::ServerIo<linkerd_io::either::EitherIo<linkerd_io::scoped::ScopedIo<tokio::net::tcp::stream::TcpStream>,linkerd_io::prefixed::PrefixedIo<linkerd_io::scoped::ScopedIo<tokio::net::tcp::stream::TcpStream>>>>,linkerd_io::either::EitherIo<linkerd_io::scoped::ScopedIo<tokio::net::tcp::stream::TcpStream>,linkerd_io::prefixed::PrefixedIo<linkerd_io::scoped::ScopedIo<tokio::net::tcp::stream::TcpStream>>>>>,linkerd_transport_metrics::sensor::Sensor>,(),alloc::boxed::Box<dyn core::error::Error+core::marker::Sync+core::marker::Send>>,tower::util::boxed::sync::BoxService<linkerd_io::sensor::SensorIo<linkerd_io::prefixed::PrefixedIo<linkerd_io::either::EitherIo<linkerd_meshtls::server::ServerIo<linkerd_io::either::EitherIo<linkerd_io::scoped::ScopedIo<tokio::net::tcp::stream::TcpStream>,linkerd_io::prefixed::PrefixedIo<linkerd_io::scoped::ScopedIo<tokio::net::tcp::stream::TcpStream>>>>,linkerd_io::either::EitherIo<linkerd_io::scoped::ScopedIo<tokio::net::tcp::stream::TcpStream>,linkerd_io::prefixed::PrefixedIo<linkerd_io::scoped::ScopedIo<tokio::net::tcp::stream::TcpStream>>>>>,linkerd_transport_metrics::sensor::Sensor>,(),alloc::boxed::Box<dyn core::error::Error+core::marker::Sync+core::marker::Send>>>>>",0.06
lean,grpc,64,capacity,1,priv_doca_cq_empty@plt,0.06
lean,grpc,64,capacity,1,"<alloc::vec::into_iter::IntoIter<T,A> as core::ops::drop::Drop>::drop",0.06
lean,grpc,64,capacity,1,px_drain_stalled,0.06
lean,grpc,64,capacity,1,linkerd_proxy_tap::service::_::<impl core::ops::drop::Drop for linkerd_proxy_tap::service::Body<B>>::drop,0.06
lean,grpc,64,capacity,1,0x00000000000ae130,0.06
lean,grpc,64,capacity,1,core::ptr::drop_in_place<hyper::proto::h2::PipeToSendStream<linkerd_http_box::body::BoxBody>>,0.06
lean,grpc,64,capacity,1,0x00000000000148a0,0.06
lean,grpc,64,capacity,1,hyper::proto::h2::ping::Recorder::record_data,0.06
lean,grpc,64,capacity,1,core::ptr::drop_in_place<hyper::client::conn::http2::SendRequest<linkerd_http_box::body::BoxBody>::send_request::{{closure}}>,0.06
lean,grpc,64,capacity,1,"core::ptr::drop_in_place<linkerd_proxy_tap::service::Body<linkerd_app_core::errors::body::ResponseBody<linkerd_app_outbound::http::endpoint::ClientRescue,linkerd_http_stream_timeouts::ResponseBody<linkerd_http_box::body::BoxBody>>>>",0.06
lean,grpc,64,capacity,1,<hyper::common::io::compat::Compat<T> as tokio::io::async_read::AsyncRead>::poll_read,0.06
lean,grpc,64,capacity,1,"core::ptr::drop_in_place<futures_util::future::either::Either<futures_util::future::try_future::MapErr<core::pin::Pin<alloc::boxed::Box<dyn core::future::future::Future+Output = core::result::Result<http::response::Response<linkerd_http_box::body::BoxBody>,alloc::boxed::Box<dyn core::error::Error+core::marker::Sync+core::marker::Send>>+core::marker::Send>>,fn(alloc::boxed::Box<dyn core::error::Error+core::marker::Sync+core::marker::Send>) .> alloc::boxed::Box<dyn core::error::Error+core::marker::Sync+core::marker::Send>>,futures_util::future::ready::Ready<core::result::Result<http::response::Response<linkerd_http_box::body::BoxBody>,alloc::boxed::Box<dyn core::error::Error+core::marker::Sync+core::marker::Send>>>>>",0.06
lean,grpc,64,capacity,1,<linkerd_app_core::classify::Eos as linkerd_http_classify::ClassifyEos>::eos,0.06
lean,grpc,64,capacity,1,http::uri::Uri::from_parts,0.06
lean,grpc,64,capacity,1,h2::proto::streams::streams::StreamRef<B>::send_response,0.06
lean,grpc,64,capacity,1,px_parse_l7,0.05
lean,grpc,64,capacity,1,__arch_copy_to_user,0.05
lean,grpc,64,capacity,1,pfn_is_map_memory,0.05
lean,grpc,64,capacity,1,h2::proto::streams::streams::maybe_cancel,0.05
lean,grpc,64,capacity,1,h2::proto::streams::prioritize::Prioritize::reclaim_frame_inner,0.05
lean,grpc,64,capacity,1,0x00000000000b6e20,0.05
lean,grpc,64,capacity,1,<bytes::bytes_mut::BytesMut as core::ops::drop::Drop>::drop,0.05
lean,grpc,64,capacity,1,"core::ptr::drop_in_place<futures_util::future::try_future::into_future::IntoFuture<linkerd_app_outbound::http::logical::policy::route::filters::ResponseFuture<linkerd_app_outbound::http::logical::policy::route::Matched<linkerd_http_route::http::match::RequestMatch,linkerd_app_outbound::http::logical::policy::route::Route<linkerd_app_outbound::http::Http<linkerd_app_outbound::sidecar::HttpSidecar>,linkerd_proxy_client_policy::http::Filter,linkerd_proxy_client_policy::http::RouteParams>>,futures_util::future::either::Either<futures_util::future::try_future::MapErr<core::pin::Pin<alloc::boxed::Box<dyn core::future::future::Future+Output = core::result::Result<http::response::Response<linkerd_http_box::body::BoxBody>,alloc::boxed::Box<dyn core::error::Error+core::marker::Sync+core::marker::Send>>+core::marker::Send>>,fn(alloc::boxed::Box<dyn core::error::Error+core::marker::Sync+core::marker::Send>) .> alloc::boxed::Box<dyn core::error::Error+core::marker::Sync+core::marker::Send>>,futures_util::future::ready::Ready<core::result::Result<http::response::Response<linkerd_http_box::body::BoxBody>,alloc::boxed::Box<dyn core::error::Error+core::marker::Sync+core::marker::Send>>>>>>>",0.05
lean,grpc,64,capacity,1,tokio::time::sleep::Sleep::new_timeout,0.05
lean,grpc,64,capacity,1,px_lane_enqueue,0.05
lean,grpc,64,capacity,1,<tonic_prost::codec::ProstDecoder<U> as tonic::codec::Decoder>::buffer_settings,0.05
lean,grpc,64,capacity,1,ksys_read,0.05
lean,grpc,64,capacity,1,"core::ptr::drop_in_place<linkerd_stack::map_err::ResponseFuture<(),linkerd_stack::map_err::ResponseFuture<linkerd_stack::map_err::WrapFromTarget<linkerd_app_outbound::http::logical::RouterParams<linkerd_app_outbound::http::Http<linkerd_app_outbound::sidecar::HttpSidecar>>,linkerd_app_outbound::http::logical::LogicalError>,futures_util::future::try_future::ErrInto<linkerd_stack::either::vendor::Either<core::pin::Pin<alloc::boxed::Box<dyn core::future::future::Future+Output = core::result::Result<http::response::Response<linkerd_http_box::body::BoxBody>,alloc::boxed::Box<dyn core::error::Error+core::marker::Sync+core::marker::Send>>+core::marker::Send>>,futures_util::future::try_future::ErrInto<linkerd_stack::either::vendor::Either<core::pin::Pin<alloc::boxed::Box<dyn core::future::future::Future+Output = core::result::Result<http::response::Response<linkerd_http_box::body::BoxBody>,alloc::boxed::Box<dyn core::error::Error+core::marker::Sync+core::marker::Send>>+core::marker::Send>>,core::pin::Pin<alloc::boxed::Box<dyn core::future::future::Future+Output = core::result::Result<http::response::Response<linkerd_http_box::body::BoxBody>,alloc::boxed::Box<dyn core::error::Error+core::marker::Sync+core::marker::Send>>+core::marker::Send>>>,alloc::boxed::Box<dyn core::error::Error+core::marker::Sync+core::marker::Send>>>,alloc::boxed::Box<dyn core::error::Error+core::marker::Sync+core::marker::Send>>>>>",0.05
lean,grpc,64,capacity,1,h2::proto::streams::stream::Stream::send_data,0.05
lean,grpc,64,capacity,1,doca_task_free@plt,0.05
lean,grpc,64,capacity,1,_copy_from_user.constprop.0,0.05
lean,grpc,64,capacity,1,tokio::util::wake::wake_arc_raw,0.05
lean,grpc,64,capacity,1,0x0000000000076f2c,0.05
lean,grpc,64,capacity,1,tonic::codec::decode::StreamingInner::poll_frame,0.05
lean,grpc,64,capacity,1,doca_pe_progress@plt,0.05
lean,grpc,64,capacity,1,__aarch64_ldeor8_acq_rel,0.05
lean,grpc,64,capacity,1,h2::proto::streams::send::Send::poll_reset,0.05
lean,grpc,64,capacity,1,__schedule,0.05
lean,grpc,64,capacity,1,linkerd_proxy_balance_queue::worker::PoolDriver<P>::drive::{{closure}},0.05
lean,grpc,64,capacity,1,<linkerd_stack::watch::SpawnWatch<S> as tower_service::Service<Req>>::poll_ready,0.05
lean,grpc,64,capacity,1,h2::proto::streams::state::State::send_close,0.05
lean,grpc,64,capacity,1,__aarch64_cas4_acq_rel,0.05
lean,grpc,64,capacity,1,h2::proto::streams::recv::Recv::consume_connection_window,0.05
lean,grpc,64,capacity,1,<core::net::socket_addr::SocketAddr as core::hash::Hash>::hash,0.05
lean,grpc,64,capacity,1,px_arrival_alloc,0.05
lean,grpc,64,capacity,1,"core::ptr::drop_in_place<futures_util::future::try_future::into_future::IntoFuture<linkerd_stack::either::vendor::Either<core::pin::Pin<alloc::boxed::Box<dyn core::future::future::Future+Output = core::result::Result<(),alloc::boxed::Box<dyn core::error::Error+core::marker::Sync+core::marker::Send>>+core::marker::Send>>,core::pin::Pin<alloc::boxed::Box<dyn core::future::future::Future+Output = core::result::Result<(),alloc::boxed::Box<dyn core::error::Error+core::marker::Sync+core::marker::Send>>+core::marker::Send>>>>>",0.05
lean,grpc,64,capacity,1,h2::proto::streams::buffer::Deque::push_back,0.05
lean,grpc,64,capacity,1,h2::codec::framed_write::Encoder<B>::unset_frame,0.05
lean,grpc,64,capacity,1,core::ptr::drop_in_place<std::sync::poison::mutex::MutexGuard<tower::load::peak_ewma::RttEstimate>>,0.05
lean,grpc,64,capacity,1,"core::ptr::drop_in_place<tokio::sync::mpsc::bounded::Sender<linkerd_proxy_balance_queue::message::Message<http::request::Request<linkerd_http_box::body::BoxBody>,futures_util::future::try_future::ErrInto<linkerd_load_biaser::LoadBiaserFuture<core::pin::Pin<alloc::boxed::Box<dyn core::future::future::Future+Output = core::result::Result<http::response::Response<linkerd_http_classify::channel::ResponseBody<linkerd_app_core::classify::Eos,linkerd_http_box::body::BoxBody>>,alloc::boxed::Box<dyn core::error::Error+core::marker::Sync+core::marker::Send>>+core::marker::Send>>,http::response::Response<linkerd_http_classify::channel::ResponseBody<linkerd_app_core::classify::Eos,linkerd_http_box::body::BoxBody>>,hyper_balance::PendingUntilFirstData>,alloc::boxed::Box<dyn core::error::Error+core::marker::Sync+core::marker::Send>>>>::reserve_inner::{{closure}}>",0.05
lean,grpc,64,capacity,1,px_rev_stage_append,0.05
lean,grpc,64,capacity,1,0x000000000002a824,0.05
lean,grpc,64,capacity,1,tokio::runtime::Timer::init,0.05
lean,grpc,64,capacity,1,"tower::ready_cache::cache::ReadyCache<K,S,Req>::push_pending",0.05
lean,grpc,64,capacity,1,handle_softirqs,0.05
lean,grpc,64,capacity,1,0x0000000000006ee0,0.05
lean,grpc,64,capacity,1,doca_dma_task_memcpy_as_task@plt,0.05
lean,grpc,64,capacity,1,"core::ptr::drop_in_place<linkerd_stack::box_future::BoxFuture<linkerd_stack::map_err::MapErr<(),linkerd_stack::map_err::MapErr<linkerd_stack::map_err::WrapFromTarget<linkerd_app_outbound::http::logical::RouterParams<linkerd_app_outbound::http::Http<linkerd_app_outbound::sidecar::HttpSidecar>>,linkerd_app_outbound::http::logical::LogicalError>,linkerd_stack::result::ResultService<linkerd_stack::either::vendor::Either<linkerd_stack::box_service::BoxCloneSyncService<http::request::Request<linkerd_http_box::body::BoxBody>,http::response::Response<linkerd_http_box::body::BoxBody>>,linkerd_stack::result::ResultService<linkerd_stack::either::vendor::Either<linkerd_stack::box_service::BoxCloneSyncService<http::request::Request<linkerd_http_box::body::BoxBody>,http::response::Response<linkerd_http_box::body::BoxBody>>,linkerd_stack::box_service::BoxCloneSyncService<http::request::Request<linkerd_http_box::body::BoxBody>,http::response::Response<linkerd_http_box::body::BoxBody>>>>>>>>>>",0.05
lean,grpc,64,capacity,1,core::ptr::drop_in_place<linkerd_proxy_http::client_handle::ClientHandle>,0.05
lean,grpc,64,capacity,1,tokio::runtime::time::<impl tokio::runtime::time::handle::Handle>::reregister,0.05
lean,grpc,64,capacity,1,core::ptr::drop_in_place<core::option::Option<linkerd_http_prom::record_response::ResponseState<linkerd_app_outbound::http::logical::policy::route::metrics::LabelGrpcRsp<linkerd_app_outbound::http::logical::policy::route::metrics::labels::RouteBackend>>>>,0.04
lean,grpc,64,capacity,1,tokio::runtime::scheduler::current_thread::Context::park,0.04
lean,grpc,64,capacity,1,dmesh_l7::Side::release_outstanding,0.04
lean,grpc,64,capacity,1,core::ptr::drop_in_place<h2::share::RecvStream>,0.04
lean,grpc,64,capacity,1,"core::ptr::drop_in_place<futures_util::future::try_future::MapOk<tracing::instrument::Instrumented<futures_util::future::either::Either<futures_util::future::ready::Ready<core::result::Result<http::response::Response<linkerd_http_metrics::requests::service::ResponseBody<linkerd_proxy_tap::service::Body<linkerd_app_core::errors::body::ResponseBody<linkerd_app_outbound::http::endpoint::ClientRescue,linkerd_http_stream_timeouts::ResponseBody<linkerd_http_box::body::BoxBody>>>,linkerd_app_core::classify::Eos>>,alloc::boxed::Box<dyn core::error::Error+core::marker::Sync+core::marker::Send>>>,futures_util::future::try_future::MapErr<futures_util::future::either::Either<linkerd_http_metrics::requests::service::ResponseFuture<core::pin::Pin<alloc::boxed::Box<dyn core::future::future::Future+Output = core::result::Result<http::response::Response<linkerd_proxy_tap::service::Body<linkerd_app_core::errors::body::ResponseBody<linkerd_app_outbound::http::endpoint::ClientRescue,linkerd_http_stream_timeouts::ResponseBody<linkerd_http_box::body::BoxBody>>>>,alloc::boxed::Box<dyn core::error::Error+core::marker::Sync+core::marker::Send>>+core::marker::Send>>,linkerd_app_core::classify::Response>,core::pin::Pin<alloc::boxed::Box<dyn core::future::future::Future+Output = core::result::Result<http::response::Response<linkerd_http_metrics::requests::service::ResponseBody<linkerd_proxy_tap::service::Body<linkerd_app_core::errors::body::ResponseBody<linkerd_app_outbound::http::endpoint::ClientRescue,linkerd_http_stream_timeouts::ResponseBody<linkerd_http_box::body::BoxBody>>>,linkerd_app_core::classify::Eos>>,alloc::boxed::Box<dyn core::error::Error+core::marker::Sync+core::marker::Send>>+core::marker::Send>>>,fn(alloc::boxed::Box<dyn core::error::Error+core::marker::Sync+core::marker::Send>) .> alloc::boxed::Box<dyn core::error::Error+core::marker::Sync+core::marker::Send>>>>,fn(http::response::Response<linkerd_http_metrics::requests::service::ResponseBody<linkerd_proxy_tap::service::Body<linkerd_app_core::errors::body::ResponseBody<linkerd_app_outbound::http::endpoint::ClientRescue,linkerd_http_stream_timeouts::ResponseBody<linkerd_http_box::body::BoxBody>>>,linkerd_app_core::classify::Eos>>) .> http::response::Response<linkerd_http_box::body::BoxBody>>>",0.04
lean,grpc,64,capacity,1,dmesh_doca::io::DmeshIoHandle::push_segment,0.04
lean,grpc,64,capacity,1,"core::ptr::drop_in_place<hyper_balance::PendingUntilFirstDataBody<tower::load::peak_ewma::Handle,linkerd_http_classify::channel::ResponseBody<linkerd_app_core::classify::Eos,linkerd_http_box::body::BoxBody>>>",0.04
lean,grpc,64,capacity,1,0x0000000000003328,0.04
lean,grpc,64,capacity,1,"core::ptr::drop_in_place<linkerd_stack::box_future::BoxFuture<linkerd_stack::map_err::MapErr<(),linkerd_stack_tracing::Instrument<linkerd_app_outbound::http::concrete::balance::Balance<linkerd_app_outbound::http::logical::Concrete<linkerd_app_outbound::http::Http<linkerd_app_outbound::sidecar::HttpSidecar>>>,linkerd_app_outbound::http::concrete::balance::Balance<linkerd_app_outbound::http::logical::Concrete<linkerd_app_outbound::http::Http<linkerd_app_outbound::sidecar::HttpSidecar>>>::layer<linkerd_stack::arc_new_service::ArcNewService<linkerd_app_outbound::http::concrete::Endpoint<linkerd_app_outbound::http::logical::Concrete<linkerd_app_outbound::http::Http<linkerd_app_outbound::sidecar::HttpSidecar>>>,tower::util::boxed::sync::BoxService<http::request::Request<linkerd_http_box::body::BoxBody>,http::response::Response<linkerd_http_box::body::BoxBody>,alloc::boxed::Box<dyn core::error::Error+core::marker::Sync+core::marker::Send>>>,tower::util::boxed::sync::BoxService<http::request::Request<linkerd_http_box::body::BoxBody>,http::response::Response<linkerd_http_box::body::BoxBody>,alloc::boxed::Box<dyn core::error::Error+core::marker::Sync+core::marker::Send>>,linkerd_proxy_resolve::recover::Resolve<linkerd_app::dst::BackoffUnlessInvalidArgument,linkerd_proxy_api_resolve::resolve::Resolve<tower::util::map_err::MapErr<linkerd_stack::box_service::BoxCloneSyncService<http::request::Request<tonic::body::Body>,http::response::Response<linkerd_http_metrics::requests::service::ResponseBody<hyper_balance::PendingUntilFirstDataBody<tower::load::peak_ewma::Handle,hyper::body::incoming::Incoming>,linkerd_app_core::classify::Eos>>>,<alloc::boxed::Box<dyn core::error::Error+core::marker::Sync+core::marker::Send> as core::convert::From<alloc::boxed::Box<dyn core::error::Error+core::marker::Sync+core::marker::Send>>>::from>>>>::{{closure}}::{{closure}},linkerd_stack::map_err::MapErr<linkerd_stack::map_err::WrapFromTarget<linkerd_app_outbound::http::concrete::balance::Balance<linkerd_app_outbound::http::logical::Concrete<linkerd_app_outbound::http::Http<linkerd_app_outbound::sidecar::HttpSidecar>>>,linkerd_app_outbound::http::concrete::balance::BalanceError>,linkerd_stack_metrics::service::TrackService<linkerd_stack::either::vendor::Either<linkerd_http_box::response::BoxResponse<linkerd_stack::gate::Gate<linkerd_proxy_balance_queue::service::PoolQueue<http::request::Request<linkerd_http_box::body::BoxBody>,futures_util::future::try_future::ErrInto<tower::load::completion::TrackCompletionFuture<core::pin::Pin<alloc::boxed::Box<dyn core::future::future::Future+Output = core::result::Result<http::response::Response<linkerd_http_classify::channel::ResponseBody<linkerd_app_core::classify::Eos,linkerd_http_box::body::BoxBody>>,alloc::boxed::Box<dyn core::error::Error+core::marker::Sync+core::marker::Send>>+core::marker::Send>>,hyper_balance::PendingUntilFirstData,tower::load::peak_ewma::Handle>,alloc::boxed::Box<dyn core::error::Error+core::marker::Sync+core::marker::Send>>>>>,linkerd_http_box::response::BoxResponse<linkerd_stack::gate::Gate<linkerd_proxy_balance_queue::service::PoolQueue<http::request::Request<linkerd_http_box::body::BoxBody>,futures_util::future::try_future::ErrInto<linkerd_load_biaser::LoadBiaserFuture<core::pin::Pin<alloc::boxed::Box<dyn core::future::future::Future+Output = core::result::Result<http::response::Response<linkerd_http_classify::channel::ResponseBody<linkerd_app_core::classify::Eos,linkerd_http_box::body::BoxBody>>,alloc::boxed::Box<dyn core::error::Error+core::marker::Sync+core::marker::Send>>+core::marker::Send>>,http::response::Response<linkerd_http_classify::channel::ResponseBody<linkerd_app_core::classify::Eos,linkerd_http_box::body::BoxBody>>,hyper_balance::PendingUntilFirstData>,alloc::boxed::Box<dyn core::error::Error+core::marker::Sync+core::marker::Send>>>>>>>>>>>>",0.04
lean,grpc,64,capacity,1,dmesh_l7::driver_result,0.04
lean,grpc,64,capacity,1,finish_task_switch.isra.0,0.04
lean,grpc,64,capacity,1,set_normalized_timespec64,0.04
lean,grpc,64,capacity,1,h2::proto::streams::streams::OpaqueStreamRef::new,0.04
lean,grpc,64,capacity,1,px_unit_free_node,0.04
lean,grpc,64,capacity,1,tokio::sync::notify::notify_locked,0.04
lean,grpc,64,capacity,1,<h2::proto::streams::store::Ptr as core::ops::deref::DerefMut>::deref_mut,0.04
lean,grpc,64,capacity,1,<linkerd_io::prefixed::PrefixedIo<I> as tokio::io::async_read::AsyncRead>::poll_read,0.04
lean,grpc,64,capacity,1,http::header::map::HeaderMap<T>::get_all,0.04
lean,grpc,64,capacity,1,_rjem_je_hook_invoke_alloc,0.04
lean,grpc,64,capacity,1,"core::ptr::drop_in_place<tokio_util::sync::mpsc::PollSenderFuture<linkerd_proxy_balance_queue::message::Message<http::request::Request<linkerd_http_box::body::BoxBody>,futures_util::future::try_future::ErrInto<linkerd_load_biaser::LoadBiaserFuture<core::pin::Pin<alloc::boxed::Box<dyn core::future::future::Future+Output = core::result::Result<http::response::Response<linkerd_http_classify::channel::ResponseBody<linkerd_app_core::classify::Eos,linkerd_http_box::body::BoxBody>>,alloc::boxed::Box<dyn core::error::Error+core::marker::Sync+core::marker::Send>>+core::marker::Send>>,http::response::Response<linkerd_http_classify::channel::ResponseBody<linkerd_app_core::classify::Eos,linkerd_http_box::body::BoxBody>>,hyper_balance::PendingUntilFirstData>,alloc::boxed::Box<dyn core::error::Error+core::marker::Sync+core::marker::Send>>>>::empty::{{closure}}>",0.04
lean,grpc,64,capacity,1,px_enqueue_unit,0.04
lean,grpc,64,capacity,1,0x00000000000b7a2c,0.04
lean,grpc,64,capacity,1,__hrtimer_init,0.04
lean,grpc,64,capacity,1,"core::ptr::drop_in_place<futures_util::future::try_future::ErrInto<linkerd_stack::either::vendor::Either<futures_util::future::try_future::ErrInto<linkerd_stack::either::vendor::Either<core::pin::Pin<alloc::boxed::Box<dyn core::future::future::Future+Output = core::result::Result<http::response::Response<linkerd_http_box::body::BoxBody>,alloc::boxed::Box<dyn core::error::Error+core::marker::Sync+core::marker::Send>>+core::marker::Send>>,tracing::instrument::Instrumented<tower::buffer::future::ResponseFuture<core::pin::Pin<alloc::boxed::Box<dyn core::future::future::Future+Output = core::result::Result<http::response::Response<linkerd_http_box::body::BoxBody>,alloc::boxed::Box<dyn core::error::Error+core::marker::Sync+core::marker::Send>>+core::marker::Send>>>>>,alloc::boxed::Box<dyn core::error::Error+core::marker::Sync+core::marker::Send>>,futures_util::future::ready::Ready<core::result::Result<http::response::Response<linkerd_http_box::body::BoxBody>,linkerd_app_outbound::http::concrete::DispatcherFailed>>>,alloc::boxed::Box<dyn core::error::Error+core::marker::Sync+core::marker::Send>>>",0.04
lean,grpc,64,capacity,1,h2::proto::streams::recv::Recv::clear_expired_reset_streams,0.04
lean,grpc,64,capacity,1,__aarch64_ldset8_acq_rel,0.04
lean,grpc,64,capacity,1,h2::proto::streams::store::VacantEntry::insert,0.04
lean,grpc,64,capacity,1,h2::hpack::encoder::encode_not_indexed,0.04
lean,grpc,64,capacity,1,<linkerd_app_core::classify::Response as linkerd_http_classify::ClassifyResponse>::start,0.04
lean,grpc,64,capacity,1,"core::ptr::drop_in_place<futures_util::future::try_future::MapErr<futures_util::future::try_future::MapOk<core::pin::Pin<alloc::boxed::Box<dyn core::future::future::Future+Output = core::result::Result<http::response::Response<linkerd_http_box::body::BoxBody>,alloc::boxed::Box<dyn core::error::Error+core::marker::Sync+core::marker::Send>>+core::marker::Send>>,<linkerd_proxy_http::orig_proto::Upgrade<linkerd_stack::map_target::MapTargetService<linkerd_stack::connect::MakeConnectionService<linkerd_transport_metrics::zone::client::ZoneMetricsClient<linkerd_transport_metrics::zone::TcpZoneMetricsParams<linkerd_app_outbound::zone::TcpZoneOpLabel>,linkerd_transport_metrics::client::Client<linkerd_app_core::transport::Metrics,linkerd_stack::box_future::BoxFuture<linkerd_stack::map_err::MapErr<linkerd_app_core::svc::Stack<linkerd_app_outbound::tcp::tagged_transport::TaggedTransport<linkerd_tls::client::Client<linkerd_meshtls::client::NewClient,linkerd_app_outbound::tcp::connect::DmeshOrTcp>>>::push_connect_timeout::{{closure}},linkerd_stack::timeout::Timeout<linkerd_app_outbound::tcp::tagged_transport::TaggedTransport<linkerd_tls::client::Client<linkerd_meshtls::client::NewClient,linkerd_app_outbound::tcp::connect::DmeshOrTcp>>>>>>>>,linkerd_app_outbound::http::endpoint::<impl linkerd_app_outbound::Outbound<linkerd_transport_metrics::zone::client::ZoneMetricsClient<linkerd_transport_metrics::zone::TcpZoneMetricsParams<linkerd_app_outbound::zone::TcpZoneOpLabel>,linkerd_transport_metrics::client::Client<linkerd_app_core::transport::Metrics,linkerd_stack::box_future::BoxFuture<linkerd_stack::map_err::MapErr<linkerd_app_core::svc::Stack<linkerd_app_outbound::tcp::tagged_transport::TaggedTransport<linkerd_tls::client::Client<linkerd_meshtls::client::NewClient,linkerd_app_outbound::tcp::connect::DmeshOrTcp>>>::push_connect_timeout::{{closure}},linkerd_stack::timeout::Timeout<linkerd_app_outbound::tcp::tagged_transport::TaggedTransport<linkerd_tls::client::Client<linkerd_meshtls::client::NewClient,linkerd_app_outbound::tcp::connect::DmeshOrTcp>>>>>>>>>::push_http_tcp_client<linkerd_app_outbound::http::concrete::Endpoint<linkerd_app_outbound::http::logical::Concrete<linkerd_app_outbound::http::Http<linkerd_app_gateway::http::Target>>>,linkerd_http_box::body::BoxBody>::{{closure}}::{{closure}}>,linkerd_app_outbound::http::concrete::Endpoint<linkerd_app_outbound::http::logical::Concrete<linkerd_app_outbound::http::Http<linkerd_app_gateway::http::Target>>>,linkerd_http_box::body::BoxBody> as tower_service::Service<http::request::Request<linkerd_http_box::body::BoxBody>>>::call::{{closure}}>,linkerd_proxy_http::orig_proto::Error::H1>>",0.04
lean,grpc,64,capacity,1,"core::ptr::drop_in_place<linkerd_app_outbound::http::logical::policy::router::Router<linkerd_app_outbound::http::Http<linkerd_app_outbound::sidecar::HttpSidecar>,linkerd_http_route::http::match::MatchRequest,linkerd_proxy_client_policy::http::Filter,linkerd_proxy_client_policy::http::RouteParams>>",0.04
lean,grpc,64,capacity,1,px_parse,0.04
lean,grpc,64,capacity,1,_rjem_je_edata_heap_remove_first,0.04
lean,grpc,64,capacity,1,http::header::map::VacantEntry<T>::try_insert,0.04
lean,grpc,64,capacity,1,_rjem_je_arena_ralloc_no_move,0.04
lean,grpc,64,capacity,1,"core::ptr::drop_in_place<tokio_util::sync::mpsc::make_acquire_future<linkerd_proxy_balance_queue::message::Message<http::request::Request<linkerd_http_box::body::BoxBody>,futures_util::future::try_future::ErrInto<tower::load::completion::TrackCompletionFuture<core::pin::Pin<alloc::boxed::Box<dyn core::future::future::Future+Output = core::result::Result<http::response::Response<linkerd_http_classify::channel::ResponseBody<linkerd_app_core::classify::Eos,linkerd_http_box::body::BoxBody>>,alloc::boxed::Box<dyn core::error::Error+core::marker::Sync+core::marker::Send>>+core::marker::Send>>,hyper_balance::PendingUntilFirstData,tower::load::peak_ewma::Handle>,alloc::boxed::Box<dyn core::error::Error+core::marker::Sync+core::marker::Send>>>>::{{closure}}>",0.04
lean,grpc,64,capacity,1,"<alloc::vec::drain::Drain<T,A> as core::ops::drop::Drop>::drop",0.04
lean,grpc,64,capacity,1,arch_counter_get_cntpct,0.04
lean,grpc,64,capacity,1,__arm64_sys_write,0.04
lean,grpc,64,capacity,1,mutex_unlock,0.04
lean,grpc,64,capacity,1,"core::ptr::drop_in_place<linkerd_http_box::body::Inner<linkerd_http_prom::body_data::body::Body<http_body_util::either::Either<linkerd_http_body_eos::BodyWithEosFn<linkerd_http_box::body::BoxBody,alloc::boxed::Box<dyn core::ops::function::FnOnce<(linkerd_http_body_eos::EosRef<alloc::boxed::Box<dyn core::error::Error+core::marker::Sync+core::marker::Send>>,)>+Output = ()+core::marker::Send>>,linkerd_http_box::body::BoxBody>>>>",0.04
lean,grpc,64,capacity,1,"indexmap::inner::Core<K,V>::swap_remove_finish",0.04
lean,grpc,64,capacity,1,do_epoll_pwait.part.0,0.04
lean,grpc,64,capacity,1,doca_buf_dec_refcount,0.04
lean,grpc,64,capacity,1,core::ptr::drop_in_place<http::uri::Uri>,0.04
lean,grpc,64,capacity,1,h2::proto::streams::prioritize::Prioritize::schedule_send,0.04
lean,grpc,64,capacity,1,<linkerd_proxy_client_policy::http::RouteParams as core::hash::Hash>::hash,0.04
lean,grpc,64,capacity,1,bytes::bytes_mut::shared_v_clone,0.04
lean,grpc,64,capacity,1,__GI___pthread_mutex_unlock_usercnt,0.04
lean,grpc,64,capacity,1,memset@plt,0.04
lean,grpc,64,capacity,1,<tower::load::peak_ewma::Handle as core::ops::drop::Drop>::drop,0.04
lean,grpc,64,capacity,1,h2::proto::streams::state::State::send_open,0.04
lean,grpc,64,capacity,1,doca_pe_get_notification_handle@plt,0.04
lean,grpc,64,capacity,1,h2::frame::headers::Headers::encode,0.04
lean,grpc,64,capacity,1,tokio::runtime::task::waker::drop_waker,0.04
lean,grpc,64,capacity,1,__GI___memset_generic,0.04
lean,grpc,64,capacity,1,<ahash::fallback_hash::AHasher as core::hash::Hasher>::write,0.04
lean,grpc,64,capacity,1,tokio::runtime::task::waker::clone_waker,0.04
lean,grpc,64,capacity,1,0x000000000001d784,0.04
lean,grpc,64,capacity,1,"<h2::client::Connection<T,B> as core::future::future::Future>::poll",0.04
lean,grpc,64,capacity,1,tokio::runtime::time::entry::_::<impl core::ops::drop::Drop for tokio::runtime::time::entry::TimerEntry>::drop,0.04
lean,grpc,64,capacity,1,"core::ptr::drop_in_place<linkerd_proxy_http::client_handle::SetClientHandle<linkerd_stack::box_service::BoxCloneSyncService<http::request::Request<linkerd_http_box::body::BoxBody>,http::response::Response<linkerd_http_box::body::BoxBody>>>>",0.04
lean,grpc,64,capacity,1,tokio::runtime::scheduler::defer::Defer::defer,0.04
lean,grpc,64,capacity,1,"core::ptr::drop_in_place<futures_util::future::try_future::ErrInto<linkerd_stack::either::vendor::Either<core::pin::Pin<alloc::boxed::Box<dyn core::future::future::Future+Output = core::result::Result<http::response::Response<linkerd_http_box::body::BoxBody>,alloc::boxed::Box<dyn core::error::Error+core::marker::Sync+core::marker::Send>>+core::marker::Send>>,core::pin::Pin<alloc::boxed::Box<dyn core::future::future::Future+Output = core::result::Result<http::response::Response<linkerd_http_box::body::BoxBody>,alloc::boxed::Box<dyn core::error::Error+core::marker::Sync+core::marker::Send>>+core::marker::Send>>>,alloc::boxed::Box<dyn core::error::Error+core::marker::Sync+core::marker::Send>>>",0.04
lean,grpc,64,capacity,1,core::ptr::drop_in_place<linkerd_app_outbound::tls::logical::route::RouteLabels>,0.04
lean,grpc,64,capacity,1,exp@plt,0.04
lean,grpc,64,capacity,1,0x00000000000b7a14,0.04
lean,grpc,64,capacity,1,<linkerd_app_core::classify::Request as linkerd_http_classify::Classify>::classify,0.04
lean,grpc,64,capacity,1,"hyper::client::dispatch::Callback<T,U>::send",0.04
lean,grpc,64,capacity,1,http::uri::authority::Authority::from_shared,0.04
lean,grpc,64,capacity,1,__aarch64_cas8_rel,0.04
lean,grpc,64,capacity,1,core::ptr::drop_in_place<linkerd_proxy_balance_queue::QueueMetrics>,0.04
lean,grpc,64,capacity,1,core::ptr::drop_in_place<bytes::bytes::Bytes>,0.04
lean,grpc,64,capacity,1,bytes::bytes::shared_drop,0.04
lean,grpc,64,capacity,1,core::ptr::drop_in_place<linkerd_http_retry::MetricFamilies<linkerd_app_outbound::http::logical::policy::route::metrics::labels::Route>>,0.04
lean,grpc,64,capacity,1,"core::ptr::drop_in_place<core::option::Option<tower::ready_cache::cache::Pending<core::net::socket_addr::SocketAddr,tower::load::peak_ewma::PeakEwma<linkerd_proxy_balance_gauge_endpoints::GaugeBalancerEndpoint<tower::util::boxed::sync::BoxService<http::request::Request<linkerd_http_box::body::BoxBody>,http::response::Response<linkerd_http_classify::channel::ResponseBody<linkerd_app_core::classify::Eos,linkerd_http_box::body::BoxBody>>,alloc::boxed::Box<dyn core::error::Error+core::marker::Sync+core::marker::Send>>>,hyper_balance::PendingUntilFirstData>,http::request::Request<linkerd_http_box::body::BoxBody>>>>",0.04
lean,grpc,64,capacity,1,0x000000000000e8c8,0.04
lean,grpc,64,capacity,1,h2::proto::streams::send::Send::recv_connection_window_update,0.04
lean,grpc,64,capacity,1,"core::ptr::drop_in_place<linkerd_stack::box_future::BoxFuture<linkerd_stack::map_err::MapErr<(),linkerd_stack::map_err::MapErr<linkerd_app_outbound::http::logical::policy::route::Matched<linkerd_http_route::http::match::RequestMatch,linkerd_app_outbound::http::logical::policy::route::Route<linkerd_app_outbound::http::Http<linkerd_app_outbound::sidecar::HttpSidecar>,linkerd_proxy_client_policy::http::Filter,linkerd_proxy_client_policy::http::RouteParams>>::layer<linkerd_distribute::cache::BackendCache<linkerd_app_outbound::http::logical::Concrete<linkerd_app_outbound::http::Http<linkerd_app_outbound::sidecar::HttpSidecar>>,linkerd_stack::box_service::BoxCloneSyncService<http::request::Request<linkerd_http_box::body::BoxBody>,http::response::Response<linkerd_http_box::body::BoxBody>>>,linkerd_stack::box_service::BoxCloneSyncService<http::request::Request<linkerd_http_box::body::BoxBody>,http::response::Response<linkerd_http_box::body::BoxBody>>>::{{closure}}::{{closure}}::{{closure}},linkerd_http_classify::insert::InsertClassifyResponse<linkerd_app_core::classify::Request,linkerd_http_box::response::BoxResponse<linkerd_http_prom::body_data::request::RecordBodyData<linkerd_http_prom::status::RecordStatusCode<linkerd_http_prom::record_response::RecordDuration<linkerd_app_outbound::http::logical::policy::route::Matched<linkerd_http_route::http::match::RequestMatch,linkerd_app_outbound::http::logical::policy::route::Route<linkerd_app_outbound::http::Http<linkerd_app_outbound::sidecar::HttpSidecar>,linkerd_proxy_client_policy::http::Filter,linkerd_proxy_client_policy::http::RouteParams>>,linkerd_http_prom::record_response::request::RequestMetrics<linkerd_app_outbound::http::logical::policy::route::metrics::labels::Route>,linkerd_app_outbound::http::logical::policy::route::extensions::SetExtensions<linkerd_http_retry::HttpRetry<linkerd_app_outbound::http::logical::policy::route::retry::RetryPolicy,linkerd_app_outbound::http::logical::policy::route::metrics::labels::Route,linkerd_app_outbound::http::logical::policy::route::Matched<linkerd_http_route::http::match::RequestMatch,linkerd_app_outbound::http::logical::policy::route::Route<linkerd_app_outbound::http::Http<linkerd_app_outbound::sidecar::HttpSidecar>,linkerd_proxy_client_policy::http::Filter,linkerd_proxy_client_policy::http::RouteParams>>,linkerd_app_outbound::http::logical::policy::route::filters::ApplyFilters<linkerd_app_outbound::http::logical::policy::route::Matched<linkerd_http_route::http::match::RequestMatch,linkerd_app_outbound::http::logical::policy::route::Route<linkerd_app_outbound::http::Http<linkerd_app_outbound::sidecar::HttpSidecar>,linkerd_proxy_client_policy::http::Filter,linkerd_proxy_client_policy::http::RouteParams>>,linkerd_stack::loadshed::LoadShed<linkerd_distribute::service::Distribute<linkerd_app_outbound::http::logical::policy::route::backend::Backend<linkerd_app_outbound::http::Http<linkerd_app_outbound::sidecar::HttpSidecar>,linkerd_proxy_client_policy::http::Filter>,linkerd_stack::box_service::BoxCloneSyncService<http::request::Request<linkerd_http_box::body::BoxBody>,http::response::Response<linkerd_http_box::body::BoxBody>>>>>>>>,linkerd_app_outbound::http::logical::policy::route::Matched<linkerd_http_route::http::match::RequestMatch,linkerd_app_outbound::http::logical::policy::route::Route<linkerd_app_outbound::http::Http<linkerd_app_outbound::sidecar::HttpSidecar>,linkerd_proxy_client_policy::http::Filter,linkerd_proxy_client_policy::http::RouteParams>>,linkerd_app_outbound::http::logical::policy::route::metrics::labels::Rsp<linkerd_app_outbound::http::logical::policy::route::metrics::labels::Route,linkerd_app_outbound::http::logical::policy::route::metrics::labels::HttpRsp>>,linkerd_app_outbound::http::logical::policy::route::metrics::ExtractBodyDataMetrics<linkerd_app_outbound::http::logical::policy::route::Matched<linkerd_http_route::http::match::RequestMatch,linkerd_app_outbound::http::logical::policy::route::Route<linkerd_app_outbound::http::Http<linkerd_app_outbound::sidecar::HttpSidecar>,linkerd_proxy_client_policy::http::Filter,linkerd_proxy_client_policy::http::RouteParams>>>>>>>>>>",0.04
lean,grpc,64,capacity,1,http::header::name::HdrName::from_bytes,0.04
lean,grpc,64,capacity,1,"core::ptr::drop_in_place<linkerd_stack::box_future::BoxFuture<linkerd_stack::map_err::MapErr<(),linkerd_stack::map_err::MapErr<linkerd_app_outbound::http::logical::policy::route::backend::<impl linkerd_app_outbound::http::logical::policy::route::Matched<linkerd_http_route::http::match::RequestMatch,linkerd_app_outbound::http::logical::policy::route::backend::Backend<linkerd_app_outbound::http::Http<linkerd_app_outbound::sidecar::HttpSidecar>,linkerd_proxy_client_policy::http::Filter>>>::layer<linkerd_distribute::cache::BackendCache<linkerd_app_outbound::http::logical::Concrete<linkerd_app_outbound::http::Http<linkerd_app_outbound::sidecar::HttpSidecar>>,linkerd_stack::box_service::BoxCloneSyncService<http::request::Request<linkerd_http_box::body::BoxBody>,http::response::Response<linkerd_http_box::body::BoxBody>>>,linkerd_stack::box_service::BoxCloneSyncService<http::request::Request<linkerd_http_box::body::BoxBody>,http::response::Response<linkerd_http_box::body::BoxBody>>>::{{closure}}::{{closure}}::{{closure}},linkerd_http_prom::body_data::response::RecordBodyData<linkerd_http_prom::count_reqs::CountRequests<linkerd_http_prom::status::RecordStatusCode<linkerd_http_prom::record_response::RecordDuration<linkerd_app_outbound::http::logical::policy::route::Matched<linkerd_http_route::http::match::RequestMatch,linkerd_app_outbound::http::logical::policy::route::backend::Backend<linkerd_app_outbound::http::Http<linkerd_app_outbound::sidecar::HttpSidecar>,linkerd_proxy_client_policy::http::Filter>>,linkerd_http_prom::record_response::response::ResponseMetrics<linkerd_app_outbound::http::logical::policy::route::metrics::labels::RouteBackend>,linkerd_app_outbound::http::logical::policy::route::filters::ApplyFilters<linkerd_app_outbound::http::logical::policy::route::Matched<linkerd_http_route::http::match::RequestMatch,linkerd_app_outbound::http::logical::policy::route::backend::Backend<linkerd_app_outbound::http::Http<linkerd_app_outbound::sidecar::HttpSidecar>,linkerd_proxy_client_policy::http::Filter>>,linkerd_stack::box_service::BoxCloneSyncService<http::request::Request<linkerd_http_box::body::BoxBody>,http::response::Response<linkerd_http_box::body::BoxBody>>>>,linkerd_app_outbound::http::logical::policy::route::Matched<linkerd_http_route::http::match::RequestMatch,linkerd_app_outbound::http::logical::policy::route::backend::Backend<linkerd_app_outbound::http::Http<linkerd_app_outbound::sidecar::HttpSidecar>,linkerd_proxy_client_policy::http::Filter>>,linkerd_app_outbound::http::logical::policy::route::metrics::labels::Rsp<linkerd_app_outbound::http::logical::policy::route::metrics::labels::RouteBackend,linkerd_app_outbound::http::logical::policy::route::metrics::labels::HttpRsp>>>>>>>>",0.04
lean,grpc,64,capacity,1,<linkerd_stack::result::ResultService<S> as tower_service::Service<T>>::call,0.04
lean,grpc,64,capacity,1,pac_alloc_impl,0.03
lean,grpc,64,capacity,1,"core::ptr::drop_in_place<linkerd_http_prom::record_response::RecordDuration<linkerd_app_outbound::http::logical::policy::route::Matched<linkerd_http_route::http::match::RequestMatch,linkerd_app_outbound::http::logical::policy::route::backend::Backend<linkerd_app_outbound::http::Http<linkerd_app_outbound::sidecar::HttpSidecar>,linkerd_proxy_client_policy::http::Filter>>,linkerd_http_prom::record_response::response::ResponseMetrics<linkerd_app_outbound::http::logical::policy::route::metrics::labels::RouteBackend>,linkerd_app_outbound::http::logical::policy::route::filters::ApplyFilters<linkerd_app_outbound::http::logical::policy::route::Matched<linkerd_http_route::http::match::RequestMatch,linkerd_app_outbound::http::logical::policy::route::backend::Backend<linkerd_app_outbound::http::Http<linkerd_app_outbound::sidecar::HttpSidecar>,linkerd_proxy_client_policy::http::Filter>>,linkerd_stack::box_service::BoxCloneSyncService<http::request::Request<linkerd_http_box::body::BoxBody>,http::response::Response<linkerd_http_box::body::BoxBody>>>>>",0.03
lean,grpc,64,capacity,1,read@plt,0.03
lean,grpc,64,capacity,1,check_stack_object,0.03
lean,grpc,64,capacity,1,0x0000000000009140,0.03
lean,grpc,64,capacity,1,0x00000000000b0370,0.03
lean,grpc,64,capacity,1,doca_buf_dec_refcount@plt,0.03
lean,grpc,64,capacity,1,pthread_mutex_trylock@@GLIBC_2.34,0.03
lean,grpc,64,capacity,1,0x00000000000b6e24,0.03
lean,grpc,64,capacity,1,"core::ptr::drop_in_place<linkerd_stack::map_err::ResponseFuture<(),futures_util::future::either::Either<futures_util::future::try_future::ErrInto<futures_util::future::try_future::MapOk<futures_util::future::either::Either<linkerd_error_respond::RespondFuture<linkerd_app_core::errors::respond::Respond<linkerd_app_outbound::http::server::ServerRescue>,linkerd_stack::monitor::MonitorFuture<linkerd_app_outbound::metrics::error::http::Http,futures_util::future::either::Either<futures_util::future::try_future::MapErr<tower::limit::concurrency::future::ResponseFuture<core::pin::Pin<alloc::boxed::Box<dyn core::future::future::Future+Output = core::result::Result<http::response::Response<linkerd_http_box::body::BoxBody>,alloc::boxed::Box<dyn core::error::Error+core::marker::Sync+core::marker::Send>>+core::marker::Send>>>,fn(alloc::boxed::Box<dyn core::error::Error+core::marker::Sync+core::marker::Send>) .> alloc::boxed::Box<dyn core::error::Error+core::marker::Sync+core::marker::Send>>,futures_util::future::ready::Ready<core::result::Result<http::response::Response<linkerd_http_box::body::BoxBody>,alloc::boxed::Box<dyn core::error::Error+core::marker::Sync+core::marker::Send>>>>>>,core::pin::Pin<alloc::boxed::Box<dyn core::future::future::Future+Output = core::result::Result<http::response::Response<linkerd_app_core::errors::body::ResponseBody<linkerd_app_outbound::http::server::ServerRescue,linkerd_http_box::body::BoxBody>>,alloc::boxed::Box<dyn core::error::Error+core::marker::Sync+core::marker::Send>>+core::marker::Send>>>,fn(http::response::Response<linkerd_app_core::errors::body::ResponseBody<linkerd_app_outbound::http::server::ServerRescue,linkerd_http_box::body::BoxBody>>) .> http::response::Response<linkerd_http_box::body::BoxBody>>,alloc::boxed::Box<dyn core::error::Error+core::marker::Sync+core::marker::Send>>,futures_util::future::ready::Ready<core::result::Result<http::response::Response<linkerd_http_box::body::BoxBody>,alloc::boxed::Box<dyn core::error::Error+core::marker::Sync+core::marker::Send>>>>>>",0.03
lean,grpc,64,capacity,1,schedule,0.03
lean,grpc,64,capacity,1,core::ptr::drop_in_place<linkerd_http_box::body::Inner<linkerd_http_prom::record_response::response::RequestBody<linkerd_http_box::body::BoxBody>>>,0.03
lean,grpc,64,capacity,1,core::ptr::drop_in_place<http::header::map::IntoIter<http::header::value::HeaderValue>>,0.03
lean,grpc,64,capacity,1,tower::load::peak_ewma::RttEstimate::update,0.03
lean,grpc,64,capacity,1,linkerd_proxy_tap::service::Body<B>::new,0.03
lean,grpc,64,capacity,1,alloc::raw_vec::RawVecInner<A>::reserve::do_reserve_and_handle,0.03
lean,grpc,64,capacity,1,core::ptr::drop_in_place<tokio_util::sync::poll_semaphore::PollSemaphore>,0.03
lean,grpc,64,capacity,1,arch_counter_read,0.03
lean,grpc,64,capacity,1,__rseq_handle_notify_resume,0.03
lean,grpc,64,capacity,1,0x0000000000076bdc,0.03
lean,grpc,64,capacity,1,http::uri::path::PathAndQuery::from_maybe_shared,0.03
lean,grpc,64,capacity,1,h2::proto::streams::streams::Actions::ensure_no_conn_error,0.03
lean,grpc,64,capacity,1,"core::ptr::drop_in_place<tracing::instrument::Instrumented<linkerd_http_classify::channel::ResponseFuture<linkerd_app_core::classify::Response,linkerd_http_box::body::BoxBody,linkerd_stack::map_err::ResponseFuture<(),core::pin::Pin<alloc::boxed::Box<dyn core::future::future::Future+Output = core::result::Result<http::response::Response<linkerd_http_box::body::BoxBody>,alloc::boxed::Box<dyn core::error::Error+core::marker::Sync+core::marker::Send>>+core::marker::Send>>>>>>",0.03
lean,grpc,64,capacity,1,"core::ptr::drop_in_place<linkerd_http_stream_timeouts::ResponseFuture<linkerd_app_outbound::http::handle_proxy_error_headers::ResponseFuture<core::pin::Pin<alloc::boxed::Box<dyn core::future::future::Future+Output = core::result::Result<http::response::Response<linkerd_http_box::body::BoxBody>,alloc::boxed::Box<dyn core::error::Error+core::marker::Sync+core::marker::Send>>+core::marker::Send>>>>>",0.03
lean,grpc,64,capacity,1,0x00000000000b6e58,0.03
lean,grpc,64,capacity,1,0x0000000000006ef4,0.03
lean,grpc,64,capacity,1,"core::ptr::drop_in_place<linkerd_stack::result::ResultService<linkerd_stack::either::vendor::Either<linkerd_stack::box_service::BoxCloneSyncService<http::request::Request<linkerd_http_box::body::BoxBody>,http::response::Response<linkerd_http_box::body::BoxBody>>,linkerd_stack::result::ResultService<linkerd_stack::either::vendor::Either<linkerd_stack::box_service::BoxCloneSyncService<http::request::Request<linkerd_http_box::body::BoxBody>,http::response::Response<linkerd_http_box::body::BoxBody>>,linkerd_stack::box_service::BoxCloneSyncService<http::request::Request<linkerd_http_box::body::BoxBody>,http::response::Response<linkerd_http_box::body::BoxBody>>>>>>>",0.03
lean,grpc,64,capacity,1,0x00000000000767f0,0.03
lean,grpc,64,capacity,1,rcu_read_unlock_strict,0.03
lean,grpc,64,capacity,1,0x000000000001da10,0.03
lean,grpc,64,capacity,1,tokio::time::sleep::sleep,0.03
lean,grpc,64,capacity,1,0x00000000000b7a9c,0.03
lean,grpc,64,capacity,1,__arm64_sys_read,0.03
lean,grpc,64,capacity,1,h2::server::Peer::convert_send_message,0.03
lean,grpc,64,capacity,1,<linkerd_http_stream_timeouts::ResponseBody<B> as http_body::Body>::poll_frame,0.03
lean,grpc,64,capacity,1,schedule_hrtimeout_range_clock,0.03
lean,grpc,64,capacity,1,"core::ptr::drop_in_place<linkerd_stack::box_future::BoxFuture<linkerd_stack::map_err::MapErr<(),linkerd_stack::watch::SpawnWatch<linkerd_stack::box_service::BoxCloneSyncService<linkerd_io::either::EitherIo<linkerd_io::either::EitherIo<linkerd_io::sensor::SensorIo<linkerd_io::scoped::ScopedIo<tokio::net::tcp::stream::TcpStream>,linkerd_transport_metrics::sensor::Sensor>,linkerd_io::prefixed::PrefixedIo<linkerd_io::sensor::SensorIo<linkerd_io::scoped::ScopedIo<tokio::net::tcp::stream::TcpStream>,linkerd_transport_metrics::sensor::Sensor>>>,linkerd_io::prefixed::PrefixedIo<linkerd_io::either::EitherIo<linkerd_io::sensor::SensorIo<linkerd_io::scoped::ScopedIo<tokio::net::tcp::stream::TcpStream>,linkerd_transport_metrics::sensor::Sensor>,linkerd_io::prefixed::PrefixedIo<linkerd_io::sensor::SensorIo<linkerd_io::scoped::ScopedIo<tokio::net::tcp::stream::TcpStream>,linkerd_transport_metrics::sensor::Sensor>>>>>,()>>>>>",0.03
lean,grpc,64,capacity,1,<linkerd_http_box::body::Inner<B> as http_body::Body>::size_hint,0.03
lean,grpc,64,capacity,1,h2::proto::streams::streams::StreamRef<B>::reserve_capacity,0.03
lean,grpc,64,capacity,1,0x00000000000b03b0,0.03
lean,grpc,64,capacity,1,"<hashbrown::raw::RawTable<T,A> as core::ops::drop::Drop>::drop",0.03
lean,grpc,64,capacity,1,dpu_request_host_doorbell,0.03
lean,grpc,64,capacity,1,__check_object_size,0.03
lean,grpc,64,capacity,1,px_batch_submit_dma,0.03
lean,grpc,64,capacity,1,"core::ptr::drop_in_place<futures_util::future::try_future::MapOk<linkerd_http_prom::status::RecordStatusFuture<linkerd_http_prom::record_response::ResponseFuture<linkerd_app_outbound::http::logical::policy::route::metrics::LabelHttpRsp<linkerd_app_outbound::http::logical::policy::route::metrics::labels::RouteBackend>,futures_util::future::either::Either<futures_util::future::ready::Ready<core::result::Result<http::response::Response<linkerd_http_box::body::BoxBody>,alloc::boxed::Box<dyn core::error::Error+core::marker::Sync+core::marker::Send>>>,futures_util::future::try_future::ErrInto<linkerd_app_outbound::http::logical::policy::route::filters::ResponseFuture<linkerd_app_outbound::http::logical::policy::route::Matched<linkerd_http_route::http::match::RequestMatch,linkerd_app_outbound::http::logical::policy::route::backend::Backend<linkerd_app_outbound::http::Http<linkerd_app_outbound::sidecar::HttpSidecar>,linkerd_proxy_client_policy::http::Filter>>,core::pin::Pin<alloc::boxed::Box<dyn core::future::future::Future+Output = core::result::Result<http::response::Response<linkerd_http_box::body::BoxBody>,alloc::boxed::Box<dyn core::error::Error+core::marker::Sync+core::marker::Send>>+core::marker::Send>>>,alloc::boxed::Box<dyn core::error::Error+core::marker::Sync+core::marker::Send>>>>,linkerd_app_outbound::http::logical::policy::route::metrics::LabelHttpRsp<linkerd_app_outbound::http::logical::policy::route::metrics::labels::RouteBackend>,linkerd_app_outbound::http::logical::policy::route::metrics::labels::Rsp<linkerd_app_outbound::http::logical::policy::route::metrics::labels::RouteBackend,linkerd_app_outbound::http::logical::policy::route::metrics::labels::HttpRsp>>,<linkerd_http_prom::body_data::response::RecordBodyData<linkerd_http_prom::count_reqs::CountRequests<linkerd_http_prom::status::RecordStatusCode<linkerd_http_prom::record_response::RecordDuration<linkerd_app_outbound::http::logical::policy::route::Matched<linkerd_http_route::http::match::RequestMatch,linkerd_app_outbound::http::logical::policy::route::backend::Backend<linkerd_app_outbound::http::Http<linkerd_app_outbound::sidecar::HttpSidecar>,linkerd_proxy_client_policy::http::Filter>>,linkerd_http_prom::record_response::response::ResponseMetrics<linkerd_app_outbound::http::logical::policy::route::metrics::labels::RouteBackend>,linkerd_app_outbound::http::logical::policy::route::filters::ApplyFilters<linkerd_app_outbound::http::logical::policy::route::Matched<linkerd_http_route::http::match::RequestMatch,linkerd_app_outbound::http::logical::policy::route::backend::Backend<linkerd_app_outbound::http::Http<linkerd_app_outbound::sidecar::HttpSidecar>,linkerd_proxy_client_policy::http::Filter>>,linkerd_stack::box_service::BoxCloneSyncService<http::request::Request<linkerd_http_box::body::BoxBody>,http::response::Response<linkerd_http_box::body::BoxBody>>>>,linkerd_app_outbound::http::logical::policy::route::Matched<linkerd_http_route::http::match::RequestMatch,linkerd_app_outbound::http::logical::policy::route::backend::Backend<linkerd_app_outbound::http::Http<linkerd_app_outbound::sidecar::HttpSidecar>,linkerd_proxy_client_policy::http::Filter>>,linkerd_app_outbound::http::logical::policy::route::metrics::labels::Rsp<linkerd_app_outbound::http::logical::policy::route::metrics::labels::RouteBackend,linkerd_app_outbound::http::logical::policy::route::metrics::labels::HttpRsp>>>> as tower_service::Service<http::request::Request<linkerd_http_box::body::BoxBody>>>::call::{{closure}}>>",0.03
lean,grpc,64,capacity,1,"core::ptr::drop_in_place<linkerd_http_box::response::BoxResponse<linkerd_trace_context::service::TraceContext<core::option::Option<linkerd_app_core::http_tracing::SpanConverter>,linkerd_error_respond::RespondService<linkerd_app_core::errors::respond::NewRespond<linkerd_app_outbound::http::server::ServerRescue>,linkerd_stack::monitor::Monitor<linkerd_app_outbound::metrics::error::http::Http,linkerd_stack::loadshed::LoadShed<tower::limit::concurrency::service::ConcurrencyLimit<linkerd_stack::box_service::BoxCloneSyncService<http::request::Request<linkerd_http_box::body::BoxBody>,http::response::Response<linkerd_http_box::body::BoxBody>>>>>>>>>",0.03
lean,grpc,64,capacity,1,<hyper_util::rt::tokio::TokioIo<T> as hyper::rt::io::Read>::poll_read,0.03
lean,grpc,64,capacity,1,__fdget,0.03
lean,grpc,64,capacity,1,memmove@plt,0.03
lean,grpc,64,capacity,1,0x0000000000014ae8,0.03
lean,grpc,64,capacity,1,0x000000000001da74,0.03
lean,grpc,64,capacity,1,<tokio::sync::mpsc::bounded::OwnedPermit<T> as core::ops::drop::Drop>::drop,0.03
lean,grpc,64,capacity,1,__errno_location,0.03
lean,grpc,64,capacity,1,_ZN4core3ptr2350drop_in_place$LT$linkerd_http_prom..record_response..ResponseFuture$LT$linkerd_app_outbound..http..logical..policy..route..metrics..LabelHttpRsp$LT$linkerd_app_outbound..http..logical..policy..route..metrics..labels..Route$GT$$C$futures_util..future..either..Either$LT$futures_util..future..either..Either$LT$futures_util..future..ready..Ready$LT$core..result..Result$LT$http..response..Response$LT$linkerd_http_box..body..BoxBody$GT$$C$alloc..boxed..Box$LT$dyn$u20$core..error..Error$u2b$core..marker..Sync$u2b$core..marker..Send$GT$$GT$$GT$$C$futures_util..future..try_future..ErrInto$LT$linkerd_app_outbound..http..logical..policy..route..filters..ResponseFuture$LT$linkerd_app_outbound..http..logical..policy..route..Matched$LT$linkerd_http_route..http..match..RequestMatch$C$linkerd_app_outbound..http..logical..policy..route..Route$LT$linkerd_app_outbound..http..Http$LT$linkerd_app_outbound..sidecar..HttpSidecar$GT$$C$linkerd_proxy_client_policy..http..Filter$C$linkerd_proxy_client_policy..http..RouteParams$GT$$GT$$C$futures_util..future..either..Either$LT$futures_util..future..try_future..MapErr$LT$core..pin..Pin$LT$alloc..boxed..Box$LT$dyn$u20$core..future..future..Future$u2b$Output$u20$$u3d$$u20$core..result..Result$LT$http..response..Response$LT$linkerd_http_box..body..BoxBody$GT$$C$alloc..boxed..Box$LT$dyn$u20$core..error..Error$u2b$core..marker..Sync$u2b$core..marker..Send$GT$$GT$$u2b$core..marker..Send$GT$$GT$$C$fn$LP$alloc..boxed..Box$LT$dyn$u20$core..error..Error$u2b$core..marker..Sync$u2b$core..marker..Send$GT$$RP$$u20$.$GT$$u20$alloc..boxed..Box$LT$dyn$u20$core..error..Error$u2b$core..marker..Sync$u2b$core..marker..Send$GT$$GT$$C$futures_util..future..ready..Ready$LT$core..result..Result$LT$http..response..Response$LT$linkerd_http_box..body..BoxBody$GT$$C$alloc..boxed..Box$LT$dyn$u20$core..error..Error$u2b$core..marker..Sync$u2b$core..marker..Send$GT$$GT$$GT$$GT$$GT$$C$alloc..boxed..Box$LT$dyn$u20$core..error..Error$u2b$core..marker..Sync$u2b$core..marker..Send$GT$$GT$$GT$$C$core..pin..Pin$LT$alloc..boxed..Box$LT$dyn$u20$core..future..future..Future$u2b$Output$u20$$u3d$$u20$core..result..Result$LT$http..response..Response$LT$linkerd_http_box..body..BoxBody$GT$$C$alloc..boxed..Box$LT$dyn$u20$core..error..Error$u2b$core..marker..Sync$u2b$core..marker..Send$GT$$GT$$u2b$core..marker..Send$GT$$GT$$GT$$GT$$GT$17hc671a705d6e8ca47E.13771,0.03
lean,grpc,64,capacity,1,"core::ptr::drop_in_place<linkerd_stack::box_future::BoxFuture<linkerd_stack::map_err::MapErr<(),linkerd_idle_cache::Cached<linkerd_stack::box_service::BoxCloneSyncService<http::request::Request<linkerd_http_box::body::BoxBody>,http::response::Response<linkerd_http_box::body::BoxBody>>>>>>",0.03
lean,grpc,64,capacity,1,0x00000000000ae138,0.03
lean,grpc,64,capacity,1,dmesh_l7_driver_maintenance,0.03
lean,grpc,64,capacity,1,_rjem_je_emap_update_edata_state,0.03
lean,grpc,64,capacity,1,pac_dalloc_impl,0.03
lean,grpc,64,capacity,1,doca_pe_request_notification@plt,0.03
lean,grpc,64,capacity,1,h2::proto::streams::send::Send::recv_stream_window_update,0.03
lean,grpc,64,capacity,1,__aarch64_swp8_acq_rel,0.03
lean,grpc,64,capacity,1,0x000000000000e754,0.03
lean,grpc,64,capacity,1,"core::ptr::drop_in_place<linkerd_stack::map_err::ResponseFuture<(),tracing::instrument::Instrumented<core::pin::Pin<alloc::boxed::Box<dyn core::future::future::Future+Output = core::result::Result<http::response::Response<linkerd_http_box::body::BoxBody>,alloc::boxed::Box<dyn core::error::Error+core::marker::Sync+core::marker::Send>>+core::marker::Send>>>>>",0.03
lean,grpc,64,capacity,1,__aarch64_cas8_relax,0.03
lean,grpc,64,capacity,1,h2::proto::peer::Dyn::convert_poll_message,0.03
lean,grpc,64,capacity,1,0x00000000000004a4,0.03
lean,grpc,64,capacity,1,_ZN4core3ptr1764drop_in_place$LT$futures_util..future..either..Either$LT$futures_util..future..ready..Ready$LT$core..result..Result$LT$http..response..Response$LT$linkerd_http_box..body..BoxBody$GT$$C$alloc..boxed..Box$LT$dyn$u20$core..error..Error$u2b$core..marker..Sync$u2b$core..marker..Send$GT$$GT$$GT$$C$futures_util..future..try_future..ErrInto$LT$linkerd_app_outbound..http..logical..policy..route..filters..ResponseFuture$LT$linkerd_app_outbound..http..logical..policy..route..Matched$LT$linkerd_http_route..http..match..RequestMatch$C$linkerd_app_outbound..http..logical..policy..route..Route$LT$linkerd_app_outbound..http..Http$LT$linkerd_app_outbound..sidecar..HttpSidecar$GT$$C$linkerd_proxy_client_policy..http..Filter$C$linkerd_proxy_client_policy..http..RouteParams$GT$$GT$$C$futures_util..future..either..Either$LT$futures_util..future..try_future..MapErr$LT$core..pin..Pin$LT$alloc..boxed..Box$LT$dyn$u20$core..future..future..Future$u2b$Output$u20$$u3d$$u20$core..result..Result$LT$http..response..Response$LT$linkerd_http_box..body..BoxBody$GT$$C$alloc..boxed..Box$LT$dyn$u20$core..error..Error$u2b$core..marker..Sync$u2b$core..marker..Send$GT$$GT$$u2b$core..marker..Send$GT$$GT$$C$fn$LP$alloc..boxed..Box$LT$dyn$u20$core..error..Error$u2b$core..marker..Sync$u2b$core..marker..Send$GT$$RP$$u20$.$GT$$u20$alloc..boxed..Box$LT$dyn$u20$core..error..Error$u2b$core..marker..Sync$u2b$core..marker..Send$GT$$GT$$C$futures_util..future..ready..Ready$LT$core..result..Result$LT$http..response..Response$LT$linkerd_http_box..body..BoxBody$GT$$C$alloc..boxed..Box$LT$dyn$u20$core..error..Error$u2b$core..marker..Sync$u2b$core..marker..Send$GT$$GT$$GT$$GT$$GT$$C$alloc..boxed..Box$LT$dyn$u20$core..error..Error$u2b$core..marker..Sync$u2b$core..marker..Send$GT$$GT$$GT$$GT$17h184ca78465f3572aE.13772,0.03
lean,grpc,64,capacity,1,"core::ptr::drop_in_place<linkerd_app_outbound::http::logical::policy::route::extensions::SetExtensions<linkerd_http_retry::HttpRetry<linkerd_app_outbound::http::logical::policy::route::retry::RetryPolicy,linkerd_app_outbound::http::logical::policy::route::metrics::labels::Route,linkerd_app_outbound::http::logical::policy::route::Matched<linkerd_http_route::http::match::RequestMatch,linkerd_app_outbound::http::logical::policy::route::Route<linkerd_app_outbound::http::Http<linkerd_app_outbound::sidecar::HttpSidecar>,linkerd_proxy_client_policy::http::Filter,linkerd_proxy_client_policy::http::RouteParams>>,linkerd_app_outbound::http::logical::policy::route::filters::ApplyFilters<linkerd_app_outbound::http::logical::policy::route::Matched<linkerd_http_route::http::match::RequestMatch,linkerd_app_outbound::http::logical::policy::route::Route<linkerd_app_outbound::http::Http<linkerd_app_outbound::sidecar::HttpSidecar>,linkerd_proxy_client_policy::http::Filter,linkerd_proxy_client_policy::http::RouteParams>>,linkerd_stack::loadshed::LoadShed<linkerd_distribute::service::Distribute<linkerd_app_outbound::http::logical::policy::route::backend::Backend<linkerd_app_outbound::http::Http<linkerd_app_outbound::sidecar::HttpSidecar>,linkerd_proxy_client_policy::http::Filter>,linkerd_stack::box_service::BoxCloneSyncService<http::request::Request<linkerd_http_box::body::BoxBody>,http::response::Response<linkerd_http_box::body::BoxBody>>>>>>>>",0.03
lean,grpc,64,capacity,1,"core::ptr::drop_in_place<linkerd_stack::box_future::BoxFuture<linkerd_stack::map_err::MapErr<(),linkerd_stack::result::ResultService<linkerd_stack::either::vendor::Either<linkerd_stack::result::ResultService<linkerd_stack::either::vendor::Either<linkerd_stack::box_service::BoxCloneSyncService<http::request::Request<linkerd_http_box::body::BoxBody>,http::response::Response<linkerd_http_box::body::BoxBody>>,linkerd_stack_tracing::Instrument<linkerd_app_outbound::http::concrete::Endpoint<linkerd_app_outbound::http::logical::Concrete<linkerd_app_outbound::http::Http<linkerd_app_outbound::sidecar::HttpSidecar>>>,linkerd_app_outbound::http::concrete::<impl linkerd_app_outbound::Outbound<linkerd_stack::arc_new_service::ArcNewService<linkerd_app_outbound::http::concrete::Endpoint<linkerd_app_outbound::http::logical::Concrete<linkerd_app_outbound::http::Http<linkerd_app_outbound::sidecar::HttpSidecar>>>,tower::util::boxed::sync::BoxService<http::request::Request<linkerd_http_box::body::BoxBody>,http::response::Response<linkerd_http_box::body::BoxBody>,alloc::boxed::Box<dyn core::error::Error+core::marker::Sync+core::marker::Send>>>>>::push_http_concrete<linkerd_app_outbound::http::logical::Concrete<linkerd_app_outbound::http::Http<linkerd_app_outbound::sidecar::HttpSidecar>>,tower::util::boxed::sync::BoxService<http::request::Request<linkerd_http_box::body::BoxBody>,http::response::Response<linkerd_http_box::body::BoxBody>,alloc::boxed::Box<dyn core::error::Error+core::marker::Sync+core::marker::Send>>,linkerd_proxy_resolve::recover::Resolve<linkerd_app::dst::BackoffUnlessInvalidArgument,linkerd_proxy_api_resolve::resolve::Resolve<tower::util::map_err::MapErr<linkerd_stack::box_service::BoxCloneSyncService<http::request::Request<tonic::body::Body>,http::response::Response<linkerd_http_metrics::requests::service::ResponseBody<hyper_balance::PendingUntilFirstDataBody<tower::load::peak_ewma::Handle,hyper::body::incoming::Incoming>,linkerd_app_core::classify::Eos>>>,<alloc::boxed::Box<dyn core::error::Error+core::marker::Sync+core::marker::Send> as core::convert::From<alloc::boxed::Box<dyn core::error::Error+core::marker::Sync+core::marker::Send>>>::from>>>>::{{closure}}::{{closure}},linkerd_stack::gate::Gate<tower::buffer::service::Buffer<http::request::Request<linkerd_http_box::body::BoxBody>,core::pin::Pin<alloc::boxed::Box<dyn core::future::future::Future+Output = core::result::Result<http::response::Response<linkerd_http_box::body::BoxBody>,alloc::boxed::Box<dyn core::error::Error+core::marker::Sync+core::marker::Send>>+core::marker::Send>>>>>>>,tower::util::service_fn::ServiceFn<linkerd_app_outbound::http::concrete::<impl linkerd_app_outbound::Outbound<linkerd_stack::arc_new_service::ArcNewService<linkerd_app_outbound::http::concrete::Endpoint<linkerd_app_outbound::http::logical::Concrete<linkerd_app_outbound::http::Http<linkerd_app_outbound::sidecar::HttpSidecar>>>,tower::util::boxed::sync::BoxService<http::request::Request<linkerd_http_box::body::BoxBody>,http::response::Response<linkerd_http_box::body::BoxBody>,alloc::boxed::Box<dyn core::error::Error+core::marker::Sync+core::marker::Send>>>>>::push_http_concrete<linkerd_app_outbound::http::logical::Concrete<linkerd_app_outbound::http::Http<linkerd_app_outbound::sidecar::HttpSidecar>>,tower::util::boxed::sync::BoxService<http::request::Request<linkerd_http_box::body::BoxBody>,http::response::Response<linkerd_http_box::body::BoxBody>,alloc::boxed::Box<dyn core::error::Error+core::marker::Sync+core::marker::Send>>,linkerd_proxy_resolve::recover::Resolve<linkerd_app::dst::BackoffUnlessInvalidArgument,linkerd_proxy_api_resolve::resolve::Resolve<tower::util::map_err::MapErr<linkerd_stack::box_service::BoxCloneSyncService<http::request::Request<tonic::body::Body>,http::response::Response<linkerd_http_metrics::requests::service::ResponseBody<hyper_balance::PendingUntilFirstDataBody<tower::load::peak_ewma::Handle,hyper::body::incoming::Incoming>,linkerd_app_core::classify::Eos>>>,<alloc::boxed::Box<dyn core::error::Error+core::marker::Sync+core::marker::Send> as core::convert::From<alloc::boxed::Box<dyn core::error::Error+core::marker::Sync+core::marker::Send>>>::from>>>>::{{closure}}::{{closure}}::{{closure}}>>>>>>",0.03
lean,grpc,64,capacity,1,"core::ptr::drop_in_place<futures_util::future::either::Either<futures_util::future::try_future::MapErr<tower::util::oneshot::Oneshot<linkerd_stack::box_service::BoxCloneSyncService<http::request::Request<linkerd_http_box::body::BoxBody>,http::response::Response<linkerd_http_box::body::BoxBody>>,http::request::Request<linkerd_http_box::body::BoxBody>>,fn(alloc::boxed::Box<dyn core::error::Error+core::marker::Sync+core::marker::Send>) .> alloc::boxed::Box<dyn core::error::Error+core::marker::Sync+core::marker::Send>>,futures_util::future::ready::Ready<core::result::Result<http::response::Response<linkerd_http_box::body::BoxBody>,alloc::boxed::Box<dyn core::error::Error+core::marker::Sync+core::marker::Send>>>>>",0.03
lean,grpc,64,capacity,1,"<linkerd_http_metrics::requests::service::ResponseBody<B,C> as http_body::Body>::poll_frame",0.03
lean,grpc,64,capacity,1,0x00000000000148f4,0.03
lean,grpc,64,capacity,1,"<linkerd_http_classify::channel::ResponseBody<C,B> as http_body::Body>::poll_frame",0.03
lean,grpc,64,capacity,1,http::header::map::HeaderMap<T>::try_reserve_one,0.03
lean,grpc,64,capacity,1,__aarch64_swp1_rel,0.03
lean,grpc,64,capacity,1,0x000000000001d858,0.03
lean,grpc,64,capacity,1,"core::ptr::drop_in_place<linkerd_app_outbound::http::logical::policy::route::filters::ApplyFilters<linkerd_app_outbound::http::logical::policy::route::Matched<linkerd_http_route::http::match::RequestMatch,linkerd_app_outbound::http::logical::policy::route::backend::Backend<linkerd_app_outbound::http::Http<linkerd_app_outbound::sidecar::HttpSidecar>,linkerd_proxy_client_policy::http::Filter>>,linkerd_stack::box_service::BoxCloneSyncService<http::request::Request<linkerd_http_box::body::BoxBody>,http::response::Response<linkerd_http_box::body::BoxBody>>>>",0.03
lean,grpc,64,capacity,1,"core::ptr::drop_in_place<<futures_util::stream::futures_unordered::FuturesUnordered<Fut> as futures_core::stream::Stream>::poll_next::Bomb<tower::ready_cache::cache::Pending<core::net::socket_addr::SocketAddr,tower::load::peak_ewma::PeakEwma<linkerd_proxy_balance_gauge_endpoints::GaugeBalancerEndpoint<tower::util::boxed::sync::BoxService<http::request::Request<linkerd_http_box::body::BoxBody>,http::response::Response<linkerd_http_classify::channel::ResponseBody<linkerd_app_core::classify::Eos,linkerd_http_box::body::BoxBody>>,alloc::boxed::Box<dyn core::error::Error+core::marker::Sync+core::marker::Send>>>,hyper_balance::PendingUntilFirstData>,http::request::Request<linkerd_http_box::body::BoxBody>>>>",0.03
lean,grpc,64,capacity,1,doca_task_submit,0.03
lean,grpc,64,capacity,1,<linkerd_stack_metrics::service::TrackService<S> as core::clone::Clone>::clone,0.03
lean,grpc,64,capacity,1,core::ptr::drop_in_place<alloc::vec::drain::Drain<linkerd_proxy_tap::grpc::server::TapResponsePayload>>,0.03
lean,grpc,64,capacity,1,epoll_wait,0.03
lean,grpc,64,capacity,1,doca_dma_task_memcpy_as_task,0.03
lean,grpc,64,capacity,1,<http::uri::scheme::Scheme as core::str::traits::FromStr>::from_str,0.02
lean,grpc,64,capacity,1,px_worker_stats,0.02
lean,grpc,64,capacity,1,0x00000000000767f4,0.02
lean,grpc,64,capacity,1,"core::ptr::drop_in_place<hyper::client::dispatch::Callback<http::request::Request<linkerd_http_box::body::BoxBody>,http::response::Response<hyper::body::incoming::Incoming>>>",0.02
lean,grpc,64,capacity,1,"core::ptr::drop_in_place<tracing::instrument::Instrumented<hyper::proto::h2::client::H2ClientFuture<linkerd_http_box::body::BoxBody,hyper_util::rt::tokio::TokioIo<linkerd_io::sensor::SensorIo<linkerd_io::sensor::SensorIo<linkerd_io::either::EitherIo<linkerd_io::either::EitherIo<linkerd_io::scoped::ScopedIo<tokio::net::tcp::stream::TcpStream>,dmesh_doca::io::DmeshIo>,linkerd_meshtls::client::ClientIo<linkerd_io::either::EitherIo<linkerd_io::scoped::ScopedIo<tokio::net::tcp::stream::TcpStream>,dmesh_doca::io::DmeshIo>>>,linkerd_transport_metrics::sensor::Sensor>,linkerd_transport_metrics::zone::sensor::ZoneMetricsSensor>>,hyper_util::rt::tokio::TokioExecutor>>>",0.02
lean,grpc,64,capacity,1,"core::ptr::drop_in_place<futures_util::future::try_future::into_future::IntoFuture<linkerd_stack::either::vendor::Either<core::pin::Pin<alloc::boxed::Box<dyn core::future::future::Future+Output = core::result::Result<http::response::Response<linkerd_http_box::body::BoxBody>,alloc::boxed::Box<dyn core::error::Error+core::marker::Sync+core::marker::Send>>+core::marker::Send>>,tracing::instrument::Instrumented<tower::buffer::future::ResponseFuture<core::pin::Pin<alloc::boxed::Box<dyn core::future::future::Future+Output = core::result::Result<http::response::Response<linkerd_http_box::body::BoxBody>,alloc::boxed::Box<dyn core::error::Error+core::marker::Sync+core::marker::Send>>+core::marker::Send>>>>>>>",0.02
lean,grpc,64,capacity,1,h2::hpack::decoder::take,0.02
lean,grpc,64,capacity,1,linkerd_http_classify::channel::send_or_report,0.02
lean,grpc,64,capacity,1,hrtimer_try_to_cancel.part.0,0.02
lean,grpc,64,capacity,1,_rjem_je_tcache_gc_dalloc_event_handler,0.02
lean,grpc,64,capacity,1,"linkerd_http_metrics::requests::service::ResponseBody<B,C>::record_class",0.02
lean,grpc,64,capacity,1,"indexmap::map::IndexMap<K,V,S>::get_index_of",0.02
lean,grpc,64,capacity,1,"core::ptr::drop_in_place<linkerd_stack::map_err::MapErr<linkerd_stack::map_err::WrapFromTarget<linkerd_app_outbound::http::concrete::balance::Balance<linkerd_app_outbound::http::logical::Concrete<linkerd_app_outbound::http::Http<linkerd_app_outbound::sidecar::HttpSidecar>>>,linkerd_app_outbound::http::concrete::balance::BalanceError>,linkerd_stack_metrics::service::TrackService<linkerd_stack::either::vendor::Either<linkerd_http_box::response::BoxResponse<linkerd_stack::gate::Gate<linkerd_proxy_balance_queue::service::PoolQueue<http::request::Request<linkerd_http_box::body::BoxBody>,futures_util::future::try_future::ErrInto<tower::load::completion::TrackCompletionFuture<core::pin::Pin<alloc::boxed::Box<dyn core::future::future::Future+Output = core::result::Result<http::response::Response<linkerd_http_classify::channel::ResponseBody<linkerd_app_core::classify::Eos,linkerd_http_box::body::BoxBody>>,alloc::boxed::Box<dyn core::error::Error+core::marker::Sync+core::marker::Send>>+core::marker::Send>>,hyper_balance::PendingUntilFirstData,tower::load::peak_ewma::Handle>,alloc::boxed::Box<dyn core::error::Error+core::marker::Sync+core::marker::Send>>>>>,linkerd_http_box::response::BoxResponse<linkerd_stack::gate::Gate<linkerd_proxy_balance_queue::service::PoolQueue<http::request::Request<linkerd_http_box::body::BoxBody>,futures_util::future::try_future::ErrInto<linkerd_load_biaser::LoadBiaserFuture<core::pin::Pin<alloc::boxed::Box<dyn core::future::future::Future+Output = core::result::Result<http::response::Response<linkerd_http_classify::channel::ResponseBody<linkerd_app_core::classify::Eos,linkerd_http_box::body::BoxBody>>,alloc::boxed::Box<dyn core::error::Error+core::marker::Sync+core::marker::Send>>+core::marker::Send>>,http::response::Response<linkerd_http_classify::channel::ResponseBody<linkerd_app_core::classify::Eos,linkerd_http_box::body::BoxBody>>,hyper_balance::PendingUntilFirstData>,alloc::boxed::Box<dyn core::error::Error+core::marker::Sync+core::marker::Send>>>>>>>>>",0.02
lean,grpc,64,capacity,1,0x000000000000e76c,0.02
lean,grpc,64,capacity,1,"core::ptr::drop_in_place<linkerd_http_metrics::requests::service::ResponseBody<linkerd_proxy_tap::service::Body<linkerd_app_core::errors::body::ResponseBody<linkerd_app_outbound::http::endpoint::ClientRescue,linkerd_http_stream_timeouts::ResponseBody<linkerd_http_box::body::BoxBody>>>,linkerd_app_core::classify::Eos>>",0.02
lean,grpc,64,capacity,1,px_resolve_backend,0.02
lean,grpc,64,capacity,1,core::ptr::drop_in_place<linkerd_http_box::body::Inner<linkerd_http_prom::record_response::ResponseBody<linkerd_app_outbound::http::logical::policy::route::metrics::LabelHttpRsp<linkerd_app_outbound::http::logical::policy::route::metrics::labels::RouteBackend>>>>,0.02
lean,grpc,64,capacity,1,__aarch64_swp4_acq_rel,0.02
lean,grpc,64,capacity,1,priv_doca_pe_resume_ctx@plt,0.02
lean,grpc,64,capacity,1,0x000000000001d770,0.02
lean,grpc,64,capacity,1,<linkerd_addr::Addr as core::hash::Hash>::hash,0.02
lean,grpc,64,capacity,1,tokio::util::wake::clone_arc_raw,0.02
lean,grpc,64,capacity,1,0x0000000000076818,0.02
lean,grpc,64,capacity,1,core::ptr::drop_in_place<core::option::Option<http::method::Method>>,0.02
lean,grpc,64,capacity,1,<linkerd_http_box::body::Data as bytes::buf::buf_impl::Buf>::advance,0.02
lean,grpc,64,capacity,1,0x00000000000004dc,0.02
lean,grpc,64,capacity,1,0x00000000000b0384,0.02
lean,grpc,64,capacity,1,<linkerd_http_box::body::Data as bytes::buf::buf_impl::Buf>::chunk,0.02
lean,grpc,64,capacity,1,doca_task_free,0.02
lean,grpc,64,capacity,1,0x000000000002a844,0.02
lean,grpc,64,capacity,1,uaccess_ttbr0_disable,0.02
lean,grpc,64,capacity,1,_rjem_realloc,0.02
lean,grpc,64,capacity,1,0x000000000001dacc,0.02
lean,grpc,64,capacity,1,0x000000000002a854,0.02
lean,grpc,64,capacity,1,__kern_my_cpu_offset,0.02
lean,grpc,64,capacity,1,core::ptr::drop_in_place<linkerd_app_core::classify::Response>,0.02
lean,grpc,64,capacity,1,0x0000000000076fa4,0.02
lean,grpc,64,capacity,1,core::ptr::drop_in_place<core::option::Option<linkerd_http_prom::record_response::ResponseState<linkerd_app_outbound::http::logical::policy::route::metrics::LabelGrpcRsp<linkerd_app_outbound::http::logical::policy::route::metrics::labels::Route>>>>,0.02
lean,grpc,64,capacity,1,"core::ptr::drop_in_place<linkerd_app_core::errors::body::ResponseBody<linkerd_app_inbound::http::router::ClientRescue,linkerd_http_box::body::BoxBody>>",0.02
lean,grpc,64,capacity,1,0x0000000000006eb0,0.02
lean,grpc,64,capacity,1,<tokio::sync::oneshot::Receiver<T> as core::ops::drop::Drop>::drop,0.02
lean,grpc,64,capacity,1,blkcg_maybe_throttle_current,0.01
lean,grpc,64,capacity,1,priv_doca_pe_resume_ctx,0.01
lean,grpc,64,capacity,1,dmesh_l7_driver_stats,0.01
lean,grpc,64,capacity,1,0x0000000000003320,0.01
lean,grpc,64,capacity,1,_rjem_je_tcache_gc_new_event_wait,0.01
lean,grpc,64,capacity,1,px_unit_attach_chunk,0.01
lean,grpc,64,capacity,1,<linkerd_stack::loadshed::LoadShed<S> as core::clone::Clone>::clone,0.01
lean,grpc,64,capacity,1,0x0000000000000498,0.01
lean,grpc,64,capacity,1,h2::proto::streams::store::Ptr::remove,0.01
lean,grpc,64,capacity,1,0x0000000000006efc,0.01
lean,grpc,64,capacity,1,"core::ptr::drop_in_place<futures_util::stream::futures_unordered::task::Task<tower::ready_cache::cache::Pending<core::net::socket_addr::SocketAddr,tower::load::peak_ewma::PeakEwma<linkerd_proxy_balance_gauge_endpoints::GaugeBalancerEndpoint<tower::util::boxed::sync::BoxService<http::request::Request<linkerd_http_box::body::BoxBody>,http::response::Response<linkerd_http_classify::channel::ResponseBody<linkerd_app_core::classify::Eos,linkerd_http_box::body::BoxBody>>,alloc::boxed::Box<dyn core::error::Error+core::marker::Sync+core::marker::Send>>>,hyper_balance::PendingUntilFirstData>,http::request::Request<linkerd_http_box::body::BoxBody>>>>",0.01
lean,grpc,64,capacity,1,0x00000000000b7a80,0.01
lean,grpc,64,capacity,1,0x0000000000005ac4,0.01
lean,grpc,64,capacity,1,0x000000000001dad0,0.01
lean,grpc,64,capacity,1,"core::ptr::drop_in_place<linkerd_stack::either::vendor::Either<futures_util::future::try_future::MapOk<linkerd_proxy_balance_queue::future::ResponseFuture<futures_util::future::try_future::ErrInto<tower::load::completion::TrackCompletionFuture<core::pin::Pin<alloc::boxed::Box<dyn core::future::future::Future+Output = core::result::Result<http::response::Response<linkerd_http_classify::channel::ResponseBody<linkerd_app_core::classify::Eos,linkerd_http_box::body::BoxBody>>,alloc::boxed::Box<dyn core::error::Error+core::marker::Sync+core::marker::Send>>+core::marker::Send>>,hyper_balance::PendingUntilFirstData,tower::load::peak_ewma::Handle>,alloc::boxed::Box<dyn core::error::Error+core::marker::Sync+core::marker::Send>>>,fn(http::response::Response<hyper_balance::PendingUntilFirstDataBody<tower::load::peak_ewma::Handle,linkerd_http_classify::channel::ResponseBody<linkerd_app_core::classify::Eos,linkerd_http_box::body::BoxBody>>>) .> http::response::Response<linkerd_http_box::body::BoxBody>>,futures_util::future::try_future::MapOk<linkerd_proxy_balance_queue::future::ResponseFuture<futures_util::future::try_future::ErrInto<linkerd_load_biaser::LoadBiaserFuture<core::pin::Pin<alloc::boxed::Box<dyn core::future::future::Future+Output = core::result::Result<http::response::Response<linkerd_http_classify::channel::ResponseBody<linkerd_app_core::classify::Eos,linkerd_http_box::body::BoxBody>>,alloc::boxed::Box<dyn core::error::Error+core::marker::Sync+core::marker::Send>>+core::marker::Send>>,http::response::Response<linkerd_http_classify::channel::ResponseBody<linkerd_app_core::classify::Eos,linkerd_http_box::body::BoxBody>>,hyper_balance::PendingUntilFirstData>,alloc::boxed::Box<dyn core::error::Error+core::marker::Sync+core::marker::Send>>>,fn(http::response::Response<hyper_balance::PendingUntilFirstDataBody<core::option::Option<linkerd_load_biaser::Handle>,linkerd_http_classify::channel::ResponseBody<linkerd_app_core::classify::Eos,linkerd_http_box::body::BoxBody>>>) .> http::response::Response<linkerd_http_box::body::BoxBody>>>>",0.01
lean,grpc,64,capacity,1,pthread_mutex_unlock@@GLIBC_2.17,0.01
lean,grpc,64,capacity,1,"<http_body_util::combinators::map_err::MapErr<B,F> as http_body::Body>::poll_frame",0.01
lean,grpc,64,capacity,1,eventfd_write@plt,0.01
lean,grpc,64,capacity,1,0x00000000000149dc,0.01
lean,grpc,64,capacity,1,clear_rseq_cs.isra.0,0.01
lean,grpc,64,capacity,1,"core::ptr::drop_in_place<linkerd_proxy_balance_queue::future::ResponseState<futures_util::future::try_future::ErrInto<tower::load::completion::TrackCompletionFuture<core::pin::Pin<alloc::boxed::Box<dyn core::future::future::Future+Output = core::result::Result<http::response::Response<linkerd_http_classify::channel::ResponseBody<linkerd_app_core::classify::Eos,linkerd_http_box::body::BoxBody>>,alloc::boxed::Box<dyn core::error::Error+core::marker::Sync+core::marker::Send>>+core::marker::Send>>,hyper_balance::PendingUntilFirstData,tower::load::peak_ewma::Handle>,alloc::boxed::Box<dyn core::error::Error+core::marker::Sync+core::marker::Send>>>>",0.01
lean,grpc,64,capacity,1,h2::proto::streams::store::Store::find_mut,0.01
lean,grpc,64,capacity,1,bytes::bytes::promotable_even_drop,0.01
lean,grpc,64,capacity,1,core::ops::function::FnOnce::call_once{{vtable.shim}},0.01
lean,grpc,64,capacity,1,note_gp_changes,0.01
lean,grpc,64,capacity,1,0x0000000000079a7c,0.01
lean,grpc,64,capacity,1,0x0000000000006ef0,0.01
lean,grpc,64,capacity,1,_rjem_je_tcache_gc_event_handler,0.01
lean,grpc,64,capacity,1,__errno_location@plt,0.01
lean,grpc,64,capacity,1,0x000000000000048c,0.01
lean,grpc,64,capacity,1,h2::proto::streams::streams::StreamRef<B>::take_request,0.01
lean,grpc,64,capacity,1,doca_comch_consumer_task_post_recv_as_task@plt,0.01
lean,grpc,64,capacity,1,0x00000000000b03c0,0.01
lean,grpc,64,capacity,1,ksys_write,0.01
lean,grpc,64,capacity,1,do_notify_resume,0.01
lean,grpc,64,capacity,1,0x0000000000000504,0.01
lean,grpc,64,capacity,1,0x00000000000b6e5c,0.01
lean,grpc,64,capacity,1,0x0000000000005914,0.01
lean,grpc,64,capacity,1,_rjem_je_hook_invoke_dalloc,0.01
lean,grpc,64,capacity,1,http::header::map::HeaderMap<T>::try_entry2,0.01
lean,grpc,64,capacity,1,_copy_to_iter,0.01
lean,grpc,64,capacity,1,0x00000000000b6e40,0.01
lean,grpc,64,capacity,1,dmesh_l7_driver_arm,0.01
lean,grpc,64,capacity,1,0x000000000001da04,0.01
lean,grpc,64,capacity,1,"core::ptr::drop_in_place<linkerd_stack::loadshed::LoadShed<linkerd_distribute::service::Distribute<linkerd_app_outbound::http::logical::policy::route::backend::Backend<linkerd_app_outbound::http::Http<linkerd_app_outbound::sidecar::HttpSidecar>,linkerd_proxy_client_policy::http::Filter>,linkerd_stack::box_service::BoxCloneSyncService<http::request::Request<linkerd_http_box::body::BoxBody>,http::response::Response<linkerd_http_box::body::BoxBody>>>>>",0.01
lean,grpc,64,capacity,1,"core::ptr::drop_in_place<linkerd_stack::loadshed::LoadShed<tower::limit::concurrency::service::ConcurrencyLimit<linkerd_stack::box_service::BoxCloneSyncService<http::request::Request<linkerd_http_box::body::BoxBody>,http::response::Response<linkerd_http_box::body::BoxBody>>>>>",0.01
lean,grpc,64,capacity,1,tokio::runtime::driver::Driver::park,0.01
lean,grpc,64,capacity,1,"core::ptr::drop_in_place<linkerd_app_core::errors::body::ResponseBody<linkerd_app_outbound::http::endpoint::ClientRescue,linkerd_http_stream_timeouts::ResponseBody<linkerd_http_box::body::BoxBody>>>",0.01
lean,grpc,64,capacity,1,doca_comch_consumer_task_post_recv_get_imm_data,0.01
lean,grpc,64,capacity,1,0x0000000000003314,0.01
lean,grpc,64,capacity,1,dmesh_l7_tx_batch_flush,0.01
lean,grpc,64,capacity,1,"core::ptr::drop_in_place<core::option::Option<linkerd_http_classify::channel::State<linkerd_app_core::classify::Eos,linkerd_app_core::classify::Class>>>",0.01
lean,grpc,64,capacity,1,0x0000000000076800,0.01
lean,grpc,64,capacity,1,0x000000000000599c,0.01
lean,grpc,64,capacity,1,0x0000000000076f14,0.01
lean,grpc,64,capacity,1,0x00000000000004b4,0.01
lean,grpc,64,capacity,1,"core::ptr::drop_in_place<linkerd_http_box::body::Inner<linkerd_http_metrics::requests::service::ResponseBody<linkerd_proxy_tap::service::Body<linkerd_app_core::errors::body::ResponseBody<linkerd_app_outbound::http::endpoint::ClientRescue,linkerd_http_stream_timeouts::ResponseBody<linkerd_http_box::body::BoxBody>>>,linkerd_app_core::classify::Eos>>>",0.01
lean,grpc,64,capacity,1,0x0000000000000480,0.01
lean,grpc,64,capacity,1,0x000000000001d7e8,0.01
lean,grpc,64,capacity,1,0x0000000000076f30,0.01
lean,grpc,64,capacity,1,_rjem_je_edata_heap_empty,0.01
lean,grpc,64,capacity,1,0x0000000000006ee8,0.01
lean,grpc,64,capacity,1,doca_buf_inventory_buf_get_by_args@plt,0.01
lean,grpc,64,capacity,1,__aarch64_ldadd8_acq,0.01
lean,grpc,64,capacity,1,"core::ptr::drop_in_place<linkerd_http_box::response::BoxResponse<linkerd_http_prom::body_data::request::RecordBodyData<linkerd_http_prom::status::RecordStatusCode<linkerd_http_prom::record_response::RecordDuration<linkerd_app_outbound::http::logical::policy::route::Matched<linkerd_http_route::http::match::RequestMatch,linkerd_app_outbound::http::logical::policy::route::Route<linkerd_app_outbound::http::Http<linkerd_app_outbound::sidecar::HttpSidecar>,linkerd_proxy_client_policy::http::Filter,linkerd_proxy_client_policy::http::RouteParams>>,linkerd_http_prom::record_response::request::RequestMetrics<linkerd_app_outbound::http::logical::policy::route::metrics::labels::Route>,linkerd_app_outbound::http::logical::policy::route::extensions::SetExtensions<linkerd_http_retry::HttpRetry<linkerd_app_outbound::http::logical::policy::route::retry::RetryPolicy,linkerd_app_outbound::http::logical::policy::route::metrics::labels::Route,linkerd_app_outbound::http::logical::policy::route::Matched<linkerd_http_route::http::match::RequestMatch,linkerd_app_outbound::http::logical::policy::route::Route<linkerd_app_outbound::http::Http<linkerd_app_outbound::sidecar::HttpSidecar>,linkerd_proxy_client_policy::http::Filter,linkerd_proxy_client_policy::http::RouteParams>>,linkerd_app_outbound::http::logical::policy::route::filters::ApplyFilters<linkerd_app_outbound::http::logical::policy::route::Matched<linkerd_http_route::http::match::RequestMatch,linkerd_app_outbound::http::logical::policy::route::Route<linkerd_app_outbound::http::Http<linkerd_app_outbound::sidecar::HttpSidecar>,linkerd_proxy_client_policy::http::Filter,linkerd_proxy_client_policy::http::RouteParams>>,linkerd_stack::loadshed::LoadShed<linkerd_distribute::service::Distribute<linkerd_app_outbound::http::logical::policy::route::backend::Backend<linkerd_app_outbound::http::Http<linkerd_app_outbound::sidecar::HttpSidecar>,linkerd_proxy_client_policy::http::Filter>,linkerd_stack::box_service::BoxCloneSyncService<http::request::Request<linkerd_http_box::body::BoxBody>,http::response::Response<linkerd_http_box::body::BoxBody>>>>>>>>,linkerd_app_outbound::http::logical::policy::route::Matched<linkerd_http_route::http::match::RequestMatch,linkerd_app_outbound::http::logical::policy::route::Route<linkerd_app_outbound::http::Http<linkerd_app_outbound::sidecar::HttpSidecar>,linkerd_proxy_client_policy::http::Filter,linkerd_proxy_client_policy::http::RouteParams>>,linkerd_app_outbound::http::logical::policy::route::metrics::labels::Rsp<linkerd_app_outbound::http::logical::policy::route::metrics::labels::Route,linkerd_app_outbound::http::logical::policy::route::metrics::labels::HttpRsp>>,linkerd_app_outbound::http::logical::policy::route::metrics::ExtractBodyDataMetrics<linkerd_app_outbound::http::logical::policy::route::Matched<linkerd_http_route::http::match::RequestMatch,linkerd_app_outbound::http::logical::policy::route::Route<linkerd_app_outbound::http::Http<linkerd_app_outbound::sidecar::HttpSidecar>,linkerd_proxy_client_policy::http::Filter,linkerd_proxy_client_policy::http::RouteParams>>>>>>",0.01
lean,grpc,64,capacity,1,core::ptr::drop_in_place<linkerd_app_outbound::http::logical::policy::route::metrics::labels::RouteBackend>,0.01
lean,grpc,64,capacity,1,0x000000000001d794,0.01
lean,grpc,64,capacity,1,"core::ptr::drop_in_place<linkerd_http_metrics::requests::service::RequestBody<linkerd_http_box::body::BoxBody,linkerd_app_core::classify::Class>>",0.01
lean,grpc,64,capacity,1,tokio::util::wake::drop_arc_raw,0.01
lean,grpc,64,capacity,1,alloc::raw_vec::finish_grow,0.01
lean,grpc,64,capacity,1,__memmove_generic,0.01
lean,grpc,64,capacity,1,0x000000000001da14,0.01
lean,grpc,64,capacity,1,0x000000000007683c,0.01
lean,grpc,64,capacity,1,0x00000000000b7a7c,0.01
lean,grpc,64,capacity,1,"core::ptr::drop_in_place<core::option::Option<linkerd_http_classify::channel::State<linkerd_app_core::classify::Response,linkerd_app_core::classify::Class>>>",0.01
lean,grpc,64,capacity,1,0x00000000000004c0,0.01
lean,grpc,64,capacity,1,"core::ptr::drop_in_place<http_body_util::either::Either<linkerd_http_body_eos::BodyWithEosFn<linkerd_http_box::body::BoxBody,alloc::boxed::Box<dyn core::ops::function::FnOnce<(linkerd_http_body_eos::EosRef<alloc::boxed::Box<dyn core::error::Error+core::marker::Sync+core::marker::Send>>,)>+Output = ()+core::marker::Send>>,linkerd_http_box::body::BoxBody>>",0.01
lean,grpc,64,capacity,1,0x000000000001d7cc,0.01
lean,grpc,64,capacity,1,schedule_hrtimeout_range,0.01
lean,grpc,64,capacity,1,_rjem_je_eset_insert,0.01
lean,grpc,64,capacity,1,core::ptr::drop_in_place<h2::proto::streams::stream::Stream>,0.01
lean,grpc,64,capacity,1,write@plt,0.01
lean,grpc,64,capacity,1,"core::ptr::drop_in_place<linkerd_stack::box_future::BoxFuture<linkerd_stack::map_err::MapErr<(),linkerd_stack::result::ResultService<linkerd_stack::either::vendor::Either<linkerd_stack::box_service::BoxCloneSyncService<http::request::Request<linkerd_http_box::body::BoxBody>,http::response::Response<linkerd_http_box::body::BoxBody>>,linkerd_stack::box_service::BoxCloneSyncService<http::request::Request<linkerd_http_box::body::BoxBody>,http::response::Response<linkerd_http_box::body::BoxBody>>>>>>>",0.01
lean,grpc,64,capacity,1,0x0000000000076828,0.01
lean,grpc,64,capacity,1,0x0000000000076f3c,0.01
lean,grpc,64,capacity,1,mio::sys::unix::waker::Waker::wake,0.01
lean,grpc,64,capacity,1,0x000000000001d7c0,0.01
lean,grpc,64,capacity,1,0x0000000000014940,0.01
lean,grpc,64,capacity,1,__fdget_pos,0.01
lean,grpc,64,capacity,1,"core::ptr::drop_in_place<tokio::sync::mpsc::bounded::Sender<linkerd_proxy_balance_queue::message::Message<http::request::Request<linkerd_http_box::body::BoxBody>,futures_util::future::try_future::ErrInto<tower::load::completion::TrackCompletionFuture<core::pin::Pin<alloc::boxed::Box<dyn core::future::future::Future+Output = core::result::Result<http::response::Response<linkerd_http_classify::channel::ResponseBody<linkerd_app_core::classify::Eos,linkerd_http_box::body::BoxBody>>,alloc::boxed::Box<dyn core::error::Error+core::marker::Sync+core::marker::Send>>+core::marker::Send>>,hyper_balance::PendingUntilFirstData,tower::load::peak_ewma::Handle>,alloc::boxed::Box<dyn core::error::Error+core::marker::Sync+core::marker::Send>>>>::reserve_owned::{{closure}}>",0.01
lean,grpc,64,capacity,1,0x0000000000076fd0,0.01
lean,grpc,64,capacity,1,doca_pe_clear_notification,0.01
lean,grpc,64,capacity,1,0x0000000000005afc,0.01
lean,grpc,64,capacity,1,update_blocked_averages,0.01
lean,grpc,64,capacity,1,"core::ptr::drop_in_place<futures_util::future::try_future::into_future::IntoFuture<linkerd_app_outbound::http::logical::policy::route::filters::ResponseFuture<linkerd_app_outbound::http::logical::policy::route::Matched<linkerd_http_route::http::match::RequestMatch,linkerd_app_outbound::http::logical::policy::route::backend::Backend<linkerd_app_outbound::http::Http<linkerd_app_outbound::sidecar::HttpSidecar>,linkerd_proxy_client_policy::http::Filter>>,core::pin::Pin<alloc::boxed::Box<dyn core::future::future::Future+Output = core::result::Result<http::response::Response<linkerd_http_box::body::BoxBody>,alloc::boxed::Box<dyn core::error::Error+core::marker::Sync+core::marker::Send>>+core::marker::Send>>>>>",0.01
lean,grpc,64,capacity,1,<tokio::sync::notify::Notified as core::ops::drop::Drop>::drop,0.01
lean,grpc,64,capacity,1,fput,0.01
lean,grpc,64,capacity,1,0x00000000000b0418,0.01
lean,grpc,64,capacity,1,tokio::sync::notify::Notify::notify_one,0.01
lean,grpc,64,capacity,1,px_chunk_alloc,0.01
lean,grpc,64,capacity,1,"core::ptr::drop_in_place<linkerd_stack::map_err::ResponseFuture<(),futures_util::future::try_future::ErrInto<linkerd_stack::either::vendor::Either<futures_util::future::try_future::ErrInto<linkerd_stack::either::vendor::Either<core::pin::Pin<alloc::boxed::Box<dyn core::future::future::Future+Output = core::result::Result<http::response::Response<linkerd_http_box::body::BoxBody>,alloc::boxed::Box<dyn core::error::Error+core::marker::Sync+core::marker::Send>>+core::marker::Send>>,tracing::instrument::Instrumented<tower::buffer::future::ResponseFuture<core::pin::Pin<alloc::boxed::Box<dyn core::future::future::Future+Output = core::result::Result<http::response::Response<linkerd_http_box::body::BoxBody>,alloc::boxed::Box<dyn core::error::Error+core::marker::Sync+core::marker::Send>>+core::marker::Send>>>>>,alloc::boxed::Box<dyn core::error::Error+core::marker::Sync+core::marker::Send>>,futures_util::future::ready::Ready<core::result::Result<http::response::Response<linkerd_http_box::body::BoxBody>,linkerd_app_outbound::http::concrete::DispatcherFailed>>>,alloc::boxed::Box<dyn core::error::Error+core::marker::Sync+core::marker::Send>>>>",0.01
lean,grpc,64,capacity,1,0x000000000002a848,0.01
lean,grpc,64,capacity,1,"core::ptr::drop_in_place<linkerd_stack::box_future::BoxFuture<linkerd_stack::map_err::MapErr<(),linkerd_router::OneshotRoute<linkerd_app_outbound::http::logical::policy::router::Router<linkerd_app_outbound::http::Http<linkerd_app_outbound::sidecar::HttpSidecar>,linkerd_http_route::http::match::MatchRequest,linkerd_proxy_client_policy::http::Filter,linkerd_proxy_client_policy::http::RouteParams>,linkerd_router::cache::Cache<linkerd_app_outbound::http::logical::policy::route::Matched<linkerd_http_route::http::match::RequestMatch,linkerd_app_outbound::http::logical::policy::route::Route<linkerd_app_outbound::http::Http<linkerd_app_outbound::sidecar::HttpSidecar>,linkerd_proxy_client_policy::http::Filter,linkerd_proxy_client_policy::http::RouteParams>>,linkerd_stack::arc_new_service::ArcNewService<linkerd_app_outbound::http::logical::policy::route::Matched<linkerd_http_route::http::match::RequestMatch,linkerd_app_outbound::http::logical::policy::route::Route<linkerd_app_outbound::http::Http<linkerd_app_outbound::sidecar::HttpSidecar>,linkerd_proxy_client_policy::http::Filter,linkerd_proxy_client_policy::http::RouteParams>>,linkerd_stack::box_service::BoxCloneSyncService<http::request::Request<linkerd_http_box::body::BoxBody>,http::response::Response<linkerd_http_box::body::BoxBody>>>,linkerd_stack::box_service::BoxCloneSyncService<http::request::Request<linkerd_http_box::body::BoxBody>,http::response::Response<linkerd_http_box::body::BoxBody>>>>>>>",0.01
lean,grpc,64,capacity,1,_rjem_je_arena_dalloc_bin_locked_handle_newly_nonempty,0.01
lean,grpc,64,capacity,1,0x0000000000005948,0.01
lean,grpc,64,capacity,1,"core::ptr::drop_in_place<linkerd_http_prom::record_response::ResponseFuture<linkerd_app_outbound::http::logical::policy::route::metrics::LabelHttpRsp<linkerd_app_outbound::http::logical::policy::route::metrics::labels::RouteBackend>,futures_util::future::either::Either<futures_util::future::ready::Ready<core::result::Result<http::response::Response<linkerd_http_box::body::BoxBody>,alloc::boxed::Box<dyn core::error::Error+core::marker::Sync+core::marker::Send>>>,futures_util::future::try_future::ErrInto<linkerd_app_outbound::http::logical::policy::route::filters::ResponseFuture<linkerd_app_outbound::http::logical::policy::route::Matched<linkerd_http_route::http::match::RequestMatch,linkerd_app_outbound::http::logical::policy::route::backend::Backend<linkerd_app_outbound::http::Http<linkerd_app_outbound::sidecar::HttpSidecar>,linkerd_proxy_client_policy::http::Filter>>,core::pin::Pin<alloc::boxed::Box<dyn core::future::future::Future+Output = core::result::Result<http::response::Response<linkerd_http_box::body::BoxBody>,alloc::boxed::Box<dyn core::error::Error+core::marker::Sync+core::marker::Send>>+core::marker::Send>>>,alloc::boxed::Box<dyn core::error::Error+core::marker::Sync+core::marker::Send>>>>>",0.01
lean,grpc,64,capacity,1,"h2::proto::streams::streams::Streams<B,P>::has_streams_or_other_references",0.01
lean,grpc,64,capacity,1,priv_doca_cq_datapath_objects_get@plt,0.01
lean,grpc,64,capacity,1,_rjem_je_edata_heap_insert,0.01
lean,grpc,64,capacity,1,0x0000000000076804,0.01
lean,grpc,64,capacity,1,_rjem_je_arena_handle_deferred_work,0.01
lean,grpc,64,capacity,1,px_worker_arm_notification,0.01
lean,grpc,64,capacity,1,"core::ptr::drop_in_place<linkerd_http_box::body::Inner<http_body_util::either::Either<linkerd_http_body_eos::BodyWithEosFn<linkerd_http_box::body::BoxBody,alloc::boxed::Box<dyn core::ops::function::FnOnce<(linkerd_http_body_eos::EosRef<alloc::boxed::Box<dyn core::error::Error+core::marker::Sync+core::marker::Send>>,)>+Output = ()+core::marker::Send>>,linkerd_http_box::body::BoxBody>>>",0.01
lean,grpc,64,capacity,1,core::ptr::drop_in_place<hyper::body::incoming::Incoming>,0.01
lean,grpc,64,capacity,1,0x000000000001d7c4,0.01
lean,grpc,64,capacity,1,0x000000000001d7bc,0.01
lean,grpc,64,capacity,1,px_request_for_reply.isra.0,0.01
lean,grpc,64,capacity,1,"core::ptr::drop_in_place<linkerd_stack::box_future::BoxFuture<linkerd_stack::map_err::MapErr<(),linkerd_proxy_http::normalize_uri::MarkAbsoluteForm<linkerd_proxy_http::normalize_uri::NormalizeUri<linkerd_http_box::response::BoxResponse<linkerd_trace_context::service::TraceContext<core::option::Option<linkerd_app_core::http_tracing::SpanConverter>,linkerd_error_respond::RespondService<linkerd_app_core::errors::respond::NewRespond<linkerd_app_outbound::http::server::ServerRescue>,linkerd_stack::monitor::Monitor<linkerd_app_outbound::metrics::error::http::Http,linkerd_stack::loadshed::LoadShed<tower::limit::concurrency::service::ConcurrencyLimit<linkerd_stack::box_service::BoxCloneSyncService<http::request::Request<linkerd_http_box::body::BoxBody>,http::response::Response<linkerd_http_box::body::BoxBody>>>>>>>>>>>>>",0.01
lean,grpc,64,capacity,1,tonic::codec::decode::StreamingInner::decode_chunk,0.01
lean,grpc,64,capacity,1,0x0000000000076bd0,0.01
lean,grpc,64,capacity,1,h2::proto::streams::flow_control::FlowControl::inc_window,0.01
lean,grpc,64,capacity,1,0x000000000000e7c8,0.01
lean,grpc,64,capacity,1,core::ptr::drop_in_place<core::option::Option<linkerd_app_core::http_tracing::SpanConverter>>,0.01
lean,grpc,64,capacity,1,"core::ptr::drop_in_place<tokio_util::sync::mpsc::State<linkerd_proxy_balance_queue::message::Message<http::request::Request<linkerd_http_box::body::BoxBody>,futures_util::future::try_future::ErrInto<tower::load::completion::TrackCompletionFuture<core::pin::Pin<alloc::boxed::Box<dyn core::future::future::Future+Output = core::result::Result<http::response::Response<linkerd_http_classify::channel::ResponseBody<linkerd_app_core::classify::Eos,linkerd_http_box::body::BoxBody>>,alloc::boxed::Box<dyn core::error::Error+core::marker::Sync+core::marker::Send>>+core::marker::Send>>,hyper_balance::PendingUntilFirstData,tower::load::peak_ewma::Handle>,alloc::boxed::Box<dyn core::error::Error+core::marker::Sync+core::marker::Send>>>>>",0.01
lean,grpc,64,capacity,1,0x0000000000005ad0,0.01
lean,grpc,64,capacity,1,0x0000000000076f4c,0.01
lean,grpc,64,capacity,1,tokio::runtime::scheduler::current_thread::Context::park_yield,0.01
lean,grpc,64,capacity,1,__aarch64_swp8_rel,0.01
lean,grpc,64,capacity,1,0x00000000000149d0,0.01
lean,grpc,65536,capacity,1,__memcpy_generic,5.76
lean,grpc,65536,capacity,1,"h2::proto::connection::Connection<T,P,B>::poll",3.11
lean,grpc,65536,capacity,1,px_worker_drain,2.01
lean,grpc,65536,capacity,1,__aarch64_ldadd8_relax,1.74
lean,grpc,65536,capacity,1,"tokio::runtime::task::core::Core<T,S>::poll",1.59
lean,grpc,65536,capacity,1,__aarch64_ldadd4_acq_rel,1.45
lean,grpc,65536,capacity,1,el0_svc_common.constprop.0,1.45
lean,grpc,65536,capacity,1,<linkerd_http_box::body::Inner<B> as http_body::Body>::poll_frame,1.42
lean,grpc,65536,capacity,1,"<linkerd_stack::map_err::ResponseFuture<W,F> as core::future::future::Future>::poll",1.24
lean,grpc,65536,capacity,1,<dmesh_l7::ExternalBackend as dmesh_doca::runtime::RuntimeBackend>::drain,1.18
lean,grpc,65536,capacity,1,h2::hpack::encoder::Encoder::encode,1.16
lean,grpc,65536,capacity,1,__aarch64_cas1_rel,1.08
lean,grpc,65536,capacity,1,__aarch64_cas4_acq,1.03
lean,grpc,65536,capacity,1,__aarch64_ldadd8_rel,0.88
lean,grpc,65536,capacity,1,tokio::runtime::task::raw::poll,0.87
lean,grpc,65536,capacity,1,<tracing::instrument::Instrumented<T> as core::future::future::Future>::poll,0.86
lean,grpc,65536,capacity,1,h2::proto::connection::DynConnection<B>::recv_frame,0.81
lean,grpc,65536,capacity,1,h2::proto::streams::prioritize::Prioritize::pop_frame,0.79
lean,grpc,65536,capacity,1,h2::codec::framed_read::decode_frame,0.78
lean,grpc,65536,capacity,1,"h2::codec::framed_write::FramedWrite<T,B>::flush",0.76
lean,grpc,65536,capacity,1,__aarch64_cas1_acq,0.75
lean,grpc,65536,capacity,1,eventfd_write,0.71
lean,grpc,65536,capacity,1,__aarch64_swp4_rel,0.7
lean,grpc,65536,capacity,1,0x00000000000004c8,0.69
lean,grpc,65536,capacity,1,__fget_files,0.66
lean,grpc,65536,capacity,1,core::hash::BuildHasher::hash_one,0.65
lean,grpc,65536,capacity,1,_rjem_malloc,0.65
lean,grpc,65536,capacity,1,"<S as linkerd_stack::box_service::sealed::BoxCloneSyncService<Req,Rsp>>::box_clone_sync",0.64
lean,grpc,65536,capacity,1,__aarch64_cas8_acq_rel,0.59
lean,grpc,65536,capacity,1,dmesh_l7::l7_worker_run::{{closure}},0.58
lean,grpc,65536,capacity,1,h2::proto::streams::store::Queue<N>::pop,0.58
lean,grpc,65536,capacity,1,"<futures_util::future::try_future::ErrInto<Fut,E> as core::future::future::Future>::poll",0.55
lean,grpc,65536,capacity,1,epoll_pwait,0.52
lean,grpc,65536,capacity,1,l7_conn_segment,0.52
lean,grpc,65536,capacity,1,h2::codec::framed_write::Encoder<B>::buffer,0.49
lean,grpc,65536,capacity,1,__aarch64_ldadd4_relax,0.48
lean,grpc,65536,capacity,1,get_random_u32,0.46
lean,grpc,65536,capacity,1,"<tower::util::map_future::MapFuture<S,F> as tower_service::Service<R>>::poll_ready",0.45
lean,grpc,65536,capacity,1,0x000000000001da18,0.44
lean,grpc,65536,capacity,1,doca_pe_progress,0.44
lean,grpc,65536,capacity,1,<core::hash::sip::Hasher<S> as core::hash::Hasher>::write,0.43
lean,grpc,65536,capacity,1,http::header::map::hash_elem_using,0.43
lean,grpc,65536,capacity,1,slab::Slab<T>::insert_at,0.41
lean,grpc,65536,capacity,1,h2::frame::headers::HeaderBlock::load::{{closure}},0.41
lean,grpc,65536,capacity,1,"<hyper::server::conn::http2::Connection<I,S,E> as core::future::future::Future>::poll",0.4
lean,grpc,65536,capacity,1,"<futures_util::future::try_future::MapOk<Fut,F> as core::future::future::Future>::poll",0.4
lean,grpc,65536,capacity,1,__aarch64_swp1_acq_rel,0.37
lean,grpc,65536,capacity,1,px_l7_caller_conn,0.36
lean,grpc,65536,capacity,1,"<futures_util::future::future::Map<Fut,F> as core::future::future::Future>::poll",0.36
lean,grpc,65536,capacity,1,h2::proto::streams::prioritize::Prioritize::try_assign_capacity,0.35
lean,grpc,65536,capacity,1,px_process_forward,0.35
lean,grpc,65536,capacity,1,__aarch64_ldadd8_acq_rel,0.34
lean,grpc,65536,capacity,1,"<tower::util::map_future::MapFuture<S,F> as tower_service::Service<R>>::call",0.33
lean,grpc,65536,capacity,1,dmesh_doca_dpa_msgq_recv_cb,0.33
lean,grpc,65536,capacity,1,tokio::runtime::time::Driver::park_internal,0.33
lean,grpc,65536,capacity,1,px_rev_stage_append,0.33
lean,grpc,65536,capacity,1,<linkerd_http_box::body::Data as bytes::buf::buf_impl::Buf>::remaining,0.33
lean,grpc,65536,capacity,1,do_rallocx,0.33
lean,grpc,65536,capacity,1,h2::proto::streams::prioritize::Prioritize::reclaim_frame,0.33
lean,grpc,65536,capacity,1,h2::proto::streams::store::Queue<N>::push,0.32
lean,grpc,65536,capacity,1,px_dma_done_cb,0.32
lean,grpc,65536,capacity,1,_rjem_je_malloc_default,0.32
lean,grpc,65536,capacity,1,dmesh_l7_driver_drain,0.32
lean,grpc,65536,capacity,1,http::header::map::HeaderMap<T>::remove,0.31
lean,grpc,65536,capacity,1,h2::proto::streams::buffer::Deque::pop_front,0.31
lean,grpc,65536,capacity,1,<dmesh_l7::DirectWriter as dmesh_doca::io::TxWriter>::write,0.3
lean,grpc,65536,capacity,1,_rjem_je_arena_ralloc,0.3
lean,grpc,65536,capacity,1,h2::proto::streams::counts::Counts::transition_after,0.3
lean,grpc,65536,capacity,1,h2::proto::streams::store::Store::find_mut,0.3
lean,grpc,65536,capacity,1,<tokio_util::codec::length_delimited::LengthDelimitedCodec as tokio_util::codec::decoder::Decoder>::decode,0.3
lean,grpc,65536,capacity,1,l7_worker_run,0.29
lean,grpc,65536,capacity,1,_rjem_je_sdallocx_default,0.29
lean,grpc,65536,capacity,1,tokio::runtime::time::<impl tokio::runtime::time::handle::Handle>::process_at_time,0.28
lean,grpc,65536,capacity,1,core::ptr::drop_in_place$LT$core..pin..Pin$LT$alloc..boxed..Box$LT$dyn$u20$core..future..future..Future$u2b$Output$u20$$u3d$$u20$$LP$$RP$$u2b$core..marker..Send$GT$$GT$$GT$::h223712d785558218,0.28
lean,grpc,65536,capacity,1,dmesh_l7::pump_side,0.27
lean,grpc,65536,capacity,1,find_pod_by_id,0.27
lean,grpc,65536,capacity,1,tokio::runtime::scheduler::current_thread::Core::next_task,0.27
lean,grpc,65536,capacity,1,0x00000000000004b8,0.27
lean,grpc,65536,capacity,1,tokio::sync::mpsc::list::Rx<T>::pop,0.27
lean,grpc,65536,capacity,1,h2::frame::head::Head::encode,0.27
lean,grpc,65536,capacity,1,<linkerd_stack_metrics::service::TrackService<S> as tower_service::Service<T>>::poll_ready,0.27
lean,grpc,65536,capacity,1,px_upstream_resolve.constprop.0,0.26
lean,grpc,65536,capacity,1,<linkerd_http_detect::Detect<N> as tower_service::Service<I>>::call::{{closure}},0.26
lean,grpc,65536,capacity,1,h2::share::RecvStream::poll_data,0.26
lean,grpc,65536,capacity,1,doca_buf_inventory_buf_get_by_args,0.26
lean,grpc,65536,capacity,1,<h2::hpack::header::Header<T> as core::clone::Clone>::clone,0.25
lean,grpc,65536,capacity,1,px_lane_retire,0.25
lean,grpc,65536,capacity,1,h2::proto::streams::recv::Recv::recv_data,0.25
lean,grpc,65536,capacity,1,__aarch64_cas8_relax,0.24
lean,grpc,65536,capacity,1,dmesh_l7_tx_batch_write,0.24
lean,grpc,65536,capacity,1,"<linkerd_router::OneshotRoute<Sel,N> as tower_service::Service<Req>>::call",0.24
lean,grpc,65536,capacity,1,bytes::bytes_mut::BytesMut::reserve_inner,0.24
lean,grpc,65536,capacity,1,_rjem_je_te_event_trigger,0.24
lean,grpc,65536,capacity,1,"h2::proto::streams::streams::Streams<B,P>::next_incoming",0.24
lean,grpc,65536,capacity,1,tokio::runtime::scheduler::current_thread::Context::park_internal,0.23
lean,grpc,65536,capacity,1,"<linkerd_stack::either::vendor::Either<A,B> as core::future::future::Future>::poll",0.23
lean,grpc,65536,capacity,1,<tokio::sync::notify::Notified as core::future::future::Future>::poll,0.23
lean,grpc,65536,capacity,1,h2::proto::streams::recv::Recv::release_capacity,0.23
lean,grpc,65536,capacity,1,tokio::runtime::scheduler::current_thread::Context::run_task,0.23
lean,grpc,65536,capacity,1,h2::proto::streams::streams::StreamRef<B>::poll_reset,0.23
lean,grpc,65536,capacity,1,h2::codec::framed_write::Encoder<B>::unset_frame,0.23
lean,grpc,65536,capacity,1,"tower::ready_cache::cache::ReadyCache<K,S,Req>::poll_pending",0.23
lean,grpc,65536,capacity,1,<linkerd_stack::box_future::BoxFuture<T> as tower_service::Service<R>>::poll_ready,0.23
lean,grpc,65536,capacity,1,<linkerd_http_box::body::Inner<B> as http_body::Body>::is_end_stream,0.22
lean,grpc,65536,capacity,1,dmesh_l7_driver_stopped,0.22
lean,grpc,65536,capacity,1,h2::proto::streams::streams::StreamRef<B>::send_data,0.22
lean,grpc,65536,capacity,1,"<h2::client::Connection<T,B> as core::future::future::Future>::poll",0.22
lean,grpc,65536,capacity,1,_rjem_sdallocx,0.22
lean,grpc,65536,capacity,1,<core::pin::Pin<P> as futures_core::stream::Stream>::poll_next,0.21
lean,grpc,65536,capacity,1,h2::frame::headers::HeaderBlock::load,0.21
lean,grpc,65536,capacity,1,h2::proto::streams::prioritize::Prioritize::queue_frame,0.21
lean,grpc,65536,capacity,1,http::header::name::StandardHeader::from_bytes,0.21
lean,grpc,65536,capacity,1,tokio::runtime::time::wheel::Wheel::next_expiration,0.21
lean,grpc,65536,capacity,1,"hyper::proto::h2::client::ClientTask<B,E,T>::poll_pipe",0.21
lean,grpc,65536,capacity,1,__GI___pthread_enable_asynccancel,0.21
lean,grpc,65536,capacity,1,0x000000000001d81c,0.21
lean,grpc,65536,capacity,1,<dmesh_doca::io::DmeshIo as tokio::io::async_read::AsyncRead>::poll_read,0.21
lean,grpc,65536,capacity,1,<linkerd_http_stream_timeouts::ResponseFuture<F> as core::future::future::Future>::poll,0.2
lean,grpc,65536,capacity,1,0x0000000000076824,0.2
lean,grpc,65536,capacity,1,<hyper::body::incoming::Incoming as http_body::Body>::poll_frame,0.2
lean,grpc,65536,capacity,1,http::header::map::HeaderMap<T>::get,0.2
lean,grpc,65536,capacity,1,<linkerd_stack::box_future::BoxFuture<T> as tower_service::Service<R>>::call,0.19
lean,grpc,65536,capacity,1,0x000000000001d7ec,0.19
lean,grpc,65536,capacity,1,px_parse_l7,0.19
lean,grpc,65536,capacity,1,__aarch64_cas8_acq,0.19
lean,grpc,65536,capacity,1,<hyper_util::rt::tokio::TokioIo<T> as hyper::rt::io::Read>::poll_read,0.19
lean,grpc,65536,capacity,1,tokio::runtime::task::waker::wake_by_val,0.19
lean,grpc,65536,capacity,1,__fget_light,0.19
lean,grpc,65536,capacity,1,"<linkerd_io::sensor::SensorIo<T,S> as tokio::io::async_read::AsyncRead>::poll_read",0.19
lean,grpc,65536,capacity,1,memcmp,0.18
lean,grpc,65536,capacity,1,__aarch64_swp8_relax,0.18
lean,grpc,65536,capacity,1,px_l7_tx_commit,0.18
lean,grpc,65536,capacity,1,<bytes::bytes_mut::BytesMut as bytes::buf::buf_mut::BufMut>::put,0.18
lean,grpc,65536,capacity,1,h2::hpack::encoder::encode_str,0.18
lean,grpc,65536,capacity,1,"linkerd_http_prom::record_response::request::<impl tower_service::Service<http::request::Request<ReqB>> for linkerd_http_prom::record_response::RecordDuration<L,linkerd_http_prom::record_response::request::RequestMetrics<<L as linkerd_http_prom::stream_label::MkStreamLabel>::DurationLabels>,S>>::call",0.17
lean,grpc,65536,capacity,1,tokio::runtime::context::defer,0.17
lean,grpc,65536,capacity,1,<linkerd_app_core::errors::respond::NewRespond<R> as linkerd_error_respond::NewRespond<http::request::Request<B>>>::new_respond,0.17
lean,grpc,65536,capacity,1,http::header::map::HeaderMap<T>::try_append2,0.17
lean,grpc,65536,capacity,1,tracing::instrument::_::<impl core::ops::drop::Drop for tracing::instrument::Instrumented<T>>::drop,0.17
lean,grpc,65536,capacity,1,<linkerd_app_outbound::http::logical::Concrete<T> as core::clone::Clone>::clone,0.17
lean,grpc,65536,capacity,1,apparmor_file_permission,0.16
lean,grpc,65536,capacity,1,px_unit_attach_chunk,0.16
lean,grpc,65536,capacity,1,doca_buf_dec_refcount,0.16
lean,grpc,65536,capacity,1,px_unit_alloc,0.16
lean,grpc,65536,capacity,1,ep_item_poll.isra.0,0.16
lean,grpc,65536,capacity,1,<linkerd_proxy_client_policy::Meta as core::cmp::PartialEq>::eq,0.16
lean,grpc,65536,capacity,1,tokio::runtime::scheduler::current_thread::Context::park_yield,0.16
lean,grpc,65536,capacity,1,<T as core::any::Any>::type_id,0.16
lean,grpc,65536,capacity,1,http::header::map::HeaderMap<T>::contains_key,0.15
lean,grpc,65536,capacity,1,http::header::name::StandardHeader::as_str,0.15
lean,grpc,65536,capacity,1,std::sys::pal::unix::time::Timespec::sub_timespec,0.15
lean,grpc,65536,capacity,1,doca_dma_task_memcpy_alloc_init,0.15
lean,grpc,65536,capacity,1,h2::proto::streams::recv::Recv::recv_headers,0.15
lean,grpc,65536,capacity,1,"<hyper::client::conn::http2::Connection<T,B,E> as core::future::future::Future>::poll",0.15
lean,grpc,65536,capacity,1,<hyper::proto::h2::PipeToSendStream<S> as core::future::future::Future>::poll,0.15
lean,grpc,65536,capacity,1,tokio::runtime::io::driver::Driver::turn,0.15
lean,grpc,65536,capacity,1,ep_poll,0.15
lean,grpc,65536,capacity,1,linkerd_http_prom::body_data::metrics::RequestBodyFamilies<L>::metrics,0.15
lean,grpc,65536,capacity,1,devx_async_event_poll,0.15
lean,grpc,65536,capacity,1,h2::proto::streams::prioritize::Prioritize::reclaim_frame_inner,0.15
lean,grpc,65536,capacity,1,0x0000000000006f1c,0.14
lean,grpc,65536,capacity,1,<h2::server::Peer as h2::proto::peer::Peer>::convert_poll_message,0.14
lean,grpc,65536,capacity,1,bytes::bytes_mut::BytesMut::split_to,0.14
lean,grpc,65536,capacity,1,<h2::client::ResponseFuture as core::future::future::Future>::poll,0.14
lean,grpc,65536,capacity,1,doca_task_try_submit,0.14
lean,grpc,65536,capacity,1,linkerd_proxy_balance_queue::worker::PoolDriver<P>::ready_or_failfast::{{closure}},0.14
lean,grpc,65536,capacity,1,tokio::runtime::scheduler::current_thread::<impl tokio::runtime::task::Schedule for alloc::sync::Arc<tokio::runtime::scheduler::current_thread::Handle>>::schedule,0.14
lean,grpc,65536,capacity,1,h2::hpack::decoder::Table::get,0.14
lean,grpc,65536,capacity,1,<h2::proto::streams::streams::OpaqueStreamRef as core::ops::drop::Drop>::drop,0.14
lean,grpc,65536,capacity,1,h2::proto::streams::prioritize::Prioritize::reserve_capacity,0.14
lean,grpc,65536,capacity,1,arch_local_irq_enable,0.14
lean,grpc,65536,capacity,1,<core::pin::Pin<P> as core::future::future::Future>::poll,0.14
lean,grpc,65536,capacity,1,epoll_wait@plt,0.14
lean,grpc,65536,capacity,1,linkerd_http_stream_timeouts::poll_body_timeout,0.13
lean,grpc,65536,capacity,1,"<linkerd_http_metrics::requests::service::ResponseFuture<F,C> as core::future::future::Future>::poll",0.13
lean,grpc,65536,capacity,1,dmesh_doca::io::DmeshIo::poll_transmit,0.13
lean,grpc,65536,capacity,1,<linkerd_http_stream_timeouts::EnforceTimeouts<S> as tower_service::Service<http::request::Request<B>>>::call,0.13
lean,grpc,65536,capacity,1,h2::frame::headers::calculate_headermap_size,0.13
lean,grpc,65536,capacity,1,0x0000000000005994,0.13
lean,grpc,65536,capacity,1,hyper::client::conn::http2::SendRequest<B>::send_request::{{closure}},0.13
lean,grpc,65536,capacity,1,px_drain_stalled,0.13
lean,grpc,65536,capacity,1,h2::client::SendRequest<B>::poll_ready,0.13
lean,grpc,65536,capacity,1,"<linkerd_io::sensor::SensorIo<T,S> as tokio::io::async_write::AsyncWrite>::poll_write_vectored",0.13
lean,grpc,65536,capacity,1,_rjem_je_arena_palloc,0.13
lean,grpc,65536,capacity,1,0x00000000000004bc,0.13
lean,grpc,65536,capacity,1,h2::proto::streams::prioritize::Prioritize::pop_pending_open,0.13
lean,grpc,65536,capacity,1,"hyper::client::dispatch::Receiver<T,U>::poll_recv",0.13
lean,grpc,65536,capacity,1,<hyper::common::io::compat::Compat<T> as tokio::io::async_read::AsyncRead>::poll_read,0.12
lean,grpc,65536,capacity,1,h2::proto::streams::state::State::recv_close,0.12
lean,grpc,65536,capacity,1,_rjem_je_tcache_bin_flush_stashed,0.12
lean,grpc,65536,capacity,1,"<linkerd_stack_tracing::Instrument<T,G,S> as tower_service::Service<Req>>::call",0.12
lean,grpc,65536,capacity,1,"<futures_util::future::try_future::MapErr<Fut,F> as core::future::future::Future>::poll",0.12
lean,grpc,65536,capacity,1,h2::proto::streams::stream::Stream::notify_capacity,0.12
lean,grpc,65536,capacity,1,<linkerd_proxy_http::normalize_uri::MarkAbsoluteForm<S> as tower_service::Service<http::request::Request<B>>>::call,0.12
lean,grpc,65536,capacity,1,px_unit_prepare,0.12
lean,grpc,65536,capacity,1,<linkerd_http_route::http::match::MatchRequest as linkerd_http_route::Match>::match_request,0.12
lean,grpc,65536,capacity,1,"<linkerd_http_classify::channel::ResponseBody<C,B> as http_body::Body>::poll_frame",0.12
lean,grpc,65536,capacity,1,dmesh_l7_tx_batch_flush,0.12
lean,grpc,65536,capacity,1,"<linkerd_proxy_tap::service::TapHttp<S,I> as tower_service::Service<http::request::Request<A>>>::call::{{closure}}",0.12
lean,grpc,65536,capacity,1,0x00000000000004d8,0.12
lean,grpc,65536,capacity,1,invoke_syscall,0.12
lean,grpc,65536,capacity,1,0x000000000001da14,0.12
lean,grpc,65536,capacity,1,"<linkerd_http_prom::record_response::ResponseFuture<L,F> as core::future::future::Future>::poll",0.11
lean,grpc,65536,capacity,1,core::ops::function::FnOnce::call_once,0.11
lean,grpc,65536,capacity,1,linkerd_app_core::classify::grpc_code,0.11
lean,grpc,65536,capacity,1,<linkerd_io::prefixed::PrefixedIo<I> as tokio::io::async_read::AsyncRead>::poll_read,0.11
lean,grpc,65536,capacity,1,tokio::runtime::scheduler::current_thread::<impl tokio::runtime::task::Schedule for alloc::sync::Arc<tokio::runtime::scheduler::current_thread::Handle>>::release,0.11
lean,grpc,65536,capacity,1,"<futures_util::stream::try_stream::try_filter_map::TryFilterMap<St,Fut,F> as futures_core::stream::Stream>::poll_next",0.11
lean,grpc,65536,capacity,1,do_epoll_wait,0.11
lean,grpc,65536,capacity,1,hashbrown::raw::RawTableInner::drop_elements,0.11
lean,grpc,65536,capacity,1,h2::frame::window_update::WindowUpdate::encode,0.11
lean,grpc,65536,capacity,1,__check_object_size.part.0,0.11
lean,grpc,65536,capacity,1,<&mut S as tower_service::Service<Request>>::poll_ready,0.11
lean,grpc,65536,capacity,1,h2::frame::headers::Headers::encode,0.11
lean,grpc,65536,capacity,1,h2::proto::streams::streams::StreamRef<B>::reserve_capacity,0.11
lean,grpc,65536,capacity,1,0x0000000000006ef4,0.11
lean,grpc,65536,capacity,1,h2::proto::streams::prioritize::Prioritize::recv_stream_window_update,0.11
lean,grpc,65536,capacity,1,__arm64_sys_epoll_pwait,0.11
lean,grpc,65536,capacity,1,h2::proto::streams::stream::Stream::new,0.11
lean,grpc,65536,capacity,1,<linkerd_app_core::classify::Request as linkerd_http_classify::Classify>::classify,0.11
lean,grpc,65536,capacity,1,0x000000000007687c,0.11
lean,grpc,65536,capacity,1,h2::client::SendRequest<B>::send_request,0.11
lean,grpc,65536,capacity,1,h2::share::RecvStream::is_end_stream,0.11
lean,grpc,65536,capacity,1,0x00000000000004ac,0.1
lean,grpc,65536,capacity,1,h2::proto::streams::recv::Recv::consume_connection_window,0.1
lean,grpc,65536,capacity,1,drain::Watch::signaled::{{closure}},0.1
lean,grpc,65536,capacity,1,"<E as hyper::rt::bounds::h2_server::Http2ServerConnExec<F,B>>::execute_h2stream",0.1
lean,grpc,65536,capacity,1,tokio::sync::batch_semaphore::Semaphore::add_permits_locked,0.1
lean,grpc,65536,capacity,1,<linkerd_proxy_http::h2::Connection<B> as tower_service::Service<http::request::Request<B>>>::call,0.1
lean,grpc,65536,capacity,1,"hashbrown::raw::RawTable<T,A>::reserve_rehash",0.1
lean,grpc,65536,capacity,1,<bytes::bytes::Bytes as bytes::buf::buf_impl::Buf>::remaining,0.1
lean,grpc,65536,capacity,1,_rjem_je_arena_cache_bin_fill_small,0.1
lean,grpc,65536,capacity,1,"core::ptr::drop_in_place<linkerd_stack_metrics::service::TrackService<linkerd_stack::either::vendor::Either<linkerd_http_box::response::BoxResponse<linkerd_stack::gate::Gate<linkerd_proxy_balance_queue::service::PoolQueue<http::request::Request<linkerd_http_box::body::BoxBody>,futures_util::future::try_future::ErrInto<tower::load::completion::TrackCompletionFuture<core::pin::Pin<alloc::boxed::Box<dyn core::future::future::Future+Output = core::result::Result<http::response::Response<linkerd_http_classify::channel::ResponseBody<linkerd_app_core::classify::Eos,linkerd_http_box::body::BoxBody>>,alloc::boxed::Box<dyn core::error::Error+core::marker::Sync+core::marker::Send>>+core::marker::Send>>,hyper_balance::PendingUntilFirstData,tower::load::peak_ewma::Handle>,alloc::boxed::Box<dyn core::error::Error+core::marker::Sync+core::marker::Send>>>>>,linkerd_http_box::response::BoxResponse<linkerd_stack::gate::Gate<linkerd_proxy_balance_queue::service::PoolQueue<http::request::Request<linkerd_http_box::body::BoxBody>,futures_util::future::try_future::ErrInto<linkerd_load_biaser::LoadBiaserFuture<core::pin::Pin<alloc::boxed::Box<dyn core::future::future::Future+Output = core::result::Result<http::response::Response<linkerd_http_classify::channel::ResponseBody<linkerd_app_core::classify::Eos,linkerd_http_box::body::BoxBody>>,alloc::boxed::Box<dyn core::error::Error+core::marker::Sync+core::marker::Send>>+core::marker::Send>>,http::response::Response<linkerd_http_classify::channel::ResponseBody<linkerd_app_core::classify::Eos,linkerd_http_box::body::BoxBody>>,hyper_balance::PendingUntilFirstData>,alloc::boxed::Box<dyn core::error::Error+core::marker::Sync+core::marker::Send>>>>>>>>",0.1
lean,grpc,65536,capacity,1,alloc::raw_vec::RawVecInner<A>::reserve::do_reserve_and_handle,0.1
lean,grpc,65536,capacity,1,dpu_request_host_doorbell,0.1
lean,grpc,65536,capacity,1,clock_gettime@@GLIBC_2.17,0.1
lean,grpc,65536,capacity,1,tokio_util::sync::mpsc::make_acquire_future::{{closure}},0.1
lean,grpc,65536,capacity,1,bytes::bytes_mut::shared_v_drop,0.1
lean,grpc,65536,capacity,1,<linkerd_app_outbound::http::concrete::Dispatch as core::hash::Hash>::hash,0.1
lean,grpc,65536,capacity,1,px_chunk_alloc,0.1
lean,grpc,65536,capacity,1,tokio::runtime::task::raw::schedule,0.1
lean,grpc,65536,capacity,1,"<linkerd_http_body_eos::BodyWithEosFn<B,F> as http_body::Body>::poll_frame",0.1
lean,grpc,65536,capacity,1,h2::client::Peer::convert_send_message,0.1
lean,grpc,65536,capacity,1,tcache_bin_flush_edatas_lookup.constprop.0,0.1
lean,grpc,65536,capacity,1,h2::proto::streams::send::Send::send_headers,0.1
lean,grpc,65536,capacity,1,"core::ptr::drop_in_place<tokio::sync::mpsc::bounded::Sender<linkerd_proxy_balance_queue::message::Message<http::request::Request<linkerd_http_box::body::BoxBody>,futures_util::future::try_future::ErrInto<linkerd_load_biaser::LoadBiaserFuture<core::pin::Pin<alloc::boxed::Box<dyn core::future::future::Future+Output = core::result::Result<http::response::Response<linkerd_http_classify::channel::ResponseBody<linkerd_app_core::classify::Eos,linkerd_http_box::body::BoxBody>>,alloc::boxed::Box<dyn core::error::Error+core::marker::Sync+core::marker::Send>>+core::marker::Send>>,http::response::Response<linkerd_http_classify::channel::ResponseBody<linkerd_app_core::classify::Eos,linkerd_http_box::body::BoxBody>>,hyper_balance::PendingUntilFirstData>,alloc::boxed::Box<dyn core::error::Error+core::marker::Sync+core::marker::Send>>>>::reserve_inner::{{closure}}>",0.1
lean,grpc,65536,capacity,1,linkerd_http_prom::record_response::end_stream,0.1
lean,grpc,65536,capacity,1,"linkerd_http_prom::status::RecordStatusFuture<F,SL,L>::on_eos",0.1
lean,grpc,65536,capacity,1,http::extensions::Extensions::remove,0.1
lean,grpc,65536,capacity,1,"<linkerd_stack_tracing::Instrument<T,G,S> as tower_service::Service<Req>>::poll_ready",0.09
lean,grpc,65536,capacity,1,h2::proto::streams::state::State::send_open,0.09
lean,grpc,65536,capacity,1,"hashbrown::rustc_entry::<impl hashbrown::map::HashMap<K,V,S,A>>::rustc_entry",0.09
lean,grpc,65536,capacity,1,aa_file_perm,0.09
lean,grpc,65536,capacity,1,http::uri::path::PathAndQuery::from_shared,0.09
lean,grpc,65536,capacity,1,"<linkerd_app_outbound::http::logical::policy::route::Route<T,F,P> as core::clone::Clone>::clone",0.09
lean,grpc,65536,capacity,1,fput_many,0.09
lean,grpc,65536,capacity,1,0x000000000002a840,0.09
lean,grpc,65536,capacity,1,<hyper_util::rt::tokio::TokioIo<T> as hyper::rt::io::Write>::poll_flush,0.09
lean,grpc,65536,capacity,1,tokio::runtime::task::list::OwnedTasks<S>::bind_inner,0.09
lean,grpc,65536,capacity,1,tracing::span::Span::in_scope,0.09
lean,grpc,65536,capacity,1,px_advance,0.09
lean,grpc,65536,capacity,1,"core::ptr::drop_in_place<linkerd_app_outbound::http::logical::policy::route::Matched<linkerd_http_route::http::match::RequestMatch,linkerd_app_outbound::http::logical::policy::route::Route<linkerd_app_outbound::http::Http<linkerd_app_outbound::sidecar::HttpSidecar>,linkerd_proxy_client_policy::http::Filter,linkerd_proxy_client_policy::http::RouteParams>>>",0.09
lean,grpc,65536,capacity,1,"linkerd_http_metrics::requests::service::ResponseBody<B,C>::record_latency",0.09
lean,grpc,65536,capacity,1,h2::proto::streams::buffer::Deque::push_back,0.09
lean,grpc,65536,capacity,1,<h2::proto::streams::store::Ptr as core::ops::deref::DerefMut>::deref_mut,0.09
lean,grpc,65536,capacity,1,h2::proto::peer::Dyn::convert_poll_message,0.09
lean,grpc,65536,capacity,1,dmesh_l7_release,0.09
lean,grpc,65536,capacity,1,hyper::headers::content_length_parse_all,0.09
lean,grpc,65536,capacity,1,__aarch64_swp1_acq,0.09
lean,grpc,65536,capacity,1,tokio::runtime::task::raw::dealloc,0.09
lean,grpc,65536,capacity,1,http::extensions::Extensions::insert,0.09
lean,grpc,65536,capacity,1,<linkerd_stack::result::ResultService<S> as tower_service::Service<T>>::poll_ready,0.09
lean,grpc,65536,capacity,1,linkerd_proxy_http::client_handle::ClientHandle::new::{{closure}},0.08
lean,grpc,65536,capacity,1,__ep_eventpoll_poll.isra.0,0.08
lean,grpc,65536,capacity,1,h2::proto::streams::send::Send::recv_connection_window_update,0.08
lean,grpc,65536,capacity,1,linkerd_proxy_balance_queue::worker::PoolDriver<P>::call,0.08
lean,grpc,65536,capacity,1,<S as futures_core::stream::TryStream>::try_poll_next,0.08
lean,grpc,65536,capacity,1,h2::proto::streams::recv::Recv::clear_expired_reset_streams,0.08
lean,grpc,65536,capacity,1,h2::proto::streams::prioritize::Prioritize::schedule_send,0.08
lean,grpc,65536,capacity,1,"core::ptr::drop_in_place<linkerd_stack::box_future::BoxFuture<linkerd_stack::map_err::MapErr<(),linkerd_stack::map_err::MapErr<linkerd_stack::map_err::WrapFromTarget<linkerd_app_outbound::http::logical::RouterParams<linkerd_app_outbound::http::Http<linkerd_app_outbound::sidecar::HttpSidecar>>,linkerd_app_outbound::http::logical::LogicalError>,linkerd_stack::result::ResultService<linkerd_stack::either::vendor::Either<linkerd_stack::box_service::BoxCloneSyncService<http::request::Request<linkerd_http_box::body::BoxBody>,http::response::Response<linkerd_http_box::body::BoxBody>>,linkerd_stack::result::ResultService<linkerd_stack::either::vendor::Either<linkerd_stack::box_service::BoxCloneSyncService<http::request::Request<linkerd_http_box::body::BoxBody>,http::response::Response<linkerd_http_box::body::BoxBody>>,linkerd_stack::box_service::BoxCloneSyncService<http::request::Request<linkerd_http_box::body::BoxBody>,http::response::Response<linkerd_http_box::body::BoxBody>>>>>>>>>>",0.08
lean,grpc,65536,capacity,1,linkerd_http_metrics::requests::service::measure_class,0.08
lean,grpc,65536,capacity,1,h2::proto::streams::stream::Stream::send_data,0.08
lean,grpc,65536,capacity,1,px_parse,0.08
lean,grpc,65536,capacity,1,<dmesh_l7::DirectWriter as dmesh_doca::io::TxWriter>::flush,0.08
lean,grpc,65536,capacity,1,tokio::runtime::scheduler::defer::Defer::defer,0.08
lean,grpc,65536,capacity,1,0x0000000000076f48,0.08
lean,grpc,65536,capacity,1,http::request::Builder::and_then,0.08
lean,grpc,65536,capacity,1,"h2::proto::streams::streams::Streams<B,P>::has_streams_or_other_references",0.08
lean,grpc,65536,capacity,1,<tokio::time::sleep::Sleep as core::future::future::Future>::poll,0.08
lean,grpc,65536,capacity,1,px_lane_enqueue,0.08
lean,grpc,65536,capacity,1,core::ptr::drop_in_place<h2::frame::headers::Pseudo>,0.08
lean,grpc,65536,capacity,1,<dmesh_l7::ExternalBackend as dmesh_doca::runtime::RuntimeBackend>::maintenance,0.08
lean,grpc,65536,capacity,1,tokio::runtime::task::waker::drop_waker,0.08
lean,grpc,65536,capacity,1,pthread_mutex_trylock@@GLIBC_2.34,0.08
lean,grpc,65536,capacity,1,<tokio::sync::oneshot::Receiver<T> as core::future::future::Future>::poll,0.08
lean,grpc,65536,capacity,1,linkerd_app_outbound::http::logical::policy::route::filters::apply_http_request,0.08
lean,grpc,65536,capacity,1,std::sys::pal::unix::time::Timespec::now,0.08
lean,grpc,65536,capacity,1,"h2::proto::streams::streams::Streams<B,P>::clear_expired_reset_streams",0.08
lean,grpc,65536,capacity,1,linkerd_http_route::find::{{closure}},0.08
lean,grpc,65536,capacity,1,"<linkerd_http_metrics::requests::service::RequestBody<B,C> as http_body::Body>::poll_frame",0.08
lean,grpc,65536,capacity,1,h2::proto::streams::state::State::send_close,0.08
lean,grpc,65536,capacity,1,http::header::name::HdrName::from_bytes,0.08
lean,grpc,65536,capacity,1,<hyper_util::rt::tokio::TokioIo<T> as hyper::rt::io::Write>::poll_write_vectored,0.08
lean,grpc,65536,capacity,1,"tokio::sync::mpsc::chan::Rx<T,S>::recv",0.08
lean,grpc,65536,capacity,1,"prometheus_client::metrics::family::Family<S,M,C>::get_or_create",0.08
lean,grpc,65536,capacity,1,<core::future::poll_fn::PollFn<F> as core::future::future::Future>::poll,0.08
lean,grpc,65536,capacity,1,mutex_lock,0.07
lean,grpc,65536,capacity,1,http::uri::authority::Authority::from_shared,0.07
lean,grpc,65536,capacity,1,"<E as hyper::rt::bounds::h2_client::Http2ClientConnExec<B,T>>::execute_h2_future",0.07
lean,grpc,65536,capacity,1,px_resolve_backend,0.07
lean,grpc,65536,capacity,1,h2::proto::streams::recv::Recv::release_connection_capacity,0.07
lean,grpc,65536,capacity,1,dmesh_l7::Side::release_outstanding,0.07
lean,grpc,65536,capacity,1,px_batch_submit_dma,0.07
lean,grpc,65536,capacity,1,tokio::sync::oneshot::Sender<T>::poll_closed,0.07
lean,grpc,65536,capacity,1,h2::proto::streams::flow_control::FlowControl::inc_window,0.07
lean,grpc,65536,capacity,1,h2::proto::streams::store::Ptr::unlink,0.07
lean,grpc,65536,capacity,1,tokio::util::wake::clone_arc_raw,0.07
lean,grpc,65536,capacity,1,dmesh_doca::io::DmeshIoHandle::push_segment,0.07
lean,grpc,65536,capacity,1,do_epoll_pwait.part.0,0.07
lean,grpc,65536,capacity,1,epoll_wait,0.07
lean,grpc,65536,capacity,1,read,0.07
lean,grpc,65536,capacity,1,h2::proto::streams::send::Send::check_headers,0.07
lean,grpc,65536,capacity,1,"<futures_util::future::either::Either<A,B> as core::future::future::Future>::poll",0.07
lean,grpc,65536,capacity,1,"linkerd_http_prom::record_response::response::<impl tower_service::Service<http::request::Request<linkerd_http_box::body::BoxBody>> for linkerd_http_prom::record_response::RecordDuration<M,linkerd_http_prom::record_response::response::ResponseMetrics<<M as linkerd_http_prom::stream_label::MkStreamLabel>::DurationLabels>,S>>::call",0.07
lean,grpc,65536,capacity,1,hyper::proto::h2::ping::Recorder::record_non_data,0.07
lean,grpc,65536,capacity,1,__GI___libc_write,0.07
lean,grpc,65536,capacity,1,_rjem_mallocx,0.07
lean,grpc,65536,capacity,1,tokio::sync::oneshot::Sender<T>::send,0.07
lean,grpc,65536,capacity,1,"tokio::runtime::task::harness::Harness<T,S>::complete",0.06
lean,grpc,65536,capacity,1,"core::ptr::drop_in_place<linkerd_http_box::response::BoxResponse<linkerd_trace_context::service::TraceContext<core::option::Option<linkerd_app_core::http_tracing::SpanConverter>,linkerd_error_respond::RespondService<linkerd_app_core::errors::respond::NewRespond<linkerd_app_outbound::http::server::ServerRescue>,linkerd_stack::monitor::Monitor<linkerd_app_outbound::metrics::error::http::Http,linkerd_stack::loadshed::LoadShed<tower::limit::concurrency::service::ConcurrencyLimit<linkerd_stack::box_service::BoxCloneSyncService<http::request::Request<linkerd_http_box::body::BoxBody>,http::response::Response<linkerd_http_box::body::BoxBody>>>>>>>>>",0.06
lean,grpc,65536,capacity,1,h2::proto::streams::store::Store::find_entry,0.06
lean,grpc,65536,capacity,1,"core::ptr::drop_in_place<linkerd_http_metrics::requests::service::ResponseFuture<core::pin::Pin<alloc::boxed::Box<dyn core::future::future::Future+Output = core::result::Result<http::response::Response<linkerd_http_box::body::BoxBody>,alloc::boxed::Box<dyn core::error::Error+core::marker::Sync+core::marker::Send>>+core::marker::Send>>,linkerd_app_core::classify::Response>>",0.06
lean,grpc,65536,capacity,1,tokio::runtime::driver::Driver::park_timeout,0.06
lean,grpc,65536,capacity,1,px_enqueue_unit,0.06
lean,grpc,65536,capacity,1,http::header::map::HeaderMap<T>::get_all,0.06
lean,grpc,65536,capacity,1,0x000000000001d7dc,0.06
lean,grpc,65536,capacity,1,h2::hpack::decoder::decode_int,0.06
lean,grpc,65536,capacity,1,linkerd_http_route::find::{{closure}}::{{closure}},0.06
lean,grpc,65536,capacity,1,core::ptr::drop_in_place<http::header::map::HeaderMap>,0.06
lean,grpc,65536,capacity,1,"core::ptr::drop_in_place<linkerd_stack::map_err::ResponseFuture<(),tracing::instrument::Instrumented<linkerd_stack::map_err::ResponseFuture<linkerd_stack::map_err::WrapFromTarget<linkerd_app_outbound::http::concrete::balance::Balance<linkerd_app_outbound::http::logical::Concrete<linkerd_app_outbound::http::Http<linkerd_app_outbound::sidecar::HttpSidecar>>>,linkerd_app_outbound::http::concrete::balance::BalanceError>,linkerd_stack::either::vendor::Either<futures_util::future::try_future::MapOk<linkerd_proxy_balance_queue::future::ResponseFuture<futures_util::future::try_future::ErrInto<tower::load::completion::TrackCompletionFuture<core::pin::Pin<alloc::boxed::Box<dyn core::future::future::Future+Output = core::result::Result<http::response::Response<linkerd_http_classify::channel::ResponseBody<linkerd_app_core::classify::Eos,linkerd_http_box::body::BoxBody>>,alloc::boxed::Box<dyn core::error::Error+core::marker::Sync+core::marker::Send>>+core::marker::Send>>,hyper_balance::PendingUntilFirstData,tower::load::peak_ewma::Handle>,alloc::boxed::Box<dyn core::error::Error+core::marker::Sync+core::marker::Send>>>,fn(http::response::Response<hyper_balance::PendingUntilFirstDataBody<tower::load::peak_ewma::Handle,linkerd_http_classify::channel::ResponseBody<linkerd_app_core::classify::Eos,linkerd_http_box::body::BoxBody>>>) .> http::response::Response<linkerd_http_box::body::BoxBody>>,futures_util::future::try_future::MapOk<linkerd_proxy_balance_queue::future::ResponseFuture<futures_util::future::try_future::ErrInto<linkerd_load_biaser::LoadBiaserFuture<core::pin::Pin<alloc::boxed::Box<dyn core::future::future::Future+Output = core::result::Result<http::response::Response<linkerd_http_classify::channel::ResponseBody<linkerd_app_core::classify::Eos,linkerd_http_box::body::BoxBody>>,alloc::boxed::Box<dyn core::error::Error+core::marker::Sync+core::marker::Send>>+core::marker::Send>>,http::response::Response<linkerd_http_classify::channel::ResponseBody<linkerd_app_core::classify::Eos,linkerd_http_box::body::BoxBody>>,hyper_balance::PendingUntilFirstData>,alloc::boxed::Box<dyn core::error::Error+core::marker::Sync+core::marker::Send>>>,fn(http::response::Response<hyper_balance::PendingUntilFirstDataBody<core::option::Option<linkerd_load_biaser::Handle>,linkerd_http_classify::channel::ResponseBody<linkerd_app_core::classify::Eos,linkerd_http_box::body::BoxBody>>>) .> http::response::Response<linkerd_http_box::body::BoxBody>>>>>>>",0.06
lean,grpc,65536,capacity,1,h2::share::FlowControl::release_capacity,0.06
lean,grpc,65536,capacity,1,px_ack_queue_push,0.06
lean,grpc,65536,capacity,1,h2::proto::streams::store::Store::insert,0.06
lean,grpc,65536,capacity,1,__aarch64_swp1_rel,0.06
lean,grpc,65536,capacity,1,"<linkerd_stack_tracing::Instrument<T,G,S> as core::ops::drop::Drop>::drop",0.06
lean,grpc,65536,capacity,1,"<linkerd_error_respond::RespondService<R,S> as tower_service::Service<Req>>::call",0.06
lean,grpc,65536,capacity,1,"<linkerd_http_metrics::requests::service::HttpMetrics<S,C> as tower_service::Service<http::request::Request<A>>>::call",0.06
lean,grpc,65536,capacity,1,0x0000000000006ee8,0.06
lean,grpc,65536,capacity,1,h2::frame::headers::Pseudo::set_scheme,0.06
lean,grpc,65536,capacity,1,linkerd_proxy_balance_queue::worker::PoolDriver<P>::drive::{{closure}},0.06
lean,grpc,65536,capacity,1,hrtimer_start_range_ns,0.06
lean,grpc,65536,capacity,1,hyper::proto::h2::strip_connection_headers,0.06
lean,grpc,65536,capacity,1,<linkerd_stack::loadshed::LoadShed<S> as tower_service::Service<Req>>::poll_ready,0.06
lean,grpc,65536,capacity,1,h2::proto::streams::send::Send::poll_reset,0.06
lean,grpc,65536,capacity,1,fput,0.06
lean,grpc,65536,capacity,1,linkerd_proxy_tap::registry::Registry::get_taps,0.06
lean,grpc,65536,capacity,1,<http::uri::scheme::Scheme as core::str::traits::FromStr>::from_str,0.06
lean,grpc,65536,capacity,1,"core::ptr::drop_in_place<linkerd_stack::result::ResultService<linkerd_stack::either::vendor::Either<tower::util::boxed::sync::BoxService<linkerd_io::sensor::SensorIo<linkerd_io::prefixed::PrefixedIo<linkerd_io::either::EitherIo<linkerd_meshtls::server::ServerIo<linkerd_io::either::EitherIo<linkerd_io::scoped::ScopedIo<tokio::net::tcp::stream::TcpStream>,linkerd_io::prefixed::PrefixedIo<linkerd_io::scoped::ScopedIo<tokio::net::tcp::stream::TcpStream>>>>,linkerd_io::either::EitherIo<linkerd_io::scoped::ScopedIo<tokio::net::tcp::stream::TcpStream>,linkerd_io::prefixed::PrefixedIo<linkerd_io::scoped::ScopedIo<tokio::net::tcp::stream::TcpStream>>>>>,linkerd_transport_metrics::sensor::Sensor>,(),alloc::boxed::Box<dyn core::error::Error+core::marker::Sync+core::marker::Send>>,tower::util::boxed::sync::BoxService<linkerd_io::sensor::SensorIo<linkerd_io::prefixed::PrefixedIo<linkerd_io::either::EitherIo<linkerd_meshtls::server::ServerIo<linkerd_io::either::EitherIo<linkerd_io::scoped::ScopedIo<tokio::net::tcp::stream::TcpStream>,linkerd_io::prefixed::PrefixedIo<linkerd_io::scoped::ScopedIo<tokio::net::tcp::stream::TcpStream>>>>,linkerd_io::either::EitherIo<linkerd_io::scoped::ScopedIo<tokio::net::tcp::stream::TcpStream>,linkerd_io::prefixed::PrefixedIo<linkerd_io::scoped::ScopedIo<tokio::net::tcp::stream::TcpStream>>>>>,linkerd_transport_metrics::sensor::Sensor>,(),alloc::boxed::Box<dyn core::error::Error+core::marker::Sync+core::marker::Send>>>>>",0.06
lean,grpc,65536,capacity,1,priv_doca_ctx_on_arm,0.06
lean,grpc,65536,capacity,1,doca_pe_progress@plt,0.06
lean,grpc,65536,capacity,1,"core::ptr::drop_in_place<linkerd_app_outbound::http::logical::policy::router::Router<linkerd_app_outbound::http::Http<linkerd_app_outbound::sidecar::HttpSidecar>,linkerd_http_route::http::match::MatchRequest,linkerd_proxy_client_policy::http::Filter,linkerd_proxy_client_policy::http::RouteParams>>",0.06
lean,grpc,65536,capacity,1,_rjem_je_arena_ralloc_no_move,0.06
lean,grpc,65536,capacity,1,core::ptr::drop_in_place<linkerd_app_outbound::http::logical::Concrete<linkerd_app_outbound::http::Http<linkerd_app_outbound::sidecar::HttpSidecar>>>,0.06
lean,grpc,65536,capacity,1,"alloc::sync::Arc<T,A>::drop_slow",0.06
lean,grpc,65536,capacity,1,"<alloc::vec::Vec<T,A> as core::clone::Clone>::clone",0.05
lean,grpc,65536,capacity,1,<tokio::sync::batch_semaphore::Acquire as core::future::future::Future>::poll,0.05
lean,grpc,65536,capacity,1,http::header::map::VacantEntry<T>::try_insert,0.05
lean,grpc,65536,capacity,1,set_user_sigmask,0.05
lean,grpc,65536,capacity,1,memblock_is_map_memory,0.05
lean,grpc,65536,capacity,1,bytes::buf::buf_impl::Buf::chunks_vectored,0.05
lean,grpc,65536,capacity,1,memcpy@plt,0.05
lean,grpc,65536,capacity,1,h2::proto::streams::streams::StreamRef<B>::capacity,0.05
lean,grpc,65536,capacity,1,"<linkerd_stack::either::vendor::Either<A,B> as tower_service::Service<Request>>::call",0.05
lean,grpc,65536,capacity,1,0x000000000001d7bc,0.05
lean,grpc,65536,capacity,1,0x0000000000003328,0.05
lean,grpc,65536,capacity,1,_rjem_je_tcache_bin_flush_small,0.05
lean,grpc,65536,capacity,1,doca_buf_set_data@plt,0.05
lean,grpc,65536,capacity,1,h2::frame::headers::HeaderBlock::into_encoding,0.05
lean,grpc,65536,capacity,1,doca_task_free,0.05
lean,grpc,65536,capacity,1,"<linkerd_http_classify::insert::InsertClassifyResponse<C,S> as tower_service::Service<http::request::Request<B>>>::call",0.05
lean,grpc,65536,capacity,1,0x0000000000014a84,0.05
lean,grpc,65536,capacity,1,px_request_for_reply.isra.0,0.05
lean,grpc,65536,capacity,1,tracing::span::Span::current,0.05
lean,grpc,65536,capacity,1,fsnotify_perm.part.0,0.05
lean,grpc,65536,capacity,1,"<linkerd_http_classify::channel::BroadcastClassification<C,S> as tower_service::Service<http::request::Request<ReqB>>>::call",0.05
lean,grpc,65536,capacity,1,tokio::runtime::io::scheduled_io::ScheduledIo::wake,0.05
lean,grpc,65536,capacity,1,"<linkerd_app_outbound::http::logical::policy::route::filters::ApplyFilters<A,S> as tower_service::Service<http::request::Request<B>>>::call",0.05
lean,grpc,65536,capacity,1,<tracing_subscriber::registry::sharded::Registry as tracing_core::subscriber::Subscriber>::current_span,0.05
lean,grpc,65536,capacity,1,"tower::ready_cache::cache::ReadyCache<K,S,Req>::push_pending",0.05
lean,grpc,65536,capacity,1,"<bytes::buf::chain::Chain<T,U> as bytes::buf::buf_impl::Buf>::chunks_vectored",0.05
lean,grpc,65536,capacity,1,"core::ptr::drop_in_place<futures_util::future::either::Either<futures_util::future::try_future::MapErr<tower::util::oneshot::Oneshot<linkerd_stack::box_service::BoxCloneSyncService<http::request::Request<linkerd_http_box::body::BoxBody>,http::response::Response<linkerd_http_box::body::BoxBody>>,http::request::Request<linkerd_http_box::body::BoxBody>>,fn(alloc::boxed::Box<dyn core::error::Error+core::marker::Sync+core::marker::Send>) .> alloc::boxed::Box<dyn core::error::Error+core::marker::Sync+core::marker::Send>>,futures_util::future::ready::Ready<core::result::Result<http::response::Response<linkerd_http_box::body::BoxBody>,alloc::boxed::Box<dyn core::error::Error+core::marker::Sync+core::marker::Send>>>>>",0.05
lean,grpc,65536,capacity,1,core::ptr::drop_in_place<linkerd_app_core::classify::Response>,0.05
lean,grpc,65536,capacity,1,"<linkerd_app_core::errors::respond::Respond<R> as linkerd_error_respond::Respond<http::response::Response<B>,alloc::boxed::Box<dyn core::error::Error+core::marker::Sync+core::marker::Send>>>::respond",0.05
lean,grpc,65536,capacity,1,<ahash::fallback_hash::AHasher as core::hash::Hasher>::write,0.05
lean,grpc,65536,capacity,1,0x000000000001d7c4,0.05
lean,grpc,65536,capacity,1,priv_doca_cq_empty,0.04
lean,grpc,65536,capacity,1,tokio::runtime::time::wheel::Wheel::remove,0.04
lean,grpc,65536,capacity,1,__aarch64_ldeor8_acq_rel,0.04
lean,grpc,65536,capacity,1,"<tracing_subscriber::layer::layered::Layered<L,S> as tracing_core::subscriber::Subscriber>::current_span",0.04
lean,grpc,65536,capacity,1,0x00000000000031e4,0.04
lean,grpc,65536,capacity,1,"<linkerd_stack::map_err::WrapFromTarget<T,E> as core::clone::Clone>::clone",0.04
lean,grpc,65536,capacity,1,__kernel_clock_gettime,0.04
lean,grpc,65536,capacity,1,tower::load::peak_ewma::RttEstimate::update,0.04
lean,grpc,65536,capacity,1,<tokio::sync::oneshot::Receiver<T> as core::ops::drop::Drop>::drop,0.04
lean,grpc,65536,capacity,1,0x000000000001d770,0.04
lean,grpc,65536,capacity,1,0x00000000000004a4,0.04
lean,grpc,65536,capacity,1,priv_doca_cq_datapath_objects_get@plt,0.04
lean,grpc,65536,capacity,1,"<alloc::sync::Arc<T,A> as alloc::sync::ArcEqIdent<T,A>>::eq",0.04
lean,grpc,65536,capacity,1,http::header::name::parse_hdr,0.04
lean,grpc,65536,capacity,1,h2::proto::streams::state::State::ensure_recv_open,0.04
lean,grpc,65536,capacity,1,"core::ptr::drop_in_place<linkerd_proxy_http::client_handle::SetClientHandle<linkerd_stack::box_service::BoxCloneSyncService<http::request::Request<linkerd_http_box::body::BoxBody>,http::response::Response<linkerd_http_box::body::BoxBody>>>>",0.04
lean,grpc,65536,capacity,1,"core::ptr::drop_in_place<linkerd_stack::loadshed::LoadShed<tower::limit::concurrency::service::ConcurrencyLimit<linkerd_stack::box_service::BoxCloneSyncService<http::request::Request<linkerd_http_box::body::BoxBody>,http::response::Response<linkerd_http_box::body::BoxBody>>>>>",0.04
lean,grpc,65536,capacity,1,linkerd_proxy_balance_queue::worker::Discovery<R>::discover::{{closure}},0.04
lean,grpc,65536,capacity,1,dmesh_l7_driver_maintenance,0.04
lean,grpc,65536,capacity,1,0x000000000000599c,0.04
lean,grpc,65536,capacity,1,"core::ptr::drop_in_place<hyper_util::service::oneshot::Oneshot<linkerd_http_box::request::BoxRequest<hyper::body::incoming::Incoming,linkerd_proxy_http::client_handle::SetClientHandle<linkerd_stack::box_service::BoxCloneSyncService<http::request::Request<linkerd_http_box::body::BoxBody>,http::response::Response<linkerd_http_box::body::BoxBody>>>>,http::request::Request<hyper::body::incoming::Incoming>>>",0.04
lean,grpc,65536,capacity,1,0x0000000000006eb0,0.04
lean,grpc,65536,capacity,1,__aarch64_ldadd8_acq,0.04
lean,grpc,65536,capacity,1,"core::ptr::drop_in_place<linkerd_app_outbound::http::logical::policy::route::extensions::SetExtensions<linkerd_http_retry::HttpRetry<linkerd_app_outbound::http::logical::policy::route::retry::RetryPolicy,linkerd_app_outbound::http::logical::policy::route::metrics::labels::Route,linkerd_app_outbound::http::logical::policy::route::Matched<linkerd_http_route::http::match::RequestMatch,linkerd_app_outbound::http::logical::policy::route::Route<linkerd_app_outbound::http::Http<linkerd_app_outbound::sidecar::HttpSidecar>,linkerd_proxy_client_policy::http::Filter,linkerd_proxy_client_policy::http::RouteParams>>,linkerd_app_outbound::http::logical::policy::route::filters::ApplyFilters<linkerd_app_outbound::http::logical::policy::route::Matched<linkerd_http_route::http::match::RequestMatch,linkerd_app_outbound::http::logical::policy::route::Route<linkerd_app_outbound::http::Http<linkerd_app_outbound::sidecar::HttpSidecar>,linkerd_proxy_client_policy::http::Filter,linkerd_proxy_client_policy::http::RouteParams>>,linkerd_stack::loadshed::LoadShed<linkerd_distribute::service::Distribute<linkerd_app_outbound::http::logical::policy::route::backend::Backend<linkerd_app_outbound::http::Http<linkerd_app_outbound::sidecar::HttpSidecar>,linkerd_proxy_client_policy::http::Filter>,linkerd_stack::box_service::BoxCloneSyncService<http::request::Request<linkerd_http_box::body::BoxBody>,http::response::Response<linkerd_http_box::body::BoxBody>>>>>>>>",0.04
lean,grpc,65536,capacity,1,tokio::sync::task::atomic_waker::AtomicWaker::register_by_ref,0.04
lean,grpc,65536,capacity,1,0x0000000000003320,0.04
lean,grpc,65536,capacity,1,<linkerd_app_outbound::http::logical::Concrete<T> as core::hash::Hash>::hash,0.04
lean,grpc,65536,capacity,1,core::ptr::drop_in_place<linkerd_proxy_balance_queue::QueueMetrics>,0.04
lean,grpc,65536,capacity,1,"hashbrown::map::HashMap<K,V,S,A>::insert",0.04
lean,grpc,65536,capacity,1,"<tokio::sync::mpsc::chan::Tx<T,S> as core::ops::drop::Drop>::drop",0.04
lean,grpc,65536,capacity,1,bytes::bytes::shared_clone,0.04
lean,grpc,65536,capacity,1,hyper::proto::h2::ping::Recorder::record_data,0.04
lean,grpc,65536,capacity,1,_rjem_je_tcache_gc_new_event_wait,0.04
lean,grpc,65536,capacity,1,"core::ptr::drop_in_place<linkerd_http_stream_timeouts::ResponseFuture<linkerd_app_outbound::http::handle_proxy_error_headers::ResponseFuture<core::pin::Pin<alloc::boxed::Box<dyn core::future::future::Future+Output = core::result::Result<http::response::Response<linkerd_http_box::body::BoxBody>,alloc::boxed::Box<dyn core::error::Error+core::marker::Sync+core::marker::Send>>+core::marker::Send>>>>>",0.04
lean,grpc,65536,capacity,1,h2::hpack::decoder::take,0.04
lean,grpc,65536,capacity,1,px_conn_admitted,0.04
lean,grpc,65536,capacity,1,"indexmap::map::IndexMap<K,V,S>::insert_full",0.04
lean,grpc,65536,capacity,1,"<alloc::vec::into_iter::IntoIter<T,A> as core::ops::drop::Drop>::drop",0.04
lean,grpc,65536,capacity,1,core::ptr::drop_in_place<bytes::bytes::Bytes>,0.04
lean,grpc,65536,capacity,1,http::header::map::Entry<T>::or_try_insert_with,0.04
lean,grpc,65536,capacity,1,px_peer_stats_report,0.04
lean,grpc,65536,capacity,1,devx_async_event_read,0.04
lean,grpc,65536,capacity,1,_rjem_realloc,0.04
lean,grpc,65536,capacity,1,_rjem_je_hook_invoke_alloc,0.04
lean,grpc,65536,capacity,1,core::ptr::drop_in_place<http::uri::Uri>,0.04
lean,grpc,65536,capacity,1,<std::hash::random::DefaultHasher as core::hash::Hasher>::write,0.04
lean,grpc,65536,capacity,1,vfs_write,0.04
lean,grpc,65536,capacity,1,doca_comch_consumer_task_post_recv_as_task@plt,0.04
lean,grpc,65536,capacity,1,h2::proto::streams::flow_control::FlowControl::send_data,0.04
lean,grpc,65536,capacity,1,"core::ptr::drop_in_place<tokio::sync::mpsc::bounded::Sender<linkerd_proxy_balance_queue::message::Message<http::request::Request<linkerd_http_box::body::BoxBody>,futures_util::future::try_future::ErrInto<tower::load::completion::TrackCompletionFuture<core::pin::Pin<alloc::boxed::Box<dyn core::future::future::Future+Output = core::result::Result<http::response::Response<linkerd_http_classify::channel::ResponseBody<linkerd_app_core::classify::Eos,linkerd_http_box::body::BoxBody>>,alloc::boxed::Box<dyn core::error::Error+core::marker::Sync+core::marker::Send>>+core::marker::Send>>,hyper_balance::PendingUntilFirstData,tower::load::peak_ewma::Handle>,alloc::boxed::Box<dyn core::error::Error+core::marker::Sync+core::marker::Send>>>>::reserve_owned::{{closure}}>",0.04
lean,grpc,65536,capacity,1,"core::ptr::drop_in_place<futures_util::future::try_future::ErrInto<linkerd_stack::either::vendor::Either<futures_util::future::try_future::ErrInto<linkerd_stack::either::vendor::Either<core::pin::Pin<alloc::boxed::Box<dyn core::future::future::Future+Output = core::result::Result<http::response::Response<linkerd_http_box::body::BoxBody>,alloc::boxed::Box<dyn core::error::Error+core::marker::Sync+core::marker::Send>>+core::marker::Send>>,tracing::instrument::Instrumented<tower::buffer::future::ResponseFuture<core::pin::Pin<alloc::boxed::Box<dyn core::future::future::Future+Output = core::result::Result<http::response::Response<linkerd_http_box::body::BoxBody>,alloc::boxed::Box<dyn core::error::Error+core::marker::Sync+core::marker::Send>>+core::marker::Send>>>>>,alloc::boxed::Box<dyn core::error::Error+core::marker::Sync+core::marker::Send>>,futures_util::future::ready::Ready<core::result::Result<http::response::Response<linkerd_http_box::body::BoxBody>,linkerd_app_outbound::http::concrete::DispatcherFailed>>>,alloc::boxed::Box<dyn core::error::Error+core::marker::Sync+core::marker::Send>>>",0.04
lean,grpc,65536,capacity,1,0x00000000000148f4,0.04
lean,grpc,65536,capacity,1,h2::proto::streams::send::Send::recv_stream_window_update,0.04
lean,grpc,65536,capacity,1,security_file_permission,0.04
lean,grpc,65536,capacity,1,tokio::runtime::task::waker::clone_waker,0.04
lean,grpc,65536,capacity,1,px_worker_stats,0.04
lean,grpc,65536,capacity,1,<F as linkerd_stack_tracing::GetSpan<T>>::get_span,0.04
lean,grpc,65536,capacity,1,pthread_mutex_unlock@plt,0.03
lean,grpc,65536,capacity,1,core::ptr::drop_in_place<h2::share::RecvStream>,0.03
lean,grpc,65536,capacity,1,tonic::codec::decode::StreamingInner::poll_frame,0.03
lean,grpc,65536,capacity,1,doca_pe_request_notification,0.03
lean,grpc,65536,capacity,1,"core::ptr::drop_in_place<linkerd_stack::box_future::BoxFuture<linkerd_stack::map_err::MapErr<(),linkerd_stack_tracing::Instrument<linkerd_app_outbound::http::concrete::balance::Balance<linkerd_app_outbound::http::logical::Concrete<linkerd_app_outbound::http::Http<linkerd_app_outbound::sidecar::HttpSidecar>>>,linkerd_app_outbound::http::concrete::balance::Balance<linkerd_app_outbound::http::logical::Concrete<linkerd_app_outbound::http::Http<linkerd_app_outbound::sidecar::HttpSidecar>>>::layer<linkerd_stack::arc_new_service::ArcNewService<linkerd_app_outbound::http::concrete::Endpoint<linkerd_app_outbound::http::logical::Concrete<linkerd_app_outbound::http::Http<linkerd_app_outbound::sidecar::HttpSidecar>>>,tower::util::boxed::sync::BoxService<http::request::Request<linkerd_http_box::body::BoxBody>,http::response::Response<linkerd_http_box::body::BoxBody>,alloc::boxed::Box<dyn core::error::Error+core::marker::Sync+core::marker::Send>>>,tower::util::boxed::sync::BoxService<http::request::Request<linkerd_http_box::body::BoxBody>,http::response::Response<linkerd_http_box::body::BoxBody>,alloc::boxed::Box<dyn core::error::Error+core::marker::Sync+core::marker::Send>>,linkerd_proxy_resolve::recover::Resolve<linkerd_app::dst::BackoffUnlessInvalidArgument,linkerd_proxy_api_resolve::resolve::Resolve<tower::util::map_err::MapErr<linkerd_stack::box_service::BoxCloneSyncService<http::request::Request<tonic::body::Body>,http::response::Response<linkerd_http_metrics::requests::service::ResponseBody<hyper_balance::PendingUntilFirstDataBody<tower::load::peak_ewma::Handle,hyper::body::incoming::Incoming>,linkerd_app_core::classify::Eos>>>,<alloc::boxed::Box<dyn core::error::Error+core::marker::Sync+core::marker::Send> as core::convert::From<alloc::boxed::Box<dyn core::error::Error+core::marker::Sync+core::marker::Send>>>::from>>>>::{{closure}}::{{closure}},linkerd_stack::map_err::MapErr<linkerd_stack::map_err::WrapFromTarget<linkerd_app_outbound::http::concrete::balance::Balance<linkerd_app_outbound::http::logical::Concrete<linkerd_app_outbound::http::Http<linkerd_app_outbound::sidecar::HttpSidecar>>>,linkerd_app_outbound::http::concrete::balance::BalanceError>,linkerd_stack_metrics::service::TrackService<linkerd_stack::either::vendor::Either<linkerd_http_box::response::BoxResponse<linkerd_stack::gate::Gate<linkerd_proxy_balance_queue::service::PoolQueue<http::request::Request<linkerd_http_box::body::BoxBody>,futures_util::future::try_future::ErrInto<tower::load::completion::TrackCompletionFuture<core::pin::Pin<alloc::boxed::Box<dyn core::future::future::Future+Output = core::result::Result<http::response::Response<linkerd_http_classify::channel::ResponseBody<linkerd_app_core::classify::Eos,linkerd_http_box::body::BoxBody>>,alloc::boxed::Box<dyn core::error::Error+core::marker::Sync+core::marker::Send>>+core::marker::Send>>,hyper_balance::PendingUntilFirstData,tower::load::peak_ewma::Handle>,alloc::boxed::Box<dyn core::error::Error+core::marker::Sync+core::marker::Send>>>>>,linkerd_http_box::response::BoxResponse<linkerd_stack::gate::Gate<linkerd_proxy_balance_queue::service::PoolQueue<http::request::Request<linkerd_http_box::body::BoxBody>,futures_util::future::try_future::ErrInto<linkerd_load_biaser::LoadBiaserFuture<core::pin::Pin<alloc::boxed::Box<dyn core::future::future::Future+Output = core::result::Result<http::response::Response<linkerd_http_classify::channel::ResponseBody<linkerd_app_core::classify::Eos,linkerd_http_box::body::BoxBody>>,alloc::boxed::Box<dyn core::error::Error+core::marker::Sync+core::marker::Send>>+core::marker::Send>>,http::response::Response<linkerd_http_classify::channel::ResponseBody<linkerd_app_core::classify::Eos,linkerd_http_box::body::BoxBody>>,hyper_balance::PendingUntilFirstData>,alloc::boxed::Box<dyn core::error::Error+core::marker::Sync+core::marker::Send>>>>>>>>>>>>",0.03
lean,grpc,65536,capacity,1,doca_comch_consumer_task_post_recv_get_imm_data@plt,0.03
lean,grpc,65536,capacity,1,ep_done_scan,0.03
lean,grpc,65536,capacity,1,tonic::codec::decode::StreamingInner::decode_chunk,0.03
lean,grpc,65536,capacity,1,"<alloc::vec::Vec<T> as alloc::vec::spec_from_iter::SpecFromIter<T,I>>::from_iter",0.03
lean,grpc,65536,capacity,1,<tokio::sync::notify::Notified as core::ops::drop::Drop>::drop,0.03
lean,grpc,65536,capacity,1,"core::ptr::drop_in_place<linkerd_stack::result::ResultService<linkerd_stack::either::vendor::Either<linkerd_stack::box_service::BoxCloneSyncService<http::request::Request<linkerd_http_box::body::BoxBody>,http::response::Response<linkerd_http_box::body::BoxBody>>,linkerd_stack::result::ResultService<linkerd_stack::either::vendor::Either<linkerd_stack::box_service::BoxCloneSyncService<http::request::Request<linkerd_http_box::body::BoxBody>,http::response::Response<linkerd_http_box::body::BoxBody>>,linkerd_stack::box_service::BoxCloneSyncService<http::request::Request<linkerd_http_box::body::BoxBody>,http::response::Response<linkerd_http_box::body::BoxBody>>>>>>>",0.03
lean,grpc,65536,capacity,1,dmesh_l7::driver_result,0.03
lean,grpc,65536,capacity,1,doca_task_try_submit@plt,0.03
lean,grpc,65536,capacity,1,"core::ptr::drop_in_place<linkerd_app_core::errors::body::ResponseBody<linkerd_app_inbound::http::router::ClientRescue,linkerd_http_box::body::BoxBody>>",0.03
lean,grpc,65536,capacity,1,<bytes::bytes_mut::BytesMut as core::ops::drop::Drop>::drop,0.03
lean,grpc,65536,capacity,1,_rjem_je_tcache_gc_dalloc_event_handler,0.03
lean,grpc,65536,capacity,1,0x0000000000000474,0.03
lean,grpc,65536,capacity,1,0x0000000000076880,0.03
lean,grpc,65536,capacity,1,"tokio::runtime::task::core::Core<T,S>::set_stage",0.03
lean,grpc,65536,capacity,1,"core::ptr::drop_in_place<linkerd_stack::box_future::BoxFuture<linkerd_stack::map_err::MapErr<(),linkerd_stack::result::ResultService<linkerd_stack::either::vendor::Either<linkerd_stack::box_service::BoxCloneSyncService<http::request::Request<linkerd_http_box::body::BoxBody>,http::response::Response<linkerd_http_box::body::BoxBody>>,linkerd_stack::box_service::BoxCloneSyncService<http::request::Request<linkerd_http_box::body::BoxBody>,http::response::Response<linkerd_http_box::body::BoxBody>>>>>>>",0.03
lean,grpc,65536,capacity,1,eventfd_read,0.03
lean,grpc,65536,capacity,1,doca_buf_inventory_buf_get_by_args@plt,0.03
lean,grpc,65536,capacity,1,<linkerd_stack::watch::SpawnWatch<S> as tower_service::Service<Req>>::poll_ready,0.03
lean,grpc,65536,capacity,1,"indexmap::map::IndexMap<K,V,S>::get_index_of",0.03
lean,grpc,65536,capacity,1,ep_send_events,0.03
lean,grpc,65536,capacity,1,eventfd_poll,0.03
lean,grpc,65536,capacity,1,core::ptr::drop_in_place<http::header::map::IntoIter<http::header::value::HeaderValue>>,0.03
lean,grpc,65536,capacity,1,core::ptr::drop_in_place<h2::frame::headers::Iter>,0.03
lean,grpc,65536,capacity,1,__GI___pthread_disable_asynccancel,0.03
lean,grpc,65536,capacity,1,h2::proto::streams::streams::Actions::reset_on_recv_stream_err,0.03
lean,grpc,65536,capacity,1,core::ptr::drop_in_place<core::option::Option<linkerd_http_prom::record_response::ResponseState<linkerd_app_outbound::http::logical::policy::route::metrics::LabelGrpcRsp<linkerd_app_outbound::http::logical::policy::route::metrics::labels::RouteBackend>>>>,0.03
lean,grpc,65536,capacity,1,http::uri::Uri::from_parts,0.03
lean,grpc,65536,capacity,1,<bytes::bytes::Bytes as core::convert::From<alloc::vec::Vec<u8>>>::from,0.03
lean,grpc,65536,capacity,1,core::ptr::drop_in_place<hyper::client::conn::http2::SendRequest<linkerd_http_box::body::BoxBody>::send_request::{{closure}}>,0.03
lean,grpc,65536,capacity,1,core::ptr::drop_in_place<tracing::span::EnteredSpan>,0.03
lean,grpc,65536,capacity,1,px_bind_worker,0.03
lean,grpc,65536,capacity,1,0x000000000001da74,0.03
lean,grpc,65536,capacity,1,"core::ptr::drop_in_place<core::result::Result<core::option::Option<h2::proto::streams::store::Key>,h2::proto::error::Error>>",0.03
lean,grpc,65536,capacity,1,0x00000000000b03b8,0.03
lean,grpc,65536,capacity,1,http::header::map::HeaderMap<T>::try_entry2,0.03
lean,grpc,65536,capacity,1,priv_doca_cq_datapath_objects_get,0.03
lean,grpc,65536,capacity,1,0x00000000000ae134,0.03
lean,grpc,65536,capacity,1,"core::ptr::drop_in_place<linkerd_stack::map_err::ResponseFuture<(),futures_util::future::either::Either<futures_util::future::try_future::MapErr<tower::util::oneshot::Oneshot<linkerd_stack::box_service::BoxCloneSyncService<http::request::Request<linkerd_http_box::body::BoxBody>,http::response::Response<linkerd_http_box::body::BoxBody>>,http::request::Request<linkerd_http_box::body::BoxBody>>,fn(alloc::boxed::Box<dyn core::error::Error+core::marker::Sync+core::marker::Send>) .> alloc::boxed::Box<dyn core::error::Error+core::marker::Sync+core::marker::Send>>,futures_util::future::ready::Ready<core::result::Result<http::response::Response<linkerd_http_box::body::BoxBody>,alloc::boxed::Box<dyn core::error::Error+core::marker::Sync+core::marker::Send>>>>>>",0.03
lean,grpc,65536,capacity,1,px_arrival_release,0.03
lean,grpc,65536,capacity,1,bytes::bytes_mut::shared_v_clone,0.03
lean,grpc,65536,capacity,1,px_l7_request_owner,0.03
lean,grpc,65536,capacity,1,"core::ptr::drop_in_place<tracing::instrument::Instrumented<linkerd_http_classify::channel::ResponseFuture<linkerd_app_core::classify::Response,linkerd_http_box::body::BoxBody,linkerd_stack::map_err::ResponseFuture<(),core::pin::Pin<alloc::boxed::Box<dyn core::future::future::Future+Output = core::result::Result<http::response::Response<linkerd_http_box::body::BoxBody>,alloc::boxed::Box<dyn core::error::Error+core::marker::Sync+core::marker::Send>>+core::marker::Send>>>>>>",0.03
lean,grpc,65536,capacity,1,<linkerd_http_stream_timeouts::ResponseBody<B> as http_body::Body>::poll_frame,0.03
lean,grpc,65536,capacity,1,linkerd_proxy_balance_queue::failfast::Failfast::set_ready,0.03
lean,grpc,65536,capacity,1,px_l7_apply_release,0.03
lean,grpc,65536,capacity,1,"core::ptr::drop_in_place<tracing::instrument::Instrumented<hyper::proto::h2::client::H2ClientFuture<linkerd_http_box::body::BoxBody,hyper_util::rt::tokio::TokioIo<linkerd_io::sensor::SensorIo<linkerd_io::sensor::SensorIo<linkerd_io::either::EitherIo<linkerd_io::either::EitherIo<linkerd_io::scoped::ScopedIo<tokio::net::tcp::stream::TcpStream>,dmesh_doca::io::DmeshIo>,linkerd_meshtls::client::ClientIo<linkerd_io::either::EitherIo<linkerd_io::scoped::ScopedIo<tokio::net::tcp::stream::TcpStream>,dmesh_doca::io::DmeshIo>>>,linkerd_transport_metrics::sensor::Sensor>,linkerd_transport_metrics::zone::sensor::ZoneMetricsSensor>>,hyper_util::rt::tokio::TokioExecutor>>>",0.03
lean,grpc,65536,capacity,1,core::ptr::drop_in_place<tokio_util::sync::poll_semaphore::PollSemaphore>,0.03
lean,grpc,65536,capacity,1,"<hyper::client::dispatch::Callback<T,U> as core::ops::drop::Drop>::drop",0.03
lean,grpc,65536,capacity,1,doca_task_submit,0.03
lean,grpc,65536,capacity,1,"core::ptr::drop_in_place<futures_util::future::either::Either<futures_util::future::try_future::MapErr<core::pin::Pin<alloc::boxed::Box<dyn core::future::future::Future+Output = core::result::Result<http::response::Response<linkerd_http_box::body::BoxBody>,alloc::boxed::Box<dyn core::error::Error+core::marker::Sync+core::marker::Send>>+core::marker::Send>>,fn(alloc::boxed::Box<dyn core::error::Error+core::marker::Sync+core::marker::Send>) .> alloc::boxed::Box<dyn core::error::Error+core::marker::Sync+core::marker::Send>>,futures_util::future::ready::Ready<core::result::Result<http::response::Response<linkerd_http_box::body::BoxBody>,alloc::boxed::Box<dyn core::error::Error+core::marker::Sync+core::marker::Send>>>>>",0.03
lean,grpc,65536,capacity,1,0x00000000000b03b0,0.03
lean,grpc,65536,capacity,1,"core::ptr::drop_in_place<core::option::Option<tower::ready_cache::cache::Pending<core::net::socket_addr::SocketAddr,tower::load::peak_ewma::PeakEwma<linkerd_proxy_balance_gauge_endpoints::GaugeBalancerEndpoint<tower::util::boxed::sync::BoxService<http::request::Request<linkerd_http_box::body::BoxBody>,http::response::Response<linkerd_http_classify::channel::ResponseBody<linkerd_app_core::classify::Eos,linkerd_http_box::body::BoxBody>>,alloc::boxed::Box<dyn core::error::Error+core::marker::Sync+core::marker::Send>>>,hyper_balance::PendingUntilFirstData>,http::request::Request<linkerd_http_box::body::BoxBody>>>>",0.03
lean,grpc,65536,capacity,1,core::ptr::drop_in_place<h2::hpack::header::Header>,0.03
lean,grpc,65536,capacity,1,http::header::map::HeaderMap<T>::try_reserve_one,0.03
lean,grpc,65536,capacity,1,"indexmap::map::IndexMap<K,V,S>::swap_remove",0.03
lean,grpc,65536,capacity,1,h2::proto::streams::recv::Recv::recv_trailers,0.03
lean,grpc,65536,capacity,1,0x000000000001d7fc,0.03
lean,grpc,65536,capacity,1,doca_buf_dec_refcount@plt,0.03
lean,grpc,65536,capacity,1,tokio::sync::notify::notify_locked,0.03
lean,grpc,65536,capacity,1,core::ptr::drop_in_place<linkerd_http_box::body::Inner<linkerd_http_prom::record_response::response::RequestBody<linkerd_http_box::body::BoxBody>>>,0.03
lean,grpc,65536,capacity,1,tokio::time::sleep::Sleep::new_timeout,0.03
lean,grpc,65536,capacity,1,"core::ptr::drop_in_place<futures_util::future::try_future::MapOk<linkerd_http_prom::status::RecordStatusFuture<linkerd_http_prom::record_response::ResponseFuture<linkerd_app_outbound::http::logical::policy::route::metrics::LabelHttpRsp<linkerd_app_outbound::http::logical::policy::route::metrics::labels::RouteBackend>,futures_util::future::either::Either<futures_util::future::ready::Ready<core::result::Result<http::response::Response<linkerd_http_box::body::BoxBody>,alloc::boxed::Box<dyn core::error::Error+core::marker::Sync+core::marker::Send>>>,futures_util::future::try_future::ErrInto<linkerd_app_outbound::http::logical::policy::route::filters::ResponseFuture<linkerd_app_outbound::http::logical::policy::route::Matched<linkerd_http_route::http::match::RequestMatch,linkerd_app_outbound::http::logical::policy::route::backend::Backend<linkerd_app_outbound::http::Http<linkerd_app_outbound::sidecar::HttpSidecar>,linkerd_proxy_client_policy::http::Filter>>,core::pin::Pin<alloc::boxed::Box<dyn core::future::future::Future+Output = core::result::Result<http::response::Response<linkerd_http_box::body::BoxBody>,alloc::boxed::Box<dyn core::error::Error+core::marker::Sync+core::marker::Send>>+core::marker::Send>>>,alloc::boxed::Box<dyn core::error::Error+core::marker::Sync+core::marker::Send>>>>,linkerd_app_outbound::http::logical::policy::route::metrics::LabelHttpRsp<linkerd_app_outbound::http::logical::policy::route::metrics::labels::RouteBackend>,linkerd_app_outbound::http::logical::policy::route::metrics::labels::Rsp<linkerd_app_outbound::http::logical::policy::route::metrics::labels::RouteBackend,linkerd_app_outbound::http::logical::policy::route::metrics::labels::HttpRsp>>,<linkerd_http_prom::body_data::response::RecordBodyData<linkerd_http_prom::count_reqs::CountRequests<linkerd_http_prom::status::RecordStatusCode<linkerd_http_prom::record_response::RecordDuration<linkerd_app_outbound::http::logical::policy::route::Matched<linkerd_http_route::http::match::RequestMatch,linkerd_app_outbound::http::logical::policy::route::backend::Backend<linkerd_app_outbound::http::Http<linkerd_app_outbound::sidecar::HttpSidecar>,linkerd_proxy_client_policy::http::Filter>>,linkerd_http_prom::record_response::response::ResponseMetrics<linkerd_app_outbound::http::logical::policy::route::metrics::labels::RouteBackend>,linkerd_app_outbound::http::logical::policy::route::filters::ApplyFilters<linkerd_app_outbound::http::logical::policy::route::Matched<linkerd_http_route::http::match::RequestMatch,linkerd_app_outbound::http::logical::policy::route::backend::Backend<linkerd_app_outbound::http::Http<linkerd_app_outbound::sidecar::HttpSidecar>,linkerd_proxy_client_policy::http::Filter>>,linkerd_stack::box_service::BoxCloneSyncService<http::request::Request<linkerd_http_box::body::BoxBody>,http::response::Response<linkerd_http_box::body::BoxBody>>>>,linkerd_app_outbound::http::logical::policy::route::Matched<linkerd_http_route::http::match::RequestMatch,linkerd_app_outbound::http::logical::policy::route::backend::Backend<linkerd_app_outbound::http::Http<linkerd_app_outbound::sidecar::HttpSidecar>,linkerd_proxy_client_policy::http::Filter>>,linkerd_app_outbound::http::logical::policy::route::metrics::labels::Rsp<linkerd_app_outbound::http::logical::policy::route::metrics::labels::RouteBackend,linkerd_app_outbound::http::logical::policy::route::metrics::labels::HttpRsp>>>> as tower_service::Service<http::request::Request<linkerd_http_box::body::BoxBody>>>::call::{{closure}}>>",0.03
lean,grpc,65536,capacity,1,<linkerd_app_core::classify::Eos as linkerd_http_classify::ClassifyEos>::eos,0.03
lean,grpc,65536,capacity,1,"core::ptr::drop_in_place<tower::util::oneshot::State<linkerd_stack::box_service::BoxCloneSyncService<http::request::Request<linkerd_http_box::body::BoxBody>,http::response::Response<linkerd_http_box::body::BoxBody>>,http::request::Request<linkerd_http_box::body::BoxBody>>>",0.03
lean,grpc,65536,capacity,1,0x00000000000767f0,0.03
lean,grpc,65536,capacity,1,__arch_copy_from_user,0.03
lean,grpc,65536,capacity,1,px_arrival_alloc,0.03
lean,grpc,65536,capacity,1,tokio::util::wake::wake_arc_raw,0.03
lean,grpc,65536,capacity,1,update_blocked_averages,0.03
lean,grpc,65536,capacity,1,0x000000000001d784,0.03
lean,grpc,65536,capacity,1,px_rev_submit_copy.part.0,0.03
lean,grpc,65536,capacity,1,0x00000000000058d4,0.03
lean,grpc,65536,capacity,1,h2::hpack::header::Header::value_slice,0.03
lean,grpc,65536,capacity,1,h2::proto::streams::recv::Recv::open,0.03
lean,grpc,65536,capacity,1,"<hashbrown::raw::RawTable<T,A> as core::ops::drop::Drop>::drop",0.03
lean,grpc,65536,capacity,1,<linkerd_http_box::body::Data as bytes::buf::buf_impl::Buf>::chunk,0.02
lean,grpc,65536,capacity,1,__aarch64_ldset8_acq_rel,0.02
lean,grpc,65536,capacity,1,0x0000000000005a88,0.02
lean,grpc,65536,capacity,1,bytes::bytes::shared_drop,0.02
lean,grpc,65536,capacity,1,"<alloc::vec::drain::Drain<T,A> as core::ops::drop::Drop>::drop",0.02
lean,grpc,65536,capacity,1,0x0000000000000500,0.02
lean,grpc,65536,capacity,1,rseq_get_rseq_cs.isra.0,0.02
lean,grpc,65536,capacity,1,"core::ptr::drop_in_place<linkerd_http_classify::channel::ResponseBody<linkerd_app_core::classify::Eos,linkerd_http_box::body::BoxBody>>",0.02
lean,grpc,65536,capacity,1,__aarch64_ldset8_rel,0.02
lean,grpc,65536,capacity,1,<linkerd_addr::Addr as core::hash::Hash>::hash,0.02
lean,grpc,65536,capacity,1,__aarch64_cas8_rel,0.02
lean,grpc,65536,capacity,1,0x000000000002a824,0.02
lean,grpc,65536,capacity,1,doca_pe_get_notification_handle,0.02
lean,grpc,65536,capacity,1,<linkerd_app_core::classify::Response as linkerd_http_classify::ClassifyResponse>::start,0.02
lean,grpc,65536,capacity,1,0x000000000001daa8,0.02
lean,grpc,65536,capacity,1,"core::ptr::drop_in_place<linkerd_stack::map_err::ResponseFuture<(),futures_util::future::either::Either<futures_util::future::try_future::ErrInto<futures_util::future::try_future::MapOk<futures_util::future::either::Either<linkerd_error_respond::RespondFuture<linkerd_app_core::errors::respond::Respond<linkerd_app_outbound::http::server::ServerRescue>,linkerd_stack::monitor::MonitorFuture<linkerd_app_outbound::metrics::error::http::Http,futures_util::future::either::Either<futures_util::future::try_future::MapErr<tower::limit::concurrency::future::ResponseFuture<core::pin::Pin<alloc::boxed::Box<dyn core::future::future::Future+Output = core::result::Result<http::response::Response<linkerd_http_box::body::BoxBody>,alloc::boxed::Box<dyn core::error::Error+core::marker::Sync+core::marker::Send>>+core::marker::Send>>>,fn(alloc::boxed::Box<dyn core::error::Error+core::marker::Sync+core::marker::Send>) .> alloc::boxed::Box<dyn core::error::Error+core::marker::Sync+core::marker::Send>>,futures_util::future::ready::Ready<core::result::Result<http::response::Response<linkerd_http_box::body::BoxBody>,alloc::boxed::Box<dyn core::error::Error+core::marker::Sync+core::marker::Send>>>>>>,core::pin::Pin<alloc::boxed::Box<dyn core::future::future::Future+Output = core::result::Result<http::response::Response<linkerd_app_core::errors::body::ResponseBody<linkerd_app_outbound::http::server::ServerRescue,linkerd_http_box::body::BoxBody>>,alloc::boxed::Box<dyn core::error::Error+core::marker::Sync+core::marker::Send>>+core::marker::Send>>>,fn(http::response::Response<linkerd_app_core::errors::body::ResponseBody<linkerd_app_outbound::http::server::ServerRescue,linkerd_http_box::body::BoxBody>>) .> http::response::Response<linkerd_http_box::body::BoxBody>>,alloc::boxed::Box<dyn core::error::Error+core::marker::Sync+core::marker::Send>>,futures_util::future::ready::Ready<core::result::Result<http::response::Response<linkerd_http_box::body::BoxBody>,alloc::boxed::Box<dyn core::error::Error+core::marker::Sync+core::marker::Send>>>>>>",0.02
lean,grpc,65536,capacity,1,h2::hpack::encoder::encode_not_indexed,0.02
lean,grpc,65536,capacity,1,"core::ptr::drop_in_place<linkerd_stack::box_future::BoxFuture<linkerd_stack::map_err::MapErr<(),linkerd_idle_cache::Cached<linkerd_stack::box_service::BoxCloneSyncService<http::request::Request<linkerd_http_box::body::BoxBody>,http::response::Response<linkerd_http_box::body::BoxBody>>>>>>",0.02
lean,grpc,65536,capacity,1,<linkerd_http_box::body::Inner<B> as http_body::Body>::size_hint,0.02
lean,grpc,65536,capacity,1,bytes::bytes::promotable_even_clone,0.02
lean,grpc,65536,capacity,1,0x00000000000b6e20,0.02
lean,grpc,65536,capacity,1,__memmove_generic,0.02
lean,grpc,65536,capacity,1,<tokio::runtime::io::scheduled_io::Readiness as core::future::future::Future>::poll,0.02
lean,grpc,65536,capacity,1,tokio::runtime::time::<impl tokio::runtime::time::handle::Handle>::reregister,0.02
lean,grpc,65536,capacity,1,"core::ptr::drop_in_place<linkerd_http_box::body::Inner<linkerd_http_prom::body_data::body::Body<http_body_util::either::Either<linkerd_http_body_eos::BodyWithEosFn<linkerd_http_box::body::BoxBody,alloc::boxed::Box<dyn core::ops::function::FnOnce<(linkerd_http_body_eos::EosRef<alloc::boxed::Box<dyn core::error::Error+core::marker::Sync+core::marker::Send>>,)>+Output = ()+core::marker::Send>>,linkerd_http_box::body::BoxBody>>>>",0.02
lean,grpc,65536,capacity,1,priv_doca_pe_resume_ctx,0.02
lean,grpc,65536,capacity,1,0x000000000000049c,0.02
lean,grpc,65536,capacity,1,"core::ptr::drop_in_place<linkerd_stack::map_err::ResponseFuture<(),linkerd_stack::map_err::ResponseFuture<linkerd_stack::map_err::WrapFromTarget<linkerd_app_outbound::http::logical::RouterParams<linkerd_app_outbound::http::Http<linkerd_app_outbound::sidecar::HttpSidecar>>,linkerd_app_outbound::http::logical::LogicalError>,futures_util::future::try_future::ErrInto<linkerd_stack::either::vendor::Either<core::pin::Pin<alloc::boxed::Box<dyn core::future::future::Future+Output = core::result::Result<http::response::Response<linkerd_http_box::body::BoxBody>,alloc::boxed::Box<dyn core::error::Error+core::marker::Sync+core::marker::Send>>+core::marker::Send>>,futures_util::future::try_future::ErrInto<linkerd_stack::either::vendor::Either<core::pin::Pin<alloc::boxed::Box<dyn core::future::future::Future+Output = core::result::Result<http::response::Response<linkerd_http_box::body::BoxBody>,alloc::boxed::Box<dyn core::error::Error+core::marker::Sync+core::marker::Send>>+core::marker::Send>>,core::pin::Pin<alloc::boxed::Box<dyn core::future::future::Future+Output = core::result::Result<http::response::Response<linkerd_http_box::body::BoxBody>,alloc::boxed::Box<dyn core::error::Error+core::marker::Sync+core::marker::Send>>+core::marker::Send>>>,alloc::boxed::Box<dyn core::error::Error+core::marker::Sync+core::marker::Send>>>,alloc::boxed::Box<dyn core::error::Error+core::marker::Sync+core::marker::Send>>>>>",0.02
lean,grpc,65536,capacity,1,<linkerd_proxy_client_policy::http::RouteParams as core::hash::Hash>::hash,0.02
lean,grpc,65536,capacity,1,bcmp@plt,0.02
lean,grpc,65536,capacity,1,"core::ptr::drop_in_place<linkerd_app_outbound::http::logical::policy::route::Route<linkerd_app_outbound::http::Http<linkerd_app_outbound::sidecar::HttpSidecar>,linkerd_proxy_client_policy::http::Filter,linkerd_proxy_client_policy::http::RouteParams>>",0.02
lean,grpc,65536,capacity,1,__arm64_sys_write,0.02
lean,grpc,65536,capacity,1,"core::ptr::drop_in_place<<futures_util::stream::futures_unordered::FuturesUnordered<Fut> as futures_core::stream::Stream>::poll_next::Bomb<tower::ready_cache::cache::Pending<core::net::socket_addr::SocketAddr,tower::load::peak_ewma::PeakEwma<linkerd_proxy_balance_gauge_endpoints::GaugeBalancerEndpoint<tower::util::boxed::sync::BoxService<http::request::Request<linkerd_http_box::body::BoxBody>,http::response::Response<linkerd_http_classify::channel::ResponseBody<linkerd_app_core::classify::Eos,linkerd_http_box::body::BoxBody>>,alloc::boxed::Box<dyn core::error::Error+core::marker::Sync+core::marker::Send>>>,hyper_balance::PendingUntilFirstData>,http::request::Request<linkerd_http_box::body::BoxBody>>>>",0.02
lean,grpc,65536,capacity,1,select_estimate_accuracy,0.02
lean,grpc,65536,capacity,1,h2::hpack::header::Header::len,0.02
lean,grpc,65536,capacity,1,0x000000000002a860,0.02
lean,grpc,65536,capacity,1,core::ptr::drop_in_place<std::sync::poison::mutex::MutexGuard<tower::load::peak_ewma::RttEstimate>>,0.02
lean,grpc,65536,capacity,1,"core::ptr::drop_in_place<linkerd_http_box::body::Inner<linkerd_app_core::errors::body::ResponseBody<linkerd_app_inbound::http::server::ServerRescue,linkerd_http_box::body::BoxBody>>>",0.02
lean,grpc,65536,capacity,1,"core::ptr::drop_in_place<linkerd_stack::box_future::BoxFuture<linkerd_stack::map_err::MapErr<(),linkerd_stack::map_err::MapErr<linkerd_app_outbound::http::logical::policy::route::backend::<impl linkerd_app_outbound::http::logical::policy::route::Matched<linkerd_http_route::http::match::RequestMatch,linkerd_app_outbound::http::logical::policy::route::backend::Backend<linkerd_app_outbound::http::Http<linkerd_app_outbound::sidecar::HttpSidecar>,linkerd_proxy_client_policy::http::Filter>>>::layer<linkerd_distribute::cache::BackendCache<linkerd_app_outbound::http::logical::Concrete<linkerd_app_outbound::http::Http<linkerd_app_outbound::sidecar::HttpSidecar>>,linkerd_stack::box_service::BoxCloneSyncService<http::request::Request<linkerd_http_box::body::BoxBody>,http::response::Response<linkerd_http_box::body::BoxBody>>>,linkerd_stack::box_service::BoxCloneSyncService<http::request::Request<linkerd_http_box::body::BoxBody>,http::response::Response<linkerd_http_box::body::BoxBody>>>::{{closure}}::{{closure}}::{{closure}},linkerd_http_prom::body_data::response::RecordBodyData<linkerd_http_prom::count_reqs::CountRequests<linkerd_http_prom::status::RecordStatusCode<linkerd_http_prom::record_response::RecordDuration<linkerd_app_outbound::http::logical::policy::route::Matched<linkerd_http_route::http::match::RequestMatch,linkerd_app_outbound::http::logical::policy::route::backend::Backend<linkerd_app_outbound::http::Http<linkerd_app_outbound::sidecar::HttpSidecar>,linkerd_proxy_client_policy::http::Filter>>,linkerd_http_prom::record_response::response::ResponseMetrics<linkerd_app_outbound::http::logical::policy::route::metrics::labels::RouteBackend>,linkerd_app_outbound::http::logical::policy::route::filters::ApplyFilters<linkerd_app_outbound::http::logical::policy::route::Matched<linkerd_http_route::http::match::RequestMatch,linkerd_app_outbound::http::logical::policy::route::backend::Backend<linkerd_app_outbound::http::Http<linkerd_app_outbound::sidecar::HttpSidecar>,linkerd_proxy_client_policy::http::Filter>>,linkerd_stack::box_service::BoxCloneSyncService<http::request::Request<linkerd_http_box::body::BoxBody>,http::response::Response<linkerd_http_box::body::BoxBody>>>>,linkerd_app_outbound::http::logical::policy::route::Matched<linkerd_http_route::http::match::RequestMatch,linkerd_app_outbound::http::logical::policy::route::backend::Backend<linkerd_app_outbound::http::Http<linkerd_app_outbound::sidecar::HttpSidecar>,linkerd_proxy_client_policy::http::Filter>>,linkerd_app_outbound::http::logical::policy::route::metrics::labels::Rsp<linkerd_app_outbound::http::logical::policy::route::metrics::labels::RouteBackend,linkerd_app_outbound::http::logical::policy::route::metrics::labels::HttpRsp>>>>>>>>",0.02
lean,grpc,65536,capacity,1,h2::proto::streams::streams::StreamRef<B>::send_response,0.02
lean,grpc,65536,capacity,1,<linkerd_stack_metrics::service::TrackService<S> as core::clone::Clone>::clone,0.02
lean,grpc,65536,capacity,1,__GI___pthread_mutex_unlock_usercnt,0.02
lean,grpc,65536,capacity,1,check_stack_object,0.02
lean,grpc,65536,capacity,1,"core::ptr::drop_in_place<tokio::sync::oneshot::Inner<core::result::Result<futures_util::future::try_future::ErrInto<tower::load::completion::TrackCompletionFuture<core::pin::Pin<alloc::boxed::Box<dyn core::future::future::Future+Output = core::result::Result<http::response::Response<linkerd_http_classify::channel::ResponseBody<linkerd_app_core::classify::Eos,linkerd_http_box::body::BoxBody>>,alloc::boxed::Box<dyn core::error::Error+core::marker::Sync+core::marker::Send>>+core::marker::Send>>,hyper_balance::PendingUntilFirstData,tower::load::peak_ewma::Handle>,alloc::boxed::Box<dyn core::error::Error+core::marker::Sync+core::marker::Send>>,alloc::boxed::Box<dyn core::error::Error+core::marker::Sync+core::marker::Send>>>>",0.02
lean,grpc,65536,capacity,1,vfs_read,0.02
lean,grpc,65536,capacity,1,<core::net::socket_addr::SocketAddr as core::hash::Hash>::hash,0.02
lean,grpc,65536,capacity,1,h2::proto::streams::streams::Actions::ensure_not_idle,0.02
lean,grpc,65536,capacity,1,core::ptr::drop_in_place<alloc::vec::drain::Drain<linkerd_proxy_tap::grpc::server::TapResponsePayload>>,0.02
lean,grpc,65536,capacity,1,note_gp_changes,0.02
lean,grpc,65536,capacity,1,0x000000000001d858,0.02
lean,grpc,65536,capacity,1,"core::ptr::drop_in_place<core::option::Option<linkerd_http_classify::channel::State<linkerd_app_core::classify::Response,linkerd_app_core::classify::Class>>>",0.02
lean,grpc,65536,capacity,1,memset@plt,0.02
lean,grpc,65536,capacity,1,0x00000000000b03bc,0.02
lean,grpc,65536,capacity,1,0x0000000000005a04,0.02
lean,grpc,65536,capacity,1,<tower::load::peak_ewma::Handle as core::ops::drop::Drop>::drop,0.02
lean,grpc,65536,capacity,1,0x00000000000148a0,0.02
lean,grpc,65536,capacity,1,"core::ptr::drop_in_place<linkerd_http_box::body::Inner<linkerd_http_stream_timeouts::RequestBody<linkerd_http_metrics::requests::service::RequestBody<linkerd_http_box::body::BoxBody,linkerd_app_core::classify::Class>>>>",0.02
lean,grpc,65536,capacity,1,0x000000000000331c,0.02
lean,grpc,65536,capacity,1,doca_dma_task_memcpy_as_task,0.02
lean,grpc,65536,capacity,1,_ZN4core3ptr1764drop_in_place$LT$futures_util..future..either..Either$LT$futures_util..future..ready..Ready$LT$core..result..Result$LT$http..response..Response$LT$linkerd_http_box..body..BoxBody$GT$$C$alloc..boxed..Box$LT$dyn$u20$core..error..Error$u2b$core..marker..Sync$u2b$core..marker..Send$GT$$GT$$GT$$C$futures_util..future..try_future..ErrInto$LT$linkerd_app_outbound..http..logical..policy..route..filters..ResponseFuture$LT$linkerd_app_outbound..http..logical..policy..route..Matched$LT$linkerd_http_route..http..match..RequestMatch$C$linkerd_app_outbound..http..logical..policy..route..Route$LT$linkerd_app_outbound..http..Http$LT$linkerd_app_outbound..sidecar..HttpSidecar$GT$$C$linkerd_proxy_client_policy..http..Filter$C$linkerd_proxy_client_policy..http..RouteParams$GT$$GT$$C$futures_util..future..either..Either$LT$futures_util..future..try_future..MapErr$LT$core..pin..Pin$LT$alloc..boxed..Box$LT$dyn$u20$core..future..future..Future$u2b$Output$u20$$u3d$$u20$core..result..Result$LT$http..response..Response$LT$linkerd_http_box..body..BoxBody$GT$$C$alloc..boxed..Box$LT$dyn$u20$core..error..Error$u2b$core..marker..Sync$u2b$core..marker..Send$GT$$GT$$u2b$core..marker..Send$GT$$GT$$C$fn$LP$alloc..boxed..Box$LT$dyn$u20$core..error..Error$u2b$core..marker..Sync$u2b$core..marker..Send$GT$$RP$$u20$.$GT$$u20$alloc..boxed..Box$LT$dyn$u20$core..error..Error$u2b$core..marker..Sync$u2b$core..marker..Send$GT$$GT$$C$futures_util..future..ready..Ready$LT$core..result..Result$LT$http..response..Response$LT$linkerd_http_box..body..BoxBody$GT$$C$alloc..boxed..Box$LT$dyn$u20$core..error..Error$u2b$core..marker..Sync$u2b$core..marker..Send$GT$$GT$$GT$$GT$$GT$$C$alloc..boxed..Box$LT$dyn$u20$core..error..Error$u2b$core..marker..Sync$u2b$core..marker..Send$GT$$GT$$GT$$GT$17h184ca78465f3572aE.13772,0.02
lean,grpc,65536,capacity,1,0x0000000000005948,0.02
lean,grpc,65536,capacity,1,pthread_mutex_unlock@@GLIBC_2.17,0.02
lean,grpc,65536,capacity,1,"core::ptr::drop_in_place<futures_util::future::try_future::into_future::IntoFuture<linkerd_stack::either::vendor::Either<core::pin::Pin<alloc::boxed::Box<dyn core::future::future::Future+Output = core::result::Result<(),alloc::boxed::Box<dyn core::error::Error+core::marker::Sync+core::marker::Send>>+core::marker::Send>>,core::pin::Pin<alloc::boxed::Box<dyn core::future::future::Future+Output = core::result::Result<(),alloc::boxed::Box<dyn core::error::Error+core::marker::Sync+core::marker::Send>>+core::marker::Send>>>>>",0.02
lean,grpc,65536,capacity,1,"core::ptr::drop_in_place<linkerd_stack::box_future::BoxFuture<linkerd_stack::map_err::MapErr<(),linkerd_stack::map_err::MapErr<linkerd_app_outbound::http::logical::policy::route::Matched<linkerd_http_route::http::match::RequestMatch,linkerd_app_outbound::http::logical::policy::route::Route<linkerd_app_outbound::http::Http<linkerd_app_outbound::sidecar::HttpSidecar>,linkerd_proxy_client_policy::http::Filter,linkerd_proxy_client_policy::http::RouteParams>>::layer<linkerd_distribute::cache::BackendCache<linkerd_app_outbound::http::logical::Concrete<linkerd_app_outbound::http::Http<linkerd_app_outbound::sidecar::HttpSidecar>>,linkerd_stack::box_service::BoxCloneSyncService<http::request::Request<linkerd_http_box::body::BoxBody>,http::response::Response<linkerd_http_box::body::BoxBody>>>,linkerd_stack::box_service::BoxCloneSyncService<http::request::Request<linkerd_http_box::body::BoxBody>,http::response::Response<linkerd_http_box::body::BoxBody>>>::{{closure}}::{{closure}}::{{closure}},linkerd_http_classify::insert::InsertClassifyResponse<linkerd_app_core::classify::Request,linkerd_http_box::response::BoxResponse<linkerd_http_prom::body_data::request::RecordBodyData<linkerd_http_prom::status::RecordStatusCode<linkerd_http_prom::record_response::RecordDuration<linkerd_app_outbound::http::logical::policy::route::Matched<linkerd_http_route::http::match::RequestMatch,linkerd_app_outbound::http::logical::policy::route::Route<linkerd_app_outbound::http::Http<linkerd_app_outbound::sidecar::HttpSidecar>,linkerd_proxy_client_policy::http::Filter,linkerd_proxy_client_policy::http::RouteParams>>,linkerd_http_prom::record_response::request::RequestMetrics<linkerd_app_outbound::http::logical::policy::route::metrics::labels::Route>,linkerd_app_outbound::http::logical::policy::route::extensions::SetExtensions<linkerd_http_retry::HttpRetry<linkerd_app_outbound::http::logical::policy::route::retry::RetryPolicy,linkerd_app_outbound::http::logical::policy::route::metrics::labels::Route,linkerd_app_outbound::http::logical::policy::route::Matched<linkerd_http_route::http::match::RequestMatch,linkerd_app_outbound::http::logical::policy::route::Route<linkerd_app_outbound::http::Http<linkerd_app_outbound::sidecar::HttpSidecar>,linkerd_proxy_client_policy::http::Filter,linkerd_proxy_client_policy::http::RouteParams>>,linkerd_app_outbound::http::logical::policy::route::filters::ApplyFilters<linkerd_app_outbound::http::logical::policy::route::Matched<linkerd_http_route::http::match::RequestMatch,linkerd_app_outbound::http::logical::policy::route::Route<linkerd_app_outbound::http::Http<linkerd_app_outbound::sidecar::HttpSidecar>,linkerd_proxy_client_policy::http::Filter,linkerd_proxy_client_policy::http::RouteParams>>,linkerd_stack::loadshed::LoadShed<linkerd_distribute::service::Distribute<linkerd_app_outbound::http::logical::policy::route::backend::Backend<linkerd_app_outbound::http::Http<linkerd_app_outbound::sidecar::HttpSidecar>,linkerd_proxy_client_policy::http::Filter>,linkerd_stack::box_service::BoxCloneSyncService<http::request::Request<linkerd_http_box::body::BoxBody>,http::response::Response<linkerd_http_box::body::BoxBody>>>>>>>>,linkerd_app_outbound::http::logical::policy::route::Matched<linkerd_http_route::http::match::RequestMatch,linkerd_app_outbound::http::logical::policy::route::Route<linkerd_app_outbound::http::Http<linkerd_app_outbound::sidecar::HttpSidecar>,linkerd_proxy_client_policy::http::Filter,linkerd_proxy_client_policy::http::RouteParams>>,linkerd_app_outbound::http::logical::policy::route::metrics::labels::Rsp<linkerd_app_outbound::http::logical::policy::route::metrics::labels::Route,linkerd_app_outbound::http::logical::policy::route::metrics::labels::HttpRsp>>,linkerd_app_outbound::http::logical::policy::route::metrics::ExtractBodyDataMetrics<linkerd_app_outbound::http::logical::policy::route::Matched<linkerd_http_route::http::match::RequestMatch,linkerd_app_outbound::http::logical::policy::route::Route<linkerd_app_outbound::http::Http<linkerd_app_outbound::sidecar::HttpSidecar>,linkerd_proxy_client_policy::http::Filter,linkerd_proxy_client_policy::http::RouteParams>>>>>>>>>>",0.02
lean,grpc,65536,capacity,1,0x000000000000048c,0.02
lean,grpc,65536,capacity,1,0x000000000000329c,0.02
lean,grpc,65536,capacity,1,0x00000000000b03b4,0.02
lean,grpc,65536,capacity,1,pfn_is_map_memory,0.02
lean,grpc,65536,capacity,1,0x0000000000076bdc,0.02
lean,grpc,65536,capacity,1,<h2::share::RecvStream as core::ops::drop::Drop>::drop,0.02
lean,grpc,65536,capacity,1,handle_softirqs,0.02
lean,grpc,65536,capacity,1,tokio::sync::mpsc::unbounded::UnboundedSender<T>::send,0.02
lean,grpc,65536,capacity,1,doca_comch_consumer_task_post_recv_get_imm_data_len@plt,0.02
lean,grpc,65536,capacity,1,alloc::raw_vec::finish_grow,0.02
lean,grpc,65536,capacity,1,linkerd_app_outbound::http::logical::policy::route::metrics::labels::Route::new,0.02
lean,grpc,65536,capacity,1,"core::ptr::drop_in_place<linkerd_proxy_balance_queue::future::ResponseState<futures_util::future::try_future::ErrInto<tower::load::completion::TrackCompletionFuture<core::pin::Pin<alloc::boxed::Box<dyn core::future::future::Future+Output = core::result::Result<http::response::Response<linkerd_http_classify::channel::ResponseBody<linkerd_app_core::classify::Eos,linkerd_http_box::body::BoxBody>>,alloc::boxed::Box<dyn core::error::Error+core::marker::Sync+core::marker::Send>>+core::marker::Send>>,hyper_balance::PendingUntilFirstData,tower::load::peak_ewma::Handle>,alloc::boxed::Box<dyn core::error::Error+core::marker::Sync+core::marker::Send>>>>",0.02
lean,grpc,65536,capacity,1,core::ptr::drop_in_place<[http::header::map::Bucket<http::header::value::HeaderValue>]>,0.02
lean,grpc,65536,capacity,1,_rjem_je_edata_avail_remove,0.02
lean,grpc,65536,capacity,1,0x000000000007689c,0.02
lean,grpc,65536,capacity,1,0x00000000000059d4,0.02
lean,grpc,65536,capacity,1,"core::ptr::drop_in_place<futures_util::future::try_future::into_future::IntoFuture<linkerd_stack::either::vendor::Either<core::pin::Pin<alloc::boxed::Box<dyn core::future::future::Future+Output = core::result::Result<http::response::Response<linkerd_http_box::body::BoxBody>,alloc::boxed::Box<dyn core::error::Error+core::marker::Sync+core::marker::Send>>+core::marker::Send>>,tracing::instrument::Instrumented<tower::buffer::future::ResponseFuture<core::pin::Pin<alloc::boxed::Box<dyn core::future::future::Future+Output = core::result::Result<http::response::Response<linkerd_http_box::body::BoxBody>,alloc::boxed::Box<dyn core::error::Error+core::marker::Sync+core::marker::Send>>+core::marker::Send>>>>>>>",0.02
lean,grpc,65536,capacity,1,core::ptr::drop_in_place<hyper::body::incoming::Incoming>,0.02
lean,grpc,65536,capacity,1,doca_dma_task_memcpy_as_task@plt,0.02
lean,grpc,65536,capacity,1,__GI___memset_generic,0.02
lean,grpc,65536,capacity,1,<linkerd_stack::result::ResultService<S> as tower_service::Service<T>>::call,0.02
lean,grpc,65536,capacity,1,"<linkerd_http_metrics::requests::service::ResponseBody<B,C> as http_body::Body>::poll_frame",0.02
lean,grpc,65536,capacity,1,core::ptr::drop_in_place<futures_channel::mpsc::Sender<core::convert::Infallible>>,0.02
lean,grpc,65536,capacity,1,rebalance_domains,0.02
lean,grpc,65536,capacity,1,mlx5dv_devx_get_event@plt,0.02
lean,grpc,65536,capacity,1,0x0000000000006ee0,0.02
lean,grpc,65536,capacity,1,doca_pe_request_notification@plt,0.02
lean,grpc,65536,capacity,1,"core::ptr::drop_in_place<linkerd_stack::either::vendor::Either<futures_util::future::try_future::MapOk<linkerd_proxy_balance_queue::future::ResponseFuture<futures_util::future::try_future::ErrInto<tower::load::completion::TrackCompletionFuture<core::pin::Pin<alloc::boxed::Box<dyn core::future::future::Future+Output = core::result::Result<http::response::Response<linkerd_http_classify::channel::ResponseBody<linkerd_app_core::classify::Eos,linkerd_http_box::body::BoxBody>>,alloc::boxed::Box<dyn core::error::Error+core::marker::Sync+core::marker::Send>>+core::marker::Send>>,hyper_balance::PendingUntilFirstData,tower::load::peak_ewma::Handle>,alloc::boxed::Box<dyn core::error::Error+core::marker::Sync+core::marker::Send>>>,fn(http::response::Response<hyper_balance::PendingUntilFirstDataBody<tower::load::peak_ewma::Handle,linkerd_http_classify::channel::ResponseBody<linkerd_app_core::classify::Eos,linkerd_http_box::body::BoxBody>>>) .> http::response::Response<linkerd_http_box::body::BoxBody>>,futures_util::future::try_future::MapOk<linkerd_proxy_balance_queue::future::ResponseFuture<futures_util::future::try_future::ErrInto<linkerd_load_biaser::LoadBiaserFuture<core::pin::Pin<alloc::boxed::Box<dyn core::future::future::Future+Output = core::result::Result<http::response::Response<linkerd_http_classify::channel::ResponseBody<linkerd_app_core::classify::Eos,linkerd_http_box::body::BoxBody>>,alloc::boxed::Box<dyn core::error::Error+core::marker::Sync+core::marker::Send>>+core::marker::Send>>,http::response::Response<linkerd_http_classify::channel::ResponseBody<linkerd_app_core::classify::Eos,linkerd_http_box::body::BoxBody>>,hyper_balance::PendingUntilFirstData>,alloc::boxed::Box<dyn core::error::Error+core::marker::Sync+core::marker::Send>>>,fn(http::response::Response<hyper_balance::PendingUntilFirstDataBody<core::option::Option<linkerd_load_biaser::Handle>,linkerd_http_classify::channel::ResponseBody<linkerd_app_core::classify::Eos,linkerd_http_box::body::BoxBody>>>) .> http::response::Response<linkerd_http_box::body::BoxBody>>>>",0.02
lean,grpc,65536,capacity,1,core::ptr::drop_in_place<linkerd_app_outbound::tls::logical::route::RouteLabels>,0.02
lean,grpc,65536,capacity,1,0x0000000000076f30,0.02
lean,grpc,65536,capacity,1,"core::ptr::drop_in_place<(dmesh_doca::runtime::readable::{{closure}},dmesh_doca::runtime::readable::{{closure}},dmesh_doca::runtime::readable::{{closure}},core::future::poll_fn::PollFn<dmesh_doca::runtime::run<dmesh_l7::ExternalBackend>::{{closure}}::{{closure}}::{{closure}}>,tokio::time::sleep::Sleep)>",0.02
lean,grpc,65536,capacity,1,<Q as hashbrown::Equivalent<K>>::equivalent,0.02
lean,grpc,65536,capacity,1,<h2::proto::streams::streams::OpaqueStreamRef as core::clone::Clone>::clone,0.02
lean,grpc,65536,capacity,1,"indexmap::inner::Core<K,V>::swap_remove_finish",0.02
lean,grpc,65536,capacity,1,"<alloc::vec::Vec<T,A> as core::ops::drop::Drop>::drop",0.02
lean,grpc,65536,capacity,1,0x0000000000006ef0,0.02
lean,grpc,65536,capacity,1,"core::ptr::drop_in_place<futures_util::stream::futures_unordered::task::Task<tower::ready_cache::cache::Pending<core::net::socket_addr::SocketAddr,tower::load::peak_ewma::PeakEwma<linkerd_proxy_balance_gauge_endpoints::GaugeBalancerEndpoint<tower::util::boxed::sync::BoxService<http::request::Request<linkerd_http_box::body::BoxBody>,http::response::Response<linkerd_http_classify::channel::ResponseBody<linkerd_app_core::classify::Eos,linkerd_http_box::body::BoxBody>>,alloc::boxed::Box<dyn core::error::Error+core::marker::Sync+core::marker::Send>>>,hyper_balance::PendingUntilFirstData>,http::request::Request<linkerd_http_box::body::BoxBody>>>>",0.02
lean,grpc,65536,capacity,1,"core::ptr::drop_in_place<tokio_util::sync::mpsc::make_acquire_future<linkerd_proxy_balance_queue::message::Message<http::request::Request<linkerd_http_box::body::BoxBody>,futures_util::future::try_future::ErrInto<tower::load::completion::TrackCompletionFuture<core::pin::Pin<alloc::boxed::Box<dyn core::future::future::Future+Output = core::result::Result<http::response::Response<linkerd_http_classify::channel::ResponseBody<linkerd_app_core::classify::Eos,linkerd_http_box::body::BoxBody>>,alloc::boxed::Box<dyn core::error::Error+core::marker::Sync+core::marker::Send>>+core::marker::Send>>,hyper_balance::PendingUntilFirstData,tower::load::peak_ewma::Handle>,alloc::boxed::Box<dyn core::error::Error+core::marker::Sync+core::marker::Send>>>>::{{closure}}>",0.02
lean,grpc,65536,capacity,1,0x0000000000076840,0.01
lean,grpc,65536,capacity,1,"core::ptr::drop_in_place<tokio::loom::std::unsafe_cell::UnsafeCell<core::option::Option<core::result::Result<http::response::Response<hyper::body::incoming::Incoming>,hyper::error::Error>>>>",0.01
lean,grpc,65536,capacity,1,core::ptr::drop_in_place<linkerd_proxy_http::client_handle::ClientHandle>,0.01
lean,grpc,65536,capacity,1,"core::ptr::drop_in_place<tokio_util::sync::mpsc::State<linkerd_proxy_balance_queue::message::Message<http::request::Request<linkerd_http_box::body::BoxBody>,futures_util::future::try_future::ErrInto<tower::load::completion::TrackCompletionFuture<core::pin::Pin<alloc::boxed::Box<dyn core::future::future::Future+Output = core::result::Result<http::response::Response<linkerd_http_classify::channel::ResponseBody<linkerd_app_core::classify::Eos,linkerd_http_box::body::BoxBody>>,alloc::boxed::Box<dyn core::error::Error+core::marker::Sync+core::marker::Send>>+core::marker::Send>>,hyper_balance::PendingUntilFirstData,tower::load::peak_ewma::Handle>,alloc::boxed::Box<dyn core::error::Error+core::marker::Sync+core::marker::Send>>>>>",0.01
lean,grpc,65536,capacity,1,_rjem_je_sz_psz_quantize_floor,0.01
lean,grpc,65536,capacity,1,0x00000000000059fc,0.01
lean,grpc,65536,capacity,1,0x0000000000005a14,0.01
lean,grpc,65536,capacity,1,0x000000000001da10,0.01
lean,grpc,65536,capacity,1,0x0000000000004ae8,0.01
lean,grpc,65536,capacity,1,0x0000000000079a90,0.01
lean,grpc,65536,capacity,1,px_chunk_free,0.01
lean,grpc,65536,capacity,1,0x0000000000000538,0.01
lean,grpc,65536,capacity,1,mutex_unlock,0.01
lean,grpc,65536,capacity,1,"core::ptr::drop_in_place<hyper_balance::PendingUntilFirstDataBody<tower::load::peak_ewma::Handle,linkerd_http_classify::channel::ResponseBody<linkerd_app_core::classify::Eos,linkerd_http_box::body::BoxBody>>>",0.01
lean,grpc,65536,capacity,1,arch_counter_get_cntpct,0.01
lean,grpc,65536,capacity,1,get_mem_cgroup_from_mm,0.01
lean,grpc,65536,capacity,1,0x0000000000014a5c,0.01
lean,grpc,65536,capacity,1,core::ptr::drop_in_place<core::option::Option<http::method::Method>>,0.01
lean,grpc,65536,capacity,1,_rjem_je_pa_alloc,0.01
lean,grpc,65536,capacity,1,"linkerd_http_metrics::requests::service::ResponseBody<B,C>::record_class",0.01
lean,grpc,65536,capacity,1,__arm64_sys_read,0.01
lean,grpc,65536,capacity,1,h2::proto::streams::store::Ptr::remove,0.01
lean,grpc,65536,capacity,1,"core::ptr::drop_in_place<linkerd_stack::map_err::ResponseFuture<(),linkerd_stack::map_err::ResponseFuture<linkerd_app_outbound::http::logical::policy::route::Matched<linkerd_http_route::http::match::RequestMatch,linkerd_app_outbound::http::logical::policy::route::Route<linkerd_app_outbound::http::Http<linkerd_app_outbound::sidecar::HttpSidecar>,linkerd_proxy_client_policy::http::Filter,linkerd_proxy_client_policy::http::RouteParams>>::layer<linkerd_distribute::cache::BackendCache<linkerd_app_outbound::http::logical::Concrete<linkerd_app_outbound::http::Http<linkerd_app_outbound::sidecar::HttpSidecar>>,linkerd_stack::box_service::BoxCloneSyncService<http::request::Request<linkerd_http_box::body::BoxBody>,http::response::Response<linkerd_http_box::body::BoxBody>>>,linkerd_stack::box_service::BoxCloneSyncService<http::request::Request<linkerd_http_box::body::BoxBody>,http::response::Response<linkerd_http_box::body::BoxBody>>>::{{closure}}::{{closure}}::{{closure}},futures_util::future::try_future::MapOk<linkerd_http_prom::status::RecordStatusFuture<linkerd_http_prom::record_response::ResponseFuture<linkerd_app_outbound::http::logical::policy::route::metrics::LabelHttpRsp<linkerd_app_outbound::http::logical::policy::route::metrics::labels::Route>,futures_util::future::either::Either<futures_util::future::either::Either<futures_util::future::ready::Ready<core::result::Result<http::response::Response<linkerd_http_box::body::BoxBody>,alloc::boxed::Box<dyn core::error::Error+core::marker::Sync+core::marker::Send>>>,futures_util::future::try_future::ErrInto<linkerd_app_outbound::http::logical::policy::route::filters::ResponseFuture<linkerd_app_outbound::http::logical::policy::route::Matched<linkerd_http_route::http::match::RequestMatch,linkerd_app_outbound::http::logical::policy::route::Route<linkerd_app_outbound::http::Http<linkerd_app_outbound::sidecar::HttpSidecar>,linkerd_proxy_client_policy::http::Filter,linkerd_proxy_client_policy::http::RouteParams>>,futures_util::future::either::Either<futures_util::future::try_future::MapErr<core::pin::Pin<alloc::boxed::Box<dyn core::future::future::Future+Output = core::result::Result<http::response::Response<linkerd_http_box::body::BoxBody>,alloc::boxed::Box<dyn core::error::Error+core::marker::Sync+core::marker::Send>>+core::marker::Send>>,fn(alloc::boxed::Box<dyn core::error::Error+core::marker::Sync+core::marker::Send>) .> alloc::boxed::Box<dyn core::error::Error+core::marker::Sync+core::marker::Send>>,futures_util::future::ready::Ready<core::result::Result<http::response::Response<linkerd_http_box::body::BoxBody>,alloc::boxed::Box<dyn core::error::Error+core::marker::Sync+core::marker::Send>>>>>,alloc::boxed::Box<dyn core::error::Error+core::marker::Sync+core::marker::Send>>>,core::pin::Pin<alloc::boxed::Box<dyn core::future::future::Future+Output = core::result::Result<http::response::Response<linkerd_http_box::body::BoxBody>,alloc::boxed::Box<dyn core::error::Error+core::marker::Sync+core::marker::Send>>+core::marker::Send>>>>,linkerd_app_outbound::http::logical::policy::route::metrics::LabelHttpRsp<linkerd_app_outbound::http::logical::policy::route::metrics::labels::Route>,linkerd_app_outbound::http::logical::policy::route::metrics::labels::Rsp<linkerd_app_outbound::http::logical::policy::route::metrics::labels::Route,linkerd_app_outbound::http::logical::policy::route::metrics::labels::HttpRsp>>,fn(http::response::Response<http_body_util::either::Either<linkerd_http_body_eos::BodyWithEosFn<linkerd_http_box::body::BoxBody,alloc::boxed::Box<dyn core::ops::function::FnOnce<(linkerd_http_body_eos::EosRef<alloc::boxed::Box<dyn core::error::Error+core::marker::Sync+core::marker::Send>>,)>+Output = ()+core::marker::Send>>,linkerd_http_box::body::BoxBody>>) .> http::response::Response<linkerd_http_box::body::BoxBody>>>>>",0.01
lean,grpc,65536,capacity,1,clock_gettime@plt,0.01
lean,grpc,65536,capacity,1,0x000000000001dacc,0.01
lean,grpc,65536,capacity,1,"linkerd_http_classify::channel::_::<impl core::ops::drop::Drop for linkerd_http_classify::channel::ResponseBody<C,B>>::drop",0.01
lean,grpc,65536,capacity,1,core::hash::Hash::hash_slice,0.01
lean,grpc,65536,capacity,1,"core::ptr::drop_in_place<linkerd_stack::box_future::BoxFuture<linkerd_stack::map_err::MapErr<(),linkerd_router::OneshotRoute<linkerd_app_outbound::http::logical::policy::router::Router<linkerd_app_outbound::http::Http<linkerd_app_outbound::sidecar::HttpSidecar>,linkerd_http_route::http::match::MatchRequest,linkerd_proxy_client_policy::http::Filter,linkerd_proxy_client_policy::http::RouteParams>,linkerd_router::cache::Cache<linkerd_app_outbound::http::logical::policy::route::Matched<linkerd_http_route::http::match::RequestMatch,linkerd_app_outbound::http::logical::policy::route::Route<linkerd_app_outbound::http::Http<linkerd_app_outbound::sidecar::HttpSidecar>,linkerd_proxy_client_policy::http::Filter,linkerd_proxy_client_policy::http::RouteParams>>,linkerd_stack::arc_new_service::ArcNewService<linkerd_app_outbound::http::logical::policy::route::Matched<linkerd_http_route::http::match::RequestMatch,linkerd_app_outbound::http::logical::policy::route::Route<linkerd_app_outbound::http::Http<linkerd_app_outbound::sidecar::HttpSidecar>,linkerd_proxy_client_policy::http::Filter,linkerd_proxy_client_policy::http::RouteParams>>,linkerd_stack::box_service::BoxCloneSyncService<http::request::Request<linkerd_http_box::body::BoxBody>,http::response::Response<linkerd_http_box::body::BoxBody>>>,linkerd_stack::box_service::BoxCloneSyncService<http::request::Request<linkerd_http_box::body::BoxBody>,http::response::Response<linkerd_http_box::body::BoxBody>>>>>>>",0.01
lean,grpc,65536,capacity,1,0x0000000000005934,0.01
lean,grpc,65536,capacity,1,px_engine_wake,0.01
lean,grpc,65536,capacity,1,0x0000000000005a4c,0.01
lean,grpc,65536,capacity,1,<linkerd_http_box::body::Data as bytes::buf::buf_impl::Buf>::chunks_vectored,0.01
lean,grpc,65536,capacity,1,0x0000000000076884,0.01
lean,grpc,65536,capacity,1,0x000000000001d7c0,0.01
lean,grpc,65536,capacity,1,"core::ptr::drop_in_place<tracing::instrument::Instrumented<hyper::proto::h2::server::H2Stream<hyper_util::service::glue::TowerToHyperServiceFuture<linkerd_http_box::request::BoxRequest<hyper::body::incoming::Incoming,linkerd_proxy_http::client_handle::SetClientHandle<linkerd_stack::box_service::BoxCloneSyncService<http::request::Request<linkerd_http_box::body::BoxBody>,http::response::Response<linkerd_http_box::body::BoxBody>>>>,http::request::Request<hyper::body::incoming::Incoming>>,linkerd_http_box::body::BoxBody,hyper_util::rt::tokio::TokioExecutor>>>",0.01
lean,grpc,65536,capacity,1,h2::proto::streams::streams::maybe_cancel,0.01
lean,grpc,65536,capacity,1,0x00000000000004c0,0.01
lean,grpc,65536,capacity,1,finish_task_switch.isra.0,0.01
lean,grpc,65536,capacity,1,tokio::runtime::task::waker::wake_by_ref,0.01
lean,grpc,65536,capacity,1,_rjem_je_ecache_alloc,0.01
lean,grpc,65536,capacity,1,0x0000000000006f14,0.01
lean,grpc,65536,capacity,1,"core::ptr::drop_in_place<tokio_util::sync::mpsc::PollSenderFuture<linkerd_proxy_balance_queue::message::Message<http::request::Request<linkerd_http_box::body::BoxBody>,futures_util::future::try_future::ErrInto<linkerd_load_biaser::LoadBiaserFuture<core::pin::Pin<alloc::boxed::Box<dyn core::future::future::Future+Output = core::result::Result<http::response::Response<linkerd_http_classify::channel::ResponseBody<linkerd_app_core::classify::Eos,linkerd_http_box::body::BoxBody>>,alloc::boxed::Box<dyn core::error::Error+core::marker::Sync+core::marker::Send>>+core::marker::Send>>,http::response::Response<linkerd_http_classify::channel::ResponseBody<linkerd_app_core::classify::Eos,linkerd_http_box::body::BoxBody>>,hyper_balance::PendingUntilFirstData>,alloc::boxed::Box<dyn core::error::Error+core::marker::Sync+core::marker::Send>>>>::empty::{{closure}}>",0.01
lean,grpc,65536,capacity,1,"core::ptr::drop_in_place<http_body_util::either::Either<linkerd_http_body_eos::BodyWithEosFn<linkerd_http_box::body::BoxBody,alloc::boxed::Box<dyn core::ops::function::FnOnce<(linkerd_http_body_eos::EosRef<alloc::boxed::Box<dyn core::error::Error+core::marker::Sync+core::marker::Send>>,)>+Output = ()+core::marker::Send>>,linkerd_http_box::body::BoxBody>>",0.01
lean,grpc,65536,capacity,1,0x00000000000004a0,0.01
lean,grpc,65536,capacity,1,<T as http::extensions::AnyClone>::as_any,0.01
lean,grpc,65536,capacity,1,h2::server::Peer::convert_send_message,0.01
lean,grpc,65536,capacity,1,"core::ptr::drop_in_place<linkerd_stack::box_future::BoxFuture<linkerd_stack::map_err::MapErr<(),linkerd_stack::watch::SpawnWatch<linkerd_stack::box_service::BoxCloneSyncService<linkerd_io::either::EitherIo<linkerd_io::either::EitherIo<linkerd_io::sensor::SensorIo<linkerd_io::scoped::ScopedIo<tokio::net::tcp::stream::TcpStream>,linkerd_transport_metrics::sensor::Sensor>,linkerd_io::prefixed::PrefixedIo<linkerd_io::sensor::SensorIo<linkerd_io::scoped::ScopedIo<tokio::net::tcp::stream::TcpStream>,linkerd_transport_metrics::sensor::Sensor>>>,linkerd_io::prefixed::PrefixedIo<linkerd_io::either::EitherIo<linkerd_io::sensor::SensorIo<linkerd_io::scoped::ScopedIo<tokio::net::tcp::stream::TcpStream>,linkerd_transport_metrics::sensor::Sensor>,linkerd_io::prefixed::PrefixedIo<linkerd_io::sensor::SensorIo<linkerd_io::scoped::ScopedIo<tokio::net::tcp::stream::TcpStream>,linkerd_transport_metrics::sensor::Sensor>>>>>,()>>>>>",0.01
lean,grpc,65536,capacity,1,0x000000000001d7e0,0.01
lean,grpc,65536,capacity,1,tokio::runtime::time::entry::_::<impl core::ops::drop::Drop for tokio::runtime::time::entry::TimerEntry>::drop,0.01
lean,grpc,65536,capacity,1,px_arrival_free,0.01
lean,grpc,65536,capacity,1,"core::ptr::drop_in_place<linkerd_stack::map_err::ResponseFuture<(),futures_util::future::try_future::ErrInto<linkerd_stack::either::vendor::Either<core::pin::Pin<alloc::boxed::Box<dyn core::future::future::Future+Output = core::result::Result<http::response::Response<linkerd_http_box::body::BoxBody>,alloc::boxed::Box<dyn core::error::Error+core::marker::Sync+core::marker::Send>>+core::marker::Send>>,core::pin::Pin<alloc::boxed::Box<dyn core::future::future::Future+Output = core::result::Result<http::response::Response<linkerd_http_box::body::BoxBody>,alloc::boxed::Box<dyn core::error::Error+core::marker::Sync+core::marker::Send>>+core::marker::Send>>>,alloc::boxed::Box<dyn core::error::Error+core::marker::Sync+core::marker::Send>>>>",0.01
lean,grpc,65536,capacity,1,kthread_blkcg,0.01
lean,grpc,65536,capacity,1,<bytes::bytes::Bytes as bytes::buf::buf_impl::Buf>::advance,0.01
lean,grpc,65536,capacity,1,<linkerd_proxy_client_policy::http::RouteParams as core::cmp::PartialEq>::eq,0.01
lean,grpc,65536,capacity,1,_rjem_je_extent_record,0.01
lean,grpc,65536,capacity,1,__arch_copy_to_user,0.01
lean,grpc,65536,capacity,1,_rjem_je_edata_heap_remove_first,0.01
lean,grpc,65536,capacity,1,0x00000000000149e8,0.01
lean,grpc,65536,capacity,1,memmove@plt,0.01
lean,grpc,65536,capacity,1,0x00000000000ae138,0.01
lean,grpc,65536,capacity,1,tokio::util::wake::drop_arc_raw,0.01
lean,grpc,65536,capacity,1,0x0000000000000480,0.01
lean,grpc,65536,capacity,1,new_sync_read,0.01
lean,grpc,65536,capacity,1,0x0000000000009140,0.01
lean,grpc,65536,capacity,1,h2::proto::streams::store::VacantEntry::insert,0.01
lean,grpc,65536,capacity,1,0x000000000000e870,0.01
lean,grpc,65536,capacity,1,dmesh_l7_driver_stats,0.01
lean,grpc,65536,capacity,1,"core::ptr::drop_in_place<futures_util::future::try_future::ErrInto<linkerd_stack::either::vendor::Either<core::pin::Pin<alloc::boxed::Box<dyn core::future::future::Future+Output = core::result::Result<http::response::Response<linkerd_http_box::body::BoxBody>,alloc::boxed::Box<dyn core::error::Error+core::marker::Sync+core::marker::Send>>+core::marker::Send>>,core::pin::Pin<alloc::boxed::Box<dyn core::future::future::Future+Output = core::result::Result<http::response::Response<linkerd_http_box::body::BoxBody>,alloc::boxed::Box<dyn core::error::Error+core::marker::Sync+core::marker::Send>>+core::marker::Send>>>,alloc::boxed::Box<dyn core::error::Error+core::marker::Sync+core::marker::Send>>>",0.01
lean,grpc,65536,capacity,1,core::ptr::drop_in_place<linkerd_http_box::body::Inner<linkerd_http_prom::body_data::body::Body<linkerd_http_box::body::BoxBody>>>,0.01
lean,grpc,65536,capacity,1,"core::ptr::drop_in_place<linkerd_http_prom::record_response::RecordDuration<linkerd_app_outbound::http::logical::policy::route::Matched<linkerd_http_route::http::match::RequestMatch,linkerd_app_outbound::http::logical::policy::route::backend::Backend<linkerd_app_outbound::http::Http<linkerd_app_outbound::sidecar::HttpSidecar>,linkerd_proxy_client_policy::http::Filter>>,linkerd_http_prom::record_response::response::ResponseMetrics<linkerd_app_outbound::http::logical::policy::route::metrics::labels::RouteBackend>,linkerd_app_outbound::http::logical::policy::route::filters::ApplyFilters<linkerd_app_outbound::http::logical::policy::route::Matched<linkerd_http_route::http::match::RequestMatch,linkerd_app_outbound::http::logical::policy::route::backend::Backend<linkerd_app_outbound::http::Http<linkerd_app_outbound::sidecar::HttpSidecar>,linkerd_proxy_client_policy::http::Filter>>,linkerd_stack::box_service::BoxCloneSyncService<http::request::Request<linkerd_http_box::body::BoxBody>,http::response::Response<linkerd_http_box::body::BoxBody>>>>>",0.01
lean,grpc,65536,capacity,1,"core::ptr::drop_in_place<linkerd_stack::box_future::BoxFuture<linkerd_stack::map_err::MapErr<(),linkerd_proxy_http::normalize_uri::MarkAbsoluteForm<linkerd_proxy_http::normalize_uri::NormalizeUri<linkerd_http_box::response::BoxResponse<linkerd_trace_context::service::TraceContext<core::option::Option<linkerd_app_core::http_tracing::SpanConverter>,linkerd_error_respond::RespondService<linkerd_app_core::errors::respond::NewRespond<linkerd_app_outbound::http::server::ServerRescue>,linkerd_stack::monitor::Monitor<linkerd_app_outbound::metrics::error::http::Http,linkerd_stack::loadshed::LoadShed<tower::limit::concurrency::service::ConcurrencyLimit<linkerd_stack::box_service::BoxCloneSyncService<http::request::Request<linkerd_http_box::body::BoxBody>,http::response::Response<linkerd_http_box::body::BoxBody>>>>>>>>>>>>>",0.01
lean,grpc,65536,capacity,1,0x0000000000005904,0.01
lean,grpc,65536,capacity,1,px_l7_stats_report,0.01
lean,grpc,65536,capacity,1,0x000000000002a854,0.01
lean,grpc,65536,capacity,1,core::ptr::drop_in_place<h2::proto::streams::stream::Stream>,0.01
lean,grpc,65536,capacity,1,<linkerd_http_box::body::Data as bytes::buf::buf_impl::Buf>::advance,0.01
lean,grpc,65536,capacity,1,_rjem_je_emap_merge_commit,0.01
lean,grpc,65536,capacity,1,pac_dalloc_impl,0.01
lean,grpc,65536,capacity,1,exp@@GLIBC_2.29,0.01
lean,grpc,65536,capacity,1,mio::sys::unix::waker::Waker::wake,0.01
lean,grpc,65536,capacity,1,<linkerd_http_prom::body_data::response::RecordBodyData<S> as tower_service::Service<http::request::Request<ReqB>>>::call,0.01
lean,grpc,65536,capacity,1,h2::proto::streams::streams::Actions::ensure_no_conn_error,0.01
lean,grpc,65536,capacity,1,0x00000000000004b0,0.01
lean,grpc,65536,capacity,1,0x0000000000005900,0.01
lean,grpc,65536,capacity,1,core::ptr::drop_in_place<core::option::Option<tokio::runtime::Timer>>,0.01
lean,grpc,65536,capacity,1,0x000000000000e394,0.01
lean,grpc,65536,capacity,1,core::ptr::drop_in_place<linkerd_http_retry::MetricFamilies<linkerd_app_outbound::http::logical::policy::route::metrics::labels::Route>>,0.01
lean,grpc,65536,capacity,1,"core::ptr::drop_in_place<futures_util::future::try_future::into_future::IntoFuture<linkerd_app_outbound::http::logical::policy::route::filters::ResponseFuture<linkerd_app_outbound::http::logical::policy::route::Matched<linkerd_http_route::http::match::RequestMatch,linkerd_app_outbound::http::logical::policy::route::backend::Backend<linkerd_app_outbound::http::Http<linkerd_app_outbound::sidecar::HttpSidecar>,linkerd_proxy_client_policy::http::Filter>>,core::pin::Pin<alloc::boxed::Box<dyn core::future::future::Future+Output = core::result::Result<http::response::Response<linkerd_http_box::body::BoxBody>,alloc::boxed::Box<dyn core::error::Error+core::marker::Sync+core::marker::Send>>+core::marker::Send>>>>>",0.01
lean,grpc,65536,capacity,1,0x0000000000076800,0.01
lean,grpc,65536,capacity,1,0x00000000000004e4,0.01
lean,grpc,65536,capacity,1,"alloc::vec::Vec<T,A>::into_boxed_slice",0.01
lean,grpc,65536,capacity,1,_rjem_je_tcache_gc_event_handler,0.01
lean,grpc,65536,capacity,1,0x000000000000e840,0.01
lean,grpc,65536,capacity,1,0x0000000000000484,0.01
lean,grpc,65536,capacity,1,_rjem_je_edata_heap_first,0.01
lean,grpc,65536,capacity,1,"core::ptr::drop_in_place<linkerd_stack::box_future::BoxFuture<linkerd_stack::map_err::MapErr<(),linkerd_stack::result::ResultService<linkerd_stack::either::vendor::Either<linkerd_stack::result::ResultService<linkerd_stack::either::vendor::Either<linkerd_stack::box_service::BoxCloneSyncService<http::request::Request<linkerd_http_box::body::BoxBody>,http::response::Response<linkerd_http_box::body::BoxBody>>,linkerd_stack_tracing::Instrument<linkerd_app_outbound::http::concrete::Endpoint<linkerd_app_outbound::http::logical::Concrete<linkerd_app_outbound::http::Http<linkerd_app_outbound::sidecar::HttpSidecar>>>,linkerd_app_outbound::http::concrete::<impl linkerd_app_outbound::Outbound<linkerd_stack::arc_new_service::ArcNewService<linkerd_app_outbound::http::concrete::Endpoint<linkerd_app_outbound::http::logical::Concrete<linkerd_app_outbound::http::Http<linkerd_app_outbound::sidecar::HttpSidecar>>>,tower::util::boxed::sync::BoxService<http::request::Request<linkerd_http_box::body::BoxBody>,http::response::Response<linkerd_http_box::body::BoxBody>,alloc::boxed::Box<dyn core::error::Error+core::marker::Sync+core::marker::Send>>>>>::push_http_concrete<linkerd_app_outbound::http::logical::Concrete<linkerd_app_outbound::http::Http<linkerd_app_outbound::sidecar::HttpSidecar>>,tower::util::boxed::sync::BoxService<http::request::Request<linkerd_http_box::body::BoxBody>,http::response::Response<linkerd_http_box::body::BoxBody>,alloc::boxed::Box<dyn core::error::Error+core::marker::Sync+core::marker::Send>>,linkerd_proxy_resolve::recover::Resolve<linkerd_app::dst::BackoffUnlessInvalidArgument,linkerd_proxy_api_resolve::resolve::Resolve<tower::util::map_err::MapErr<linkerd_stack::box_service::BoxCloneSyncService<http::request::Request<tonic::body::Body>,http::response::Response<linkerd_http_metrics::requests::service::ResponseBody<hyper_balance::PendingUntilFirstDataBody<tower::load::peak_ewma::Handle,hyper::body::incoming::Incoming>,linkerd_app_core::classify::Eos>>>,<alloc::boxed::Box<dyn core::error::Error+core::marker::Sync+core::marker::Send> as core::convert::From<alloc::boxed::Box<dyn core::error::Error+core::marker::Sync+core::marker::Send>>>::from>>>>::{{closure}}::{{closure}},linkerd_stack::gate::Gate<tower::buffer::service::Buffer<http::request::Request<linkerd_http_box::body::BoxBody>,core::pin::Pin<alloc::boxed::Box<dyn core::future::future::Future+Output = core::result::Result<http::response::Response<linkerd_http_box::body::BoxBody>,alloc::boxed::Box<dyn core::error::Error+core::marker::Sync+core::marker::Send>>+core::marker::Send>>>>>>>,tower::util::service_fn::ServiceFn<linkerd_app_outbound::http::concrete::<impl linkerd_app_outbound::Outbound<linkerd_stack::arc_new_service::ArcNewService<linkerd_app_outbound::http::concrete::Endpoint<linkerd_app_outbound::http::logical::Concrete<linkerd_app_outbound::http::Http<linkerd_app_outbound::sidecar::HttpSidecar>>>,tower::util::boxed::sync::BoxService<http::request::Request<linkerd_http_box::body::BoxBody>,http::response::Response<linkerd_http_box::body::BoxBody>,alloc::boxed::Box<dyn core::error::Error+core::marker::Sync+core::marker::Send>>>>>::push_http_concrete<linkerd_app_outbound::http::logical::Concrete<linkerd_app_outbound::http::Http<linkerd_app_outbound::sidecar::HttpSidecar>>,tower::util::boxed::sync::BoxService<http::request::Request<linkerd_http_box::body::BoxBody>,http::response::Response<linkerd_http_box::body::BoxBody>,alloc::boxed::Box<dyn core::error::Error+core::marker::Sync+core::marker::Send>>,linkerd_proxy_resolve::recover::Resolve<linkerd_app::dst::BackoffUnlessInvalidArgument,linkerd_proxy_api_resolve::resolve::Resolve<tower::util::map_err::MapErr<linkerd_stack::box_service::BoxCloneSyncService<http::request::Request<tonic::body::Body>,http::response::Response<linkerd_http_metrics::requests::service::ResponseBody<hyper_balance::PendingUntilFirstDataBody<tower::load::peak_ewma::Handle,hyper::body::incoming::Incoming>,linkerd_app_core::classify::Eos>>>,<alloc::boxed::Box<dyn core::error::Error+core::marker::Sync+core::marker::Send> as core::convert::From<alloc::boxed::Box<dyn core::error::Error+core::marker::Sync+core::marker::Send>>>::from>>>>::{{closure}}::{{closure}}::{{closure}}>>>>>>",0.01
lean,grpc,65536,capacity,1,_rjem_je_edata_heap_insert,0.01
lean,grpc,65536,capacity,1,<linkerd_proxy_http::client_handle::SetClientHandle<S> as tower_service::Service<http::request::Request<B>>>::call,0.01
lean,grpc,65536,capacity,1,"core::ptr::drop_in_place<linkerd_stack::map_err::MapErr<linkerd_stack::map_err::WrapFromTarget<linkerd_app_outbound::http::concrete::balance::Balance<linkerd_app_outbound::http::logical::Concrete<linkerd_app_outbound::http::Http<linkerd_app_outbound::sidecar::HttpSidecar>>>,linkerd_app_outbound::http::concrete::balance::BalanceError>,linkerd_stack_metrics::service::TrackService<linkerd_stack::either::vendor::Either<linkerd_http_box::response::BoxResponse<linkerd_stack::gate::Gate<linkerd_proxy_balance_queue::service::PoolQueue<http::request::Request<linkerd_http_box::body::BoxBody>,futures_util::future::try_future::ErrInto<tower::load::completion::TrackCompletionFuture<core::pin::Pin<alloc::boxed::Box<dyn core::future::future::Future+Output = core::result::Result<http::response::Response<linkerd_http_classify::channel::ResponseBody<linkerd_app_core::classify::Eos,linkerd_http_box::body::BoxBody>>,alloc::boxed::Box<dyn core::error::Error+core::marker::Sync+core::marker::Send>>+core::marker::Send>>,hyper_balance::PendingUntilFirstData,tower::load::peak_ewma::Handle>,alloc::boxed::Box<dyn core::error::Error+core::marker::Sync+core::marker::Send>>>>>,linkerd_http_box::response::BoxResponse<linkerd_stack::gate::Gate<linkerd_proxy_balance_queue::service::PoolQueue<http::request::Request<linkerd_http_box::body::BoxBody>,futures_util::future::try_future::ErrInto<linkerd_load_biaser::LoadBiaserFuture<core::pin::Pin<alloc::boxed::Box<dyn core::future::future::Future+Output = core::result::Result<http::response::Response<linkerd_http_classify::channel::ResponseBody<linkerd_app_core::classify::Eos,linkerd_http_box::body::BoxBody>>,alloc::boxed::Box<dyn core::error::Error+core::marker::Sync+core::marker::Send>>+core::marker::Send>>,http::response::Response<linkerd_http_classify::channel::ResponseBody<linkerd_app_core::classify::Eos,linkerd_http_box::body::BoxBody>>,hyper_balance::PendingUntilFirstData>,alloc::boxed::Box<dyn core::error::Error+core::marker::Sync+core::marker::Send>>>>>>>>>",0.01
lean,grpc,65536,capacity,1,"core::ptr::drop_in_place<tokio::sync::mpsc::bounded::OwnedPermit<linkerd_proxy_balance_queue::message::Message<http::request::Request<linkerd_http_box::body::BoxBody>,futures_util::future::try_future::ErrInto<tower::load::completion::TrackCompletionFuture<core::pin::Pin<alloc::boxed::Box<dyn core::future::future::Future+Output = core::result::Result<http::response::Response<linkerd_http_classify::channel::ResponseBody<linkerd_app_core::classify::Eos,linkerd_http_box::body::BoxBody>>,alloc::boxed::Box<dyn core::error::Error+core::marker::Sync+core::marker::Send>>+core::marker::Send>>,hyper_balance::PendingUntilFirstData,tower::load::peak_ewma::Handle>,alloc::boxed::Box<dyn core::error::Error+core::marker::Sync+core::marker::Send>>>>>",0.01
lean,grpc,65536,capacity,1,0x000000000000593c,0.01
lean,grpc,65536,capacity,1,"core::ptr::drop_in_place<linkerd_stack::loadshed::LoadShed<linkerd_distribute::service::Distribute<linkerd_app_outbound::http::logical::policy::route::backend::Backend<linkerd_app_outbound::http::Http<linkerd_app_outbound::sidecar::HttpSidecar>,linkerd_proxy_client_policy::http::Filter>,linkerd_stack::box_service::BoxCloneSyncService<http::request::Request<linkerd_http_box::body::BoxBody>,http::response::Response<linkerd_http_box::body::BoxBody>>>>>",0.01
lean,grpc,65536,capacity,1,"core::ptr::drop_in_place<futures_util::future::try_future::into_future::IntoFuture<linkerd_app_outbound::http::logical::policy::route::filters::ResponseFuture<linkerd_app_outbound::http::logical::policy::route::Matched<linkerd_http_route::http::match::RequestMatch,linkerd_app_outbound::http::logical::policy::route::Route<linkerd_app_outbound::http::Http<linkerd_app_outbound::sidecar::HttpSidecar>,linkerd_proxy_client_policy::http::Filter,linkerd_proxy_client_policy::http::RouteParams>>,futures_util::future::either::Either<futures_util::future::try_future::MapErr<core::pin::Pin<alloc::boxed::Box<dyn core::future::future::Future+Output = core::result::Result<http::response::Response<linkerd_http_box::body::BoxBody>,alloc::boxed::Box<dyn core::error::Error+core::marker::Sync+core::marker::Send>>+core::marker::Send>>,fn(alloc::boxed::Box<dyn core::error::Error+core::marker::Sync+core::marker::Send>) .> alloc::boxed::Box<dyn core::error::Error+core::marker::Sync+core::marker::Send>>,futures_util::future::ready::Ready<core::result::Result<http::response::Response<linkerd_http_box::body::BoxBody>,alloc::boxed::Box<dyn core::error::Error+core::marker::Sync+core::marker::Send>>>>>>>",0.01
lean,grpc,65536,capacity,1,0x0000000000006f30,0.01
lean,grpc,65536,capacity,1,0x0000000000014ae8,0.01
lean,grpc,65536,capacity,1,core::ptr::drop_in_place<core::option::Option<linkerd_app_core::http_tracing::SpanConverter>>,0.01
lean,grpc,65536,capacity,1,0x0000000000006ec0,0.01
lean,grpc,65536,capacity,1,"core::ptr::drop_in_place<linkerd_stack::map_err::WrapFromTarget<linkerd_app_outbound::http::logical::RouterParams<linkerd_app_outbound::http::Http<linkerd_app_outbound::sidecar::HttpSidecar>>,linkerd_app_outbound::http::logical::LogicalError>>",0.01
lean,grpc,65536,capacity,1,0x00000000000004f8,0.01
lean,grpc,65536,capacity,1,"core::ptr::drop_in_place<linkerd_stack::map_err::ResponseFuture<(),tracing::instrument::Instrumented<core::pin::Pin<alloc::boxed::Box<dyn core::future::future::Future+Output = core::result::Result<http::response::Response<linkerd_http_box::body::BoxBody>,alloc::boxed::Box<dyn core::error::Error+core::marker::Sync+core::marker::Send>>+core::marker::Send>>>>>",0.01
lean,grpc,65536,capacity,1,"core::ptr::drop_in_place<futures_util::future::try_future::MapErr<futures_util::future::try_future::MapOk<core::pin::Pin<alloc::boxed::Box<dyn core::future::future::Future+Output = core::result::Result<http::response::Response<linkerd_http_box::body::BoxBody>,alloc::boxed::Box<dyn core::error::Error+core::marker::Sync+core::marker::Send>>+core::marker::Send>>,<linkerd_proxy_http::orig_proto::Upgrade<linkerd_stack::map_target::MapTargetService<linkerd_stack::connect::MakeConnectionService<linkerd_transport_metrics::zone::client::ZoneMetricsClient<linkerd_transport_metrics::zone::TcpZoneMetricsParams<linkerd_app_outbound::zone::TcpZoneOpLabel>,linkerd_transport_metrics::client::Client<linkerd_app_core::transport::Metrics,linkerd_stack::box_future::BoxFuture<linkerd_stack::map_err::MapErr<linkerd_app_core::svc::Stack<linkerd_app_outbound::tcp::tagged_transport::TaggedTransport<linkerd_tls::client::Client<linkerd_meshtls::client::NewClient,linkerd_app_outbound::tcp::connect::DmeshOrTcp>>>::push_connect_timeout::{{closure}},linkerd_stack::timeout::Timeout<linkerd_app_outbound::tcp::tagged_transport::TaggedTransport<linkerd_tls::client::Client<linkerd_meshtls::client::NewClient,linkerd_app_outbound::tcp::connect::DmeshOrTcp>>>>>>>>,linkerd_app_outbound::http::endpoint::<impl linkerd_app_outbound::Outbound<linkerd_transport_metrics::zone::client::ZoneMetricsClient<linkerd_transport_metrics::zone::TcpZoneMetricsParams<linkerd_app_outbound::zone::TcpZoneOpLabel>,linkerd_transport_metrics::client::Client<linkerd_app_core::transport::Metrics,linkerd_stack::box_future::BoxFuture<linkerd_stack::map_err::MapErr<linkerd_app_core::svc::Stack<linkerd_app_outbound::tcp::tagged_transport::TaggedTransport<linkerd_tls::client::Client<linkerd_meshtls::client::NewClient,linkerd_app_outbound::tcp::connect::DmeshOrTcp>>>::push_connect_timeout::{{closure}},linkerd_stack::timeout::Timeout<linkerd_app_outbound::tcp::tagged_transport::TaggedTransport<linkerd_tls::client::Client<linkerd_meshtls::client::NewClient,linkerd_app_outbound::tcp::connect::DmeshOrTcp>>>>>>>>>::push_http_tcp_client<linkerd_app_outbound::http::concrete::Endpoint<linkerd_app_outbound::http::logical::Concrete<linkerd_app_outbound::http::Http<linkerd_app_gateway::http::Target>>>,linkerd_http_box::body::BoxBody>::{{closure}}::{{closure}}>,linkerd_app_outbound::http::concrete::Endpoint<linkerd_app_outbound::http::logical::Concrete<linkerd_app_outbound::http::Http<linkerd_app_gateway::http::Target>>>,linkerd_http_box::body::BoxBody> as tower_service::Service<http::request::Request<linkerd_http_box::body::BoxBody>>>::call::{{closure}}>,linkerd_proxy_http::orig_proto::Error::H1>>",0.01
lean,grpc,65536,capacity,1,0x0000000000014980,0.01
lean,grpc,65536,capacity,1,read@plt,0.01
lean,grpc,65536,capacity,1,"core::ptr::drop_in_place<linkerd_http_metrics::requests::service::RequestBody<linkerd_http_box::body::BoxBody,linkerd_app_core::classify::Class>>",0.01
lean,grpc,65536,capacity,1,0x00000000000149f0,0.01
lean,grpc,65536,capacity,1,"hyper::client::dispatch::Callback<T,U>::send",0.01
lean,grpc,65536,capacity,1,0x00000000000059e8,0.01
lean,grpc,65536,capacity,1,pac_alloc_impl,0.01
lean,grpc,65536,capacity,1,0x0000000000076c14,0.01
lean,grpc,65536,capacity,1,core::ops::function::FnOnce::call_once{{vtable.shim}},0.01
lean,grpc,65536,capacity,1,"core::ptr::drop_in_place<linkerd_stack::map_err::ResponseFuture<(),linkerd_stack::map_err::ResponseFuture<linkerd_app_outbound::http::logical::policy::route::backend::<impl linkerd_app_outbound::http::logical::policy::route::Matched<linkerd_http_route::grpc::match::RouteMatch,linkerd_app_outbound::http::logical::policy::route::backend::Backend<linkerd_app_outbound::http::Http<linkerd_app_gateway::http::Target>,linkerd_proxy_client_policy::grpc::Filter>>>::layer<linkerd_distribute::cache::BackendCache<linkerd_app_outbound::http::logical::Concrete<linkerd_app_outbound::http::Http<linkerd_app_gateway::http::Target>>,linkerd_stack::box_service::BoxCloneSyncService<http::request::Request<linkerd_http_box::body::BoxBody>,http::response::Response<linkerd_http_box::body::BoxBody>>>,linkerd_stack::box_service::BoxCloneSyncService<http::request::Request<linkerd_http_box::body::BoxBody>,http::response::Response<linkerd_http_box::body::BoxBody>>>::{{closure}}::{{closure}}::{{closure}},core::pin::Pin<alloc::boxed::Box<dyn core::future::future::Future+Output = core::result::Result<http::response::Response<linkerd_http_box::body::BoxBody>,alloc::boxed::Box<dyn core::error::Error+core::marker::Sync+core::marker::Send>>+core::marker::Send>>>>>",0.01
lean,grpc,65536,capacity,1,doca_task_free@plt,0.01
lean,grpc,65536,capacity,1,dmesh_l7_driver_clear_notifications,0.01
lean,grpc,65536,capacity,1,"core::ptr::drop_in_place<linkerd_stack::map_err::ResponseFuture<(),futures_util::future::try_future::ErrInto<linkerd_stack::either::vendor::Either<futures_util::future::try_future::ErrInto<linkerd_stack::either::vendor::Either<core::pin::Pin<alloc::boxed::Box<dyn core::future::future::Future+Output = core::result::Result<http::response::Response<linkerd_http_box::body::BoxBody>,alloc::boxed::Box<dyn core::error::Error+core::marker::Sync+core::marker::Send>>+core::marker::Send>>,tracing::instrument::Instrumented<tower::buffer::future::ResponseFuture<core::pin::Pin<alloc::boxed::Box<dyn core::future::future::Future+Output = core::result::Result<http::response::Response<linkerd_http_box::body::BoxBody>,alloc::boxed::Box<dyn core::error::Error+core::marker::Sync+core::marker::Send>>+core::marker::Send>>>>>,alloc::boxed::Box<dyn core::error::Error+core::marker::Sync+core::marker::Send>>,futures_util::future::ready::Ready<core::result::Result<http::response::Response<linkerd_http_box::body::BoxBody>,linkerd_app_outbound::http::concrete::DispatcherFailed>>>,alloc::boxed::Box<dyn core::error::Error+core::marker::Sync+core::marker::Send>>>>",0.01
lean,grpc,65536,capacity,1,0x000000000000e76c,0.01
lean,grpc,65536,capacity,1,_rjem_je_tcache_gc_dalloc_new_event_wait,0.01
lean,grpc,65536,capacity,1,<tower::spawn_ready::service::SpawnReady<S> as tower_service::Service<Req>>::poll_ready,0.01
lean,grpc,65536,capacity,1,<bytes::bytes::Bytes as bytes::buf::buf_impl::Buf>::chunk,0.01
lean,grpc,65536,capacity,1,"core::ptr::drop_in_place<linkerd_http_box::response::BoxResponse<linkerd_http_prom::body_data::request::RecordBodyData<linkerd_http_prom::status::RecordStatusCode<linkerd_http_prom::record_response::RecordDuration<linkerd_app_outbound::http::logical::policy::route::Matched<linkerd_http_route::http::match::RequestMatch,linkerd_app_outbound::http::logical::policy::route::Route<linkerd_app_outbound::http::Http<linkerd_app_outbound::sidecar::HttpSidecar>,linkerd_proxy_client_policy::http::Filter,linkerd_proxy_client_policy::http::RouteParams>>,linkerd_http_prom::record_response::request::RequestMetrics<linkerd_app_outbound::http::logical::policy::route::metrics::labels::Route>,linkerd_app_outbound::http::logical::policy::route::extensions::SetExtensions<linkerd_http_retry::HttpRetry<linkerd_app_outbound::http::logical::policy::route::retry::RetryPolicy,linkerd_app_outbound::http::logical::policy::route::metrics::labels::Route,linkerd_app_outbound::http::logical::policy::route::Matched<linkerd_http_route::http::match::RequestMatch,linkerd_app_outbound::http::logical::policy::route::Route<linkerd_app_outbound::http::Http<linkerd_app_outbound::sidecar::HttpSidecar>,linkerd_proxy_client_policy::http::Filter,linkerd_proxy_client_policy::http::RouteParams>>,linkerd_app_outbound::http::logical::policy::route::filters::ApplyFilters<linkerd_app_outbound::http::logical::policy::route::Matched<linkerd_http_route::http::match::RequestMatch,linkerd_app_outbound::http::logical::policy::route::Route<linkerd_app_outbound::http::Http<linkerd_app_outbound::sidecar::HttpSidecar>,linkerd_proxy_client_policy::http::Filter,linkerd_proxy_client_policy::http::RouteParams>>,linkerd_stack::loadshed::LoadShed<linkerd_distribute::service::Distribute<linkerd_app_outbound::http::logical::policy::route::backend::Backend<linkerd_app_outbound::http::Http<linkerd_app_outbound::sidecar::HttpSidecar>,linkerd_proxy_client_policy::http::Filter>,linkerd_stack::box_service::BoxCloneSyncService<http::request::Request<linkerd_http_box::body::BoxBody>,http::response::Response<linkerd_http_box::body::BoxBody>>>>>>>>,linkerd_app_outbound::http::logical::policy::route::Matched<linkerd_http_route::http::match::RequestMatch,linkerd_app_outbound::http::logical::policy::route::Route<linkerd_app_outbound::http::Http<linkerd_app_outbound::sidecar::HttpSidecar>,linkerd_proxy_client_policy::http::Filter,linkerd_proxy_client_policy::http::RouteParams>>,linkerd_app_outbound::http::logical::policy::route::metrics::labels::Rsp<linkerd_app_outbound::http::logical::policy::route::metrics::labels::Route,linkerd_app_outbound::http::logical::policy::route::metrics::labels::HttpRsp>>,linkerd_app_outbound::http::logical::policy::route::metrics::ExtractBodyDataMetrics<linkerd_app_outbound::http::logical::policy::route::Matched<linkerd_http_route::http::match::RequestMatch,linkerd_app_outbound::http::logical::policy::route::Route<linkerd_app_outbound::http::Http<linkerd_app_outbound::sidecar::HttpSidecar>,linkerd_proxy_client_policy::http::Filter,linkerd_proxy_client_policy::http::RouteParams>>>>>>",0.01
lean,grpc,65536,capacity,1,rmqueue,0.01
lean,grpc,65536,capacity,1,0x00000000000768ac,0.01
lean,grpc,65536,capacity,1,<tokio::sync::mpsc::bounded::OwnedPermit<T> as core::ops::drop::Drop>::drop,0.01
lean,grpc,65536,capacity,1,px_worker_notification_fd,0.01
lean,grpc,65536,capacity,1,0x0000000000076844,0.01
lean,grpc,65536,capacity,1,_rjem_je_arena_handle_deferred_work,0.01
lean,grpc,65536,capacity,1,run_rebalance_domains,0.01
lean,grpc,65536,capacity,1,0x0000000000005a00,0.01
lean,grpc,65536,capacity,1,0x0000000000005a8c,0.01
lean,grpc,65536,capacity,1,0x0000000000076bd0,0.01
lean,grpc,65536,capacity,1,__errno_location,0.01
lean,grpc,65536,capacity,1,0x000000000002a87c,0.01
lean,grpc,65536,capacity,1,"core::ptr::drop_in_place<linkerd_app_outbound::http::logical::policy::route::filters::ApplyFilters<linkerd_app_outbound::http::logical::policy::route::Matched<linkerd_http_route::http::match::RequestMatch,linkerd_app_outbound::http::logical::policy::route::backend::Backend<linkerd_app_outbound::http::Http<linkerd_app_outbound::sidecar::HttpSidecar>,linkerd_proxy_client_policy::http::Filter>>,linkerd_stack::box_service::BoxCloneSyncService<http::request::Request<linkerd_http_box::body::BoxBody>,http::response::Response<linkerd_http_box::body::BoxBody>>>>",0.01
lean,grpc,65536,capacity,1,hrtimer_try_to_cancel.part.0,0.01
lean,grpc,65536,capacity,1,__aarch64_cas4_acq_rel,0.01
lean,grpc,65536,capacity,1,doca_dma_task_memcpy_alloc_init@plt,0.01
lean,grpc,65536,capacity,1,0x0000000000005998,0.01
lean,grpc,65536,capacity,1,"core::ptr::drop_in_place<<linkerd_proxy_tap::service::TapHttp<linkerd_error_respond::RespondService<linkerd_app_core::errors::respond::NewRespond<linkerd_app_outbound::http::endpoint::ClientRescue>,linkerd_http_stream_timeouts::EnforceTimeouts<linkerd_http_box::request::BoxRequest<linkerd_http_stream_timeouts::RequestBody<linkerd_http_metrics::requests::service::RequestBody<linkerd_http_box::body::BoxBody,linkerd_app_core::classify::Class>>,linkerd_app_outbound::http::handle_proxy_error_headers::HandleProxyErrorHeaders<tower::util::boxed::sync::BoxService<http::request::Request<linkerd_http_box::body::BoxBody>,http::response::Response<linkerd_http_box::body::BoxBody>,alloc::boxed::Box<dyn core::error::Error+core::marker::Sync+core::marker::Send>>>>>>,linkerd_app_outbound::http::concrete::Endpoint<linkerd_app_outbound::http::logical::Concrete<linkerd_app_outbound::http::Http<linkerd_app_gateway::http::Target>>>> as tower_service::Service<http::request::Request<linkerd_http_metrics::requests::service::RequestBody<linkerd_http_box::body::BoxBody,linkerd_app_core::classify::Class>>>>::call::{{closure}}>",0.01
lean,grpc,65536,capacity,1,tcp_check_req,0.01
lean,grpc,65536,capacity,1,h2::proto::streams::streams::OpaqueStreamRef::new,0.01
lean,grpc,65536,capacity,1,0x00000000000032a8,0.01
lean,grpc,65536,capacity,1,0x0000000000014950,0.01
lean,grpc,65536,capacity,1,0x00000000000767f4,0.01
lean,grpc,65536,capacity,1,__check_heap_object,0.01
lean,grpc,65536,capacity,1,copyout,0.01
lean,grpc,65536,capacity,1,"<futures_util::fns::MapOkFn<F> as futures_util::fns::FnOnce1<core::result::Result<T,E>>>::call_once",0.01
lean,grpc,65536,capacity,1,px_unit_free_node,0.01
lean,grpc,65536,capacity,1,_rjem_je_large_dalloc_prep_locked,0.01
lean,grpc,65536,capacity,1,0x0000000000000498,0.01
lean,grpc,65536,capacity,1,tokio_util::sync::poll_semaphore::PollSemaphore::poll_acquire,0.01
lean,grpc,65536,capacity,1,bytes::bytes::static_drop,0.01
lean,grpc,65536,capacity,1,doca_comch_consumer_task_post_recv_get_imm_data,0.01
lean,grpc,65536,capacity,1,tcache_gc_small,0.01
lean,grpc,65536,capacity,1,linkerd_http_classify::channel::send_or_report,0.0
lean3,grpc,64,capacity,1,__aarch64_ldadd8_relax,2.8
lean3,grpc,64,capacity,1,__memcpy_generic,2.78
lean3,grpc,64,capacity,1,__aarch64_ldadd8_rel,2.25
lean3,grpc,64,capacity,1,"h2::proto::connection::Connection<T,P,B>::poll",2.04
lean3,grpc,64,capacity,1,el0_svc_common.constprop.0,2.01
lean3,grpc,64,capacity,1,"<linkerd_stack::map_err::ResponseFuture<W,F> as core::future::future::Future>::poll",1.76
lean3,grpc,64,capacity,1,h2::hpack::encoder::Encoder::encode,1.62
lean3,grpc,64,capacity,1,eventfd_write,1.34
lean3,grpc,64,capacity,1,"tokio::runtime::task::core::Core<T,S>::poll",1.27
lean3,grpc,64,capacity,1,px_worker_drain,1.17
lean3,grpc,64,capacity,1,core::hash::BuildHasher::hash_one,1.05
lean3,grpc,64,capacity,1,_rjem_malloc,0.88
lean3,grpc,64,capacity,1,<linkerd_http_box::body::Inner<B> as http_body::Body>::poll_frame,0.82
lean3,grpc,64,capacity,1,epoll_pwait,0.79
lean3,grpc,64,capacity,1,"<S as linkerd_stack::box_service::sealed::BoxCloneSyncService<Req,Rsp>>::box_clone_sync",0.76
lean3,grpc,64,capacity,1,__aarch64_cas4_acq,0.73
lean3,grpc,64,capacity,1,<core::hash::sip::Hasher<S> as core::hash::Hasher>::write,0.72
lean3,grpc,64,capacity,1,"<tower::util::map_future::MapFuture<S,F> as tower_service::Service<R>>::call",0.7
lean3,grpc,64,capacity,1,__fget_files,0.68
lean3,grpc,64,capacity,1,__aarch64_cas1_acq,0.66
lean3,grpc,64,capacity,1,dmesh_l7::l7_worker_run::{{closure}},0.65
lean3,grpc,64,capacity,1,<tracing::instrument::Instrumented<T> as core::future::future::Future>::poll,0.63
lean3,grpc,64,capacity,1,tokio::runtime::task::raw::poll,0.63
lean3,grpc,64,capacity,1,h2::proto::streams::prioritize::Prioritize::pop_frame,0.62
lean3,grpc,64,capacity,1,h2::proto::connection::DynConnection<B>::recv_frame,0.59
lean3,grpc,64,capacity,1,http::header::map::hash_elem_using,0.56
lean3,grpc,64,capacity,1,<dmesh_l7::ExternalBackend as dmesh_doca::runtime::RuntimeBackend>::drain,0.55
lean3,grpc,64,capacity,1,<linkerd_http_box::body::Inner<B> as http_body::Body>::is_end_stream,0.55
lean3,grpc,64,capacity,1,__aarch64_swp4_rel,0.54
lean3,grpc,64,capacity,1,slab::Slab<T>::insert_at,0.53
lean3,grpc,64,capacity,1,__aarch64_cas8_acq_rel,0.52
lean3,grpc,64,capacity,1,h2::codec::framed_read::decode_frame,0.5
lean3,grpc,64,capacity,1,ep_item_poll.isra.0,0.49
lean3,grpc,64,capacity,1,__aarch64_ldadd4_acq_rel,0.49
lean3,grpc,64,capacity,1,arch_local_irq_enable,0.48
lean3,grpc,64,capacity,1,h2::frame::headers::HeaderBlock::load,0.47
lean3,grpc,64,capacity,1,get_random_u32,0.46
lean3,grpc,64,capacity,1,"<futures_util::future::future::Map<Fut,F> as core::future::future::Future>::poll",0.46
lean3,grpc,64,capacity,1,h2::proto::streams::buffer::Deque::pop_front,0.45
lean3,grpc,64,capacity,1,hrtimer_start_range_ns,0.44
lean3,grpc,64,capacity,1,__aarch64_cas1_rel,0.43
lean3,grpc,64,capacity,1,"<linkerd_stack::either::vendor::Either<A,B> as core::future::future::Future>::poll",0.43
lean3,grpc,64,capacity,1,"<futures_util::future::try_future::ErrInto<Fut,E> as core::future::future::Future>::poll",0.42
lean3,grpc,64,capacity,1,h2::codec::framed_write::Encoder<B>::buffer,0.4
lean3,grpc,64,capacity,1,"tower::ready_cache::cache::ReadyCache<K,S,Req>::poll_pending",0.39
lean3,grpc,64,capacity,1,"<futures_util::future::try_future::MapOk<Fut,F> as core::future::future::Future>::poll",0.38
lean3,grpc,64,capacity,1,h2::proto::streams::recv::Recv::recv_headers,0.37
lean3,grpc,64,capacity,1,<linkerd_stack_metrics::service::TrackService<S> as tower_service::Service<T>>::poll_ready,0.37
lean3,grpc,64,capacity,1,h2::frame::headers::HeaderBlock::load::{{closure}},0.36
lean3,grpc,64,capacity,1,0x00000000000004c8,0.36
lean3,grpc,64,capacity,1,"<linkerd_router::OneshotRoute<Sel,N> as tower_service::Service<Req>>::call",0.36
lean3,grpc,64,capacity,1,http::header::map::HeaderMap<T>::try_append2,0.35
lean3,grpc,64,capacity,1,apparmor_file_permission,0.33
lean3,grpc,64,capacity,1,fput_many,0.33
lean3,grpc,64,capacity,1,<h2::hpack::header::Header<T> as core::clone::Clone>::clone,0.33
lean3,grpc,64,capacity,1,"h2::codec::framed_write::FramedWrite<T,B>::flush",0.33
lean3,grpc,64,capacity,1,<linkerd_stack::box_future::BoxFuture<T> as tower_service::Service<R>>::poll_ready,0.33
lean3,grpc,64,capacity,1,h2::proto::streams::store::Queue<N>::pop,0.32
lean3,grpc,64,capacity,1,<h2::server::Peer as h2::proto::peer::Peer>::convert_poll_message,0.32
lean3,grpc,64,capacity,1,read,0.31
lean3,grpc,64,capacity,1,mutex_lock,0.3
lean3,grpc,64,capacity,1,<hyper::body::incoming::Incoming as http_body::Body>::poll_frame,0.3
lean3,grpc,64,capacity,1,0x00000000000004b8,0.3
lean3,grpc,64,capacity,1,h2::proto::streams::streams::StreamRef<B>::send_data,0.3
lean3,grpc,64,capacity,1,http::header::map::HeaderMap<T>::remove,0.3
lean3,grpc,64,capacity,1,"linkerd_http_prom::status::RecordStatusFuture<F,SL,L>::on_eos",0.29
lean3,grpc,64,capacity,1,ep_send_events,0.28
lean3,grpc,64,capacity,1,doca_buf_inventory_buf_get_by_args,0.28
lean3,grpc,64,capacity,1,tokio::runtime::scheduler::current_thread::Context::run_task,0.28
lean3,grpc,64,capacity,1,"<tower::util::map_future::MapFuture<S,F> as tower_service::Service<R>>::poll_ready",0.28
lean3,grpc,64,capacity,1,doca_pe_progress,0.27
lean3,grpc,64,capacity,1,<linkerd_app_core::errors::respond::NewRespond<R> as linkerd_error_respond::NewRespond<http::request::Request<B>>>::new_respond,0.27
lean3,grpc,64,capacity,1,<linkerd_http_stream_timeouts::EnforceTimeouts<S> as tower_service::Service<http::request::Request<B>>>::call,0.27
lean3,grpc,64,capacity,1,"<hyper::server::conn::http2::Connection<I,S,E> as core::future::future::Future>::poll",0.27
lean3,grpc,64,capacity,1,h2::proto::streams::counts::Counts::transition,0.27
lean3,grpc,64,capacity,1,devx_async_event_poll,0.27
lean3,grpc,64,capacity,1,core::ptr::drop_in_place<linkerd_app_outbound::http::logical::Concrete<linkerd_app_outbound::http::Http<linkerd_app_outbound::sidecar::HttpSidecar>>>,0.27
lean3,grpc,64,capacity,1,http::header::map::HeaderMap<T>::get,0.27
lean3,grpc,64,capacity,1,tokio::runtime::task::waker::wake_by_val,0.26
lean3,grpc,64,capacity,1,px_l7_caller_conn,0.26
lean3,grpc,64,capacity,1,devx_async_event_read,0.26
lean3,grpc,64,capacity,1,linkerd_app_core::classify::grpc_code,0.26
lean3,grpc,64,capacity,1,core::ops::function::FnOnce::call_once,0.26
lean3,grpc,64,capacity,1,"<hyper::client::conn::http2::Connection<T,B,E> as core::future::future::Future>::poll",0.25
lean3,grpc,64,capacity,1,h2::proto::streams::recv::Recv::recv_data,0.25
lean3,grpc,64,capacity,1,"prometheus_client::metrics::family::Family<S,M,C>::get_or_create",0.25
lean3,grpc,64,capacity,1,tracing::instrument::_::<impl core::ops::drop::Drop for tracing::instrument::Instrumented<T>>::drop,0.25
lean3,grpc,64,capacity,1,<linkerd_http_box::body::Data as bytes::buf::buf_impl::Buf>::remaining,0.24
lean3,grpc,64,capacity,1,h2::proto::streams::send::Send::send_headers,0.24
lean3,grpc,64,capacity,1,http::header::map::HeaderMap<T>::contains_key,0.24
lean3,grpc,64,capacity,1,0x0000000000076824,0.23
lean3,grpc,64,capacity,1,__check_object_size.part.0,0.23
lean3,grpc,64,capacity,1,h2::hpack::decoder::Table::get,0.23
lean3,grpc,64,capacity,1,memcmp,0.23
lean3,grpc,64,capacity,1,dmesh_l7_driver_drain,0.23
lean3,grpc,64,capacity,1,invoke_syscall,0.23
lean3,grpc,64,capacity,1,<linkerd_stack::box_future::BoxFuture<T> as tower_service::Service<R>>::call,0.22
lean3,grpc,64,capacity,1,_rjem_je_te_event_trigger,0.22
lean3,grpc,64,capacity,1,"<linkerd_stack::either::vendor::Either<A,B> as tower_service::Service<Request>>::call",0.22
lean3,grpc,64,capacity,1,<dmesh_l7::DirectWriter as dmesh_doca::io::TxWriter>::write,0.22
lean3,grpc,64,capacity,1,__aarch64_swp1_acq_rel,0.22
lean3,grpc,64,capacity,1,<tokio_util::codec::length_delimited::LengthDelimitedCodec as tokio_util::codec::decoder::Decoder>::decode,0.22
lean3,grpc,64,capacity,1,h2::proto::streams::prioritize::Prioritize::try_assign_capacity,0.21
lean3,grpc,64,capacity,1,find_pod_by_id,0.21
lean3,grpc,64,capacity,1,tokio::runtime::io::registration::Registration::poll_ready,0.21
lean3,grpc,64,capacity,1,h2::proto::streams::prioritize::Prioritize::reclaim_frame,0.21
lean3,grpc,64,capacity,1,"<linkerd_http_prom::record_response::ResponseFuture<L,F> as core::future::future::Future>::poll",0.21
lean3,grpc,64,capacity,1,h2::frame::headers::calculate_headermap_size,0.2
lean3,grpc,64,capacity,1,h2::proto::streams::store::Ptr::unlink,0.2
lean3,grpc,64,capacity,1,"hashbrown::raw::RawTable<T,A>::reserve_rehash",0.2
lean3,grpc,64,capacity,1,"<linkerd_proxy_tap::service::TapHttp<S,I> as tower_service::Service<http::request::Request<A>>>::call::{{closure}}",0.2
lean3,grpc,64,capacity,1,http::header::name::StandardHeader::from_bytes,0.2
lean3,grpc,64,capacity,1,<core::future::poll_fn::PollFn<F> as core::future::future::Future>::poll,0.2
lean3,grpc,64,capacity,1,h2::proto::streams::store::Queue<N>::push,0.19
lean3,grpc,64,capacity,1,hyper::headers::content_length_parse_all,0.19
lean3,grpc,64,capacity,1,tokio::runtime::time::<impl tokio::runtime::time::handle::Handle>::process_at_time,0.19
lean3,grpc,64,capacity,1,__aarch64_ldadd8_acq_rel,0.19
lean3,grpc,64,capacity,1,<linkerd_proxy_client_policy::Meta as core::cmp::PartialEq>::eq,0.19
lean3,grpc,64,capacity,1,px_process_forward,0.19
lean3,grpc,64,capacity,1,tokio::runtime::task::list::OwnedTasks<S>::bind_inner,0.19
lean3,grpc,64,capacity,1,<linkerd_app_outbound::http::logical::Concrete<T> as core::hash::Hash>::hash,0.19
lean3,grpc,64,capacity,1,"tokio::runtime::task::core::Core<T,S>::set_stage",0.19
lean3,grpc,64,capacity,1,tokio::sync::mpsc::list::Rx<T>::pop,0.19
lean3,grpc,64,capacity,1,<linkerd_stack::result::ResultService<S> as tower_service::Service<T>>::poll_ready,0.19
lean3,grpc,64,capacity,1,"<linkerd_app_core::errors::respond::Respond<R> as linkerd_error_respond::Respond<http::response::Response<B>,alloc::boxed::Box<dyn core::error::Error+core::marker::Sync+core::marker::Send>>>::respond",0.18
lean3,grpc,64,capacity,1,<h2::proto::streams::streams::OpaqueStreamRef as core::ops::drop::Drop>::drop,0.18
lean3,grpc,64,capacity,1,<linkerd_http_route::http::match::MatchRequest as linkerd_http_route::Match>::match_request,0.18
lean3,grpc,64,capacity,1,ep_poll,0.18
lean3,grpc,64,capacity,1,"core::ptr::drop_in_place<linkerd_stack_metrics::service::TrackService<linkerd_stack::either::vendor::Either<linkerd_http_box::response::BoxResponse<linkerd_stack::gate::Gate<linkerd_proxy_balance_queue::service::PoolQueue<http::request::Request<linkerd_http_box::body::BoxBody>,futures_util::future::try_future::ErrInto<tower::load::completion::TrackCompletionFuture<core::pin::Pin<alloc::boxed::Box<dyn core::future::future::Future+Output = core::result::Result<http::response::Response<linkerd_http_classify::channel::ResponseBody<linkerd_app_core::classify::Eos,linkerd_http_box::body::BoxBody>>,alloc::boxed::Box<dyn core::error::Error+core::marker::Sync+core::marker::Send>>+core::marker::Send>>,hyper_balance::PendingUntilFirstData,tower::load::peak_ewma::Handle>,alloc::boxed::Box<dyn core::error::Error+core::marker::Sync+core::marker::Send>>>>>,linkerd_http_box::response::BoxResponse<linkerd_stack::gate::Gate<linkerd_proxy_balance_queue::service::PoolQueue<http::request::Request<linkerd_http_box::body::BoxBody>,futures_util::future::try_future::ErrInto<linkerd_load_biaser::LoadBiaserFuture<core::pin::Pin<alloc::boxed::Box<dyn core::future::future::Future+Output = core::result::Result<http::response::Response<linkerd_http_classify::channel::ResponseBody<linkerd_app_core::classify::Eos,linkerd_http_box::body::BoxBody>>,alloc::boxed::Box<dyn core::error::Error+core::marker::Sync+core::marker::Send>>+core::marker::Send>>,http::response::Response<linkerd_http_classify::channel::ResponseBody<linkerd_app_core::classify::Eos,linkerd_http_box::body::BoxBody>>,hyper_balance::PendingUntilFirstData>,alloc::boxed::Box<dyn core::error::Error+core::marker::Sync+core::marker::Send>>>>>>>>",0.18
lean3,grpc,64,capacity,1,dmesh_doca_dpa_msgq_recv_cb,0.18
lean3,grpc,64,capacity,1,h2::proto::streams::store::Store::find_entry,0.18
lean3,grpc,64,capacity,1,hyper::client::conn::http2::SendRequest<B>::send_request::{{closure}},0.18
lean3,grpc,64,capacity,1,__fget_light,0.18
lean3,grpc,64,capacity,1,tokio::runtime::time::wheel::Wheel::next_expiration,0.18
lean3,grpc,64,capacity,1,http::header::name::StandardHeader::as_str,0.18
lean3,grpc,64,capacity,1,tokio::runtime::task::raw::dealloc,0.18
lean3,grpc,64,capacity,1,h2::proto::streams::prioritize::Prioritize::schedule_send,0.17
lean3,grpc,64,capacity,1,l7_worker_run,0.17
lean3,grpc,64,capacity,1,dpu_request_host_doorbell,0.17
lean3,grpc,64,capacity,1,tokio::runtime::io::scheduled_io::ScheduledIo::wake,0.17
lean3,grpc,64,capacity,1,doca_dma_task_memcpy_alloc_init,0.17
lean3,grpc,64,capacity,1,_rjem_sdallocx,0.17
lean3,grpc,64,capacity,1,do_rallocx,0.17
lean3,grpc,64,capacity,1,"<linkerd_http_metrics::requests::service::ResponseFuture<F,C> as core::future::future::Future>::poll",0.17
lean3,grpc,64,capacity,1,__ep_eventpoll_poll.isra.0,0.17
lean3,grpc,64,capacity,1,<&mut S as tower_service::Service<Request>>::poll_ready,0.17
lean3,grpc,64,capacity,1,dmesh_l7_tx_batch_write,0.17
lean3,grpc,64,capacity,1,"<linkerd_io::sensor::SensorIo<T,S> as tokio::io::async_read::AsyncRead>::poll_read",0.17
lean3,grpc,64,capacity,1,h2::frame::head::Head::encode,0.17
lean3,grpc,64,capacity,1,hyper::proto::h2::strip_connection_headers,0.16
lean3,grpc,64,capacity,1,<linkerd_http_stream_timeouts::ResponseFuture<F> as core::future::future::Future>::poll,0.16
lean3,grpc,64,capacity,1,"<linkerd_app_outbound::http::logical::policy::route::Route<T,F,P> as core::clone::Clone>::clone",0.16
lean3,grpc,64,capacity,1,0x000000000001da18,0.16
lean3,grpc,64,capacity,1,h2::proto::streams::counts::Counts::transition_after,0.16
lean3,grpc,64,capacity,1,__aarch64_ldadd4_relax,0.16
lean3,grpc,64,capacity,1,_rjem_je_arena_ralloc_no_move,0.16
lean3,grpc,64,capacity,1,h2::client::Peer::convert_send_message,0.16
lean3,grpc,64,capacity,1,<h2::proto::streams::streams::OpaqueStreamRef as core::clone::Clone>::clone,0.16
lean3,grpc,64,capacity,1,priv_doca_cq_empty,0.16
lean3,grpc,64,capacity,1,<h2::client::ResponseFuture as core::future::future::Future>::poll,0.16
lean3,grpc,64,capacity,1,tokio::runtime::task::raw::schedule,0.16
lean3,grpc,64,capacity,1,<linkerd_app_outbound::http::logical::Concrete<T> as core::clone::Clone>::clone,0.16
lean3,grpc,64,capacity,1,<linkerd_stack::loadshed::LoadShed<S> as tower_service::Service<Req>>::poll_ready,0.16
lean3,grpc,64,capacity,1,tokio::sync::oneshot::Sender<T>::send,0.16
lean3,grpc,64,capacity,1,<T as core::any::Any>::type_id,0.15
lean3,grpc,64,capacity,1,http::header::name::parse_hdr,0.15
lean3,grpc,64,capacity,1,h2::proto::streams::prioritize::Prioritize::reserve_capacity,0.15
lean3,grpc,64,capacity,1,h2::proto::streams::recv::Recv::consume_connection_window,0.15
lean3,grpc,64,capacity,1,__aarch64_cas8_acq,0.15
lean3,grpc,64,capacity,1,memcpy@plt,0.15
lean3,grpc,64,capacity,1,linkerd_proxy_balance_queue::worker::PoolDriver<P>::call,0.15
lean3,grpc,64,capacity,1,<tokio::sync::notify::Notified as core::future::future::Future>::poll,0.15
lean3,grpc,64,capacity,1,priv_doca_ctx_on_arm,0.15
lean3,grpc,64,capacity,1,"hashbrown::rustc_entry::<impl hashbrown::map::HashMap<K,V,S,A>>::rustc_entry",0.15
lean3,grpc,64,capacity,1,linkerd_http_metrics::requests::service::measure_class,0.15
lean3,grpc,64,capacity,1,drain::Watch::signaled::{{closure}},0.15
lean3,grpc,64,capacity,1,do_epoll_wait,0.15
lean3,grpc,64,capacity,1,dmesh_l7::pump_side,0.15
lean3,grpc,64,capacity,1,px_dma_done_cb,0.15
lean3,grpc,64,capacity,1,<linkerd_proxy_http::h2::Connection<B> as tower_service::Service<http::request::Request<B>>>::call,0.15
lean3,grpc,64,capacity,1,h2::share::RecvStream::is_end_stream,0.15
lean3,grpc,64,capacity,1,eventfd_read,0.15
lean3,grpc,64,capacity,1,aa_file_perm,0.15
lean3,grpc,64,capacity,1,core::ptr::drop_in_place<hyper::body::incoming::Incoming>,0.14
lean3,grpc,64,capacity,1,0x000000000007687c,0.14
lean3,grpc,64,capacity,1,core::ptr::drop_in_place<h2::hpack::header::Header>,0.14
lean3,grpc,64,capacity,1,px_rev_stage_append,0.14
lean3,grpc,64,capacity,1,tracing::span::Span::current,0.14
lean3,grpc,64,capacity,1,tokio::runtime::scheduler::current_thread::<impl tokio::runtime::task::Schedule for alloc::sync::Arc<tokio::runtime::scheduler::current_thread::Handle>>::release,0.14
lean3,grpc,64,capacity,1,tokio::runtime::io::driver::Driver::turn,0.14
lean3,grpc,64,capacity,1,<tokio::sync::oneshot::Receiver<T> as core::future::future::Future>::poll,0.14
lean3,grpc,64,capacity,1,h2::proto::streams::store::Store::insert,0.13
lean3,grpc,64,capacity,1,linkerd_proxy_balance_queue::worker::Discovery<R>::discover::{{closure}},0.13
lean3,grpc,64,capacity,1,h2::hpack::encoder::encode_str,0.13
lean3,grpc,64,capacity,1,h2::proto::streams::prioritize::Prioritize::queue_frame,0.13
lean3,grpc,64,capacity,1,h2::proto::streams::send::Send::poll_reset,0.13
lean3,grpc,64,capacity,1,0x0000000000076f48,0.13
lean3,grpc,64,capacity,1,tokio::sync::task::atomic_waker::AtomicWaker::register_by_ref,0.13
lean3,grpc,64,capacity,1,<linkerd_http_detect::Detect<N> as tower_service::Service<I>>::call::{{closure}},0.13
lean3,grpc,64,capacity,1,0x0000000000076ef0,0.13
lean3,grpc,64,capacity,1,h2::share::RecvStream::poll_data,0.13
lean3,grpc,64,capacity,1,<linkerd_stack::watch::SpawnWatch<S> as tower_service::Service<Req>>::poll_ready,0.13
lean3,grpc,64,capacity,1,"<linkerd_http_metrics::requests::service::HttpMetrics<S,C> as tower_service::Service<http::request::Request<A>>>::call",0.13
lean3,grpc,64,capacity,1,<tokio::time::sleep::Sleep as core::future::future::Future>::poll,0.13
lean3,grpc,64,capacity,1,<h2::proto::streams::store::Ptr as core::ops::deref::Deref>::deref,0.13
lean3,grpc,64,capacity,1,tokio::runtime::task::waker::clone_waker,0.13
lean3,grpc,64,capacity,1,http::request::Builder::and_then,0.13
lean3,grpc,64,capacity,1,"<futures_util::stream::try_stream::try_filter_map::TryFilterMap<St,Fut,F> as futures_core::stream::Stream>::poll_next",0.12
lean3,grpc,64,capacity,1,h2::proto::streams::flow_control::FlowControl::inc_window,0.12
lean3,grpc,64,capacity,1,_rjem_je_sdallocx_default,0.12
lean3,grpc,64,capacity,1,bytes::bytes_mut::shared_v_clone,0.12
lean3,grpc,64,capacity,1,<S as futures_core::stream::TryStream>::try_poll_next,0.12
lean3,grpc,64,capacity,1,linkerd_http_prom::body_data::metrics::RequestBodyFamilies<L>::metrics,0.12
lean3,grpc,64,capacity,1,l7_conn_segment,0.12
lean3,grpc,64,capacity,1,core::ptr::drop_in_place<core::option::Option<http::method::Method>>,0.12
lean3,grpc,64,capacity,1,0x00000000000004bc,0.12
lean3,grpc,64,capacity,1,0x000000000001d7dc,0.12
lean3,grpc,64,capacity,1,"core::ptr::drop_in_place<linkerd_app_core::errors::body::ResponseBody<linkerd_app_inbound::http::router::ClientRescue,linkerd_http_box::body::BoxBody>>",0.12
lean3,grpc,64,capacity,1,0x0000000000014a84,0.12
lean3,grpc,64,capacity,1,"core::ptr::drop_in_place<(dmesh_doca::runtime::readable::{{closure}},dmesh_doca::runtime::readable::{{closure}},dmesh_doca::runtime::readable::{{closure}},core::future::poll_fn::PollFn<dmesh_doca::runtime::run<dmesh_l7::ExternalBackend>::{{closure}}::{{closure}}::{{closure}}>,core::pin::Pin<&mut tokio::time::sleep::Sleep>)>",0.12
lean3,grpc,64,capacity,1,hyper::proto::h2::ping::Recorder::record_non_data,0.12
lean3,grpc,64,capacity,1,"linkerd_http_prom::record_response::request::<impl tower_service::Service<http::request::Request<ReqB>> for linkerd_http_prom::record_response::RecordDuration<L,linkerd_http_prom::record_response::request::RequestMetrics<<L as linkerd_http_prom::stream_label::MkStreamLabel>::DurationLabels>,S>>::call",0.12
lean3,grpc,64,capacity,1,__GI___libc_write,0.12
lean3,grpc,64,capacity,1,epoll_wait@plt,0.12
lean3,grpc,64,capacity,1,_rjem_je_tcache_bin_flush_stashed,0.11
lean3,grpc,64,capacity,1,"linkerd_http_metrics::requests::service::ResponseBody<B,C>::record_latency",0.11
lean3,grpc,64,capacity,1,linkerd_proxy_tap::registry::Registry::get_taps,0.11
lean3,grpc,64,capacity,1,0x00000000000148f4,0.11
lean3,grpc,64,capacity,1,<dmesh_l7::ExternalBackend as dmesh_doca::runtime::RuntimeBackend>::maintenance,0.11
lean3,grpc,64,capacity,1,h2::proto::streams::state::State::send_close,0.11
lean3,grpc,64,capacity,1,<hyper::proto::h2::PipeToSendStream<S> as core::future::future::Future>::poll,0.11
lean3,grpc,64,capacity,1,tokio::runtime::scheduler::current_thread::<impl tokio::runtime::task::Schedule for alloc::sync::Arc<tokio::runtime::scheduler::current_thread::Handle>>::schedule,0.11
lean3,grpc,64,capacity,1,hrtimer_try_to_cancel.part.0,0.11
lean3,grpc,64,capacity,1,_rjem_mallocx,0.11
lean3,grpc,64,capacity,1,0x000000000001d81c,0.11
lean3,grpc,64,capacity,1,doca_pe_request_notification,0.11
lean3,grpc,64,capacity,1,"indexmap::map::IndexMap<K,V,S>::swap_remove",0.11
lean3,grpc,64,capacity,1,tokio::sync::batch_semaphore::Semaphore::add_permits_locked,0.11
lean3,grpc,64,capacity,1,"<linkerd_io::sensor::SensorIo<T,S> as tokio::io::async_write::AsyncWrite>::poll_write_vectored",0.11
lean3,grpc,64,capacity,1,h2::frame::headers::HeaderBlock::into_encoding,0.11
lean3,grpc,64,capacity,1,"indexmap::map::IndexMap<K,V,S>::insert_full",0.11
lean3,grpc,64,capacity,1,"tokio::runtime::task::harness::Harness<T,S>::complete",0.11
lean3,grpc,64,capacity,1,<F as linkerd_stack_tracing::GetSpan<T>>::get_span,0.11
lean3,grpc,64,capacity,1,h2::proto::streams::buffer::Deque::push_back,0.1
lean3,grpc,64,capacity,1,"<linkerd_stack_tracing::Instrument<T,G,S> as tower_service::Service<Req>>::poll_ready",0.1
lean3,grpc,64,capacity,1,"indexmap::map::IndexMap<K,V,S>::get_index_of",0.1
lean3,grpc,64,capacity,1,__GI___pthread_enable_asynccancel,0.1
lean3,grpc,64,capacity,1,px_upstream_resolve.constprop.0,0.1
lean3,grpc,64,capacity,1,h2::proto::streams::state::State::recv_close,0.1
lean3,grpc,64,capacity,1,0x00000000000004d8,0.1
lean3,grpc,64,capacity,1,<tokio::sync::batch_semaphore::Acquire as core::future::future::Future>::poll,0.1
lean3,grpc,64,capacity,1,select_estimate_accuracy,0.1
lean3,grpc,64,capacity,1,h2::proto::streams::streams::Actions::reset_on_recv_stream_err,0.1
lean3,grpc,64,capacity,1,"<linkerd_stack_tracing::Instrument<T,G,S> as tower_service::Service<Req>>::call",0.1
lean3,grpc,64,capacity,1,<ahash::fallback_hash::AHasher as core::hash::Hasher>::write,0.1
lean3,grpc,64,capacity,1,0x00000000000004ac,0.1
lean3,grpc,64,capacity,1,px_parse,0.1
lean3,grpc,64,capacity,1,std::sys::pal::unix::time::Timespec::now,0.1
lean3,grpc,64,capacity,1,std::sys::pal::unix::time::Timespec::sub_timespec,0.1
lean3,grpc,64,capacity,1,linkerd_proxy_balance_queue::worker::PoolDriver<P>::drive::{{closure}},0.1
lean3,grpc,64,capacity,1,core::ptr::drop_in_place$LT$core..pin..Pin$LT$alloc..boxed..Box$LT$dyn$u20$core..future..future..Future$u2b$Output$u20$$u3d$$u20$$LP$$RP$$u2b$core..marker..Send$GT$$GT$$GT$::h223712d785558218,0.1
lean3,grpc,64,capacity,1,h2::proto::streams::flow_control::FlowControl::send_data,0.1
lean3,grpc,64,capacity,1,<linkerd_stack::result::ResultService<S> as tower_service::Service<T>>::call,0.1
lean3,grpc,64,capacity,1,http::extensions::Extensions::remove,0.1
lean3,grpc,64,capacity,1,<std::hash::random::DefaultHasher as core::hash::Hasher>::write,0.09
lean3,grpc,64,capacity,1,core::ptr::drop_in_place<h2::share::RecvStream>,0.09
lean3,grpc,64,capacity,1,"hashbrown::map::HashMap<K,V,S,A>::insert",0.09
lean3,grpc,64,capacity,1,memblock_is_map_memory,0.09
lean3,grpc,64,capacity,1,bytes::bytes_mut::BytesMut::reserve_inner,0.09
lean3,grpc,64,capacity,1,0x00000000000b03bc,0.09
lean3,grpc,64,capacity,1,__arm64_sys_epoll_pwait,0.09
lean3,grpc,64,capacity,1,_rjem_je_tcache_bin_flush_small,0.09
lean3,grpc,64,capacity,1,"h2::proto::streams::streams::Streams<B,P>::next_incoming",0.09
lean3,grpc,64,capacity,1,clock_gettime@@GLIBC_2.17,0.09
lean3,grpc,64,capacity,1,"core::ptr::drop_in_place<futures_util::future::either::Either<futures_util::future::try_future::MapErr<tower::util::oneshot::Oneshot<linkerd_stack::box_service::BoxCloneSyncService<http::request::Request<linkerd_http_box::body::BoxBody>,http::response::Response<linkerd_http_box::body::BoxBody>>,http::request::Request<linkerd_http_box::body::BoxBody>>,fn(alloc::boxed::Box<dyn core::error::Error+core::marker::Sync+core::marker::Send>) .> alloc::boxed::Box<dyn core::error::Error+core::marker::Sync+core::marker::Send>>,futures_util::future::ready::Ready<core::result::Result<http::response::Response<linkerd_http_box::body::BoxBody>,alloc::boxed::Box<dyn core::error::Error+core::marker::Sync+core::marker::Send>>>>>",0.09
lean3,grpc,64,capacity,1,"linkerd_http_classify::channel::_::<impl core::ops::drop::Drop for linkerd_http_classify::channel::ResponseBody<C,B>>::drop",0.09
lean3,grpc,64,capacity,1,mlx5dv_devx_get_event,0.09
lean3,grpc,64,capacity,1,<linkerd_io::prefixed::PrefixedIo<I> as tokio::io::async_read::AsyncRead>::poll_read,0.09
lean3,grpc,64,capacity,1,"core::ptr::drop_in_place<linkerd_app_outbound::http::logical::policy::route::Route<linkerd_app_outbound::http::Http<linkerd_app_outbound::sidecar::HttpSidecar>,linkerd_proxy_client_policy::http::Filter,linkerd_proxy_client_policy::http::RouteParams>>",0.09
lean3,grpc,64,capacity,1,tokio::runtime::scheduler::current_thread::Core::next_task,0.09
lean3,grpc,64,capacity,1,<core::net::socket_addr::SocketAddr as core::hash::Hash>::hash,0.09
lean3,grpc,64,capacity,1,"<linkerd_app_outbound::http::logical::policy::route::filters::ApplyFilters<A,S> as tower_service::Service<http::request::Request<B>>>::call",0.09
lean3,grpc,64,capacity,1,tokio::runtime::time::Driver::park_internal,0.09
lean3,grpc,64,capacity,1,0x0000000000079a70,0.09
lean3,grpc,64,capacity,1,"<linkerd_error_respond::RespondService<R,S> as tower_service::Service<Req>>::call",0.09
lean3,grpc,64,capacity,1,"<linkerd_http_body_eos::BodyWithEosFn<B,F> as http_body::Body>::poll_frame",0.09
lean3,grpc,64,capacity,1,"core::ptr::drop_in_place<linkerd_app_outbound::http::logical::policy::route::Matched<linkerd_http_route::http::match::RequestMatch,linkerd_app_outbound::http::logical::policy::route::Route<linkerd_app_outbound::http::Http<linkerd_app_outbound::sidecar::HttpSidecar>,linkerd_proxy_client_policy::http::Filter,linkerd_proxy_client_policy::http::RouteParams>>>",0.09
lean3,grpc,64,capacity,1,fsnotify_perm.part.0,0.09
lean3,grpc,64,capacity,1,tracing::span::Span::in_scope,0.09
lean3,grpc,64,capacity,1,core::ptr::drop_in_place<h2::frame::headers::Pseudo>,0.09
lean3,grpc,64,capacity,1,tokio::runtime::time::wheel::Wheel::remove,0.09
lean3,grpc,64,capacity,1,<core::pin::Pin<P> as core::future::future::Future>::poll,0.09
lean3,grpc,64,capacity,1,"core::ptr::drop_in_place<<futures_util::stream::futures_unordered::FuturesUnordered<Fut> as futures_core::stream::Stream>::poll_next::Bomb<tower::ready_cache::cache::Pending<core::net::socket_addr::SocketAddr,tower::load::peak_ewma::PeakEwma<linkerd_proxy_balance_gauge_endpoints::GaugeBalancerEndpoint<tower::util::boxed::sync::BoxService<http::request::Request<linkerd_http_box::body::BoxBody>,http::response::Response<linkerd_http_classify::channel::ResponseBody<linkerd_app_core::classify::Eos,linkerd_http_box::body::BoxBody>>,alloc::boxed::Box<dyn core::error::Error+core::marker::Sync+core::marker::Send>>>,hyper_balance::PendingUntilFirstData>,http::request::Request<linkerd_http_box::body::BoxBody>>>>",0.09
lean3,grpc,64,capacity,1,0x00000000000b03b4,0.09
lean3,grpc,64,capacity,1,linkerd_http_prom::record_response::end_stream,0.09
lean3,grpc,64,capacity,1,rseq_get_rseq_cs.isra.0,0.08
lean3,grpc,64,capacity,1,"<tokio::sync::mpsc::chan::Tx<T,S> as core::ops::drop::Drop>::drop",0.08
lean3,grpc,64,capacity,1,"core::ptr::drop_in_place<linkerd_http_box::response::BoxResponse<linkerd_trace_context::service::TraceContext<core::option::Option<linkerd_app_core::http_tracing::SpanConverter>,linkerd_error_respond::RespondService<linkerd_app_core::errors::respond::NewRespond<linkerd_app_outbound::http::server::ServerRescue>,linkerd_stack::monitor::Monitor<linkerd_app_outbound::metrics::error::http::Http,linkerd_stack::loadshed::LoadShed<tower::limit::concurrency::service::ConcurrencyLimit<linkerd_stack::box_service::BoxCloneSyncService<http::request::Request<linkerd_http_box::body::BoxBody>,http::response::Response<linkerd_http_box::body::BoxBody>>>>>>>>>",0.08
lean3,grpc,64,capacity,1,<h2::share::RecvStream as core::ops::drop::Drop>::drop,0.08
lean3,grpc,64,capacity,1,linkerd_proxy_balance_queue::worker::PoolDriver<P>::ready_or_failfast::{{closure}},0.08
lean3,grpc,64,capacity,1,"<linkerd_http_metrics::requests::service::RequestBody<B,C> as http_body::Body>::poll_frame",0.08
lean3,grpc,64,capacity,1,"core::ptr::drop_in_place<linkerd_app_core::errors::body::ResponseBody<linkerd_app_outbound::http::endpoint::ClientRescue,linkerd_http_stream_timeouts::ResponseBody<linkerd_http_box::body::BoxBody>>>",0.08
lean3,grpc,64,capacity,1,h2::proto::streams::stream::Stream::new,0.08
lean3,grpc,64,capacity,1,_rjem_je_arena_palloc,0.08
lean3,grpc,64,capacity,1,http::header::map::Entry<T>::or_try_insert_with,0.08
lean3,grpc,64,capacity,1,<linkerd_app_core::classify::Eos as linkerd_http_classify::ClassifyEos>::eos,0.08
lean3,grpc,64,capacity,1,<hyper_util::rt::tokio::TokioIo<T> as hyper::rt::io::Read>::poll_read,0.08
lean3,grpc,64,capacity,1,<linkerd_app_core::classify::Request as linkerd_http_classify::Classify>::classify,0.08
lean3,grpc,64,capacity,1,h2::hpack::decoder::decode_int,0.08
lean3,grpc,64,capacity,1,linkerd_http_route::find::{{closure}}::{{closure}},0.08
lean3,grpc,64,capacity,1,linkerd_proxy_balance_queue::failfast::Failfast::set_ready,0.08
lean3,grpc,64,capacity,1,dmesh_l7_release,0.08
lean3,grpc,64,capacity,1,__arch_copy_from_user,0.08
lean3,grpc,64,capacity,1,"core::ptr::drop_in_place<tracing::instrument::Instrumented<linkerd_http_classify::channel::ResponseFuture<linkerd_app_core::classify::Response,linkerd_http_box::body::BoxBody,linkerd_stack::map_err::ResponseFuture<(),core::pin::Pin<alloc::boxed::Box<dyn core::future::future::Future+Output = core::result::Result<http::response::Response<linkerd_http_box::body::BoxBody>,alloc::boxed::Box<dyn core::error::Error+core::marker::Sync+core::marker::Send>>+core::marker::Send>>>>>>",0.08
lean3,grpc,64,capacity,1,<hyper_util::rt::tokio::TokioIo<T> as hyper::rt::io::Write>::poll_write_vectored,0.08
lean3,grpc,64,capacity,1,<Q as hashbrown::Equivalent<K>>::equivalent,0.08
lean3,grpc,64,capacity,1,http::header::map::HeaderMap<T>::get_all,0.08
lean3,grpc,64,capacity,1,<bytes::bytes::Bytes as bytes::buf::buf_impl::Buf>::remaining,0.08
lean3,grpc,64,capacity,1,h2::proto::streams::prioritize::Prioritize::pop_pending_open,0.08
lean3,grpc,64,capacity,1,__fdget,0.08
lean3,grpc,64,capacity,1,"core::ptr::drop_in_place<linkerd_http_classify::channel::ResponseBody<linkerd_app_core::classify::Eos,linkerd_http_box::body::BoxBody>>",0.08
lean3,grpc,64,capacity,1,__aarch64_cas4_acq_rel,0.08
lean3,grpc,64,capacity,1,__schedule,0.08
lean3,grpc,64,capacity,1,0x00000000000b0370,0.08
lean3,grpc,64,capacity,1,dmesh_doca::runtime::readable::{{closure}},0.08
lean3,grpc,64,capacity,1,linkerd_http_route::find::{{closure}},0.07
lean3,grpc,64,capacity,1,_rjem_je_hook_invoke_alloc,0.07
lean3,grpc,64,capacity,1,h2::proto::streams::streams::StreamRef<B>::send_trailers,0.07
lean3,grpc,64,capacity,1,"core::ptr::drop_in_place<linkerd_app_outbound::http::logical::policy::router::Router<linkerd_app_outbound::http::Http<linkerd_app_outbound::sidecar::HttpSidecar>,linkerd_http_route::http::match::MatchRequest,linkerd_proxy_client_policy::http::Filter,linkerd_proxy_client_policy::http::RouteParams>>",0.07
lean3,grpc,64,capacity,1,__aarch64_swp1_rel,0.07
lean3,grpc,64,capacity,1,h2::proto::streams::prioritize::Prioritize::reclaim_frame_inner,0.07
lean3,grpc,64,capacity,1,tokio::runtime::task::waker::wake_by_ref,0.07
lean3,grpc,64,capacity,1,h2::proto::streams::store::Store::find_mut,0.07
lean3,grpc,64,capacity,1,"hyper::proto::h2::client::ClientTask<B,E,T>::poll_pipe",0.07
lean3,grpc,64,capacity,1,"<linkerd_stack_tracing::Instrument<T,G,S> as core::ops::drop::Drop>::drop",0.07
lean3,grpc,64,capacity,1,core::ptr::drop_in_place<std::sync::poison::mutex::MutexGuard<tower::load::peak_ewma::RttEstimate>>,0.07
lean3,grpc,64,capacity,1,__kernel_clock_gettime,0.07
lean3,grpc,64,capacity,1,h2::proto::peer::Dyn::convert_poll_message,0.07
lean3,grpc,64,capacity,1,linkerd_proxy_tap::service::Body<B>::new,0.07
lean3,grpc,64,capacity,1,tonic::codec::decode::StreamingInner::decode_chunk,0.07
lean3,grpc,64,capacity,1,__aarch64_swp1_acq,0.07
lean3,grpc,64,capacity,1,linkerd_app_outbound::http::logical::policy::route::metrics::labels::Route::new,0.07
lean3,grpc,64,capacity,1,0x00000000000b6e58,0.07
lean3,grpc,64,capacity,1,core::ptr::drop_in_place<linkerd_proxy_balance_queue::QueueMetrics>,0.07
lean3,grpc,64,capacity,1,__aarch64_swp8_relax,0.07
lean3,grpc,64,capacity,1,hashbrown::raw::RawTableInner::drop_elements,0.07
lean3,grpc,64,capacity,1,0x00000000000b03b0,0.07
lean3,grpc,64,capacity,1,tokio_util::sync::mpsc::make_acquire_future::_$u7b$$u7b$closure$u7d$$u7d$::h050ad1166d110b85,0.07
lean3,grpc,64,capacity,1,http::uri::path::PathAndQuery::from_shared,0.07
lean3,grpc,64,capacity,1,<linkerd_addr::Addr as core::hash::Hash>::hash,0.07
lean3,grpc,64,capacity,1,ep_done_scan,0.07
lean3,grpc,64,capacity,1,h2::proto::streams::stream::Stream::notify_capacity,0.07
lean3,grpc,64,capacity,1,"<alloc::vec::Vec<T> as alloc::vec::spec_from_iter::SpecFromIter<T,I>>::from_iter",0.07
lean3,grpc,64,capacity,1,"<alloc::sync::Arc<T,A> as alloc::sync::ArcEqIdent<T,A>>::eq",0.07
lean3,grpc,64,capacity,1,handle_softirqs,0.07
lean3,grpc,64,capacity,1,"<linkerd_http_classify::channel::BroadcastClassification<C,S> as tower_service::Service<http::request::Request<ReqB>>>::call",0.07
lean3,grpc,64,capacity,1,<tracing_subscriber::registry::sharded::Registry as tracing_core::subscriber::Subscriber>::current_span,0.07
lean3,grpc,64,capacity,1,"h2::proto::streams::streams::Streams<B,P>::clear_expired_reset_streams",0.07
lean3,grpc,64,capacity,1,<tower::spawn_ready::service::SpawnReady<S> as tower_service::Service<Req>>::poll_ready,0.07
lean3,grpc,64,capacity,1,ktime_get_ts64,0.07
lean3,grpc,64,capacity,1,__errno_location,0.07
lean3,grpc,64,capacity,1,security_file_permission,0.07
lean3,grpc,64,capacity,1,h2::client::SendRequest<B>::poll_ready,0.07
lean3,grpc,64,capacity,1,"core::ptr::drop_in_place<linkerd_stack::result::ResultService<linkerd_stack::either::vendor::Either<tower::util::boxed::sync::BoxService<linkerd_io::sensor::SensorIo<linkerd_io::prefixed::PrefixedIo<linkerd_io::either::EitherIo<linkerd_meshtls::server::ServerIo<linkerd_io::either::EitherIo<linkerd_io::scoped::ScopedIo<tokio::net::tcp::stream::TcpStream>,linkerd_io::prefixed::PrefixedIo<linkerd_io::scoped::ScopedIo<tokio::net::tcp::stream::TcpStream>>>>,linkerd_io::either::EitherIo<linkerd_io::scoped::ScopedIo<tokio::net::tcp::stream::TcpStream>,linkerd_io::prefixed::PrefixedIo<linkerd_io::scoped::ScopedIo<tokio::net::tcp::stream::TcpStream>>>>>,linkerd_transport_metrics::sensor::Sensor>,(),alloc::boxed::Box<dyn core::error::Error+core::marker::Sync+core::marker::Send>>,tower::util::boxed::sync::BoxService<linkerd_io::sensor::SensorIo<linkerd_io::prefixed::PrefixedIo<linkerd_io::either::EitherIo<linkerd_meshtls::server::ServerIo<linkerd_io::either::EitherIo<linkerd_io::scoped::ScopedIo<tokio::net::tcp::stream::TcpStream>,linkerd_io::prefixed::PrefixedIo<linkerd_io::scoped::ScopedIo<tokio::net::tcp::stream::TcpStream>>>>,linkerd_io::either::EitherIo<linkerd_io::scoped::ScopedIo<tokio::net::tcp::stream::TcpStream>,linkerd_io::prefixed::PrefixedIo<linkerd_io::scoped::ScopedIo<tokio::net::tcp::stream::TcpStream>>>>>,linkerd_transport_metrics::sensor::Sensor>,(),alloc::boxed::Box<dyn core::error::Error+core::marker::Sync+core::marker::Send>>>>>",0.07
lean3,grpc,64,capacity,1,alloc::raw_vec::RawVecInner<A>::reserve::do_reserve_and_handle,0.07
lean3,grpc,64,capacity,1,h2::proto::streams::recv::Recv::recv_trailers,0.07
lean3,grpc,64,capacity,1,"tower::ready_cache::cache::ReadyCache<K,S,Req>::push_pending",0.07
lean3,grpc,64,capacity,1,set_user_sigmask,0.07
lean3,grpc,64,capacity,1,"core::ptr::drop_in_place<hyper_util::service::glue::TowerToHyperServiceFuture<linkerd_http_box::request::BoxRequest<hyper::body::incoming::Incoming,linkerd_proxy_http::client_handle::SetClientHandle<linkerd_stack::box_service::BoxCloneSyncService<http::request::Request<linkerd_http_box::body::BoxBody>,http::response::Response<linkerd_http_box::body::BoxBody>>>>,http::request::Request<hyper::body::incoming::Incoming>>>",0.07
lean3,grpc,64,capacity,1,priv_doca_pe_resume_ctx@plt,0.07
lean3,grpc,64,capacity,1,_rjem_je_arena_ralloc,0.07
lean3,grpc,64,capacity,1,"tokio::sync::mpsc::chan::Rx<T,S>::recv",0.06
lean3,grpc,64,capacity,1,"alloc::sync::Arc<T,A>::drop_slow",0.06
lean3,grpc,64,capacity,1,"core::ptr::drop_in_place<tower::util::oneshot::State<linkerd_stack::box_service::BoxCloneSyncService<http::request::Request<linkerd_http_box::body::BoxBody>,http::response::Response<linkerd_http_box::body::BoxBody>>,http::request::Request<linkerd_http_box::body::BoxBody>>>",0.06
lean3,grpc,64,capacity,1,do_epoll_pwait.part.0,0.06
lean3,grpc,64,capacity,1,<hyper_util::rt::tokio::TokioIo<T> as hyper::rt::io::Write>::poll_flush,0.06
lean3,grpc,64,capacity,1,__arch_copy_to_user,0.06
lean3,grpc,64,capacity,1,bytes::bytes_mut::shared_v_drop,0.06
lean3,grpc,64,capacity,1,"tokio::sync::mpsc::chan::Tx<T,S>::send",0.06
lean3,grpc,64,capacity,1,hyper::proto::h2::ping::Recorder::record_data,0.06
lean3,grpc,64,capacity,1,<linkerd_proxy_http::normalize_uri::MarkAbsoluteForm<S> as tower_service::Service<http::request::Request<B>>>::call,0.06
lean3,grpc,64,capacity,1,h2::proto::streams::send::Send::check_headers,0.06
lean3,grpc,64,capacity,1,"core::ptr::drop_in_place<linkerd_http_box::response::BoxResponse<linkerd_http_prom::body_data::request::RecordBodyData<linkerd_http_prom::status::RecordStatusCode<linkerd_http_prom::record_response::RecordDuration<linkerd_app_outbound::http::logical::policy::route::Matched<linkerd_http_route::http::match::RequestMatch,linkerd_app_outbound::http::logical::policy::route::Route<linkerd_app_outbound::http::Http<linkerd_app_outbound::sidecar::HttpSidecar>,linkerd_proxy_client_policy::http::Filter,linkerd_proxy_client_policy::http::RouteParams>>,linkerd_http_prom::record_response::request::RequestMetrics<linkerd_app_outbound::http::logical::policy::route::metrics::labels::Route>,linkerd_app_outbound::http::logical::policy::route::extensions::SetExtensions<linkerd_http_retry::HttpRetry<linkerd_app_outbound::http::logical::policy::route::retry::RetryPolicy,linkerd_app_outbound::http::logical::policy::route::metrics::labels::Route,linkerd_app_outbound::http::logical::policy::route::Matched<linkerd_http_route::http::match::RequestMatch,linkerd_app_outbound::http::logical::policy::route::Route<linkerd_app_outbound::http::Http<linkerd_app_outbound::sidecar::HttpSidecar>,linkerd_proxy_client_policy::http::Filter,linkerd_proxy_client_policy::http::RouteParams>>,linkerd_app_outbound::http::logical::policy::route::filters::ApplyFilters<linkerd_app_outbound::http::logical::policy::route::Matched<linkerd_http_route::http::match::RequestMatch,linkerd_app_outbound::http::logical::policy::route::Route<linkerd_app_outbound::http::Http<linkerd_app_outbound::sidecar::HttpSidecar>,linkerd_proxy_client_policy::http::Filter,linkerd_proxy_client_policy::http::RouteParams>>,linkerd_stack::loadshed::LoadShed<linkerd_distribute::service::Distribute<linkerd_app_outbound::http::logical::policy::route::backend::Backend<linkerd_app_outbound::http::Http<linkerd_app_outbound::sidecar::HttpSidecar>,linkerd_proxy_client_policy::http::Filter>,linkerd_stack::box_service::BoxCloneSyncService<http::request::Request<linkerd_http_box::body::BoxBody>,http::response::Response<linkerd_http_box::body::BoxBody>>>>>>>>,linkerd_app_outbound::http::logical::policy::route::Matched<linkerd_http_route::http::match::RequestMatch,linkerd_app_outbound::http::logical::policy::route::Route<linkerd_app_outbound::http::Http<linkerd_app_outbound::sidecar::HttpSidecar>,linkerd_proxy_client_policy::http::Filter,linkerd_proxy_client_policy::http::RouteParams>>,linkerd_app_outbound::http::logical::policy::route::metrics::labels::Rsp<linkerd_app_outbound::http::logical::policy::route::metrics::labels::Route,linkerd_app_outbound::http::logical::policy::route::metrics::labels::HttpRsp>>,linkerd_app_outbound::http::logical::policy::route::metrics::ExtractBodyDataMetrics<linkerd_app_outbound::http::logical::policy::route::Matched<linkerd_http_route::http::match::RequestMatch,linkerd_app_outbound::http::logical::policy::route::Route<linkerd_app_outbound::http::Http<linkerd_app_outbound::sidecar::HttpSidecar>,linkerd_proxy_client_policy::http::Filter,linkerd_proxy_client_policy::http::RouteParams>>>>>>",0.06
lean3,grpc,64,capacity,1,dmesh_doca::io::DmeshIo::poll_transmit,0.06
lean3,grpc,64,capacity,1,h2::codec::framed_write::Encoder<B>::unset_frame,0.06
lean3,grpc,64,capacity,1,__aarch64_ldset8_acq_rel,0.06
lean3,grpc,64,capacity,1,h2::proto::streams::recv::Recv::release_connection_capacity,0.06
lean3,grpc,64,capacity,1,priv_doca_cq_empty@plt,0.06
lean3,grpc,64,capacity,1,dmesh_l7_driver_clear_notifications,0.06
lean3,grpc,64,capacity,1,linkerd_proxy_tap::service::_::<impl core::ops::drop::Drop for linkerd_proxy_tap::service::Body<B>>::drop,0.06
lean3,grpc,64,capacity,1,blkcg_maybe_throttle_current,0.06
lean3,grpc,64,capacity,1,"<alloc::vec::drain::Drain<T,A> as core::ops::drop::Drop>::drop",0.06
lean3,grpc,64,capacity,1,0x000000000001d7c4,0.06
lean3,grpc,64,capacity,1,0x0000000000003320,0.06
lean3,grpc,64,capacity,1,tokio::runtime::task::waker::drop_waker,0.06
lean3,grpc,64,capacity,1,h2::proto::streams::streams::StreamRef<B>::poll_reset,0.06
lean3,grpc,64,capacity,1,<hyper::common::io::compat::Compat<T> as tokio::io::async_read::AsyncRead>::poll_read,0.06
lean3,grpc,64,capacity,1,priv_doca_pe_resume_ctx,0.06
lean3,grpc,64,capacity,1,exp@@GLIBC_2.29,0.06
lean3,grpc,64,capacity,1,<dmesh_doca::io::DmeshIo as tokio::io::async_read::AsyncRead>::poll_read,0.06
lean3,grpc,64,capacity,1,vfs_write,0.06
lean3,grpc,64,capacity,1,<dmesh_l7::DirectWriter as dmesh_doca::io::TxWriter>::flush,0.06
lean3,grpc,64,capacity,1,"core::ptr::drop_in_place<tracing::instrument::Instrumented<hyper::proto::h2::client::H2ClientFuture<linkerd_http_box::body::BoxBody,hyper_util::rt::tokio::TokioIo<linkerd_io::sensor::SensorIo<linkerd_io::sensor::SensorIo<linkerd_io::either::EitherIo<linkerd_io::either::EitherIo<linkerd_io::scoped::ScopedIo<tokio::net::tcp::stream::TcpStream>,dmesh_doca::io::DmeshIo>,linkerd_meshtls::client::ClientIo<linkerd_io::either::EitherIo<linkerd_io::scoped::ScopedIo<tokio::net::tcp::stream::TcpStream>,dmesh_doca::io::DmeshIo>>>,linkerd_transport_metrics::sensor::Sensor>,linkerd_transport_metrics::zone::sensor::ZoneMetricsSensor>>,hyper_util::rt::tokio::TokioExecutor>>>",0.06
lean3,grpc,64,capacity,1,h2::proto::streams::streams::StreamRef<B>::send_response,0.06
lean3,grpc,64,capacity,1,"core::ptr::drop_in_place<linkerd_stack::box_future::BoxFuture<linkerd_stack::map_err::MapErr<(),linkerd_idle_cache::Cached<linkerd_stack::box_service::BoxCloneSyncService<http::request::Request<linkerd_http_box::body::BoxBody>,http::response::Response<linkerd_http_box::body::BoxBody>>>>>>",0.05
lean3,grpc,64,capacity,1,core::ptr::drop_in_place<linkerd_http_retry::MetricFamilies<linkerd_app_outbound::http::logical::policy::route::metrics::labels::Route>>,0.05
lean3,grpc,64,capacity,1,eventfd_poll,0.05
lean3,grpc,64,capacity,1,0x000000000001d858,0.05
lean3,grpc,64,capacity,1,__check_heap_object,0.05
lean3,grpc,64,capacity,1,px_lane_enqueue,0.05
lean3,grpc,64,capacity,1,px_unit_prepare,0.05
lean3,grpc,64,capacity,1,tokio::runtime::scheduler::current_thread::Context::park,0.05
lean3,grpc,64,capacity,1,clock_gettime@plt,0.05
lean3,grpc,64,capacity,1,"linkerd_http_prom::record_response::response::<impl tower_service::Service<http::request::Request<linkerd_http_box::body::BoxBody>> for linkerd_http_prom::record_response::RecordDuration<M,linkerd_http_prom::record_response::response::ResponseMetrics<<M as linkerd_http_prom::stream_label::MkStreamLabel>::DurationLabels>,S>>::call",0.05
lean3,grpc,64,capacity,1,h2::proto::streams::streams::maybe_cancel,0.05
lean3,grpc,64,capacity,1,"core::ptr::drop_in_place<<linkerd_proxy_tap::service::TapHttp<linkerd_error_respond::RespondService<linkerd_app_core::errors::respond::NewRespond<linkerd_app_outbound::http::endpoint::ClientRescue>,linkerd_http_stream_timeouts::EnforceTimeouts<linkerd_http_box::request::BoxRequest<linkerd_http_stream_timeouts::RequestBody<linkerd_http_metrics::requests::service::RequestBody<linkerd_http_box::body::BoxBody,linkerd_app_core::classify::Class>>,linkerd_app_outbound::http::handle_proxy_error_headers::HandleProxyErrorHeaders<tower::util::boxed::sync::BoxService<http::request::Request<linkerd_http_box::body::BoxBody>,http::response::Response<linkerd_http_box::body::BoxBody>,alloc::boxed::Box<dyn core::error::Error+core::marker::Sync+core::marker::Send>>>>>>,linkerd_app_outbound::http::concrete::Endpoint<linkerd_app_outbound::http::logical::Concrete<linkerd_app_outbound::http::Http<linkerd_app_gateway::http::Target>>>> as tower_service::Service<http::request::Request<linkerd_http_metrics::requests::service::RequestBody<linkerd_http_box::body::BoxBody,linkerd_app_core::classify::Class>>>>::call::{{closure}}>",0.05
lean3,grpc,64,capacity,1,0x000000000000e76c,0.05
lean3,grpc,64,capacity,1,h2::proto::streams::recv::Recv::open,0.05
lean3,grpc,64,capacity,1,"<http_body_util::combinators::map_err::MapErr<B,F> as http_body::Body>::poll_frame",0.05
lean3,grpc,64,capacity,1,<h2::proto::streams::store::Ptr as core::ops::deref::DerefMut>::deref_mut,0.05
lean3,grpc,64,capacity,1,core::ptr::drop_in_place<core::option::Option<linkerd_app_core::http_tracing::SpanConverter>>,0.05
lean3,grpc,64,capacity,1,http::uri::Uri::from_parts,0.05
lean3,grpc,64,capacity,1,h2::proto::streams::recv::Recv::clear_expired_reset_streams,0.05
lean3,grpc,64,capacity,1,vfs_read,0.05
lean3,grpc,64,capacity,1,tokio::runtime::scheduler::current_thread::Context::park_internal,0.05
lean3,grpc,64,capacity,1,h2::proto::streams::streams::StreamRef<B>::reserve_capacity,0.05
lean3,grpc,64,capacity,1,bytes::bytes_mut::BytesMut::split_to,0.05
lean3,grpc,64,capacity,1,h2::proto::streams::send::Send::recv_connection_window_update,0.05
lean3,grpc,64,capacity,1,"core::ptr::drop_in_place<linkerd_stack::box_future::BoxFuture<linkerd_stack::map_err::MapErr<(),linkerd_stack::map_err::MapErr<linkerd_app_outbound::http::logical::policy::route::Matched<linkerd_http_route::http::match::RequestMatch,linkerd_app_outbound::http::logical::policy::route::Route<linkerd_app_outbound::http::Http<linkerd_app_outbound::sidecar::HttpSidecar>,linkerd_proxy_client_policy::http::Filter,linkerd_proxy_client_policy::http::RouteParams>>::layer<linkerd_distribute::cache::BackendCache<linkerd_app_outbound::http::logical::Concrete<linkerd_app_outbound::http::Http<linkerd_app_outbound::sidecar::HttpSidecar>>,linkerd_stack::box_service::BoxCloneSyncService<http::request::Request<linkerd_http_box::body::BoxBody>,http::response::Response<linkerd_http_box::body::BoxBody>>>,linkerd_stack::box_service::BoxCloneSyncService<http::request::Request<linkerd_http_box::body::BoxBody>,http::response::Response<linkerd_http_box::body::BoxBody>>>::{{closure}}::{{closure}}::{{closure}},linkerd_http_classify::insert::InsertClassifyResponse<linkerd_app_core::classify::Request,linkerd_http_box::response::BoxResponse<linkerd_http_prom::body_data::request::RecordBodyData<linkerd_http_prom::status::RecordStatusCode<linkerd_http_prom::record_response::RecordDuration<linkerd_app_outbound::http::logical::policy::route::Matched<linkerd_http_route::http::match::RequestMatch,linkerd_app_outbound::http::logical::policy::route::Route<linkerd_app_outbound::http::Http<linkerd_app_outbound::sidecar::HttpSidecar>,linkerd_proxy_client_policy::http::Filter,linkerd_proxy_client_policy::http::RouteParams>>,linkerd_http_prom::record_response::request::RequestMetrics<linkerd_app_outbound::http::logical::policy::route::metrics::labels::Route>,linkerd_app_outbound::http::logical::policy::route::extensions::SetExtensions<linkerd_http_retry::HttpRetry<linkerd_app_outbound::http::logical::policy::route::retry::RetryPolicy,linkerd_app_outbound::http::logical::policy::route::metrics::labels::Route,linkerd_app_outbound::http::logical::policy::route::Matched<linkerd_http_route::http::match::RequestMatch,linkerd_app_outbound::http::logical::policy::route::Route<linkerd_app_outbound::http::Http<linkerd_app_outbound::sidecar::HttpSidecar>,linkerd_proxy_client_policy::http::Filter,linkerd_proxy_client_policy::http::RouteParams>>,linkerd_app_outbound::http::logical::policy::route::filters::ApplyFilters<linkerd_app_outbound::http::logical::policy::route::Matched<linkerd_http_route::http::match::RequestMatch,linkerd_app_outbound::http::logical::policy::route::Route<linkerd_app_outbound::http::Http<linkerd_app_outbound::sidecar::HttpSidecar>,linkerd_proxy_client_policy::http::Filter,linkerd_proxy_client_policy::http::RouteParams>>,linkerd_stack::loadshed::LoadShed<linkerd_distribute::service::Distribute<linkerd_app_outbound::http::logical::policy::route::backend::Backend<linkerd_app_outbound::http::Http<linkerd_app_outbound::sidecar::HttpSidecar>,linkerd_proxy_client_policy::http::Filter>,linkerd_stack::box_service::BoxCloneSyncService<http::request::Request<linkerd_http_box::body::BoxBody>,http::response::Response<linkerd_http_box::body::BoxBody>>>>>>>>,linkerd_app_outbound::http::logical::policy::route::Matched<linkerd_http_route::http::match::RequestMatch,linkerd_app_outbound::http::logical::policy::route::Route<linkerd_app_outbound::http::Http<linkerd_app_outbound::sidecar::HttpSidecar>,linkerd_proxy_client_policy::http::Filter,linkerd_proxy_client_policy::http::RouteParams>>,linkerd_app_outbound::http::logical::policy::route::metrics::labels::Rsp<linkerd_app_outbound::http::logical::policy::route::metrics::labels::Route,linkerd_app_outbound::http::logical::policy::route::metrics::labels::HttpRsp>>,linkerd_app_outbound::http::logical::policy::route::metrics::ExtractBodyDataMetrics<linkerd_app_outbound::http::logical::policy::route::Matched<linkerd_http_route::http::match::RequestMatch,linkerd_app_outbound::http::logical::policy::route::Route<linkerd_app_outbound::http::Http<linkerd_app_outbound::sidecar::HttpSidecar>,linkerd_proxy_client_policy::http::Filter,linkerd_proxy_client_policy::http::RouteParams>>>>>>>>>>",0.05
lean3,grpc,64,capacity,1,check_stack_object,0.05
lean3,grpc,64,capacity,1,"core::ptr::drop_in_place<linkerd_proxy_balance_queue::future::ResponseState<futures_util::future::try_future::ErrInto<tower::load::completion::TrackCompletionFuture<core::pin::Pin<alloc::boxed::Box<dyn core::future::future::Future+Output = core::result::Result<http::response::Response<linkerd_http_classify::channel::ResponseBody<linkerd_app_core::classify::Eos,linkerd_http_box::body::BoxBody>>,alloc::boxed::Box<dyn core::error::Error+core::marker::Sync+core::marker::Send>>+core::marker::Send>>,hyper_balance::PendingUntilFirstData,tower::load::peak_ewma::Handle>,alloc::boxed::Box<dyn core::error::Error+core::marker::Sync+core::marker::Send>>>>",0.05
lean3,grpc,64,capacity,1,"core::ptr::drop_in_place<linkerd_stack::map_err::WrapFromTarget<linkerd_app_outbound::http::logical::RouterParams<linkerd_app_outbound::http::Http<linkerd_app_outbound::sidecar::HttpSidecar>>,linkerd_app_outbound::http::logical::LogicalError>>",0.05
lean3,grpc,64,capacity,1,px_parse_l7,0.05
lean3,grpc,64,capacity,1,"core::ptr::drop_in_place<linkerd_stack::map_err::ResponseFuture<(),linkerd_stack::map_err::ResponseFuture<linkerd_stack::map_err::WrapFromTarget<linkerd_app_outbound::http::logical::RouterParams<linkerd_app_outbound::http::Http<linkerd_app_outbound::sidecar::HttpSidecar>>,linkerd_app_outbound::http::logical::LogicalError>,futures_util::future::try_future::ErrInto<linkerd_stack::either::vendor::Either<core::pin::Pin<alloc::boxed::Box<dyn core::future::future::Future+Output = core::result::Result<http::response::Response<linkerd_http_box::body::BoxBody>,alloc::boxed::Box<dyn core::error::Error+core::marker::Sync+core::marker::Send>>+core::marker::Send>>,futures_util::future::try_future::ErrInto<linkerd_stack::either::vendor::Either<core::pin::Pin<alloc::boxed::Box<dyn core::future::future::Future+Output = core::result::Result<http::response::Response<linkerd_http_box::body::BoxBody>,alloc::boxed::Box<dyn core::error::Error+core::marker::Sync+core::marker::Send>>+core::marker::Send>>,core::pin::Pin<alloc::boxed::Box<dyn core::future::future::Future+Output = core::result::Result<http::response::Response<linkerd_http_box::body::BoxBody>,alloc::boxed::Box<dyn core::error::Error+core::marker::Sync+core::marker::Send>>+core::marker::Send>>>,alloc::boxed::Box<dyn core::error::Error+core::marker::Sync+core::marker::Send>>>,alloc::boxed::Box<dyn core::error::Error+core::marker::Sync+core::marker::Send>>>>>",0.05
lean3,grpc,64,capacity,1,pthread_mutex_trylock@@GLIBC_2.34,0.05
lean3,grpc,64,capacity,1,"hyper::client::dispatch::Receiver<T,U>::poll_recv",0.05
lean3,grpc,64,capacity,1,core::ptr::drop_in_place<[http::header::map::Bucket<http::header::value::HeaderValue>]>,0.05
lean3,grpc,64,capacity,1,__errno_location@plt,0.05
lean3,grpc,64,capacity,1,"<E as hyper::rt::bounds::h2_client::Http2ClientConnExec<B,T>>::execute_h2_future",0.05
lean3,grpc,64,capacity,1,tonic::codec::decode::StreamingInner::poll_frame,0.05
lean3,grpc,64,capacity,1,h2::proto::streams::recv::Recv::release_capacity,0.05
lean3,grpc,64,capacity,1,core::ptr::drop_in_place<http::uri::Uri>,0.05
lean3,grpc,64,capacity,1,px_resolve_backend,0.05
lean3,grpc,64,capacity,1,schedule_hrtimeout_range,0.05
lean3,grpc,64,capacity,1,"core::ptr::drop_in_place<linkerd_stack::box_future::BoxFuture<linkerd_stack::map_err::MapErr<(),linkerd_router::OneshotRoute<linkerd_app_outbound::http::logical::policy::router::Router<linkerd_app_outbound::http::Http<linkerd_app_outbound::sidecar::HttpSidecar>,linkerd_http_route::http::match::MatchRequest,linkerd_proxy_client_policy::http::Filter,linkerd_proxy_client_policy::http::RouteParams>,linkerd_router::cache::Cache<linkerd_app_outbound::http::logical::policy::route::Matched<linkerd_http_route::http::match::RequestMatch,linkerd_app_outbound::http::logical::policy::route::Route<linkerd_app_outbound::http::Http<linkerd_app_outbound::sidecar::HttpSidecar>,linkerd_proxy_client_policy::http::Filter,linkerd_proxy_client_policy::http::RouteParams>>,linkerd_stack::arc_new_service::ArcNewService<linkerd_app_outbound::http::logical::policy::route::Matched<linkerd_http_route::http::match::RequestMatch,linkerd_app_outbound::http::logical::policy::route::Route<linkerd_app_outbound::http::Http<linkerd_app_outbound::sidecar::HttpSidecar>,linkerd_proxy_client_policy::http::Filter,linkerd_proxy_client_policy::http::RouteParams>>,linkerd_stack::box_service::BoxCloneSyncService<http::request::Request<linkerd_http_box::body::BoxBody>,http::response::Response<linkerd_http_box::body::BoxBody>>>,linkerd_stack::box_service::BoxCloneSyncService<http::request::Request<linkerd_http_box::body::BoxBody>,http::response::Response<linkerd_http_box::body::BoxBody>>>>>>>",0.05
lean3,grpc,64,capacity,1,mutex_unlock,0.05
lean3,grpc,64,capacity,1,0x0000000000005994,0.05
lean3,grpc,64,capacity,1,"<alloc::vec::Vec<T,A> as core::clone::Clone>::clone",0.05
lean3,grpc,64,capacity,1,<linkerd_http_box::body::Inner<B> as http_body::Body>::size_hint,0.05
lean3,grpc,64,capacity,1,px_worker_arm_notification,0.04
lean3,grpc,64,capacity,1,h2::proto::streams::streams::StreamRef<B>::capacity,0.04
lean3,grpc,64,capacity,1,px_ack_queue_push,0.04
lean3,grpc,64,capacity,1,tokio::util::wake::clone_arc_raw,0.04
lean3,grpc,64,capacity,1,epoll_wait,0.04
lean3,grpc,64,capacity,1,h2::proto::streams::stream::Stream::send_data,0.04
lean3,grpc,64,capacity,1,"core::ptr::drop_in_place<futures_util::future::try_future::into_future::IntoFuture<linkerd_stack::either::vendor::Either<core::pin::Pin<alloc::boxed::Box<dyn core::future::future::Future+Output = core::result::Result<(),alloc::boxed::Box<dyn core::error::Error+core::marker::Sync+core::marker::Send>>+core::marker::Send>>,core::pin::Pin<alloc::boxed::Box<dyn core::future::future::Future+Output = core::result::Result<(),alloc::boxed::Box<dyn core::error::Error+core::marker::Sync+core::marker::Send>>+core::marker::Send>>>>>",0.04
lean3,grpc,64,capacity,1,doca_task_try_submit,0.04
lean3,grpc,64,capacity,1,px_engine_wake,0.04
lean3,grpc,64,capacity,1,rw_verify_area,0.04
lean3,grpc,64,capacity,1,"core::ptr::drop_in_place<linkerd_stack::map_err::ResponseFuture<(),tracing::instrument::Instrumented<core::pin::Pin<alloc::boxed::Box<dyn core::future::future::Future+Output = core::result::Result<http::response::Response<linkerd_http_box::body::BoxBody>,alloc::boxed::Box<dyn core::error::Error+core::marker::Sync+core::marker::Send>>+core::marker::Send>>>>>",0.04
lean3,grpc,64,capacity,1,std::sync::poison::mutex::Mutex<T>::lock,0.04
lean3,grpc,64,capacity,1,finish_task_switch.isra.0,0.04
lean3,grpc,64,capacity,1,"<futures_util::future::try_future::MapErr<Fut,F> as core::future::future::Future>::poll",0.04
lean3,grpc,64,capacity,1,h2::proto::streams::streams::OpaqueStreamRef::new,0.04
lean3,grpc,64,capacity,1,"core::ptr::drop_in_place<tokio_util::sync::mpsc::PollSenderFuture<linkerd_proxy_balance_queue::message::Message<http::request::Request<linkerd_http_box::body::BoxBody>,futures_util::future::try_future::ErrInto<linkerd_load_biaser::LoadBiaserFuture<core::pin::Pin<alloc::boxed::Box<dyn core::future::future::Future+Output = core::result::Result<http::response::Response<linkerd_http_classify::channel::ResponseBody<linkerd_app_core::classify::Eos,linkerd_http_box::body::BoxBody>>,alloc::boxed::Box<dyn core::error::Error+core::marker::Sync+core::marker::Send>>+core::marker::Send>>,http::response::Response<linkerd_http_classify::channel::ResponseBody<linkerd_app_core::classify::Eos,linkerd_http_box::body::BoxBody>>,hyper_balance::PendingUntilFirstData>,alloc::boxed::Box<dyn core::error::Error+core::marker::Sync+core::marker::Send>>>>::empty::{{closure}}>",0.04
lean3,grpc,64,capacity,1,<linkerd_proxy_client_policy::http::RouteParams as core::cmp::PartialEq>::eq,0.04
lean3,grpc,64,capacity,1,alloc::raw_vec::finish_grow,0.04
lean3,grpc,64,capacity,1,__GI___pthread_disable_asynccancel,0.04
lean3,grpc,64,capacity,1,"core::ptr::drop_in_place<linkerd_http_metrics::requests::service::ResponseFuture<core::pin::Pin<alloc::boxed::Box<dyn core::future::future::Future+Output = core::result::Result<http::response::Response<linkerd_http_box::body::BoxBody>,alloc::boxed::Box<dyn core::error::Error+core::marker::Sync+core::marker::Send>>+core::marker::Send>>,linkerd_app_core::classify::Response>>",0.04
lean3,grpc,64,capacity,1,px_lane_retire,0.04
lean3,grpc,64,capacity,1,px_arrival_release,0.04
lean3,grpc,64,capacity,1,px_l7_tx_commit,0.04
lean3,grpc,64,capacity,1,core::ptr::drop_in_place<linkerd_http_box::body::Inner<linkerd_http_prom::record_response::ResponseBody<linkerd_app_outbound::http::logical::policy::route::metrics::LabelHttpRsp<linkerd_app_outbound::http::logical::policy::route::metrics::labels::RouteBackend>>>>,0.04
lean3,grpc,64,capacity,1,doca_task_free,0.04
lean3,grpc,64,capacity,1,0x000000000001da14,0.04
lean3,grpc,64,capacity,1,ksys_read,0.04
lean3,grpc,64,capacity,1,core::ptr::drop_in_place<core::option::Option<tokio::runtime::Timer>>,0.04
lean3,grpc,64,capacity,1,"linkerd_http_metrics::requests::service::ResponseBody<B,C>::record_class",0.04
lean3,grpc,64,capacity,1,bytes::bytes::shared_clone,0.04
lean3,grpc,64,capacity,1,0x00000000000149d0,0.04
lean3,grpc,64,capacity,1,h2::server::Peer::convert_send_message,0.04
lean3,grpc,64,capacity,1,"<futures_util::future::either::Either<A,B> as core::future::future::Future>::poll",0.04
lean3,grpc,64,capacity,1,core::ptr::drop_in_place$LT$tokio_util..sync..mpsc..make_acquire_future$LT$linkerd_proxy_balance_queue..message..Message$LT$http..request..Request$LT$linkerd_http_box..body..BoxBody$GT$$C$futures_util..future..try_future..ErrInto$LT$tower..load..completion..TrackCompletionFuture$LT$core..pin..Pin$LT$alloc..boxed..Box$LT$dyn$u20$core..future..future..Future$u2b$Output$u20$$u3d$$u20$core..result..Result$LT$http..response..Response$LT$linkerd_http_classify..channel..ResponseBody$LT$linkerd_app_core..classify..Eos$C$linkerd_http_box..body..BoxBody$GT$$GT$$C$alloc..boxed..Box$LT$dyn$u20$core..error..Error$u2b$core..marker..Sync$u2b$core..marker..Send$GT$$GT$$u2b$core..marker..Send$GT$$GT$$C$hyper_balance..PendingUntilFirstData$C$tower..load..peak_ewma..Handle$GT$$C$alloc..boxed..Box$LT$dyn$u20$core..error..Error$u2b$core..marker..Sync$u2b$core..marker..Send$GT$$GT$$GT$$GT$..$u7b$$u7b$closure$u7d$$u7d$$GT$::hc5137774651b9570,0.04
lean3,grpc,64,capacity,1,new_sync_read,0.04
lean3,grpc,64,capacity,1,h2::frame::headers::Pseudo::set_scheme,0.04
lean3,grpc,64,capacity,1,h2::frame::headers::Headers::encode,0.04
lean3,grpc,64,capacity,1,"core::ptr::drop_in_place<hyper_util::service::oneshot::Oneshot<linkerd_http_box::request::BoxRequest<hyper::body::incoming::Incoming,linkerd_proxy_http::client_handle::SetClientHandle<linkerd_stack::box_service::BoxCloneSyncService<http::request::Request<linkerd_http_box::body::BoxBody>,http::response::Response<linkerd_http_box::body::BoxBody>>>>,http::request::Request<hyper::body::incoming::Incoming>>>",0.04
lean3,grpc,64,capacity,1,"core::ptr::drop_in_place<http_body_util::either::Either<linkerd_http_body_eos::BodyWithEosFn<linkerd_http_box::body::BoxBody,alloc::boxed::Box<dyn core::ops::function::FnOnce<(linkerd_http_body_eos::EosRef<alloc::boxed::Box<dyn core::error::Error+core::marker::Sync+core::marker::Send>>,)>+Output = ()+core::marker::Send>>,linkerd_http_box::body::BoxBody>>",0.04
lean3,grpc,64,capacity,1,h2::hpack::header::Header::len,0.04
lean3,grpc,64,capacity,1,"core::ptr::drop_in_place<linkerd_stack::box_future::BoxFuture<linkerd_stack::map_err::MapErr<(),linkerd_stack_tracing::Instrument<linkerd_app_outbound::http::concrete::balance::Balance<linkerd_app_outbound::http::logical::Concrete<linkerd_app_outbound::http::Http<linkerd_app_outbound::sidecar::HttpSidecar>>>,linkerd_app_outbound::http::concrete::balance::Balance<linkerd_app_outbound::http::logical::Concrete<linkerd_app_outbound::http::Http<linkerd_app_outbound::sidecar::HttpSidecar>>>::layer<linkerd_stack::arc_new_service::ArcNewService<linkerd_app_outbound::http::concrete::Endpoint<linkerd_app_outbound::http::logical::Concrete<linkerd_app_outbound::http::Http<linkerd_app_outbound::sidecar::HttpSidecar>>>,tower::util::boxed::sync::BoxService<http::request::Request<linkerd_http_box::body::BoxBody>,http::response::Response<linkerd_http_box::body::BoxBody>,alloc::boxed::Box<dyn core::error::Error+core::marker::Sync+core::marker::Send>>>,tower::util::boxed::sync::BoxService<http::request::Request<linkerd_http_box::body::BoxBody>,http::response::Response<linkerd_http_box::body::BoxBody>,alloc::boxed::Box<dyn core::error::Error+core::marker::Sync+core::marker::Send>>,linkerd_proxy_resolve::recover::Resolve<linkerd_app::dst::BackoffUnlessInvalidArgument,linkerd_proxy_api_resolve::resolve::Resolve<tower::util::map_err::MapErr<linkerd_stack::box_service::BoxCloneSyncService<http::request::Request<tonic::body::Body>,http::response::Response<linkerd_http_metrics::requests::service::ResponseBody<hyper_balance::PendingUntilFirstDataBody<tower::load::peak_ewma::Handle,hyper::body::incoming::Incoming>,linkerd_app_core::classify::Eos>>>,<alloc::boxed::Box<dyn core::error::Error+core::marker::Sync+core::marker::Send> as core::convert::From<alloc::boxed::Box<dyn core::error::Error+core::marker::Sync+core::marker::Send>>>::from>>>>::{{closure}}::{{closure}},linkerd_stack::map_err::MapErr<linkerd_stack::map_err::WrapFromTarget<linkerd_app_outbound::http::concrete::balance::Balance<linkerd_app_outbound::http::logical::Concrete<linkerd_app_outbound::http::Http<linkerd_app_outbound::sidecar::HttpSidecar>>>,linkerd_app_outbound::http::concrete::balance::BalanceError>,linkerd_stack_metrics::service::TrackService<linkerd_stack::either::vendor::Either<linkerd_http_box::response::BoxResponse<linkerd_stack::gate::Gate<linkerd_proxy_balance_queue::service::PoolQueue<http::request::Request<linkerd_http_box::body::BoxBody>,futures_util::future::try_future::ErrInto<tower::load::completion::TrackCompletionFuture<core::pin::Pin<alloc::boxed::Box<dyn core::future::future::Future+Output = core::result::Result<http::response::Response<linkerd_http_classify::channel::ResponseBody<linkerd_app_core::classify::Eos,linkerd_http_box::body::BoxBody>>,alloc::boxed::Box<dyn core::error::Error+core::marker::Sync+core::marker::Send>>+core::marker::Send>>,hyper_balance::PendingUntilFirstData,tower::load::peak_ewma::Handle>,alloc::boxed::Box<dyn core::error::Error+core::marker::Sync+core::marker::Send>>>>>,linkerd_http_box::response::BoxResponse<linkerd_stack::gate::Gate<linkerd_proxy_balance_queue::service::PoolQueue<http::request::Request<linkerd_http_box::body::BoxBody>,futures_util::future::try_future::ErrInto<linkerd_load_biaser::LoadBiaserFuture<core::pin::Pin<alloc::boxed::Box<dyn core::future::future::Future+Output = core::result::Result<http::response::Response<linkerd_http_classify::channel::ResponseBody<linkerd_app_core::classify::Eos,linkerd_http_box::body::BoxBody>>,alloc::boxed::Box<dyn core::error::Error+core::marker::Sync+core::marker::Send>>+core::marker::Send>>,http::response::Response<linkerd_http_classify::channel::ResponseBody<linkerd_app_core::classify::Eos,linkerd_http_box::body::BoxBody>>,hyper_balance::PendingUntilFirstData>,alloc::boxed::Box<dyn core::error::Error+core::marker::Sync+core::marker::Send>>>>>>>>>>>>",0.04
lean3,grpc,64,capacity,1,fput,0.04
lean3,grpc,64,capacity,1,"core::ptr::drop_in_place<tracing::instrument::Instrumented<hyper::proto::h2::server::H2Stream<hyper_util::service::glue::TowerToHyperServiceFuture<linkerd_http_box::request::BoxRequest<hyper::body::incoming::Incoming,linkerd_proxy_http::client_handle::SetClientHandle<linkerd_stack::box_service::BoxCloneSyncService<http::request::Request<linkerd_http_box::body::BoxBody>,http::response::Response<linkerd_http_box::body::BoxBody>>>>,http::request::Request<hyper::body::incoming::Incoming>>,linkerd_http_box::body::BoxBody,hyper_util::rt::tokio::TokioExecutor>>>",0.04
lean3,grpc,64,capacity,1,"<h2::client::Connection<T,B> as core::future::future::Future>::poll",0.04
lean3,grpc,64,capacity,1,h2::proto::streams::state::State::send_open,0.04
lean3,grpc,64,capacity,1,"<linkerd_http_classify::channel::ResponseBody<C,B> as http_body::Body>::poll_frame",0.04
lean3,grpc,64,capacity,1,doca_pe_progress@plt,0.04
lean3,grpc,64,capacity,1,"<linkerd_stack::map_err::WrapFromTarget<T,E> as core::clone::Clone>::clone",0.04
lean3,grpc,64,capacity,1,h2::hpack::encoder::encode_not_indexed,0.04
lean3,grpc,64,capacity,1,"<alloc::vec::Vec<T,A> as core::ops::drop::Drop>::drop",0.04
lean3,grpc,64,capacity,1,core::ptr::drop_in_place<http::header::map::HeaderMap>,0.04
lean3,grpc,64,capacity,1,0x0000000000006f1c,0.04
lean3,grpc,64,capacity,1,dmesh_l7_driver_arm,0.04
lean3,grpc,64,capacity,1,"core::ptr::drop_in_place<linkerd_stack::loadshed::LoadShed<tower::limit::concurrency::service::ConcurrencyLimit<linkerd_stack::box_service::BoxCloneSyncService<http::request::Request<linkerd_http_box::body::BoxBody>,http::response::Response<linkerd_http_box::body::BoxBody>>>>>",0.04
lean3,grpc,64,capacity,1,__aarch64_cas8_rel,0.04
lean3,grpc,64,capacity,1,h2::client::SendRequest<B>::send_request,0.04
lean3,grpc,64,capacity,1,dmesh_l7::driver_result,0.04
lean3,grpc,64,capacity,1,linkerd_proxy_http::client_handle::ClientHandle::new::{{closure}},0.04
lean3,grpc,64,capacity,1,"<linkerd_http_classify::insert::InsertClassifyResponse<C,S> as tower_service::Service<http::request::Request<B>>>::call",0.04
lean3,grpc,64,capacity,1,dmesh_doca::runtime::seen,0.04
lean3,grpc,64,capacity,1,"<hashbrown::raw::RawTable<T,A> as core::ops::drop::Drop>::drop",0.04
lean3,grpc,64,capacity,1,_rjem_je_tcache_gc_dalloc_event_handler,0.04
lean3,grpc,64,capacity,1,"core::ptr::drop_in_place<futures_util::future::try_future::into_future::IntoFuture<linkerd_app_outbound::http::logical::policy::route::filters::ResponseFuture<linkerd_app_outbound::http::logical::policy::route::Matched<linkerd_http_route::http::match::RequestMatch,linkerd_app_outbound::http::logical::policy::route::Route<linkerd_app_outbound::http::Http<linkerd_app_outbound::sidecar::HttpSidecar>,linkerd_proxy_client_policy::http::Filter,linkerd_proxy_client_policy::http::RouteParams>>,futures_util::future::either::Either<futures_util::future::try_future::MapErr<core::pin::Pin<alloc::boxed::Box<dyn core::future::future::Future+Output = core::result::Result<http::response::Response<linkerd_http_box::body::BoxBody>,alloc::boxed::Box<dyn core::error::Error+core::marker::Sync+core::marker::Send>>+core::marker::Send>>,fn(alloc::boxed::Box<dyn core::error::Error+core::marker::Sync+core::marker::Send>) .> alloc::boxed::Box<dyn core::error::Error+core::marker::Sync+core::marker::Send>>,futures_util::future::ready::Ready<core::result::Result<http::response::Response<linkerd_http_box::body::BoxBody>,alloc::boxed::Box<dyn core::error::Error+core::marker::Sync+core::marker::Send>>>>>>>",0.04
lean3,grpc,64,capacity,1,http::uri::authority::Authority::from_shared,0.04
lean3,grpc,64,capacity,1,__aarch64_ldeor8_acq_rel,0.04
lean3,grpc,64,capacity,1,http::header::map::HeaderMap<T>::try_entry2,0.04
lean3,grpc,64,capacity,1,"core::ptr::drop_in_place<linkerd_http_metrics::requests::service::ResponseBody<linkerd_proxy_tap::service::Body<linkerd_app_core::errors::body::ResponseBody<linkerd_app_outbound::http::endpoint::ClientRescue,linkerd_http_stream_timeouts::ResponseBody<linkerd_http_box::body::BoxBody>>>,linkerd_app_core::classify::Eos>>",0.04
lean3,grpc,64,capacity,1,tokio::sync::oneshot::Sender<T>::poll_closed,0.04
lean3,grpc,64,capacity,1,<bytes::bytes::Bytes as bytes::buf::buf_impl::Buf>::advance,0.04
lean3,grpc,64,capacity,1,__aarch64_cas8_relax,0.04
lean3,grpc,64,capacity,1,core::ptr::drop_in_place<http::header::map::IntoIter<http::header::value::HeaderValue>>,0.04
lean3,grpc,64,capacity,1,0x00000000000b03b8,0.04
lean3,grpc,64,capacity,1,"core::ptr::drop_in_place<linkerd_http_metrics::requests::service::RequestBody<linkerd_http_box::body::BoxBody,linkerd_app_core::classify::Class>>",0.04
lean3,grpc,64,capacity,1,"core::ptr::drop_in_place<linkerd_stack::box_future::BoxFuture<linkerd_stack::map_err::MapErr<(),linkerd_proxy_http::normalize_uri::MarkAbsoluteForm<linkerd_proxy_http::normalize_uri::NormalizeUri<linkerd_http_box::response::BoxResponse<linkerd_trace_context::service::TraceContext<core::option::Option<linkerd_app_core::http_tracing::SpanConverter>,linkerd_error_respond::RespondService<linkerd_app_core::errors::respond::NewRespond<linkerd_app_outbound::http::server::ServerRescue>,linkerd_stack::monitor::Monitor<linkerd_app_outbound::metrics::error::http::Http,linkerd_stack::loadshed::LoadShed<tower::limit::concurrency::service::ConcurrencyLimit<linkerd_stack::box_service::BoxCloneSyncService<http::request::Request<linkerd_http_box::body::BoxBody>,http::response::Response<linkerd_http_box::body::BoxBody>>>>>>>>>>>>>",0.04
lean3,grpc,64,capacity,1,0x0000000000014980,0.04
lean3,grpc,64,capacity,1,<linkerd_app_outbound::http::concrete::Dispatch as core::hash::Hash>::hash,0.04
lean3,grpc,64,capacity,1,bytes::bytes::static_drop,0.04
lean3,grpc,64,capacity,1,"core::ptr::drop_in_place<linkerd_proxy_http::client_handle::SetClientHandle<linkerd_stack::box_service::BoxCloneSyncService<http::request::Request<linkerd_http_box::body::BoxBody>,http::response::Response<linkerd_http_box::body::BoxBody>>>>",0.04
lean3,grpc,64,capacity,1,_copy_to_iter,0.04
lean3,grpc,64,capacity,1,"indexmap::inner::Core<K,V>::swap_remove_finish",0.04
lean3,grpc,64,capacity,1,__aarch64_ldset8_rel,0.04
lean3,grpc,64,capacity,1,"core::ptr::drop_in_place<futures_util::future::either::Either<futures_util::future::try_future::MapErr<core::pin::Pin<alloc::boxed::Box<dyn core::future::future::Future+Output = core::result::Result<http::response::Response<linkerd_http_box::body::BoxBody>,alloc::boxed::Box<dyn core::error::Error+core::marker::Sync+core::marker::Send>>+core::marker::Send>>,fn(alloc::boxed::Box<dyn core::error::Error+core::marker::Sync+core::marker::Send>) .> alloc::boxed::Box<dyn core::error::Error+core::marker::Sync+core::marker::Send>>,futures_util::future::ready::Ready<core::result::Result<http::response::Response<linkerd_http_box::body::BoxBody>,alloc::boxed::Box<dyn core::error::Error+core::marker::Sync+core::marker::Send>>>>>",0.04
lean3,grpc,64,capacity,1,h2::proto::streams::prioritize::Prioritize::recv_stream_window_update,0.04
lean3,grpc,64,capacity,1,core::ops::function::FnOnce::call_once{{vtable.shim}},0.04
lean3,grpc,64,capacity,1,pfn_is_map_memory,0.03
lean3,grpc,64,capacity,1,0x00000000000b6e20,0.03
lean3,grpc,64,capacity,1,core::ptr::drop_in_place<linkerd_app_core::classify::Response>,0.03
lean3,grpc,64,capacity,1,<tokio::runtime::io::scheduled_io::Readiness as core::future::future::Future>::poll,0.03
lean3,grpc,64,capacity,1,_ZN4core3ptr2350drop_in_place$LT$linkerd_http_prom..record_response..ResponseFuture$LT$linkerd_app_outbound..http..logical..policy..route..metrics..LabelHttpRsp$LT$linkerd_app_outbound..http..logical..policy..route..metrics..labels..Route$GT$$C$futures_util..future..either..Either$LT$futures_util..future..either..Either$LT$futures_util..future..ready..Ready$LT$core..result..Result$LT$http..response..Response$LT$linkerd_http_box..body..BoxBody$GT$$C$alloc..boxed..Box$LT$dyn$u20$core..error..Error$u2b$core..marker..Sync$u2b$core..marker..Send$GT$$GT$$GT$$C$futures_util..future..try_future..ErrInto$LT$linkerd_app_outbound..http..logical..policy..route..filters..ResponseFuture$LT$linkerd_app_outbound..http..logical..policy..route..Matched$LT$linkerd_http_route..http..match..RequestMatch$C$linkerd_app_outbound..http..logical..policy..route..Route$LT$linkerd_app_outbound..http..Http$LT$linkerd_app_outbound..sidecar..HttpSidecar$GT$$C$linkerd_proxy_client_policy..http..Filter$C$linkerd_proxy_client_policy..http..RouteParams$GT$$GT$$C$futures_util..future..either..Either$LT$futures_util..future..try_future..MapErr$LT$core..pin..Pin$LT$alloc..boxed..Box$LT$dyn$u20$core..future..future..Future$u2b$Output$u20$$u3d$$u20$core..result..Result$LT$http..response..Response$LT$linkerd_http_box..body..BoxBody$GT$$C$alloc..boxed..Box$LT$dyn$u20$core..error..Error$u2b$core..marker..Sync$u2b$core..marker..Send$GT$$GT$$u2b$core..marker..Send$GT$$GT$$C$fn$LP$alloc..boxed..Box$LT$dyn$u20$core..error..Error$u2b$core..marker..Sync$u2b$core..marker..Send$GT$$RP$$u20$.$GT$$u20$alloc..boxed..Box$LT$dyn$u20$core..error..Error$u2b$core..marker..Sync$u2b$core..marker..Send$GT$$GT$$C$futures_util..future..ready..Ready$LT$core..result..Result$LT$http..response..Response$LT$linkerd_http_box..body..BoxBody$GT$$C$alloc..boxed..Box$LT$dyn$u20$core..error..Error$u2b$core..marker..Sync$u2b$core..marker..Send$GT$$GT$$GT$$GT$$GT$$C$alloc..boxed..Box$LT$dyn$u20$core..error..Error$u2b$core..marker..Sync$u2b$core..marker..Send$GT$$GT$$GT$$C$core..pin..Pin$LT$alloc..boxed..Box$LT$dyn$u20$core..future..future..Future$u2b$Output$u20$$u3d$$u20$core..result..Result$LT$http..response..Response$LT$linkerd_http_box..body..BoxBody$GT$$C$alloc..boxed..Box$LT$dyn$u20$core..error..Error$u2b$core..marker..Sync$u2b$core..marker..Send$GT$$GT$$u2b$core..marker..Send$GT$$GT$$GT$$GT$$GT$17hc671a705d6e8ca47E.11855,0.03
lean3,grpc,64,capacity,1,tokio::util::wake::wake_by_ref_arc_raw,0.03
lean3,grpc,64,capacity,1,pthread_mutex_unlock@plt,0.03
lean3,grpc,64,capacity,1,<bytes::bytes_mut::BytesMut as core::ops::drop::Drop>::drop,0.03
lean3,grpc,64,capacity,1,tokio::runtime::driver::Driver::park_timeout,0.03
lean3,grpc,64,capacity,1,"core::ptr::drop_in_place<linkerd_stack::map_err::MapErr<linkerd_stack::map_err::WrapFromTarget<linkerd_app_outbound::http::concrete::balance::Balance<linkerd_app_outbound::http::logical::Concrete<linkerd_app_outbound::http::Http<linkerd_app_outbound::sidecar::HttpSidecar>>>,linkerd_app_outbound::http::concrete::balance::BalanceError>,linkerd_stack_metrics::service::TrackService<linkerd_stack::either::vendor::Either<linkerd_http_box::response::BoxResponse<linkerd_stack::gate::Gate<linkerd_proxy_balance_queue::service::PoolQueue<http::request::Request<linkerd_http_box::body::BoxBody>,futures_util::future::try_future::ErrInto<tower::load::completion::TrackCompletionFuture<core::pin::Pin<alloc::boxed::Box<dyn core::future::future::Future+Output = core::result::Result<http::response::Response<linkerd_http_classify::channel::ResponseBody<linkerd_app_core::classify::Eos,linkerd_http_box::body::BoxBody>>,alloc::boxed::Box<dyn core::error::Error+core::marker::Sync+core::marker::Send>>+core::marker::Send>>,hyper_balance::PendingUntilFirstData,tower::load::peak_ewma::Handle>,alloc::boxed::Box<dyn core::error::Error+core::marker::Sync+core::marker::Send>>>>>,linkerd_http_box::response::BoxResponse<linkerd_stack::gate::Gate<linkerd_proxy_balance_queue::service::PoolQueue<http::request::Request<linkerd_http_box::body::BoxBody>,futures_util::future::try_future::ErrInto<linkerd_load_biaser::LoadBiaserFuture<core::pin::Pin<alloc::boxed::Box<dyn core::future::future::Future+Output = core::result::Result<http::response::Response<linkerd_http_classify::channel::ResponseBody<linkerd_app_core::classify::Eos,linkerd_http_box::body::BoxBody>>,alloc::boxed::Box<dyn core::error::Error+core::marker::Sync+core::marker::Send>>+core::marker::Send>>,http::response::Response<linkerd_http_classify::channel::ResponseBody<linkerd_app_core::classify::Eos,linkerd_http_box::body::BoxBody>>,hyper_balance::PendingUntilFirstData>,alloc::boxed::Box<dyn core::error::Error+core::marker::Sync+core::marker::Send>>>>>>>>>",0.03
lean3,grpc,64,capacity,1,__aarch64_ldadd8_acq,0.03
lean3,grpc,64,capacity,1,px_conn_admitted,0.03
lean3,grpc,64,capacity,1,arch_counter_read,0.03
lean3,grpc,64,capacity,1,"core::ptr::drop_in_place<linkerd_http_stream_timeouts::ResponseFuture<linkerd_app_outbound::http::handle_proxy_error_headers::ResponseFuture<core::pin::Pin<alloc::boxed::Box<dyn core::future::future::Future+Output = core::result::Result<http::response::Response<linkerd_http_box::body::BoxBody>,alloc::boxed::Box<dyn core::error::Error+core::marker::Sync+core::marker::Send>>+core::marker::Send>>>>>",0.03
lean3,grpc,64,capacity,1,schedule_hrtimeout_range_clock,0.03
lean3,grpc,64,capacity,1,px_l7_stats_report,0.03
lean3,grpc,64,capacity,1,"core::ptr::drop_in_place<core::result::Result<core::option::Option<h2::proto::streams::store::Key>,h2::proto::error::Error>>",0.03
lean3,grpc,64,capacity,1,0x0000000000076f14,0.03
lean3,grpc,64,capacity,1,core::ptr::drop_in_place<linkerd_http_box::body::Inner<linkerd_http_prom::body_data::body::Body<linkerd_http_box::body::BoxBody>>>,0.03
lean3,grpc,64,capacity,1,0x0000000000003328,0.03
lean3,grpc,64,capacity,1,0x00000000000004a8,0.03
lean3,grpc,64,capacity,1,eventfd_write@plt,0.03
lean3,grpc,64,capacity,1,_rjem_je_arena_cache_bin_fill_small,0.03
lean3,grpc,64,capacity,1,clear_rseq_cs.isra.0,0.03
lean3,grpc,64,capacity,1,doca_task_free@plt,0.03
lean3,grpc,64,capacity,1,__hrtimer_init,0.03
lean3,grpc,64,capacity,1,tokio::runtime::time::entry::_::<impl core::ops::drop::Drop for tokio::runtime::time::entry::TimerEntry>::drop,0.03
lean3,grpc,64,capacity,1,h2::proto::streams::streams::StreamRef<B>::take_request,0.03
lean3,grpc,64,capacity,1,px_unit_free_node,0.03
lean3,grpc,64,capacity,1,doca_pe_get_notification_handle,0.03
lean3,grpc,64,capacity,1,<http::uri::scheme::Scheme as core::str::traits::FromStr>::from_str,0.03
lean3,grpc,64,capacity,1,do_notify_resume,0.03
lean3,grpc,64,capacity,1,<core::pin::Pin<P> as futures_core::stream::Stream>::poll_next,0.03
lean3,grpc,64,capacity,1,"<tracing_subscriber::layer::layered::Layered<L,S> as tracing_core::subscriber::Subscriber>::current_span",0.03
lean3,grpc,64,capacity,1,0x00000000000b6ec8,0.03
lean3,grpc,64,capacity,1,"core::ptr::drop_in_place<linkerd_app_outbound::http::logical::policy::route::filters::ApplyFilters<linkerd_app_outbound::http::logical::policy::route::Matched<linkerd_http_route::http::match::RequestMatch,linkerd_app_outbound::http::logical::policy::route::backend::Backend<linkerd_app_outbound::http::Http<linkerd_app_outbound::sidecar::HttpSidecar>,linkerd_proxy_client_policy::http::Filter>>,linkerd_stack::box_service::BoxCloneSyncService<http::request::Request<linkerd_http_box::body::BoxBody>,http::response::Response<linkerd_http_box::body::BoxBody>>>>",0.03
lean3,grpc,64,capacity,1,http::header::name::HdrName::from_bytes,0.03
lean3,grpc,64,capacity,1,http::header::map::HeaderMap<T>::try_reserve_one,0.03
lean3,grpc,64,capacity,1,<linkerd_proxy_client_policy::http::RouteParams as core::hash::Hash>::hash,0.03
lean3,grpc,64,capacity,1,"core::ptr::drop_in_place<futures_util::future::try_future::MapErr<futures_util::future::try_future::MapOk<core::pin::Pin<alloc::boxed::Box<dyn core::future::future::Future+Output = core::result::Result<http::response::Response<linkerd_http_box::body::BoxBody>,alloc::boxed::Box<dyn core::error::Error+core::marker::Sync+core::marker::Send>>+core::marker::Send>>,<linkerd_proxy_http::orig_proto::Upgrade<linkerd_stack::map_target::MapTargetService<linkerd_stack::connect::MakeConnectionService<linkerd_transport_metrics::zone::client::ZoneMetricsClient<linkerd_transport_metrics::zone::TcpZoneMetricsParams<linkerd_app_outbound::zone::TcpZoneOpLabel>,linkerd_transport_metrics::client::Client<linkerd_app_core::transport::Metrics,linkerd_stack::box_future::BoxFuture<linkerd_stack::map_err::MapErr<linkerd_app_core::svc::Stack<linkerd_app_outbound::tcp::tagged_transport::TaggedTransport<linkerd_tls::client::Client<linkerd_meshtls::client::NewClient,linkerd_app_outbound::tcp::connect::DmeshOrTcp>>>::push_connect_timeout::{{closure}},linkerd_stack::timeout::Timeout<linkerd_app_outbound::tcp::tagged_transport::TaggedTransport<linkerd_tls::client::Client<linkerd_meshtls::client::NewClient,linkerd_app_outbound::tcp::connect::DmeshOrTcp>>>>>>>>,linkerd_app_outbound::http::endpoint::<impl linkerd_app_outbound::Outbound<linkerd_transport_metrics::zone::client::ZoneMetricsClient<linkerd_transport_metrics::zone::TcpZoneMetricsParams<linkerd_app_outbound::zone::TcpZoneOpLabel>,linkerd_transport_metrics::client::Client<linkerd_app_core::transport::Metrics,linkerd_stack::box_future::BoxFuture<linkerd_stack::map_err::MapErr<linkerd_app_core::svc::Stack<linkerd_app_outbound::tcp::tagged_transport::TaggedTransport<linkerd_tls::client::Client<linkerd_meshtls::client::NewClient,linkerd_app_outbound::tcp::connect::DmeshOrTcp>>>::push_connect_timeout::{{closure}},linkerd_stack::timeout::Timeout<linkerd_app_outbound::tcp::tagged_transport::TaggedTransport<linkerd_tls::client::Client<linkerd_meshtls::client::NewClient,linkerd_app_outbound::tcp::connect::DmeshOrTcp>>>>>>>>>::push_http_tcp_client<linkerd_app_outbound::http::concrete::Endpoint<linkerd_app_outbound::http::logical::Concrete<linkerd_app_outbound::http::Http<linkerd_app_gateway::http::Target>>>,linkerd_http_box::body::BoxBody>::{{closure}}::{{closure}}>,linkerd_app_outbound::http::concrete::Endpoint<linkerd_app_outbound::http::logical::Concrete<linkerd_app_outbound::http::Http<linkerd_app_gateway::http::Target>>>,linkerd_http_box::body::BoxBody> as tower_service::Service<http::request::Request<linkerd_http_box::body::BoxBody>>>::call::{{closure}}>,linkerd_proxy_http::orig_proto::Error::H1>>",0.03
lean3,grpc,64,capacity,1,"h2::proto::streams::streams::Streams<B,P>::has_streams_or_other_references",0.03
lean3,grpc,64,capacity,1,tokio::time::sleep::Sleep::new_timeout,0.03
lean3,grpc,64,capacity,1,px_worker_notification_fd,0.03
lean3,grpc,64,capacity,1,"core::ptr::drop_in_place<linkerd_stack::map_err::ResponseFuture<(),linkerd_stack::map_err::ResponseFuture<linkerd_app_outbound::http::logical::policy::route::backend::<impl linkerd_app_outbound::http::logical::policy::route::Matched<linkerd_http_route::grpc::match::RouteMatch,linkerd_app_outbound::http::logical::policy::route::backend::Backend<linkerd_app_outbound::http::Http<linkerd_app_gateway::http::Target>,linkerd_proxy_client_policy::grpc::Filter>>>::layer<linkerd_distribute::cache::BackendCache<linkerd_app_outbound::http::logical::Concrete<linkerd_app_outbound::http::Http<linkerd_app_gateway::http::Target>>,linkerd_stack::box_service::BoxCloneSyncService<http::request::Request<linkerd_http_box::body::BoxBody>,http::response::Response<linkerd_http_box::body::BoxBody>>>,linkerd_stack::box_service::BoxCloneSyncService<http::request::Request<linkerd_http_box::body::BoxBody>,http::response::Response<linkerd_http_box::body::BoxBody>>>::{{closure}}::{{closure}}::{{closure}},core::pin::Pin<alloc::boxed::Box<dyn core::future::future::Future+Output = core::result::Result<http::response::Response<linkerd_http_box::body::BoxBody>,alloc::boxed::Box<dyn core::error::Error+core::marker::Sync+core::marker::Send>>+core::marker::Send>>>>>",0.03
lean3,grpc,64,capacity,1,"core::ptr::drop_in_place<core::result::Result<(),core::result::Result<http::response::Response<hyper::body::incoming::Incoming>,hyper::error::Error>>>",0.03
lean3,grpc,64,capacity,1,px_worker_stats,0.03
lean3,grpc,64,capacity,1,tokio::sync::notify::notify_locked,0.03
lean3,grpc,64,capacity,1,px_rev_submit_copy.part.0,0.03
lean3,grpc,64,capacity,1,priv_doca_cq_datapath_objects_get,0.03
lean3,grpc,64,capacity,1,core::ptr::drop_in_place<alloc::vec::drain::Drain<linkerd_proxy_tap::grpc::server::TapResponsePayload>>,0.03
lean3,grpc,64,capacity,1,0x0000000000076f2c,0.03
lean3,grpc,64,capacity,1,<tokio::sync::notify::Notified as core::ops::drop::Drop>::drop,0.03
lean3,grpc,64,capacity,1,0x00000000000768ac,0.03
lean3,grpc,64,capacity,1,px_unit_alloc,0.03
lean3,grpc,64,capacity,1,0x00000000000ae134,0.03
lean3,grpc,64,capacity,1,h2::proto::streams::streams::Actions::ensure_no_conn_error,0.03
lean3,grpc,64,capacity,1,__rseq_handle_notify_resume,0.03
lean3,grpc,64,capacity,1,0x000000000002a848,0.03
lean3,grpc,64,capacity,1,"core::ptr::drop_in_place<tokio::sync::mpsc::bounded::OwnedPermit<linkerd_proxy_balance_queue::message::Message<http::request::Request<linkerd_http_box::body::BoxBody>,futures_util::future::try_future::ErrInto<tower::load::completion::TrackCompletionFuture<core::pin::Pin<alloc::boxed::Box<dyn core::future::future::Future+Output = core::result::Result<http::response::Response<linkerd_http_classify::channel::ResponseBody<linkerd_app_core::classify::Eos,linkerd_http_box::body::BoxBody>>,alloc::boxed::Box<dyn core::error::Error+core::marker::Sync+core::marker::Send>>+core::marker::Send>>,hyper_balance::PendingUntilFirstData,tower::load::peak_ewma::Handle>,alloc::boxed::Box<dyn core::error::Error+core::marker::Sync+core::marker::Send>>>>>",0.03
lean3,grpc,64,capacity,1,__arm64_sys_read,0.03
lean3,grpc,64,capacity,1,core::ptr::drop_in_place<linkerd_http_box::body::Inner<linkerd_http_prom::record_response::response::RequestBody<linkerd_http_box::body::BoxBody>>>,0.03
lean3,grpc,64,capacity,1,"core::ptr::drop_in_place<hyper::proto::h2::server::H2StreamState<hyper_util::service::glue::TowerToHyperServiceFuture<linkerd_http_box::request::BoxRequest<hyper::body::incoming::Incoming,linkerd_proxy_http::client_handle::SetClientHandle<linkerd_stack::box_service::BoxCloneSyncService<http::request::Request<linkerd_http_box::body::BoxBody>,http::response::Response<linkerd_http_box::body::BoxBody>>>>,http::request::Request<hyper::body::incoming::Incoming>>,linkerd_http_box::body::BoxBody>>",0.03
lean3,grpc,64,capacity,1,0x00000000000b7a7c,0.03
lean3,grpc,64,capacity,1,tokio::runtime::scheduler::current_thread::Context::park_yield,0.03
lean3,grpc,64,capacity,1,mem_cgroup_handle_over_high,0.03
lean3,grpc,64,capacity,1,memset@plt,0.03
lean3,grpc,64,capacity,1,<linkerd_http_prom::body_data::response::RecordBodyData<S> as tower_service::Service<http::request::Request<ReqB>>>::call,0.03
lean3,grpc,64,capacity,1,__arm64_sys_write,0.03
lean3,grpc,64,capacity,1,tokio::runtime::Timer::init,0.03
lean3,grpc,64,capacity,1,linkerd_app_outbound::http::logical::policy::route::filters::apply_http_request,0.03
lean3,grpc,64,capacity,1,<linkerd_app_core::classify::Response as linkerd_http_classify::ClassifyResponse>::start,0.03
lean3,grpc,64,capacity,1,"core::ptr::drop_in_place<linkerd_stack::map_err::ResponseFuture<(),futures_util::future::try_future::ErrInto<linkerd_stack::either::vendor::Either<core::pin::Pin<alloc::boxed::Box<dyn core::future::future::Future+Output = core::result::Result<http::response::Response<linkerd_http_box::body::BoxBody>,alloc::boxed::Box<dyn core::error::Error+core::marker::Sync+core::marker::Send>>+core::marker::Send>>,core::pin::Pin<alloc::boxed::Box<dyn core::future::future::Future+Output = core::result::Result<http::response::Response<linkerd_http_box::body::BoxBody>,alloc::boxed::Box<dyn core::error::Error+core::marker::Sync+core::marker::Send>>+core::marker::Send>>>,alloc::boxed::Box<dyn core::error::Error+core::marker::Sync+core::marker::Send>>>>",0.03
lean3,grpc,64,capacity,1,px_enqueue_unit,0.03
lean3,grpc,64,capacity,1,core::ptr::drop_in_place<core::option::Option<linkerd_http_prom::record_response::ResponseState<linkerd_app_outbound::http::logical::policy::route::metrics::LabelGrpcRsp<linkerd_app_outbound::http::logical::policy::route::metrics::labels::Route>>>>,0.03
lean3,grpc,64,capacity,1,h2::proto::streams::state::State::ensure_recv_open,0.03
lean3,grpc,64,capacity,1,_rjem_je_hook_invoke_dalloc,0.03
lean3,grpc,64,capacity,1,tokio::sync::notify::Notify::notify_one,0.03
lean3,grpc,64,capacity,1,doca_task_try_submit@plt,0.03
lean3,grpc,64,capacity,1,"core::ptr::drop_in_place<linkerd_stack::box_future::BoxFuture<linkerd_stack::map_err::MapErr<(),linkerd_stack::result::ResultService<linkerd_stack::either::vendor::Either<linkerd_stack::result::ResultService<linkerd_stack::either::vendor::Either<linkerd_stack::box_service::BoxCloneSyncService<http::request::Request<linkerd_http_box::body::BoxBody>,http::response::Response<linkerd_http_box::body::BoxBody>>,linkerd_stack_tracing::Instrument<linkerd_app_outbound::http::concrete::Endpoint<linkerd_app_outbound::http::logical::Concrete<linkerd_app_outbound::http::Http<linkerd_app_outbound::sidecar::HttpSidecar>>>,linkerd_app_outbound::http::concrete::<impl linkerd_app_outbound::Outbound<linkerd_stack::arc_new_service::ArcNewService<linkerd_app_outbound::http::concrete::Endpoint<linkerd_app_outbound::http::logical::Concrete<linkerd_app_outbound::http::Http<linkerd_app_outbound::sidecar::HttpSidecar>>>,tower::util::boxed::sync::BoxService<http::request::Request<linkerd_http_box::body::BoxBody>,http::response::Response<linkerd_http_box::body::BoxBody>,alloc::boxed::Box<dyn core::error::Error+core::marker::Sync+core::marker::Send>>>>>::push_http_concrete<linkerd_app_outbound::http::logical::Concrete<linkerd_app_outbound::http::Http<linkerd_app_outbound::sidecar::HttpSidecar>>,tower::util::boxed::sync::BoxService<http::request::Request<linkerd_http_box::body::BoxBody>,http::response::Response<linkerd_http_box::body::BoxBody>,alloc::boxed::Box<dyn core::error::Error+core::marker::Sync+core::marker::Send>>,linkerd_proxy_resolve::recover::Resolve<linkerd_app::dst::BackoffUnlessInvalidArgument,linkerd_proxy_api_resolve::resolve::Resolve<tower::util::map_err::MapErr<linkerd_stack::box_service::BoxCloneSyncService<http::request::Request<tonic::body::Body>,http::response::Response<linkerd_http_metrics::requests::service::ResponseBody<hyper_balance::PendingUntilFirstDataBody<tower::load::peak_ewma::Handle,hyper::body::incoming::Incoming>,linkerd_app_core::classify::Eos>>>,<alloc::boxed::Box<dyn core::error::Error+core::marker::Sync+core::marker::Send> as core::convert::From<alloc::boxed::Box<dyn core::error::Error+core::marker::Sync+core::marker::Send>>>::from>>>>::{{closure}}::{{closure}},linkerd_stack::gate::Gate<tower::buffer::service::Buffer<http::request::Request<linkerd_http_box::body::BoxBody>,core::pin::Pin<alloc::boxed::Box<dyn core::future::future::Future+Output = core::result::Result<http::response::Response<linkerd_http_box::body::BoxBody>,alloc::boxed::Box<dyn core::error::Error+core::marker::Sync+core::marker::Send>>+core::marker::Send>>>>>>>,tower::util::service_fn::ServiceFn<linkerd_app_outbound::http::concrete::<impl linkerd_app_outbound::Outbound<linkerd_stack::arc_new_service::ArcNewService<linkerd_app_outbound::http::concrete::Endpoint<linkerd_app_outbound::http::logical::Concrete<linkerd_app_outbound::http::Http<linkerd_app_outbound::sidecar::HttpSidecar>>>,tower::util::boxed::sync::BoxService<http::request::Request<linkerd_http_box::body::BoxBody>,http::response::Response<linkerd_http_box::body::BoxBody>,alloc::boxed::Box<dyn core::error::Error+core::marker::Sync+core::marker::Send>>>>>::push_http_concrete<linkerd_app_outbound::http::logical::Concrete<linkerd_app_outbound::http::Http<linkerd_app_outbound::sidecar::HttpSidecar>>,tower::util::boxed::sync::BoxService<http::request::Request<linkerd_http_box::body::BoxBody>,http::response::Response<linkerd_http_box::body::BoxBody>,alloc::boxed::Box<dyn core::error::Error+core::marker::Sync+core::marker::Send>>,linkerd_proxy_resolve::recover::Resolve<linkerd_app::dst::BackoffUnlessInvalidArgument,linkerd_proxy_api_resolve::resolve::Resolve<tower::util::map_err::MapErr<linkerd_stack::box_service::BoxCloneSyncService<http::request::Request<tonic::body::Body>,http::response::Response<linkerd_http_metrics::requests::service::ResponseBody<hyper_balance::PendingUntilFirstDataBody<tower::load::peak_ewma::Handle,hyper::body::incoming::Incoming>,linkerd_app_core::classify::Eos>>>,<alloc::boxed::Box<dyn core::error::Error+core::marker::Sync+core::marker::Send> as core::convert::From<alloc::boxed::Box<dyn core::error::Error+core::marker::Sync+core::marker::Send>>>::from>>>>::{{closure}}::{{closure}}::{{closure}}>>>>>>",0.03
lean3,grpc,64,capacity,1,0x0000000000005948,0.03
lean3,grpc,64,capacity,1,0x00000000000ae138,0.03
lean3,grpc,64,capacity,1,"core::ptr::drop_in_place<futures_util::future::try_future::into_future::IntoFuture<tower::load::completion::TrackCompletionFuture<core::pin::Pin<alloc::boxed::Box<dyn core::future::future::Future+Output = core::result::Result<http::response::Response<linkerd_http_classify::channel::ResponseBody<linkerd_app_core::classify::Eos,linkerd_http_box::body::BoxBody>>,alloc::boxed::Box<dyn core::error::Error+core::marker::Sync+core::marker::Send>>+core::marker::Send>>,hyper_balance::PendingUntilFirstData,tower::load::peak_ewma::Handle>>>",0.03
lean3,grpc,64,capacity,1,core::ptr::drop_in_place<core::option::Option<linkerd_http_prom::record_response::ResponseState<linkerd_app_outbound::http::logical::policy::route::metrics::LabelGrpcRsp<linkerd_app_outbound::http::logical::policy::route::metrics::labels::RouteBackend>>>>,0.03
lean3,grpc,64,capacity,1,<tokio::sync::mpsc::bounded::OwnedPermit<T> as core::ops::drop::Drop>::drop,0.03
lean3,grpc,64,capacity,1,px_batch_submit_dma,0.03
lean3,grpc,64,capacity,1,_rjem_je_edata_heap_remove_first,0.03
lean3,grpc,64,capacity,1,dmesh_l7::Side::release_outstanding,0.03
lean3,grpc,64,capacity,1,tower::load::peak_ewma::RttEstimate::update,0.03
lean3,grpc,64,capacity,1,tokio::util::wake::drop_arc_raw,0.03
lean3,grpc,64,capacity,1,px_arrival_alloc,0.03
lean3,grpc,64,capacity,1,px_chunk_free,0.03
lean3,grpc,64,capacity,1,"core::ptr::drop_in_place<linkerd_http_box::body::Inner<linkerd_http_prom::body_data::body::Body<http_body_util::either::Either<linkerd_http_body_eos::BodyWithEosFn<linkerd_http_box::body::BoxBody,alloc::boxed::Box<dyn core::ops::function::FnOnce<(linkerd_http_body_eos::EosRef<alloc::boxed::Box<dyn core::error::Error+core::marker::Sync+core::marker::Send>>,)>+Output = ()+core::marker::Send>>,linkerd_http_box::body::BoxBody>>>>",0.02
lean3,grpc,64,capacity,1,linkerd_http_classify::channel::send_or_report,0.02
lean3,grpc,64,capacity,1,h2::hpack::decoder::take,0.02
lean3,grpc,64,capacity,1,0x0000000000006eb0,0.02
lean3,grpc,64,capacity,1,0x00000000000b7a2c,0.02
lean3,grpc,64,capacity,1,px_l7_apply_release,0.02
lean3,grpc,64,capacity,1,"core::ptr::drop_in_place<core::option::Option<tower::ready_cache::cache::Pending<core::net::socket_addr::SocketAddr,tower::load::peak_ewma::PeakEwma<linkerd_proxy_balance_gauge_endpoints::GaugeBalancerEndpoint<tower::util::boxed::sync::BoxService<http::request::Request<linkerd_http_box::body::BoxBody>,http::response::Response<linkerd_http_classify::channel::ResponseBody<linkerd_app_core::classify::Eos,linkerd_http_box::body::BoxBody>>,alloc::boxed::Box<dyn core::error::Error+core::marker::Sync+core::marker::Send>>>,hyper_balance::PendingUntilFirstData>,http::request::Request<linkerd_http_box::body::BoxBody>>>>",0.02
lean3,grpc,64,capacity,1,"core::ptr::drop_in_place<(tokio::sync::notify::Notified,tokio::time::sleep::Sleep)>",0.02
lean3,grpc,64,capacity,1,copyout,0.02
lean3,grpc,64,capacity,1,extent_recycle,0.02
lean3,grpc,64,capacity,1,0x00000000000ae130,0.02
lean3,grpc,64,capacity,1,bcmp@plt,0.02
lean3,grpc,64,capacity,1,"core::ptr::drop_in_place<linkerd_stack::box_future::BoxFuture<linkerd_stack::map_err::MapErr<(),linkerd_stack::watch::SpawnWatch<linkerd_stack::box_service::BoxCloneSyncService<linkerd_io::either::EitherIo<linkerd_io::either::EitherIo<linkerd_io::sensor::SensorIo<linkerd_io::scoped::ScopedIo<tokio::net::tcp::stream::TcpStream>,linkerd_transport_metrics::sensor::Sensor>,linkerd_io::prefixed::PrefixedIo<linkerd_io::sensor::SensorIo<linkerd_io::scoped::ScopedIo<tokio::net::tcp::stream::TcpStream>,linkerd_transport_metrics::sensor::Sensor>>>,linkerd_io::prefixed::PrefixedIo<linkerd_io::either::EitherIo<linkerd_io::sensor::SensorIo<linkerd_io::scoped::ScopedIo<tokio::net::tcp::stream::TcpStream>,linkerd_transport_metrics::sensor::Sensor>,linkerd_io::prefixed::PrefixedIo<linkerd_io::sensor::SensorIo<linkerd_io::scoped::ScopedIo<tokio::net::tcp::stream::TcpStream>,linkerd_transport_metrics::sensor::Sensor>>>>>,()>>>>>",0.02
lean3,grpc,64,capacity,1,"core::ptr::drop_in_place<linkerd_stack::map_err::ResponseFuture<(),linkerd_stack::map_err::ResponseFuture<linkerd_app_outbound::http::logical::policy::route::Matched<linkerd_http_route::http::match::RequestMatch,linkerd_app_outbound::http::logical::policy::route::Route<linkerd_app_outbound::http::Http<linkerd_app_outbound::sidecar::HttpSidecar>,linkerd_proxy_client_policy::http::Filter,linkerd_proxy_client_policy::http::RouteParams>>::layer<linkerd_distribute::cache::BackendCache<linkerd_app_outbound::http::logical::Concrete<linkerd_app_outbound::http::Http<linkerd_app_outbound::sidecar::HttpSidecar>>,linkerd_stack::box_service::BoxCloneSyncService<http::request::Request<linkerd_http_box::body::BoxBody>,http::response::Response<linkerd_http_box::body::BoxBody>>>,linkerd_stack::box_service::BoxCloneSyncService<http::request::Request<linkerd_http_box::body::BoxBody>,http::response::Response<linkerd_http_box::body::BoxBody>>>::{{closure}}::{{closure}}::{{closure}},futures_util::future::try_future::MapOk<linkerd_http_prom::status::RecordStatusFuture<linkerd_http_prom::record_response::ResponseFuture<linkerd_app_outbound::http::logical::policy::route::metrics::LabelHttpRsp<linkerd_app_outbound::http::logical::policy::route::metrics::labels::Route>,futures_util::future::either::Either<futures_util::future::either::Either<futures_util::future::ready::Ready<core::result::Result<http::response::Response<linkerd_http_box::body::BoxBody>,alloc::boxed::Box<dyn core::error::Error+core::marker::Sync+core::marker::Send>>>,futures_util::future::try_future::ErrInto<linkerd_app_outbound::http::logical::policy::route::filters::ResponseFuture<linkerd_app_outbound::http::logical::policy::route::Matched<linkerd_http_route::http::match::RequestMatch,linkerd_app_outbound::http::logical::policy::route::Route<linkerd_app_outbound::http::Http<linkerd_app_outbound::sidecar::HttpSidecar>,linkerd_proxy_client_policy::http::Filter,linkerd_proxy_client_policy::http::RouteParams>>,futures_util::future::either::Either<futures_util::future::try_future::MapErr<core::pin::Pin<alloc::boxed::Box<dyn core::future::future::Future+Output = core::result::Result<http::response::Response<linkerd_http_box::body::BoxBody>,alloc::boxed::Box<dyn core::error::Error+core::marker::Sync+core::marker::Send>>+core::marker::Send>>,fn(alloc::boxed::Box<dyn core::error::Error+core::marker::Sync+core::marker::Send>) .> alloc::boxed::Box<dyn core::error::Error+core::marker::Sync+core::marker::Send>>,futures_util::future::ready::Ready<core::result::Result<http::response::Response<linkerd_http_box::body::BoxBody>,alloc::boxed::Box<dyn core::error::Error+core::marker::Sync+core::marker::Send>>>>>,alloc::boxed::Box<dyn core::error::Error+core::marker::Sync+core::marker::Send>>>,core::pin::Pin<alloc::boxed::Box<dyn core::future::future::Future+Output = core::result::Result<http::response::Response<linkerd_http_box::body::BoxBody>,alloc::boxed::Box<dyn core::error::Error+core::marker::Sync+core::marker::Send>>+core::marker::Send>>>>,linkerd_app_outbound::http::logical::policy::route::metrics::LabelHttpRsp<linkerd_app_outbound::http::logical::policy::route::metrics::labels::Route>,linkerd_app_outbound::http::logical::policy::route::metrics::labels::Rsp<linkerd_app_outbound::http::logical::policy::route::metrics::labels::Route,linkerd_app_outbound::http::logical::policy::route::metrics::labels::HttpRsp>>,fn(http::response::Response<http_body_util::either::Either<linkerd_http_body_eos::BodyWithEosFn<linkerd_http_box::body::BoxBody,alloc::boxed::Box<dyn core::ops::function::FnOnce<(linkerd_http_body_eos::EosRef<alloc::boxed::Box<dyn core::error::Error+core::marker::Sync+core::marker::Send>>,)>+Output = ()+core::marker::Send>>,linkerd_http_box::body::BoxBody>>) .> http::response::Response<linkerd_http_box::body::BoxBody>>>>>",0.02
lean3,grpc,64,capacity,1,0x0000000000006ef4,0.02
lean3,grpc,64,capacity,1,px_advance,0.02
lean3,grpc,64,capacity,1,_rjem_je_tcache_gc_new_event_wait,0.02
lean3,grpc,64,capacity,1,0x000000000002a854,0.02
lean3,grpc,64,capacity,1,"core::ptr::drop_in_place<linkerd_stack::loadshed::LoadShed<linkerd_distribute::service::Distribute<linkerd_app_outbound::http::logical::policy::route::backend::Backend<linkerd_app_outbound::http::Http<linkerd_app_outbound::sidecar::HttpSidecar>,linkerd_proxy_client_policy::http::Filter>,linkerd_stack::box_service::BoxCloneSyncService<http::request::Request<linkerd_http_box::body::BoxBody>,http::response::Response<linkerd_http_box::body::BoxBody>>>>>",0.02
lean3,grpc,64,capacity,1,0x0000000000079a90,0.02
lean3,grpc,64,capacity,1,0x00000000000b6ee8,0.02
lean3,grpc,64,capacity,1,<bytes::bytes::Bytes as core::convert::From<alloc::vec::Vec<u8>>>::from,0.02
lean3,grpc,64,capacity,1,0x00000000000b6ec0,0.02
lean3,grpc,64,capacity,1,h2::proto::streams::store::OccupiedEntry::key,0.02
lean3,grpc,64,capacity,1,_ZN4core3ptr1399drop_in_place$LT$linkerd_http_prom..record_response..ResponseFuture$LT$linkerd_app_outbound..http..logical..policy..route..metrics..LabelHttpRsp$LT$linkerd_app_outbound..http..logical..policy..route..metrics..labels..RouteBackend$GT$$C$futures_util..future..either..Either$LT$futures_util..future..ready..Ready$LT$core..result..Result$LT$http..response..Response$LT$linkerd_http_box..body..BoxBody$GT$$C$alloc..boxed..Box$LT$dyn$u20$core..error..Error$u2b$core..marker..Sync$u2b$core..marker..Send$GT$$GT$$GT$$C$futures_util..future..try_future..ErrInto$LT$linkerd_app_outbound..http..logical..policy..route..filters..ResponseFuture$LT$linkerd_app_outbound..http..logical..policy..route..Matched$LT$linkerd_http_route..http..match..RequestMatch$C$linkerd_app_outbound..http..logical..policy..route..backend..Backend$LT$linkerd_app_outbound..http..Http$LT$linkerd_app_outbound..sidecar..HttpSidecar$GT$$C$linkerd_proxy_client_policy..http..Filter$GT$$GT$$C$core..pin..Pin$LT$alloc..boxed..Box$LT$dyn$u20$core..future..future..Future$u2b$Output$u20$$u3d$$u20$core..result..Result$LT$http..response..Response$LT$linkerd_http_box..body..BoxBody$GT$$C$alloc..boxed..Box$LT$dyn$u20$core..error..Error$u2b$core..marker..Sync$u2b$core..marker..Send$GT$$GT$$u2b$core..marker..Send$GT$$GT$$GT$$C$alloc..boxed..Box$LT$dyn$u20$core..error..Error$u2b$core..marker..Sync$u2b$core..marker..Send$GT$$GT$$GT$$GT$$GT$17h0e419602dbaca561E.12066,0.02
lean3,grpc,64,capacity,1,"core::ptr::drop_in_place<tokio_util::sync::mpsc::State<linkerd_proxy_balance_queue::message::Message<http::request::Request<linkerd_http_box::body::BoxBody>,futures_util::future::try_future::ErrInto<tower::load::completion::TrackCompletionFuture<core::pin::Pin<alloc::boxed::Box<dyn core::future::future::Future+Output = core::result::Result<http::response::Response<linkerd_http_classify::channel::ResponseBody<linkerd_app_core::classify::Eos,linkerd_http_box::body::BoxBody>>,alloc::boxed::Box<dyn core::error::Error+core::marker::Sync+core::marker::Send>>+core::marker::Send>>,hyper_balance::PendingUntilFirstData,tower::load::peak_ewma::Handle>,alloc::boxed::Box<dyn core::error::Error+core::marker::Sync+core::marker::Send>>>>>",0.02
lean3,grpc,64,capacity,1,h2::proto::streams::send::Send::recv_stream_window_update,0.02
lean3,grpc,64,capacity,1,px_l7_request_owner,0.02
lean3,grpc,64,capacity,1,<tokio::sync::oneshot::Receiver<T> as core::ops::drop::Drop>::drop,0.02
lean3,grpc,64,capacity,1,0x000000000001d7bc,0.02
lean3,grpc,64,capacity,1,0x00000000000770a4,0.02
lean3,grpc,64,capacity,1,0x000000000001d7a0,0.02
lean3,grpc,64,capacity,1,doca_pe_get_notification_handle@plt,0.02
lean3,grpc,64,capacity,1,core::ptr::drop_in_place<hyper::proto::h2::PipeToSendStream<linkerd_http_box::body::BoxBody>>,0.02
lean3,grpc,64,capacity,1,"core::ptr::drop_in_place<linkerd_stack::map_err::ResponseFuture<(),futures_util::future::either::Either<futures_util::future::try_future::MapErr<tower::util::oneshot::Oneshot<linkerd_stack::box_service::BoxCloneSyncService<http::request::Request<linkerd_http_box::body::BoxBody>,http::response::Response<linkerd_http_box::body::BoxBody>>,http::request::Request<linkerd_http_box::body::BoxBody>>,fn(alloc::boxed::Box<dyn core::error::Error+core::marker::Sync+core::marker::Send>) .> alloc::boxed::Box<dyn core::error::Error+core::marker::Sync+core::marker::Send>>,futures_util::future::ready::Ready<core::result::Result<http::response::Response<linkerd_http_box::body::BoxBody>,alloc::boxed::Box<dyn core::error::Error+core::marker::Sync+core::marker::Send>>>>>>",0.02
lean3,grpc,64,capacity,1,h2::proto::streams::counts::Counts::inc_num_send_streams,0.02
lean3,grpc,64,capacity,1,0x000000000000047c,0.02
lean3,grpc,64,capacity,1,http::extensions::Extensions::insert,0.02
lean3,grpc,64,capacity,1,<T as http::extensions::AnyClone>::as_any,0.02
lean3,grpc,64,capacity,1,0x00000000000b7a44,0.01
lean3,grpc,64,capacity,1,0x00000000000004a4,0.01
lean3,grpc,64,capacity,1,0x00000000000004e4,0.01
lean3,grpc,64,capacity,1,"core::ptr::drop_in_place<futures_util::future::try_future::ErrInto<linkerd_stack::either::vendor::Either<futures_util::future::try_future::ErrInto<linkerd_stack::either::vendor::Either<core::pin::Pin<alloc::boxed::Box<dyn core::future::future::Future+Output = core::result::Result<http::response::Response<linkerd_http_box::body::BoxBody>,alloc::boxed::Box<dyn core::error::Error+core::marker::Sync+core::marker::Send>>+core::marker::Send>>,tracing::instrument::Instrumented<tower::buffer::future::ResponseFuture<core::pin::Pin<alloc::boxed::Box<dyn core::future::future::Future+Output = core::result::Result<http::response::Response<linkerd_http_box::body::BoxBody>,alloc::boxed::Box<dyn core::error::Error+core::marker::Sync+core::marker::Send>>+core::marker::Send>>>>>,alloc::boxed::Box<dyn core::error::Error+core::marker::Sync+core::marker::Send>>,futures_util::future::ready::Ready<core::result::Result<http::response::Response<linkerd_http_box::body::BoxBody>,linkerd_app_outbound::http::concrete::DispatcherFailed>>>,alloc::boxed::Box<dyn core::error::Error+core::marker::Sync+core::marker::Send>>>",0.01
lean3,grpc,64,capacity,1,"core::ptr::drop_in_place<hyper_balance::PendingUntilFirstDataBody<tower::load::peak_ewma::Handle,linkerd_http_classify::channel::ResponseBody<linkerd_app_core::classify::Eos,linkerd_http_box::body::BoxBody>>>",0.01
lean3,grpc,64,capacity,1,<linkerd_proxy_http::client_handle::SetClientHandle<S> as tower_service::Service<http::request::Request<B>>>::call,0.01
lean3,grpc,64,capacity,1,bytes::bytes::promotable_even_clone,0.01
lean3,grpc,64,capacity,1,h2::hpack::header::Header::value_slice,0.01
lean3,grpc,64,capacity,1,0x000000000001d788,0.01
lean3,grpc,64,capacity,1,0x00000000000b6ed8,0.01
lean3,grpc,64,capacity,1,px_request_for_reply.isra.0,0.01
lean3,grpc,64,capacity,1,"core::ptr::drop_in_place<futures_util::stream::futures_unordered::task::Task<tower::ready_cache::cache::Pending<core::net::socket_addr::SocketAddr,tower::load::peak_ewma::PeakEwma<linkerd_proxy_balance_gauge_endpoints::GaugeBalancerEndpoint<tower::util::boxed::sync::BoxService<http::request::Request<linkerd_http_box::body::BoxBody>,http::response::Response<linkerd_http_classify::channel::ResponseBody<linkerd_app_core::classify::Eos,linkerd_http_box::body::BoxBody>>,alloc::boxed::Box<dyn core::error::Error+core::marker::Sync+core::marker::Send>>>,hyper_balance::PendingUntilFirstData>,http::request::Request<linkerd_http_box::body::BoxBody>>>>",0.01
lean3,grpc,64,capacity,1,<linkerd_stack_metrics::service::TrackService<S> as core::clone::Clone>::clone,0.01
lean3,grpc,64,capacity,1,0x00000000000031e4,0.01
lean3,grpc,64,capacity,1,dmesh_l7_tx_batch_flush,0.01
lean3,grpc,64,capacity,1,tokio::runtime::time::<impl tokio::runtime::time::handle::Handle>::reregister,0.01
lean3,grpc,64,capacity,1,0x00000000000004a0,0.01
lean3,grpc,64,capacity,1,http::header::map::VacantEntry<T>::try_insert,0.01
lean3,grpc,64,capacity,1,0x0000000000006ee8,0.01
lean3,grpc,64,capacity,1,set_normalized_timespec64,0.01
lean3,grpc,64,capacity,1,0x0000000000005a88,0.01
lean3,grpc,64,capacity,1,_rjem_je_eset_remove,0.01
lean3,grpc,64,capacity,1,core::ptr::drop_in_place<h2::frame::headers::Iter>,0.01
lean3,grpc,64,capacity,1,0x0000000000003240,0.01
lean3,grpc,64,capacity,1,0x000000000002a878,0.01
lean3,grpc,64,capacity,1,0x00000000000b6e5c,0.01
lean3,grpc,64,capacity,1,0x00000000000149dc,0.01
lean3,grpc,64,capacity,1,_rjem_je_emap_remap,0.01
lean3,grpc,64,capacity,1,0x0000000000076bdc,0.01
lean3,grpc,64,capacity,1,"core::ptr::drop_in_place<core::option::Option<linkerd_http_classify::channel::State<linkerd_app_core::classify::Response,linkerd_app_core::classify::Class>>>",0.01
lean3,grpc,64,capacity,1,0x0000000000076fac,0.01
lean3,grpc,64,capacity,1,core::ptr::drop_in_place<linkerd_proxy_http::client_handle::ClientHandle>,0.01
lean3,grpc,64,capacity,1,read@plt,0.01
lean3,grpc,64,capacity,1,0x000000000000e7cc,0.01
lean3,grpc,64,capacity,1,h2::proto::streams::store::Ptr::remove,0.01
lean3,grpc,64,capacity,1,0x00000000000b6ec4,0.01
lean3,grpc,64,capacity,1,0x00000000000b6e54,0.01
lean3,grpc,64,capacity,1,0x0000000000076f30,0.01
lean3,grpc,64,capacity,1,core::ptr::drop_in_place<tokio_util::sync::poll_semaphore::PollSemaphore>,0.01
lean3,grpc,64,capacity,1,0x0000000000076f28,0.01
lean3,grpc,64,capacity,1,0x00000000000059fc,0.01
lean3,grpc,64,capacity,1,doca_pe_request_notification@plt,0.01
lean3,grpc,64,capacity,1,core::ptr::drop_in_place<h2::proto::streams::streams::StreamRef<hyper::proto::h2::SendBuf<linkerd_http_box::body::Data>>>,0.01
lean3,grpc,64,capacity,1,0x00000000000004dc,0.01
lean3,grpc,64,capacity,1,"core::ptr::drop_in_place<linkerd_stack::result::ResultService<linkerd_stack::either::vendor::Either<linkerd_stack::box_service::BoxCloneSyncService<http::request::Request<linkerd_http_box::body::BoxBody>,http::response::Response<linkerd_http_box::body::BoxBody>>,linkerd_stack::result::ResultService<linkerd_stack::either::vendor::Either<linkerd_stack::box_service::BoxCloneSyncService<http::request::Request<linkerd_http_box::body::BoxBody>,http::response::Response<linkerd_http_box::body::BoxBody>>,linkerd_stack::box_service::BoxCloneSyncService<http::request::Request<linkerd_http_box::body::BoxBody>,http::response::Response<linkerd_http_box::body::BoxBody>>>>>>>",0.01
lean3,grpc,64,capacity,1,memmove@plt,0.01
lean3,grpc,64,capacity,1,0x00000000000b7a70,0.01
lean3,grpc,64,capacity,1,0x000000000000e840,0.01
lean3,grpc,64,capacity,1,"core::ptr::drop_in_place<linkerd_stack::map_err::ResponseFuture<(),futures_util::future::either::Either<futures_util::future::try_future::ErrInto<futures_util::future::try_future::MapOk<futures_util::future::either::Either<linkerd_error_respond::RespondFuture<linkerd_app_core::errors::respond::Respond<linkerd_app_outbound::http::server::ServerRescue>,linkerd_stack::monitor::MonitorFuture<linkerd_app_outbound::metrics::error::http::Http,futures_util::future::either::Either<futures_util::future::try_future::MapErr<tower::limit::concurrency::future::ResponseFuture<core::pin::Pin<alloc::boxed::Box<dyn core::future::future::Future+Output = core::result::Result<http::response::Response<linkerd_http_box::body::BoxBody>,alloc::boxed::Box<dyn core::error::Error+core::marker::Sync+core::marker::Send>>+core::marker::Send>>>,fn(alloc::boxed::Box<dyn core::error::Error+core::marker::Sync+core::marker::Send>) .> alloc::boxed::Box<dyn core::error::Error+core::marker::Sync+core::marker::Send>>,futures_util::future::ready::Ready<core::result::Result<http::response::Response<linkerd_http_box::body::BoxBody>,alloc::boxed::Box<dyn core::error::Error+core::marker::Sync+core::marker::Send>>>>>>,core::pin::Pin<alloc::boxed::Box<dyn core::future::future::Future+Output = core::result::Result<http::response::Response<linkerd_app_core::errors::body::ResponseBody<linkerd_app_outbound::http::server::ServerRescue,linkerd_http_box::body::BoxBody>>,alloc::boxed::Box<dyn core::error::Error+core::marker::Sync+core::marker::Send>>+core::marker::Send>>>,fn(http::response::Response<linkerd_app_core::errors::body::ResponseBody<linkerd_app_outbound::http::server::ServerRescue,linkerd_http_box::body::BoxBody>>) .> http::response::Response<linkerd_http_box::body::BoxBody>>,alloc::boxed::Box<dyn core::error::Error+core::marker::Sync+core::marker::Send>>,futures_util::future::ready::Ready<core::result::Result<http::response::Response<linkerd_http_box::body::BoxBody>,alloc::boxed::Box<dyn core::error::Error+core::marker::Sync+core::marker::Send>>>>>>",0.01
lean3,grpc,64,capacity,1,"core::ptr::drop_in_place<linkerd_http_box::body::Inner<linkerd_http_stream_timeouts::RequestBody<linkerd_http_metrics::requests::service::RequestBody<linkerd_http_box::body::BoxBody,linkerd_app_core::classify::Class>>>>",0.01
lean3,grpc,64,capacity,1,0x000000000001da38,0.01
lean3,grpc,64,capacity,1,0x000000000007708c,0.01
lean3,grpc,64,capacity,1,"core::ptr::drop_in_place<hyper::client::dispatch::Callback<http::request::Request<linkerd_http_box::body::BoxBody>,http::response::Response<hyper::body::incoming::Incoming>>>",0.01
lean3,grpc,64,capacity,1,doca_pe_clear_notification,0.01
lean3,grpc,64,capacity,1,"core::ptr::drop_in_place<futures_util::future::try_future::into_future::IntoFuture<linkerd_app_outbound::http::logical::policy::route::filters::ResponseFuture<linkerd_app_outbound::http::logical::policy::route::Matched<linkerd_http_route::http::match::RequestMatch,linkerd_app_outbound::http::logical::policy::route::backend::Backend<linkerd_app_outbound::http::Http<linkerd_app_outbound::sidecar::HttpSidecar>,linkerd_proxy_client_policy::http::Filter>>,core::pin::Pin<alloc::boxed::Box<dyn core::future::future::Future+Output = core::result::Result<http::response::Response<linkerd_http_box::body::BoxBody>,alloc::boxed::Box<dyn core::error::Error+core::marker::Sync+core::marker::Send>>+core::marker::Send>>>>>",0.01
lean3,grpc,64,capacity,1,_copy_from_user.constprop.0,0.01
lean3,grpc,64,capacity,1,unmap_page_range,0.01
lean3,grpc,64,capacity,1,0x0000000000006f80,0.01
lean3,grpc,64,capacity,1,doca_buf_dec_refcount,0.01
lean3,grpc,64,capacity,1,"core::ptr::drop_in_place<linkerd_http_prom::record_response::RecordDuration<linkerd_app_outbound::http::logical::policy::route::Matched<linkerd_http_route::http::match::RequestMatch,linkerd_app_outbound::http::logical::policy::route::backend::Backend<linkerd_app_outbound::http::Http<linkerd_app_outbound::sidecar::HttpSidecar>,linkerd_proxy_client_policy::http::Filter>>,linkerd_http_prom::record_response::response::ResponseMetrics<linkerd_app_outbound::http::logical::policy::route::metrics::labels::RouteBackend>,linkerd_app_outbound::http::logical::policy::route::filters::ApplyFilters<linkerd_app_outbound::http::logical::policy::route::Matched<linkerd_http_route::http::match::RequestMatch,linkerd_app_outbound::http::logical::policy::route::backend::Backend<linkerd_app_outbound::http::Http<linkerd_app_outbound::sidecar::HttpSidecar>,linkerd_proxy_client_policy::http::Filter>>,linkerd_stack::box_service::BoxCloneSyncService<http::request::Request<linkerd_http_box::body::BoxBody>,http::response::Response<linkerd_http_box::body::BoxBody>>>>>",0.01
lean3,grpc,64,capacity,1,update_blocked_averages,0.01
lean3,grpc,64,capacity,1,"<E as hyper::rt::bounds::h2_server::Http2ServerConnExec<F,B>>::execute_h2stream",0.01
lean3,grpc,64,capacity,1,uaccess_ttbr0_enable,0.01
lean3,grpc,64,capacity,1,"core::ptr::drop_in_place<futures_util::future::try_future::ErrInto<linkerd_stack::either::vendor::Either<core::pin::Pin<alloc::boxed::Box<dyn core::future::future::Future+Output = core::result::Result<http::response::Response<linkerd_http_box::body::BoxBody>,alloc::boxed::Box<dyn core::error::Error+core::marker::Sync+core::marker::Send>>+core::marker::Send>>,core::pin::Pin<alloc::boxed::Box<dyn core::future::future::Future+Output = core::result::Result<http::response::Response<linkerd_http_box::body::BoxBody>,alloc::boxed::Box<dyn core::error::Error+core::marker::Sync+core::marker::Send>>+core::marker::Send>>>,alloc::boxed::Box<dyn core::error::Error+core::marker::Sync+core::marker::Send>>>",0.01
lean3,grpc,64,capacity,1,0x0000000000006ef0,0.01
lean3,grpc,64,capacity,1,0x0000000000076844,0.01
lean3,grpc,64,capacity,1,doca_buf_dec_refcount@plt,0.01
lean3,grpc,64,capacity,1,0x0000000000005998,0.01
lean3,grpc,64,capacity,1,memset,0.01
lean3,grpc,64,capacity,1,timespec64_add_safe,0.01
lean3,grpc,64,capacity,1,ksys_write,0.01
lean3,grpc,64,capacity,1,"alloc::vec::Vec<T,A>::into_boxed_slice",0.01
lean3,grpc,64,capacity,1,0x00000000000b7a18,0.01
lean3,grpc,64,capacity,1,0x000000000001d864,0.01
lean3,grpc,64,capacity,1,0x000000000001d784,0.01
lean3,grpc,64,capacity,1,<linkerd_http_box::body::Data as bytes::buf::buf_impl::Buf>::chunk,0.01
lean3,grpc,64,capacity,1,doca_comch_consumer_task_post_recv_as_task,0.01
lean3,grpc,64,capacity,1,0x00000000000ae120,0.01
lean3,grpc,64,capacity,1,"core::ptr::drop_in_place<linkerd_stack::map_err::ResponseFuture<(),linkerd_stack::map_err::ResponseFuture<linkerd_stack::map_err::WrapFromTarget<linkerd_app_outbound::http::concrete::Endpoint<linkerd_app_outbound::http::logical::Concrete<linkerd_app_outbound::http::Http<linkerd_app_outbound::sidecar::HttpSidecar>>>,linkerd_app_outbound::http::endpoint::EndpointError>,futures_util::future::try_future::MapErr<tower::spawn_ready::future::ResponseFuture<core::pin::Pin<alloc::boxed::Box<dyn core::future::future::Future+Output = core::result::Result<http::response::Response<linkerd_http_box::body::BoxBody>,alloc::boxed::Box<dyn core::error::Error+core::marker::Sync+core::marker::Send>>+core::marker::Send>>,alloc::boxed::Box<dyn core::error::Error+core::marker::Sync+core::marker::Send>>,fn(alloc::boxed::Box<dyn core::error::Error+core::marker::Sync+core::marker::Send>) .> alloc::boxed::Box<dyn core::error::Error+core::marker::Sync+core::marker::Send>>>>>",0.01
lean3,grpc,64,capacity,1,exp@plt,0.01
lean3,grpc,64,capacity,1,0x00000000000b7a9c,0.01
lean3,grpc,64,capacity,1,doca_buf_set_data,0.01
lean3,grpc,64,capacity,1,<linkerd_stack::loadshed::LoadShed<S> as core::clone::Clone>::clone,0.01
lean3,grpc,64,capacity,1,core::ptr::drop_in_place<linkerd_app_outbound::tls::logical::route::RouteLabels>,0.01
lean3,grpc,64,capacity,1,_rjem_je_pa_alloc,0.01
lean3,grpc,64,capacity,1,0x00000000000767f0,0.01
lean3,grpc,64,capacity,1,core::ptr::drop_in_place$LT$tokio..sync..mpsc..bounded..Sender$LT$linkerd_proxy_balance_queue..message..Message$LT$http..request..Request$LT$linkerd_http_box..body..BoxBody$GT$$C$futures_util..future..try_future..ErrInto$LT$tower..load..completion..TrackCompletionFuture$LT$core..pin..Pin$LT$alloc..boxed..Box$LT$dyn$u20$core..future..future..Future$u2b$Output$u20$$u3d$$u20$core..result..Result$LT$http..response..Response$LT$linkerd_http_classify..channel..ResponseBody$LT$linkerd_app_core..classify..Eos$C$linkerd_http_box..body..BoxBody$GT$$GT$$C$alloc..boxed..Box$LT$dyn$u20$core..error..Error$u2b$core..marker..Sync$u2b$core..marker..Send$GT$$GT$$u2b$core..marker..Send$GT$$GT$$C$hyper_balance..PendingUntilFirstData$C$tower..load..peak_ewma..Handle$GT$$C$alloc..boxed..Box$LT$dyn$u20$core..error..Error$u2b$core..marker..Sync$u2b$core..marker..Send$GT$$GT$$GT$$GT$..reserve_owned..$u7b$$u7b$closure$u7d$$u7d$$GT$::h176428ae4f6ac32a,0.01
lean3,grpc,64,capacity,1,"core::ptr::drop_in_place<linkerd_stack::box_future::BoxFuture<linkerd_stack::map_err::MapErr<(),linkerd_stack::map_err::MapErr<linkerd_app_outbound::http::logical::policy::route::backend::<impl linkerd_app_outbound::http::logical::policy::route::Matched<linkerd_http_route::http::match::RequestMatch,linkerd_app_outbound::http::logical::policy::route::backend::Backend<linkerd_app_outbound::http::Http<linkerd_app_outbound::sidecar::HttpSidecar>,linkerd_proxy_client_policy::http::Filter>>>::layer<linkerd_distribute::cache::BackendCache<linkerd_app_outbound::http::logical::Concrete<linkerd_app_outbound::http::Http<linkerd_app_outbound::sidecar::HttpSidecar>>,linkerd_stack::box_service::BoxCloneSyncService<http::request::Request<linkerd_http_box::body::BoxBody>,http::response::Response<linkerd_http_box::body::BoxBody>>>,linkerd_stack::box_service::BoxCloneSyncService<http::request::Request<linkerd_http_box::body::BoxBody>,http::response::Response<linkerd_http_box::body::BoxBody>>>::{{closure}}::{{closure}}::{{closure}},linkerd_http_prom::body_data::response::RecordBodyData<linkerd_http_prom::count_reqs::CountRequests<linkerd_http_prom::status::RecordStatusCode<linkerd_http_prom::record_response::RecordDuration<linkerd_app_outbound::http::logical::policy::route::Matched<linkerd_http_route::http::match::RequestMatch,linkerd_app_outbound::http::logical::policy::route::backend::Backend<linkerd_app_outbound::http::Http<linkerd_app_outbound::sidecar::HttpSidecar>,linkerd_proxy_client_policy::http::Filter>>,linkerd_http_prom::record_response::response::ResponseMetrics<linkerd_app_outbound::http::logical::policy::route::metrics::labels::RouteBackend>,linkerd_app_outbound::http::logical::policy::route::filters::ApplyFilters<linkerd_app_outbound::http::logical::policy::route::Matched<linkerd_http_route::http::match::RequestMatch,linkerd_app_outbound::http::logical::policy::route::backend::Backend<linkerd_app_outbound::http::Http<linkerd_app_outbound::sidecar::HttpSidecar>,linkerd_proxy_client_policy::http::Filter>>,linkerd_stack::box_service::BoxCloneSyncService<http::request::Request<linkerd_http_box::body::BoxBody>,http::response::Response<linkerd_http_box::body::BoxBody>>>>,linkerd_app_outbound::http::logical::policy::route::Matched<linkerd_http_route::http::match::RequestMatch,linkerd_app_outbound::http::logical::policy::route::backend::Backend<linkerd_app_outbound::http::Http<linkerd_app_outbound::sidecar::HttpSidecar>,linkerd_proxy_client_policy::http::Filter>>,linkerd_app_outbound::http::logical::policy::route::metrics::labels::Rsp<linkerd_app_outbound::http::logical::policy::route::metrics::labels::RouteBackend,linkerd_app_outbound::http::logical::policy::route::metrics::labels::HttpRsp>>>>>>>>",0.01
lean3,grpc,64,capacity,1,priv_doca_ctx_on_arm@plt,0.01
lean3,grpc,64,capacity,1,doca_comch_consumer_task_post_recv_get_imm_data,0.01
lean3,grpc,64,capacity,1,__GI___memset_generic,0.01
lean3,grpc,64,capacity,1,0x00000000000004f8,0.01
lean3,grpc,64,capacity,1,px_bind_worker,0.01
lean3,grpc,64,capacity,1,"core::ptr::drop_in_place<futures_util::future::try_future::into_future::IntoFuture<tower::limit::concurrency::future::ResponseFuture<core::pin::Pin<alloc::boxed::Box<dyn core::future::future::Future+Output = core::result::Result<http::response::Response<linkerd_http_box::body::BoxBody>,alloc::boxed::Box<dyn core::error::Error+core::marker::Sync+core::marker::Send>>+core::marker::Send>>>>>",0.01
lean3,grpc,64,capacity,1,"hyper::client::dispatch::Callback<T,U>::send",0.01
lean3,grpc,64,capacity,1,<tonic_prost::codec::ProstDecoder<U> as tonic::codec::Decoder>::buffer_settings,0.01
lean3,grpc,64,capacity,1,__vfscanf_internal,0.01
lean3,grpc,64,capacity,1,0x000000000002a824,0.01
lean3,grpc,64,capacity,1,_rjem_realloc,0.01
lean3,grpc,64,capacity,1,0x0000000000014a5c,0.01
lean3,grpc,64,capacity,1,core::ptr::drop_in_place<hyper::client::conn::http2::SendRequest<linkerd_http_box::body::BoxBody>::send_request::{{closure}}>,0.01
lean3,grpc,64,capacity,1,0x00000000000b6ecc,0.01
lean3,grpc,64,capacity,1,__check_object_size,0.01
lean3,grpc,64,capacity,1,tokio::time::sleep::sleep,0.01
lean3,grpc,64,capacity,1,__fdget_pos,0.01
lean3,grpc,64,capacity,1,_rjem_je_emap_update_edata_state,0.01
lean3,grpc,64,capacity,1,doca_dma_task_memcpy_as_task@plt,0.01
lean3,grpc,64,capacity,1,pthread_mutex_unlock@@GLIBC_2.17,0.01
lean3,grpc,64,capacity,1,0x0000000000076c98,0.01
lean3,grpc,64,capacity,1,core::hash::Hash::hash_slice,0.01
lean3,grpc,64,capacity,1,arena_slab_alloc,0.01
lean3,grpc,64,capacity,1,core::ptr::drop_in_place<linkerd_app_outbound::http::logical::policy::route::metrics::labels::RouteBackend>,0.01
lean3,grpc,64,capacity,1,doca_dma_task_memcpy_as_task,0.01
lean3,grpc,64,capacity,1,dmesh_l7_driver_stopped,0.01
lean3,grpc,64,capacity,1,_ZN4core3ptr1764drop_in_place$LT$futures_util..future..either..Either$LT$futures_util..future..ready..Ready$LT$core..result..Result$LT$http..response..Response$LT$linkerd_http_box..body..BoxBody$GT$$C$alloc..boxed..Box$LT$dyn$u20$core..error..Error$u2b$core..marker..Sync$u2b$core..marker..Send$GT$$GT$$GT$$C$futures_util..future..try_future..ErrInto$LT$linkerd_app_outbound..http..logical..policy..route..filters..ResponseFuture$LT$linkerd_app_outbound..http..logical..policy..route..Matched$LT$linkerd_http_route..http..match..RequestMatch$C$linkerd_app_outbound..http..logical..policy..route..Route$LT$linkerd_app_outbound..http..Http$LT$linkerd_app_outbound..sidecar..HttpSidecar$GT$$C$linkerd_proxy_client_policy..http..Filter$C$linkerd_proxy_client_policy..http..RouteParams$GT$$GT$$C$futures_util..future..either..Either$LT$futures_util..future..try_future..MapErr$LT$core..pin..Pin$LT$alloc..boxed..Box$LT$dyn$u20$core..future..future..Future$u2b$Output$u20$$u3d$$u20$core..result..Result$LT$http..response..Response$LT$linkerd_http_box..body..BoxBody$GT$$C$alloc..boxed..Box$LT$dyn$u20$core..error..Error$u2b$core..marker..Sync$u2b$core..marker..Send$GT$$GT$$u2b$core..marker..Send$GT$$GT$$C$fn$LP$alloc..boxed..Box$LT$dyn$u20$core..error..Error$u2b$core..marker..Sync$u2b$core..marker..Send$GT$$RP$$u20$.$GT$$u20$alloc..boxed..Box$LT$dyn$u20$core..error..Error$u2b$core..marker..Sync$u2b$core..marker..Send$GT$$GT$$C$futures_util..future..ready..Ready$LT$core..result..Result$LT$http..response..Response$LT$linkerd_http_box..body..BoxBody$GT$$C$alloc..boxed..Box$LT$dyn$u20$core..error..Error$u2b$core..marker..Sync$u2b$core..marker..Send$GT$$GT$$GT$$GT$$GT$$C$alloc..boxed..Box$LT$dyn$u20$core..error..Error$u2b$core..marker..Sync$u2b$core..marker..Send$GT$$GT$$GT$$GT$17h184ca78465f3572aE.11856,0.01
lean3,grpc,64,capacity,1,__aarch64_swp8_acq_rel,0.01
lean3,grpc,64,capacity,1,bytes::bytes::shared_drop,0.01
lean3,grpc,64,capacity,1,hrtimer_init_sleeper,0.01
lean3,grpc,64,capacity,1,0x00000000000004e0,0.01
lean3,grpc,64,capacity,1,doca_buf_inventory_buf_get_by_args@plt,0.01
lean3,grpc,64,capacity,1,"core::ptr::drop_in_place<futures_util::future::try_future::MapOk<linkerd_http_prom::status::RecordStatusFuture<linkerd_http_prom::record_response::ResponseFuture<linkerd_app_outbound::http::logical::policy::route::metrics::LabelHttpRsp<linkerd_app_outbound::http::logical::policy::route::metrics::labels::RouteBackend>,futures_util::future::either::Either<futures_util::future::ready::Ready<core::result::Result<http::response::Response<linkerd_http_box::body::BoxBody>,alloc::boxed::Box<dyn core::error::Error+core::marker::Sync+core::marker::Send>>>,futures_util::future::try_future::ErrInto<linkerd_app_outbound::http::logical::policy::route::filters::ResponseFuture<linkerd_app_outbound::http::logical::policy::route::Matched<linkerd_http_route::http::match::RequestMatch,linkerd_app_outbound::http::logical::policy::route::backend::Backend<linkerd_app_outbound::http::Http<linkerd_app_outbound::sidecar::HttpSidecar>,linkerd_proxy_client_policy::http::Filter>>,core::pin::Pin<alloc::boxed::Box<dyn core::future::future::Future+Output = core::result::Result<http::response::Response<linkerd_http_box::body::BoxBody>,alloc::boxed::Box<dyn core::error::Error+core::marker::Sync+core::marker::Send>>+core::marker::Send>>>,alloc::boxed::Box<dyn core::error::Error+core::marker::Sync+core::marker::Send>>>>,linkerd_app_outbound::http::logical::policy::route::metrics::LabelHttpRsp<linkerd_app_outbound::http::logical::policy::route::metrics::labels::RouteBackend>,linkerd_app_outbound::http::logical::policy::route::metrics::labels::Rsp<linkerd_app_outbound::http::logical::policy::route::metrics::labels::RouteBackend,linkerd_app_outbound::http::logical::policy::route::metrics::labels::HttpRsp>>,<linkerd_http_prom::body_data::response::RecordBodyData<linkerd_http_prom::count_reqs::CountRequests<linkerd_http_prom::status::RecordStatusCode<linkerd_http_prom::record_response::RecordDuration<linkerd_app_outbound::http::logical::policy::route::Matched<linkerd_http_route::http::match::RequestMatch,linkerd_app_outbound::http::logical::policy::route::backend::Backend<linkerd_app_outbound::http::Http<linkerd_app_outbound::sidecar::HttpSidecar>,linkerd_proxy_client_policy::http::Filter>>,linkerd_http_prom::record_response::response::ResponseMetrics<linkerd_app_outbound::http::logical::policy::route::metrics::labels::RouteBackend>,linkerd_app_outbound::http::logical::policy::route::filters::ApplyFilters<linkerd_app_outbound::http::logical::policy::route::Matched<linkerd_http_route::http::match::RequestMatch,linkerd_app_outbound::http::logical::policy::route::backend::Backend<linkerd_app_outbound::http::Http<linkerd_app_outbound::sidecar::HttpSidecar>,linkerd_proxy_client_policy::http::Filter>>,linkerd_stack::box_service::BoxCloneSyncService<http::request::Request<linkerd_http_box::body::BoxBody>,http::response::Response<linkerd_http_box::body::BoxBody>>>>,linkerd_app_outbound::http::logical::policy::route::Matched<linkerd_http_route::http::match::RequestMatch,linkerd_app_outbound::http::logical::policy::route::backend::Backend<linkerd_app_outbound::http::Http<linkerd_app_outbound::sidecar::HttpSidecar>,linkerd_proxy_client_policy::http::Filter>>,linkerd_app_outbound::http::logical::policy::route::metrics::labels::Rsp<linkerd_app_outbound::http::logical::policy::route::metrics::labels::RouteBackend,linkerd_app_outbound::http::logical::policy::route::metrics::labels::HttpRsp>>>> as tower_service::Service<http::request::Request<linkerd_http_box::body::BoxBody>>>::call::{{closure}}>>",0.01
lean3,grpc,64,capacity,1,__GI___pthread_mutex_unlock_usercnt,0.01
lean3,grpc,64,capacity,1,0x0000000000000474,0.01
lean3,grpc,64,capacity,1,0x0000000000005a8c,0.01
lean3,grpc,64,capacity,1,0x0000000000006fa4,0.01
lean3,grpc,64,capacity,1,0x000000000000e8c8,0.01
lean3,grpc,64,capacity,1,doca_comch_consumer_task_post_recv_get_imm_data@plt,0.01
lean3,grpc,64,capacity,1,px_unit_attach_chunk,0.01
lean3,grpc,64,capacity,1,"core::ptr::drop_in_place<linkerd_stack::map_err::ResponseFuture<(),futures_util::future::try_future::ErrInto<linkerd_stack::either::vendor::Either<futures_util::future::try_future::ErrInto<linkerd_stack::either::vendor::Either<core::pin::Pin<alloc::boxed::Box<dyn core::future::future::Future+Output = core::result::Result<http::response::Response<linkerd_http_box::body::BoxBody>,alloc::boxed::Box<dyn core::error::Error+core::marker::Sync+core::marker::Send>>+core::marker::Send>>,tracing::instrument::Instrumented<tower::buffer::future::ResponseFuture<core::pin::Pin<alloc::boxed::Box<dyn core::future::future::Future+Output = core::result::Result<http::response::Response<linkerd_http_box::body::BoxBody>,alloc::boxed::Box<dyn core::error::Error+core::marker::Sync+core::marker::Send>>+core::marker::Send>>>>>,alloc::boxed::Box<dyn core::error::Error+core::marker::Sync+core::marker::Send>>,futures_util::future::ready::Ready<core::result::Result<http::response::Response<linkerd_http_box::body::BoxBody>,linkerd_app_outbound::http::concrete::DispatcherFailed>>>,alloc::boxed::Box<dyn core::error::Error+core::marker::Sync+core::marker::Send>>>>",0.01
lean3,grpc,64,capacity,1,_rjem_je_edata_heap_insert,0.01
lean3,grpc,64,capacity,1,0x000000000001da04,0.01
lean3,grpc,64,capacity,1,h2::proto::streams::store::VacantEntry::insert,0.01
lean3,grpc,64,capacity,1,dmesh_doca::io::DmeshIoHandle::push_segment,0.01
lean3,grpc,64,capacity,1,0x000000000000e754,0.01
lean3,grpc,64,capacity,1,0x0000000000006f48,0.01
lean3,grpc,65536,capacity,1,__memcpy_generic,5.4
lean3,grpc,65536,capacity,1,"h2::proto::connection::Connection<T,P,B>::poll",3.38
lean3,grpc,65536,capacity,1,px_worker_drain,1.93
lean3,grpc,65536,capacity,1,el0_svc_common.constprop.0,1.72
lean3,grpc,65536,capacity,1,__aarch64_ldadd8_relax,1.68
lean3,grpc,65536,capacity,1,__aarch64_ldadd4_acq_rel,1.47
lean3,grpc,65536,capacity,1,<linkerd_http_box::body::Inner<B> as http_body::Body>::poll_frame,1.46
lean3,grpc,65536,capacity,1,"tokio::runtime::task::core::Core<T,S>::poll",1.26
lean3,grpc,65536,capacity,1,__aarch64_cas1_rel,1.15
lean3,grpc,65536,capacity,1,"<linkerd_stack::map_err::ResponseFuture<W,F> as core::future::future::Future>::poll",1.11
lean3,grpc,65536,capacity,1,__aarch64_cas4_acq,1.07
lean3,grpc,65536,capacity,1,h2::hpack::encoder::Encoder::encode,1.0
lean3,grpc,65536,capacity,1,<tracing::instrument::Instrumented<T> as core::future::future::Future>::poll,0.97
lean3,grpc,65536,capacity,1,h2::proto::streams::prioritize::Prioritize::pop_frame,0.92
lean3,grpc,65536,capacity,1,<dmesh_l7::ExternalBackend as dmesh_doca::runtime::RuntimeBackend>::drain,0.85
lean3,grpc,65536,capacity,1,"<S as linkerd_stack::box_service::sealed::BoxCloneSyncService<Req,Rsp>>::box_clone_sync",0.78
lean3,grpc,65536,capacity,1,__aarch64_ldadd8_rel,0.76
lean3,grpc,65536,capacity,1,http::header::map::hash_elem_using,0.75
lean3,grpc,65536,capacity,1,h2::proto::connection::DynConnection<B>::recv_frame,0.74
lean3,grpc,65536,capacity,1,__aarch64_cas1_acq,0.71
lean3,grpc,65536,capacity,1,eventfd_write,0.67
lean3,grpc,65536,capacity,1,__aarch64_swp4_rel,0.66
lean3,grpc,65536,capacity,1,core::hash::BuildHasher::hash_one,0.63
lean3,grpc,65536,capacity,1,_rjem_malloc,0.63
lean3,grpc,65536,capacity,1,tokio::runtime::task::raw::poll,0.62
lean3,grpc,65536,capacity,1,__aarch64_cas8_acq_rel,0.6
lean3,grpc,65536,capacity,1,h2::codec::framed_read::decode_frame,0.57
lean3,grpc,65536,capacity,1,0x00000000000004c8,0.57
lean3,grpc,65536,capacity,1,__aarch64_ldadd4_relax,0.55
lean3,grpc,65536,capacity,1,epoll_pwait,0.53
lean3,grpc,65536,capacity,1,_rjem_je_malloc_default,0.51
lean3,grpc,65536,capacity,1,"h2::codec::framed_write::FramedWrite<T,B>::flush",0.5
lean3,grpc,65536,capacity,1,dmesh_l7::l7_worker_run::{{closure}},0.47
lean3,grpc,65536,capacity,1,"<futures_util::future::try_future::ErrInto<Fut,E> as core::future::future::Future>::poll",0.47
lean3,grpc,65536,capacity,1,l7_conn_segment,0.46
lean3,grpc,65536,capacity,1,h2::frame::headers::HeaderBlock::load::{{closure}},0.45
lean3,grpc,65536,capacity,1,h2::codec::framed_write::Encoder<B>::buffer,0.45
lean3,grpc,65536,capacity,1,h2::proto::streams::streams::StreamRef<B>::send_data,0.44
lean3,grpc,65536,capacity,1,"<futures_util::future::future::Map<Fut,F> as core::future::future::Future>::poll",0.44
lean3,grpc,65536,capacity,1,slab::Slab<T>::insert_at,0.42
lean3,grpc,65536,capacity,1,get_random_u32,0.42
lean3,grpc,65536,capacity,1,do_rallocx,0.42
lean3,grpc,65536,capacity,1,__fget_files,0.42
lean3,grpc,65536,capacity,1,doca_pe_progress,0.42
lean3,grpc,65536,capacity,1,px_process_forward,0.39
lean3,grpc,65536,capacity,1,0x00000000000004b8,0.39
lean3,grpc,65536,capacity,1,"<futures_util::future::try_future::MapOk<Fut,F> as core::future::future::Future>::poll",0.39
lean3,grpc,65536,capacity,1,http::header::map::HeaderMap<T>::try_append2,0.38
lean3,grpc,65536,capacity,1,"<linkerd_router::OneshotRoute<Sel,N> as tower_service::Service<Req>>::call",0.38
lean3,grpc,65536,capacity,1,"<linkerd_stack::either::vendor::Either<A,B> as tower_service::Service<Request>>::call",0.37
lean3,grpc,65536,capacity,1,__aarch64_swp1_acq_rel,0.37
lean3,grpc,65536,capacity,1,h2::proto::streams::store::Queue<N>::pop,0.37
lean3,grpc,65536,capacity,1,"<h2::client::Connection<T,B> as core::future::future::Future>::poll",0.36
lean3,grpc,65536,capacity,1,__aarch64_ldadd8_acq_rel,0.36
lean3,grpc,65536,capacity,1,h2::proto::streams::recv::Recv::recv_data,0.36
lean3,grpc,65536,capacity,1,tokio::runtime::time::<impl tokio::runtime::time::handle::Handle>::process_at_time,0.35
lean3,grpc,65536,capacity,1,0x000000000001da18,0.35
lean3,grpc,65536,capacity,1,h2::proto::streams::prioritize::Prioritize::reclaim_frame,0.35
lean3,grpc,65536,capacity,1,__aarch64_cas8_relax,0.34
lean3,grpc,65536,capacity,1,<linkerd_http_box::body::Data as bytes::buf::buf_impl::Buf>::remaining,0.34
lean3,grpc,65536,capacity,1,l7_worker_run,0.33
lean3,grpc,65536,capacity,1,_rjem_je_sdallocx_default,0.33
lean3,grpc,65536,capacity,1,"<hyper::server::conn::http2::Connection<I,S,E> as core::future::future::Future>::poll",0.33
lean3,grpc,65536,capacity,1,dmesh_doca_dpa_msgq_recv_cb,0.32
lean3,grpc,65536,capacity,1,h2::proto::streams::store::Store::find_mut,0.32
lean3,grpc,65536,capacity,1,tokio::runtime::task::waker::wake_by_val,0.32
lean3,grpc,65536,capacity,1,<linkerd_http_stream_timeouts::ResponseFuture<F> as core::future::future::Future>::poll,0.32
lean3,grpc,65536,capacity,1,<core::hash::sip::Hasher<S> as core::hash::Hasher>::write,0.32
lean3,grpc,65536,capacity,1,h2::share::RecvStream::poll_data,0.31
lean3,grpc,65536,capacity,1,h2::proto::streams::buffer::Deque::pop_front,0.31
lean3,grpc,65536,capacity,1,<linkerd_stack_metrics::service::TrackService<S> as tower_service::Service<T>>::poll_ready,0.3
lean3,grpc,65536,capacity,1,"<tower::util::map_future::MapFuture<S,F> as tower_service::Service<R>>::call",0.3
lean3,grpc,65536,capacity,1,<linkerd_stack::box_future::BoxFuture<T> as tower_service::Service<R>>::poll_ready,0.3
lean3,grpc,65536,capacity,1,_rjem_je_arena_ralloc,0.3
lean3,grpc,65536,capacity,1,<bytes::bytes_mut::BytesMut as bytes::buf::buf_mut::BufMut>::put,0.3
lean3,grpc,65536,capacity,1,px_l7_caller_conn,0.3
lean3,grpc,65536,capacity,1,dmesh_l7_tx_batch_write,0.3
lean3,grpc,65536,capacity,1,tokio::sync::mpsc::list::Rx<T>::pop,0.29
lean3,grpc,65536,capacity,1,<h2::server::Peer as h2::proto::peer::Peer>::convert_poll_message,0.29
lean3,grpc,65536,capacity,1,h2::proto::streams::prioritize::Prioritize::try_assign_capacity,0.28
lean3,grpc,65536,capacity,1,tokio::runtime::scheduler::current_thread::Core::next_task,0.27
lean3,grpc,65536,capacity,1,h2::proto::streams::recv::Recv::recv_headers,0.27
lean3,grpc,65536,capacity,1,<linkerd_http_box::body::Inner<B> as http_body::Body>::is_end_stream,0.27
lean3,grpc,65536,capacity,1,"<tower::util::map_future::MapFuture<S,F> as tower_service::Service<R>>::poll_ready",0.27
lean3,grpc,65536,capacity,1,px_dma_done_cb,0.26
lean3,grpc,65536,capacity,1,px_batch_submit_dma,0.26
lean3,grpc,65536,capacity,1,tokio::runtime::time::Driver::park_internal,0.26
lean3,grpc,65536,capacity,1,<tokio::sync::notify::Notified as core::future::future::Future>::poll,0.26
lean3,grpc,65536,capacity,1,h2::frame::headers::HeaderBlock::load,0.26
lean3,grpc,65536,capacity,1,h2::frame::head::Head::encode,0.26
lean3,grpc,65536,capacity,1,tokio::runtime::time::wheel::Wheel::next_expiration,0.25
lean3,grpc,65536,capacity,1,<h2::hpack::header::Header<T> as core::clone::Clone>::clone,0.25
lean3,grpc,65536,capacity,1,h2::proto::streams::counts::Counts::transition,0.25
lean3,grpc,65536,capacity,1,tokio::runtime::scheduler::current_thread::Context::run_task,0.24
lean3,grpc,65536,capacity,1,h2::proto::streams::store::Queue<N>::push,0.24
lean3,grpc,65536,capacity,1,clock_gettime@@GLIBC_2.17,0.23
lean3,grpc,65536,capacity,1,tokio::runtime::io::driver::Driver::turn,0.23
lean3,grpc,65536,capacity,1,dmesh_l7_driver_drain,0.23
lean3,grpc,65536,capacity,1,px_rev_stage_append,0.23
lean3,grpc,65536,capacity,1,"<linkerd_io::sensor::SensorIo<T,S> as tokio::io::async_read::AsyncRead>::poll_read",0.23
lean3,grpc,65536,capacity,1,<linkerd_http_detect::Detect<N> as tower_service::Service<I>>::call::{{closure}},0.22
lean3,grpc,65536,capacity,1,"<linkerd_stack::either::vendor::Either<A,B> as core::future::future::Future>::poll",0.22
lean3,grpc,65536,capacity,1,bytes::bytes_mut::BytesMut::reserve_inner,0.22
lean3,grpc,65536,capacity,1,"tower::ready_cache::cache::ReadyCache<K,S,Req>::poll_pending",0.22
lean3,grpc,65536,capacity,1,0x000000000001d81c,0.22
lean3,grpc,65536,capacity,1,px_unit_prepare,0.21
lean3,grpc,65536,capacity,1,dmesh_l7::pump_side,0.21
lean3,grpc,65536,capacity,1,<hyper::body::incoming::Incoming as http_body::Body>::poll_frame,0.21
lean3,grpc,65536,capacity,1,doca_buf_inventory_buf_get_by_args,0.21
lean3,grpc,65536,capacity,1,<dmesh_l7::DirectWriter as dmesh_doca::io::TxWriter>::write,0.21
lean3,grpc,65536,capacity,1,0x00000000000149d0,0.21
lean3,grpc,65536,capacity,1,px_upstream_resolve.constprop.0,0.2
lean3,grpc,65536,capacity,1,linkerd_http_stream_timeouts::poll_body_timeout,0.2
lean3,grpc,65536,capacity,1,"<hyper::client::conn::http2::Connection<T,B,E> as core::future::future::Future>::poll",0.2
lean3,grpc,65536,capacity,1,"<linkerd_http_metrics::requests::service::ResponseFuture<F,C> as core::future::future::Future>::poll",0.2
lean3,grpc,65536,capacity,1,px_parse_l7,0.2
lean3,grpc,65536,capacity,1,memcmp,0.2
lean3,grpc,65536,capacity,1,http::header::name::StandardHeader::from_bytes,0.2
lean3,grpc,65536,capacity,1,http::header::map::HeaderMap<T>::contains_key,0.2
lean3,grpc,65536,capacity,1,h2::frame::headers::Headers::encode,0.19
lean3,grpc,65536,capacity,1,<h2::proto::streams::streams::OpaqueStreamRef as core::ops::drop::Drop>::drop,0.19
lean3,grpc,65536,capacity,1,<linkerd_http_stream_timeouts::EnforceTimeouts<S> as tower_service::Service<http::request::Request<B>>>::call,0.19
lean3,grpc,65536,capacity,1,find_pod_by_id,0.19
lean3,grpc,65536,capacity,1,0x0000000000076824,0.19
lean3,grpc,65536,capacity,1,http::header::map::HeaderMap<T>::get,0.19
lean3,grpc,65536,capacity,1,<tokio_util::codec::length_delimited::LengthDelimitedCodec as tokio_util::codec::decoder::Decoder>::decode,0.18
lean3,grpc,65536,capacity,1,<core::pin::Pin<P> as core::future::future::Future>::poll,0.18
lean3,grpc,65536,capacity,1,<dmesh_doca::io::DmeshIo as tokio::io::async_read::AsyncRead>::poll_read,0.18
lean3,grpc,65536,capacity,1,<core::pin::Pin<P> as futures_core::stream::Stream>::poll_next,0.18
lean3,grpc,65536,capacity,1,core::ptr::drop_in_place<linkerd_app_outbound::http::logical::Concrete<linkerd_app_outbound::http::Http<linkerd_app_outbound::sidecar::HttpSidecar>>>,0.18
lean3,grpc,65536,capacity,1,h2::proto::streams::streams::StreamRef<B>::poll_reset,0.17
lean3,grpc,65536,capacity,1,<std::hash::random::DefaultHasher as core::hash::Hasher>::write,0.17
lean3,grpc,65536,capacity,1,"h2::proto::streams::streams::Streams<B,P>::next_incoming",0.17
lean3,grpc,65536,capacity,1,<&mut S as tower_service::Service<Request>>::poll_ready,0.17
lean3,grpc,65536,capacity,1,__aarch64_cas8_acq,0.17
lean3,grpc,65536,capacity,1,tokio::runtime::scheduler::current_thread::<impl tokio::runtime::task::Schedule for alloc::sync::Arc<tokio::runtime::scheduler::current_thread::Handle>>::schedule,0.17
lean3,grpc,65536,capacity,1,<linkerd_app_outbound::http::logical::Concrete<T> as core::clone::Clone>::clone,0.17
lean3,grpc,65536,capacity,1,http::header::map::HeaderMap<T>::remove,0.17
lean3,grpc,65536,capacity,1,0x0000000000006ef4,0.16
lean3,grpc,65536,capacity,1,h2::proto::streams::recv::Recv::release_capacity,0.16
lean3,grpc,65536,capacity,1,apparmor_file_permission,0.16
lean3,grpc,65536,capacity,1,hyper::proto::h2::strip_connection_headers,0.16
lean3,grpc,65536,capacity,1,0x000000000002a840,0.16
lean3,grpc,65536,capacity,1,h2::client::Peer::convert_send_message,0.16
lean3,grpc,65536,capacity,1,<linkerd_proxy_http::normalize_uri::MarkAbsoluteForm<S> as tower_service::Service<http::request::Request<B>>>::call,0.16
lean3,grpc,65536,capacity,1,<h2::client::ResponseFuture as core::future::future::Future>::poll,0.16
lean3,grpc,65536,capacity,1,px_parse,0.16
lean3,grpc,65536,capacity,1,<linkerd_http_route::http::match::MatchRequest as linkerd_http_route::Match>::match_request,0.16
lean3,grpc,65536,capacity,1,dmesh_l7_release,0.15
lean3,grpc,65536,capacity,1,doca_dma_task_memcpy_alloc_init,0.15
lean3,grpc,65536,capacity,1,_rjem_je_tcache_bin_flush_stashed,0.15
lean3,grpc,65536,capacity,1,h2::frame::headers::calculate_headermap_size,0.15
lean3,grpc,65536,capacity,1,<tokio::time::sleep::Sleep as core::future::future::Future>::poll,0.15
lean3,grpc,65536,capacity,1,do_epoll_wait,0.15
lean3,grpc,65536,capacity,1,<linkerd_app_core::errors::respond::NewRespond<R> as linkerd_error_respond::NewRespond<http::request::Request<B>>>::new_respond,0.15
lean3,grpc,65536,capacity,1,<hyper::common::io::compat::Compat<T> as tokio::io::async_read::AsyncRead>::poll_read,0.15
lean3,grpc,65536,capacity,1,linkerd_app_core::classify::grpc_code,0.15
lean3,grpc,65536,capacity,1,__fget_light,0.15
lean3,grpc,65536,capacity,1,px_l7_tx_commit,0.14
lean3,grpc,65536,capacity,1,h2::proto::streams::store::Store::find_entry,0.14
lean3,grpc,65536,capacity,1,devx_async_event_poll,0.14
lean3,grpc,65536,capacity,1,ep_poll,0.14
lean3,grpc,65536,capacity,1,_rjem_je_tcache_bin_flush_small,0.14
lean3,grpc,65536,capacity,1,0x0000000000005994,0.14
lean3,grpc,65536,capacity,1,px_drain_stalled,0.14
lean3,grpc,65536,capacity,1,tokio::runtime::scheduler::current_thread::<impl tokio::runtime::task::Schedule for alloc::sync::Arc<tokio::runtime::scheduler::current_thread::Handle>>::release,0.14
lean3,grpc,65536,capacity,1,px_unit_attach_chunk,0.14
lean3,grpc,65536,capacity,1,tokio::runtime::task::raw::dealloc,0.14
lean3,grpc,65536,capacity,1,"<linkerd_http_prom::record_response::ResponseFuture<L,F> as core::future::future::Future>::poll",0.14
lean3,grpc,65536,capacity,1,tracing::instrument::_::<impl core::ops::drop::Drop for tracing::instrument::Instrumented<T>>::drop,0.14
lean3,grpc,65536,capacity,1,h2::hpack::encoder::encode_str,0.13
lean3,grpc,65536,capacity,1,linkerd_http_prom::body_data::metrics::RequestBodyFamilies<L>::metrics,0.13
lean3,grpc,65536,capacity,1,h2::proto::streams::prioritize::Prioritize::reserve_capacity,0.13
lean3,grpc,65536,capacity,1,_rjem_je_te_event_trigger,0.13
lean3,grpc,65536,capacity,1,fput_many,0.13
lean3,grpc,65536,capacity,1,_rjem_sdallocx,0.13
lean3,grpc,65536,capacity,1,h2::proto::streams::prioritize::Prioritize::reclaim_frame_inner,0.13
lean3,grpc,65536,capacity,1,"h2::proto::streams::streams::Streams<B,P>::has_streams_or_other_references",0.13
lean3,grpc,65536,capacity,1,memcpy@plt,0.13
lean3,grpc,65536,capacity,1,tcache_bin_flush_edatas_lookup.constprop.0,0.13
lean3,grpc,65536,capacity,1,h2::proto::streams::counts::Counts::transition_after,0.13
lean3,grpc,65536,capacity,1,linkerd_http_route::find::{{closure}},0.13
lean3,grpc,65536,capacity,1,__GI___pthread_enable_asynccancel,0.13
lean3,grpc,65536,capacity,1,<hyper::proto::h2::PipeToSendStream<S> as core::future::future::Future>::poll,0.13
lean3,grpc,65536,capacity,1,doca_task_try_submit,0.13
lean3,grpc,65536,capacity,1,<linkerd_stack::result::ResultService<S> as tower_service::Service<T>>::poll_ready,0.13
lean3,grpc,65536,capacity,1,<linkerd_stack::box_future::BoxFuture<T> as tower_service::Service<R>>::call,0.13
lean3,grpc,65536,capacity,1,"<linkerd_app_core::errors::respond::Respond<R> as linkerd_error_respond::Respond<http::response::Response<B>,alloc::boxed::Box<dyn core::error::Error+core::marker::Sync+core::marker::Send>>>::respond",0.12
lean3,grpc,65536,capacity,1,0x000000000001da14,0.12
lean3,grpc,65536,capacity,1,doca_buf_dec_refcount,0.12
lean3,grpc,65536,capacity,1,h2::proto::streams::prioritize::Prioritize::schedule_send,0.12
lean3,grpc,65536,capacity,1,invoke_syscall,0.12
lean3,grpc,65536,capacity,1,px_l7_apply_release,0.12
lean3,grpc,65536,capacity,1,0x00000000000004ac,0.12
lean3,grpc,65536,capacity,1,linkerd_proxy_balance_queue::worker::Discovery<R>::discover::{{closure}},0.12
lean3,grpc,65536,capacity,1,ep_send_events,0.12
lean3,grpc,65536,capacity,1,h2::proto::streams::prioritize::Prioritize::pop_pending_open,0.12
lean3,grpc,65536,capacity,1,"linkerd_http_prom::record_response::request::<impl tower_service::Service<http::request::Request<ReqB>> for linkerd_http_prom::record_response::RecordDuration<L,linkerd_http_prom::record_response::request::RequestMetrics<<L as linkerd_http_prom::stream_label::MkStreamLabel>::DurationLabels>,S>>::call",0.12
lean3,grpc,65536,capacity,1,linkerd_proxy_http::client_handle::ClientHandle::new::{{closure}},0.12
lean3,grpc,65536,capacity,1,http::header::name::StandardHeader::as_str,0.12
lean3,grpc,65536,capacity,1,<linkerd_stack::loadshed::LoadShed<S> as tower_service::Service<Req>>::poll_ready,0.12
lean3,grpc,65536,capacity,1,"<linkerd_http_metrics::requests::service::HttpMetrics<S,C> as tower_service::Service<http::request::Request<A>>>::call",0.11
lean3,grpc,65536,capacity,1,_rjem_je_arena_palloc,0.11
lean3,grpc,65536,capacity,1,0x00000000000004d8,0.11
lean3,grpc,65536,capacity,1,px_lane_retire,0.11
lean3,grpc,65536,capacity,1,h2::proto::streams::recv::Recv::open,0.11
lean3,grpc,65536,capacity,1,linkerd_proxy_balance_queue::worker::PoolDriver<P>::drive::{{closure}},0.11
lean3,grpc,65536,capacity,1,0x000000000007687c,0.11
lean3,grpc,65536,capacity,1,tracing::span::Span::in_scope,0.11
lean3,grpc,65536,capacity,1,"<linkerd_http_body_eos::BodyWithEosFn<B,F> as http_body::Body>::poll_frame",0.11
lean3,grpc,65536,capacity,1,0x0000000000006f1c,0.11
lean3,grpc,65536,capacity,1,<dmesh_l7::DirectWriter as dmesh_doca::io::TxWriter>::flush,0.11
lean3,grpc,65536,capacity,1,h2::proto::streams::recv::Recv::clear_expired_reset_streams,0.11
lean3,grpc,65536,capacity,1,dmesh_l7_tx_batch_flush,0.11
lean3,grpc,65536,capacity,1,"hashbrown::rustc_entry::<impl hashbrown::map::HashMap<K,V,S,A>>::rustc_entry",0.11
lean3,grpc,65536,capacity,1,"<bytes::buf::chain::Chain<T,U> as bytes::buf::buf_impl::Buf>::chunks_vectored",0.11
lean3,grpc,65536,capacity,1,drain::Watch::signaled::{{closure}},0.11
lean3,grpc,65536,capacity,1,"<linkerd_http_metrics::requests::service::RequestBody<B,C> as http_body::Body>::poll_frame",0.11
lean3,grpc,65536,capacity,1,"<linkerd_app_outbound::http::logical::policy::route::Route<T,F,P> as core::clone::Clone>::clone",0.11
lean3,grpc,65536,capacity,1,<linkerd_http_box::body::Data as bytes::buf::buf_impl::Buf>::advance,0.11
lean3,grpc,65536,capacity,1,h2::hpack::decoder::Table::get,0.11
lean3,grpc,65536,capacity,1,<T as core::any::Any>::type_id,0.11
lean3,grpc,65536,capacity,1,set_user_sigmask,0.1
lean3,grpc,65536,capacity,1,px_unit_alloc,0.1
lean3,grpc,65536,capacity,1,linkerd_proxy_tap::registry::Registry::get_taps,0.1
lean3,grpc,65536,capacity,1,tokio::runtime::task::list::OwnedTasks<S>::bind_inner,0.1
lean3,grpc,65536,capacity,1,h2::proto::streams::send::Send::send_headers,0.1
lean3,grpc,65536,capacity,1,0x00000000000004bc,0.1
lean3,grpc,65536,capacity,1,"<linkerd_http_classify::insert::InsertClassifyResponse<C,S> as tower_service::Service<http::request::Request<B>>>::call",0.1
lean3,grpc,65536,capacity,1,__check_object_size.part.0,0.1
lean3,grpc,65536,capacity,1,"tokio::runtime::task::harness::Harness<T,S>::complete",0.1
lean3,grpc,65536,capacity,1,arch_local_irq_enable,0.1
lean3,grpc,65536,capacity,1,<hyper_util::rt::tokio::TokioIo<T> as hyper::rt::io::Read>::poll_read,0.1
lean3,grpc,65536,capacity,1,dmesh_doca::io::DmeshIo::poll_transmit,0.1
lean3,grpc,65536,capacity,1,_rjem_je_arena_ralloc_no_move,0.1
lean3,grpc,65536,capacity,1,h2::proto::streams::recv::Recv::consume_connection_window,0.1
lean3,grpc,65536,capacity,1,<linkerd_io::prefixed::PrefixedIo<I> as tokio::io::async_read::AsyncRead>::poll_read,0.1
lean3,grpc,65536,capacity,1,core::ptr::drop_in_place$LT$core..pin..Pin$LT$alloc..boxed..Box$LT$dyn$u20$core..future..future..Future$u2b$Output$u20$$u3d$$u20$$LP$$RP$$u2b$core..marker..Send$GT$$GT$$GT$::h223712d785558218,0.1
lean3,grpc,65536,capacity,1,"<futures_util::future::try_future::MapErr<Fut,F> as core::future::future::Future>::poll",0.1
lean3,grpc,65536,capacity,1,core::ptr::drop_in_place<linkerd_proxy_balance_queue::QueueMetrics>,0.1
lean3,grpc,65536,capacity,1,devx_async_event_read,0.1
lean3,grpc,65536,capacity,1,px_enqueue_unit,0.1
lean3,grpc,65536,capacity,1,"<linkerd_stack_tracing::Instrument<T,G,S> as core::ops::drop::Drop>::drop",0.1
lean3,grpc,65536,capacity,1,dmesh_l7_driver_stopped,0.1
lean3,grpc,65536,capacity,1,"indexmap::map::IndexMap<K,V,S>::insert_full",0.1
lean3,grpc,65536,capacity,1,linkerd_http_prom::record_response::end_stream,0.1
lean3,grpc,65536,capacity,1,core::ops::function::FnOnce::call_once,0.1
lean3,grpc,65536,capacity,1,"prometheus_client::metrics::family::Family<S,M,C>::get_or_create",0.09
lean3,grpc,65536,capacity,1,linkerd_proxy_balance_queue::failfast::Failfast::set_ready,0.09
lean3,grpc,65536,capacity,1,doca_task_submit,0.09
lean3,grpc,65536,capacity,1,dmesh_l7::driver_result,0.09
lean3,grpc,65536,capacity,1,"<futures_util::future::either::Either<A,B> as core::future::future::Future>::poll",0.09
lean3,grpc,65536,capacity,1,linkerd_proxy_balance_queue::worker::PoolDriver<P>::call,0.09
lean3,grpc,65536,capacity,1,__aarch64_swp1_acq,0.09
lean3,grpc,65536,capacity,1,h2::codec::framed_write::Encoder<B>::unset_frame,0.09
lean3,grpc,65536,capacity,1,read,0.09
lean3,grpc,65536,capacity,1,h2::client::SendRequest<B>::send_request,0.09
lean3,grpc,65536,capacity,1,_rjem_realloc,0.09
lean3,grpc,65536,capacity,1,"indexmap::map::IndexMap<K,V,S>::swap_remove",0.09
lean3,grpc,65536,capacity,1,pthread_mutex_trylock@@GLIBC_2.34,0.09
lean3,grpc,65536,capacity,1,_rjem_je_arena_cache_bin_fill_small,0.09
lean3,grpc,65536,capacity,1,px_arrival_alloc,0.09
lean3,grpc,65536,capacity,1,0x0000000000003328,0.09
lean3,grpc,65536,capacity,1,ep_item_poll.isra.0,0.09
lean3,grpc,65536,capacity,1,_rjem_je_hook_invoke_alloc,0.09
lean3,grpc,65536,capacity,1,vfs_write,0.09
lean3,grpc,65536,capacity,1,"core::ptr::drop_in_place<linkerd_stack::map_err::ResponseFuture<(),tracing::instrument::Instrumented<core::pin::Pin<alloc::boxed::Box<dyn core::future::future::Future+Output = core::result::Result<http::response::Response<linkerd_http_box::body::BoxBody>,alloc::boxed::Box<dyn core::error::Error+core::marker::Sync+core::marker::Send>>+core::marker::Send>>>>>",0.09
lean3,grpc,65536,capacity,1,<linkerd_app_core::classify::Request as linkerd_http_classify::Classify>::classify,0.09
lean3,grpc,65536,capacity,1,__aarch64_swp8_relax,0.09
lean3,grpc,65536,capacity,1,tokio_util::sync::mpsc::make_acquire_future::_$u7b$$u7b$closure$u7d$$u7d$::h050ad1166d110b85,0.09
lean3,grpc,65536,capacity,1,"h2::proto::streams::streams::Streams<B,P>::clear_expired_reset_streams",0.09
lean3,grpc,65536,capacity,1,__aarch64_ldset8_rel,0.09
lean3,grpc,65536,capacity,1,tokio::runtime::time::entry::_::<impl core::ops::drop::Drop for tokio::runtime::time::entry::TimerEntry>::drop,0.09
lean3,grpc,65536,capacity,1,linkerd_proxy_balance_queue::worker::PoolDriver<P>::ready_or_failfast::{{closure}},0.09
lean3,grpc,65536,capacity,1,http::header::name::parse_hdr,0.09
lean3,grpc,65536,capacity,1,<tokio::sync::batch_semaphore::Acquire as core::future::future::Future>::poll,0.09
lean3,grpc,65536,capacity,1,http::header::map::Entry<T>::or_try_insert_with,0.09
lean3,grpc,65536,capacity,1,tokio::runtime::task::waker::drop_waker,0.09
lean3,grpc,65536,capacity,1,"<linkerd_proxy_tap::service::TapHttp<S,I> as tower_service::Service<http::request::Request<A>>>::call::{{closure}}",0.09
lean3,grpc,65536,capacity,1,"tokio::runtime::task::core::Core<T,S>::set_stage",0.09
lean3,grpc,65536,capacity,1,hyper::client::conn::http2::SendRequest<B>::send_request::{{closure}},0.09
lean3,grpc,65536,capacity,1,h2::proto::streams::flow_control::FlowControl::send_data,0.09
lean3,grpc,65536,capacity,1,"linkerd_http_metrics::requests::service::ResponseBody<B,C>::record_latency",0.09
lean3,grpc,65536,capacity,1,hyper::proto::h2::ping::Recorder::record_data,0.09
lean3,grpc,65536,capacity,1,http::uri::authority::Authority::from_shared,0.09
lean3,grpc,65536,capacity,1,0x0000000000005a88,0.09
lean3,grpc,65536,capacity,1,"tokio::sync::mpsc::chan::Rx<T,S>::recv",0.09
lean3,grpc,65536,capacity,1,<core::net::socket_addr::SocketAddr as core::hash::Hash>::hash,0.08
lean3,grpc,65536,capacity,1,0x000000000001d7dc,0.08
lean3,grpc,65536,capacity,1,<futures_channel::mpsc::BoundedSenderInner<T> as core::clone::Clone>::clone,0.08
lean3,grpc,65536,capacity,1,0x0000000000006ee8,0.08
lean3,grpc,65536,capacity,1,0x000000000001d7c4,0.08
lean3,grpc,65536,capacity,1,<linkerd_app_outbound::http::logical::Concrete<T> as core::hash::Hash>::hash,0.08
lean3,grpc,65536,capacity,1,h2::proto::streams::store::Ptr::unlink,0.08
lean3,grpc,65536,capacity,1,priv_doca_cq_datapath_objects_get,0.08
lean3,grpc,65536,capacity,1,alloc::raw_vec::finish_grow,0.08
lean3,grpc,65536,capacity,1,"<futures_util::stream::try_stream::try_filter_map::TryFilterMap<St,Fut,F> as futures_core::stream::Stream>::poll_next",0.08
lean3,grpc,65536,capacity,1,"core::ptr::drop_in_place<linkerd_stack_metrics::service::TrackService<linkerd_stack::either::vendor::Either<linkerd_http_box::response::BoxResponse<linkerd_stack::gate::Gate<linkerd_proxy_balance_queue::service::PoolQueue<http::request::Request<linkerd_http_box::body::BoxBody>,futures_util::future::try_future::ErrInto<tower::load::completion::TrackCompletionFuture<core::pin::Pin<alloc::boxed::Box<dyn core::future::future::Future+Output = core::result::Result<http::response::Response<linkerd_http_classify::channel::ResponseBody<linkerd_app_core::classify::Eos,linkerd_http_box::body::BoxBody>>,alloc::boxed::Box<dyn core::error::Error+core::marker::Sync+core::marker::Send>>+core::marker::Send>>,hyper_balance::PendingUntilFirstData,tower::load::peak_ewma::Handle>,alloc::boxed::Box<dyn core::error::Error+core::marker::Sync+core::marker::Send>>>>>,linkerd_http_box::response::BoxResponse<linkerd_stack::gate::Gate<linkerd_proxy_balance_queue::service::PoolQueue<http::request::Request<linkerd_http_box::body::BoxBody>,futures_util::future::try_future::ErrInto<linkerd_load_biaser::LoadBiaserFuture<core::pin::Pin<alloc::boxed::Box<dyn core::future::future::Future+Output = core::result::Result<http::response::Response<linkerd_http_classify::channel::ResponseBody<linkerd_app_core::classify::Eos,linkerd_http_box::body::BoxBody>>,alloc::boxed::Box<dyn core::error::Error+core::marker::Sync+core::marker::Send>>+core::marker::Send>>,http::response::Response<linkerd_http_classify::channel::ResponseBody<linkerd_app_core::classify::Eos,linkerd_http_box::body::BoxBody>>,hyper_balance::PendingUntilFirstData>,alloc::boxed::Box<dyn core::error::Error+core::marker::Sync+core::marker::Send>>>>>>>>",0.08
lean3,grpc,65536,capacity,1,bytes::buf::buf_impl::Buf::chunks_vectored,0.08
lean3,grpc,65536,capacity,1,__arm64_sys_epoll_pwait,0.08
lean3,grpc,65536,capacity,1,h2::proto::streams::flow_control::FlowControl::inc_window,0.08
lean3,grpc,65536,capacity,1,std::sys::pal::unix::time::Timespec::sub_timespec,0.08
lean3,grpc,65536,capacity,1,std::sys::pal::unix::time::Timespec::now,0.08
lean3,grpc,65536,capacity,1,handle_softirqs,0.08
lean3,grpc,65536,capacity,1,core::ptr::drop_in_place<h2::frame::headers::Pseudo>,0.08
lean3,grpc,65536,capacity,1,tokio::sync::batch_semaphore::Semaphore::add_permits_locked,0.08
lean3,grpc,65536,capacity,1,<linkerd_stack::watch::SpawnWatch<S> as tower_service::Service<Req>>::poll_ready,0.08
lean3,grpc,65536,capacity,1,memblock_is_map_memory,0.08
lean3,grpc,65536,capacity,1,mutex_lock,0.08
lean3,grpc,65536,capacity,1,<h2::proto::streams::store::Ptr as core::ops::deref::DerefMut>::deref_mut,0.08
lean3,grpc,65536,capacity,1,"core::ptr::drop_in_place<futures_util::future::either::Either<futures_util::future::try_future::MapErr<tower::util::oneshot::Oneshot<linkerd_stack::box_service::BoxCloneSyncService<http::request::Request<linkerd_http_box::body::BoxBody>,http::response::Response<linkerd_http_box::body::BoxBody>>,http::request::Request<linkerd_http_box::body::BoxBody>>,fn(alloc::boxed::Box<dyn core::error::Error+core::marker::Sync+core::marker::Send>) .> alloc::boxed::Box<dyn core::error::Error+core::marker::Sync+core::marker::Send>>,futures_util::future::ready::Ready<core::result::Result<http::response::Response<linkerd_http_box::body::BoxBody>,alloc::boxed::Box<dyn core::error::Error+core::marker::Sync+core::marker::Send>>>>>",0.08
lean3,grpc,65536,capacity,1,px_lane_enqueue,0.08
lean3,grpc,65536,capacity,1,"core::ptr::drop_in_place<linkerd_app_outbound::http::logical::policy::router::Router<linkerd_app_outbound::http::Http<linkerd_app_outbound::sidecar::HttpSidecar>,linkerd_http_route::http::match::MatchRequest,linkerd_proxy_client_policy::http::Filter,linkerd_proxy_client_policy::http::RouteParams>>",0.08
lean3,grpc,65536,capacity,1,h2::share::FlowControl::release_capacity,0.08
lean3,grpc,65536,capacity,1,<tokio::sync::oneshot::Receiver<T> as core::future::future::Future>::poll,0.08
lean3,grpc,65536,capacity,1,<hyper_util::rt::tokio::TokioIo<T> as hyper::rt::io::Write>::poll_write_vectored,0.08
lean3,grpc,65536,capacity,1,px_rev_submit_copy.part.0,0.08
lean3,grpc,65536,capacity,1,<linkerd_http_prom::body_data::response::RecordBodyData<S> as tower_service::Service<http::request::Request<ReqB>>>::call,0.08
lean3,grpc,65536,capacity,1,dmesh_doca::io::DmeshIoHandle::push_segment,0.08
lean3,grpc,65536,capacity,1,<hyper_util::rt::tokio::TokioIo<T> as hyper::rt::io::Write>::poll_flush,0.08
lean3,grpc,65536,capacity,1,"<alloc::vec::Vec<T,A> as core::clone::Clone>::clone",0.08
lean3,grpc,65536,capacity,1,http::extensions::Extensions::remove,0.08
lean3,grpc,65536,capacity,1,<linkerd_stack::result::ResultService<S> as tower_service::Service<T>>::call,0.08
lean3,grpc,65536,capacity,1,tokio::sync::oneshot::Sender<T>::send,0.08
lean3,grpc,65536,capacity,1,px_conn_admitted,0.07
lean3,grpc,65536,capacity,1,h2::proto::streams::stream::Stream::send_data,0.07
lean3,grpc,65536,capacity,1,"<linkerd_io::sensor::SensorIo<T,S> as tokio::io::async_write::AsyncWrite>::poll_write_vectored",0.07
lean3,grpc,65536,capacity,1,tokio::runtime::task::waker::wake_by_ref,0.07
lean3,grpc,65536,capacity,1,0x00000000000059d4,0.07
lean3,grpc,65536,capacity,1,<linkerd_app_outbound::http::concrete::Dispatch as core::hash::Hash>::hash,0.07
lean3,grpc,65536,capacity,1,_rjem_je_tcache_gc_dalloc_event_handler,0.07
lean3,grpc,65536,capacity,1,"core::ptr::drop_in_place<linkerd_stack::box_future::BoxFuture<linkerd_stack::map_err::MapErr<(),linkerd_idle_cache::Cached<linkerd_stack::box_service::BoxCloneSyncService<http::request::Request<linkerd_http_box::body::BoxBody>,http::response::Response<linkerd_http_box::body::BoxBody>>>>>>",0.07
lean3,grpc,65536,capacity,1,http::header::map::HeaderMap<T>::try_reserve_one,0.07
lean3,grpc,65536,capacity,1,hrtimer_start_range_ns,0.07
lean3,grpc,65536,capacity,1,"core::ptr::drop_in_place<linkerd_app_outbound::http::logical::policy::route::Matched<linkerd_http_route::http::match::RequestMatch,linkerd_app_outbound::http::logical::policy::route::Route<linkerd_app_outbound::http::Http<linkerd_app_outbound::sidecar::HttpSidecar>,linkerd_proxy_client_policy::http::Filter,linkerd_proxy_client_policy::http::RouteParams>>>",0.07
lean3,grpc,65536,capacity,1,bytes::bytes_mut::shared_v_drop,0.07
lean3,grpc,65536,capacity,1,px_engine_wake,0.07
lean3,grpc,65536,capacity,1,h2::proto::streams::prioritize::Prioritize::recv_stream_window_update,0.07
lean3,grpc,65536,capacity,1,doca_buf_set_data@plt,0.07
lean3,grpc,65536,capacity,1,"<linkerd_stack_tracing::Instrument<T,G,S> as tower_service::Service<Req>>::call",0.07
lean3,grpc,65536,capacity,1,0x000000000001d784,0.07
lean3,grpc,65536,capacity,1,bytes::bytes_mut::BytesMut::split_to,0.07
lean3,grpc,65536,capacity,1,"core::ptr::drop_in_place<linkerd_app_outbound::http::logical::policy::route::Route<linkerd_app_outbound::http::Http<linkerd_app_outbound::sidecar::HttpSidecar>,linkerd_proxy_client_policy::http::Filter,linkerd_proxy_client_policy::http::RouteParams>>",0.07
lean3,grpc,65536,capacity,1,__aarch64_ldeor8_acq_rel,0.07
lean3,grpc,65536,capacity,1,http::uri::path::PathAndQuery::from_shared,0.07
lean3,grpc,65536,capacity,1,px_advance,0.07
lean3,grpc,65536,capacity,1,tracing::span::Span::current,0.07
lean3,grpc,65536,capacity,1,"core::ptr::drop_in_place<linkerd_stack::box_future::BoxFuture<linkerd_stack::map_err::MapErr<(),linkerd_proxy_http::normalize_uri::MarkAbsoluteForm<linkerd_proxy_http::normalize_uri::NormalizeUri<linkerd_http_box::response::BoxResponse<linkerd_trace_context::service::TraceContext<core::option::Option<linkerd_app_core::http_tracing::SpanConverter>,linkerd_error_respond::RespondService<linkerd_app_core::errors::respond::NewRespond<linkerd_app_outbound::http::server::ServerRescue>,linkerd_stack::monitor::Monitor<linkerd_app_outbound::metrics::error::http::Http,linkerd_stack::loadshed::LoadShed<tower::limit::concurrency::service::ConcurrencyLimit<linkerd_stack::box_service::BoxCloneSyncService<http::request::Request<linkerd_http_box::body::BoxBody>,http::response::Response<linkerd_http_box::body::BoxBody>>>>>>>>>>>>>",0.07
lean3,grpc,65536,capacity,1,<F as linkerd_stack_tracing::GetSpan<T>>::get_span,0.07
lean3,grpc,65536,capacity,1,"linkerd_http_prom::status::RecordStatusFuture<F,SL,L>::on_eos",0.07
lean3,grpc,65536,capacity,1,<T as http::extensions::AnyClone>::as_any,0.07
lean3,grpc,65536,capacity,1,<core::future::poll_fn::PollFn<F> as core::future::future::Future>::poll,0.07
lean3,grpc,65536,capacity,1,0x0000000000014a84,0.06
lean3,grpc,65536,capacity,1,h2::proto::streams::store::Store::insert,0.06
lean3,grpc,65536,capacity,1,"<linkerd_http_classify::channel::BroadcastClassification<C,S> as tower_service::Service<http::request::Request<ReqB>>>::call",0.06
lean3,grpc,65536,capacity,1,tokio::sync::notify::notify_locked,0.06
lean3,grpc,65536,capacity,1,tokio::sync::notify::Notify::notify_one,0.06
lean3,grpc,65536,capacity,1,"core::ptr::drop_in_place<linkerd_stack::box_future::BoxFuture<linkerd_stack::map_err::MapErr<(),linkerd_stack::map_err::MapErr<linkerd_app_outbound::http::logical::policy::route::Matched<linkerd_http_route::http::match::RequestMatch,linkerd_app_outbound::http::logical::policy::route::Route<linkerd_app_outbound::http::Http<linkerd_app_outbound::sidecar::HttpSidecar>,linkerd_proxy_client_policy::http::Filter,linkerd_proxy_client_policy::http::RouteParams>>::layer<linkerd_distribute::cache::BackendCache<linkerd_app_outbound::http::logical::Concrete<linkerd_app_outbound::http::Http<linkerd_app_outbound::sidecar::HttpSidecar>>,linkerd_stack::box_service::BoxCloneSyncService<http::request::Request<linkerd_http_box::body::BoxBody>,http::response::Response<linkerd_http_box::body::BoxBody>>>,linkerd_stack::box_service::BoxCloneSyncService<http::request::Request<linkerd_http_box::body::BoxBody>,http::response::Response<linkerd_http_box::body::BoxBody>>>::{{closure}}::{{closure}}::{{closure}},linkerd_http_classify::insert::InsertClassifyResponse<linkerd_app_core::classify::Request,linkerd_http_box::response::BoxResponse<linkerd_http_prom::body_data::request::RecordBodyData<linkerd_http_prom::status::RecordStatusCode<linkerd_http_prom::record_response::RecordDuration<linkerd_app_outbound::http::logical::policy::route::Matched<linkerd_http_route::http::match::RequestMatch,linkerd_app_outbound::http::logical::policy::route::Route<linkerd_app_outbound::http::Http<linkerd_app_outbound::sidecar::HttpSidecar>,linkerd_proxy_client_policy::http::Filter,linkerd_proxy_client_policy::http::RouteParams>>,linkerd_http_prom::record_response::request::RequestMetrics<linkerd_app_outbound::http::logical::policy::route::metrics::labels::Route>,linkerd_app_outbound::http::logical::policy::route::extensions::SetExtensions<linkerd_http_retry::HttpRetry<linkerd_app_outbound::http::logical::policy::route::retry::RetryPolicy,linkerd_app_outbound::http::logical::policy::route::metrics::labels::Route,linkerd_app_outbound::http::logical::policy::route::Matched<linkerd_http_route::http::match::RequestMatch,linkerd_app_outbound::http::logical::policy::route::Route<linkerd_app_outbound::http::Http<linkerd_app_outbound::sidecar::HttpSidecar>,linkerd_proxy_client_policy::http::Filter,linkerd_proxy_client_policy::http::RouteParams>>,linkerd_app_outbound::http::logical::policy::route::filters::ApplyFilters<linkerd_app_outbound::http::logical::policy::route::Matched<linkerd_http_route::http::match::RequestMatch,linkerd_app_outbound::http::logical::policy::route::Route<linkerd_app_outbound::http::Http<linkerd_app_outbound::sidecar::HttpSidecar>,linkerd_proxy_client_policy::http::Filter,linkerd_proxy_client_policy::http::RouteParams>>,linkerd_stack::loadshed::LoadShed<linkerd_distribute::service::Distribute<linkerd_app_outbound::http::logical::policy::route::backend::Backend<linkerd_app_outbound::http::Http<linkerd_app_outbound::sidecar::HttpSidecar>,linkerd_proxy_client_policy::http::Filter>,linkerd_stack::box_service::BoxCloneSyncService<http::request::Request<linkerd_http_box::body::BoxBody>,http::response::Response<linkerd_http_box::body::BoxBody>>>>>>>>,linkerd_app_outbound::http::logical::policy::route::Matched<linkerd_http_route::http::match::RequestMatch,linkerd_app_outbound::http::logical::policy::route::Route<linkerd_app_outbound::http::Http<linkerd_app_outbound::sidecar::HttpSidecar>,linkerd_proxy_client_policy::http::Filter,linkerd_proxy_client_policy::http::RouteParams>>,linkerd_app_outbound::http::logical::policy::route::metrics::labels::Rsp<linkerd_app_outbound::http::logical::policy::route::metrics::labels::Route,linkerd_app_outbound::http::logical::policy::route::metrics::labels::HttpRsp>>,linkerd_app_outbound::http::logical::policy::route::metrics::ExtractBodyDataMetrics<linkerd_app_outbound::http::logical::policy::route::Matched<linkerd_http_route::http::match::RequestMatch,linkerd_app_outbound::http::logical::policy::route::Route<linkerd_app_outbound::http::Http<linkerd_app_outbound::sidecar::HttpSidecar>,linkerd_proxy_client_policy::http::Filter,linkerd_proxy_client_policy::http::RouteParams>>>>>>>>>>",0.06
lean3,grpc,65536,capacity,1,priv_doca_pe_resume_ctx,0.06
lean3,grpc,65536,capacity,1,h2::proto::streams::stream::Stream::new,0.06
lean3,grpc,65536,capacity,1,"core::ptr::drop_in_place<futures_util::future::try_future::into_future::IntoFuture<linkerd_app_outbound::http::logical::policy::route::filters::ResponseFuture<linkerd_app_outbound::http::logical::policy::route::Matched<linkerd_http_route::http::match::RequestMatch,linkerd_app_outbound::http::logical::policy::route::backend::Backend<linkerd_app_outbound::http::Http<linkerd_app_outbound::sidecar::HttpSidecar>,linkerd_proxy_client_policy::http::Filter>>,core::pin::Pin<alloc::boxed::Box<dyn core::future::future::Future+Output = core::result::Result<http::response::Response<linkerd_http_box::body::BoxBody>,alloc::boxed::Box<dyn core::error::Error+core::marker::Sync+core::marker::Send>>+core::marker::Send>>>>>",0.06
lean3,grpc,65536,capacity,1,http::uri::Uri::from_parts,0.06
lean3,grpc,65536,capacity,1,0x00000000000148f4,0.06
lean3,grpc,65536,capacity,1,<dmesh_l7::ExternalBackend as dmesh_doca::runtime::RuntimeBackend>::maintenance,0.06
lean3,grpc,65536,capacity,1,bytes::bytes_mut::shared_v_clone,0.06
lean3,grpc,65536,capacity,1,h2::share::RecvStream::is_end_stream,0.06
lean3,grpc,65536,capacity,1,h2::proto::streams::send::Send::poll_reset,0.06
lean3,grpc,65536,capacity,1,"<E as hyper::rt::bounds::h2_client::Http2ClientConnExec<B,T>>::execute_h2_future",0.06
lean3,grpc,65536,capacity,1,"core::ptr::drop_in_place<core::option::Option<tower::ready_cache::cache::Pending<core::net::socket_addr::SocketAddr,tower::load::peak_ewma::PeakEwma<linkerd_proxy_balance_gauge_endpoints::GaugeBalancerEndpoint<tower::util::boxed::sync::BoxService<http::request::Request<linkerd_http_box::body::BoxBody>,http::response::Response<linkerd_http_classify::channel::ResponseBody<linkerd_app_core::classify::Eos,linkerd_http_box::body::BoxBody>>,alloc::boxed::Box<dyn core::error::Error+core::marker::Sync+core::marker::Send>>>,hyper_balance::PendingUntilFirstData>,http::request::Request<linkerd_http_box::body::BoxBody>>>>",0.06
lean3,grpc,65536,capacity,1,__kernel_clock_gettime,0.06
lean3,grpc,65536,capacity,1,"core::ptr::drop_in_place<futures_util::future::try_future::into_future::IntoFuture<linkerd_app_outbound::http::logical::policy::route::filters::ResponseFuture<linkerd_app_outbound::http::logical::policy::route::Matched<linkerd_http_route::http::match::RequestMatch,linkerd_app_outbound::http::logical::policy::route::Route<linkerd_app_outbound::http::Http<linkerd_app_outbound::sidecar::HttpSidecar>,linkerd_proxy_client_policy::http::Filter,linkerd_proxy_client_policy::http::RouteParams>>,futures_util::future::either::Either<futures_util::future::try_future::MapErr<core::pin::Pin<alloc::boxed::Box<dyn core::future::future::Future+Output = core::result::Result<http::response::Response<linkerd_http_box::body::BoxBody>,alloc::boxed::Box<dyn core::error::Error+core::marker::Sync+core::marker::Send>>+core::marker::Send>>,fn(alloc::boxed::Box<dyn core::error::Error+core::marker::Sync+core::marker::Send>) .> alloc::boxed::Box<dyn core::error::Error+core::marker::Sync+core::marker::Send>>,futures_util::future::ready::Ready<core::result::Result<http::response::Response<linkerd_http_box::body::BoxBody>,alloc::boxed::Box<dyn core::error::Error+core::marker::Sync+core::marker::Send>>>>>>>",0.06
lean3,grpc,65536,capacity,1,_rjem_je_tcache_gc_event_handler,0.06
lean3,grpc,65536,capacity,1,doca_task_free,0.06
lean3,grpc,65536,capacity,1,core::ptr::drop_in_place<core::option::Option<linkerd_http_prom::record_response::ResponseState<linkerd_app_outbound::http::logical::policy::route::metrics::LabelGrpcRsp<linkerd_app_outbound::http::logical::policy::route::metrics::labels::Route>>>>,0.06
lean3,grpc,65536,capacity,1,tokio::runtime::scheduler::current_thread::Context::park_internal,0.06
lean3,grpc,65536,capacity,1,<ahash::fallback_hash::AHasher as core::hash::Hasher>::write,0.06
lean3,grpc,65536,capacity,1,__ep_eventpoll_poll.isra.0,0.06
lean3,grpc,65536,capacity,1,<tokio::runtime::io::scheduled_io::Readiness as core::future::future::Future>::poll,0.06
lean3,grpc,65536,capacity,1,core::hash::Hash::hash_slice,0.06
lean3,grpc,65536,capacity,1,_rjem_je_tcache_gc_new_event_wait,0.06
lean3,grpc,65536,capacity,1,px_arrival_release,0.06
lean3,grpc,65536,capacity,1,h2::proto::streams::buffer::Deque::push_back,0.06
lean3,grpc,65536,capacity,1,<bytes::bytes::Bytes as bytes::buf::buf_impl::Buf>::advance,0.06
lean3,grpc,65536,capacity,1,<linkerd_http_stream_timeouts::ResponseBody<B> as http_body::Body>::poll_frame,0.06
lean3,grpc,65536,capacity,1,epoll_wait@plt,0.06
lean3,grpc,65536,capacity,1,tokio_util::sync::poll_semaphore::PollSemaphore::poll_acquire,0.06
lean3,grpc,65536,capacity,1,px_bind_worker,0.06
lean3,grpc,65536,capacity,1,px_ack_queue_push,0.06
lean3,grpc,65536,capacity,1,h2::proto::streams::streams::Actions::reset_on_recv_stream_err,0.06
lean3,grpc,65536,capacity,1,<S as futures_core::stream::TryStream>::try_poll_next,0.06
lean3,grpc,65536,capacity,1,"<linkerd_stack_tracing::Instrument<T,G,S> as tower_service::Service<Req>>::poll_ready",0.06
lean3,grpc,65536,capacity,1,px_request_for_reply.isra.0,0.05
lean3,grpc,65536,capacity,1,px_resolve_backend,0.05
lean3,grpc,65536,capacity,1,h2::frame::window_update::WindowUpdate::encode,0.05
lean3,grpc,65536,capacity,1,"<futures_util::fns::MapOkFn<F> as futures_util::fns::FnOnce1<core::result::Result<T,E>>>::call_once",0.05
lean3,grpc,65536,capacity,1,hyper::headers::content_length_parse_all,0.05
lean3,grpc,65536,capacity,1,do_epoll_pwait.part.0,0.05
lean3,grpc,65536,capacity,1,h2::proto::streams::send::Send::recv_stream_window_update,0.05
lean3,grpc,65536,capacity,1,"<linkerd_app_outbound::http::logical::policy::route::filters::ApplyFilters<A,S> as tower_service::Service<http::request::Request<B>>>::call",0.05
lean3,grpc,65536,capacity,1,"indexmap::map::IndexMap<K,V,S>::get_index_of",0.05
lean3,grpc,65536,capacity,1,0x000000000001daa8,0.05
lean3,grpc,65536,capacity,1,<linkerd_http_box::body::Data as bytes::buf::buf_impl::Buf>::chunk,0.05
lean3,grpc,65536,capacity,1,<h2::proto::streams::streams::OpaqueStreamRef as core::clone::Clone>::clone,0.05
lean3,grpc,65536,capacity,1,"core::ptr::drop_in_place<tracing::instrument::Instrumented<hyper::proto::h2::client::H2ClientFuture<linkerd_http_box::body::BoxBody,hyper_util::rt::tokio::TokioIo<linkerd_io::sensor::SensorIo<linkerd_io::sensor::SensorIo<linkerd_io::either::EitherIo<linkerd_io::either::EitherIo<linkerd_io::scoped::ScopedIo<tokio::net::tcp::stream::TcpStream>,dmesh_doca::io::DmeshIo>,linkerd_meshtls::client::ClientIo<linkerd_io::either::EitherIo<linkerd_io::scoped::ScopedIo<tokio::net::tcp::stream::TcpStream>,dmesh_doca::io::DmeshIo>>>,linkerd_transport_metrics::sensor::Sensor>,linkerd_transport_metrics::zone::sensor::ZoneMetricsSensor>>,hyper_util::rt::tokio::TokioExecutor>>>",0.05
lean3,grpc,65536,capacity,1,clock_gettime@plt,0.05
lean3,grpc,65536,capacity,1,h2::proto::streams::prioritize::Prioritize::queue_frame,0.05
lean3,grpc,65536,capacity,1,0x000000000001da74,0.05
lean3,grpc,65536,capacity,1,epoll_wait,0.05
lean3,grpc,65536,capacity,1,linkerd_app_outbound::http::logical::policy::route::metrics::labels::Route::new,0.05
lean3,grpc,65536,capacity,1,h2::proto::streams::send::Send::check_headers,0.05
lean3,grpc,65536,capacity,1,0x00000000000031e4,0.05
lean3,grpc,65536,capacity,1,h2::proto::streams::recv::Recv::release_connection_capacity,0.05
lean3,grpc,65536,capacity,1,h2::frame::headers::HeaderBlock::into_encoding,0.05
lean3,grpc,65536,capacity,1,ep_done_scan,0.05
lean3,grpc,65536,capacity,1,"core::ptr::drop_in_place<linkerd_app_outbound::http::logical::policy::route::filters::ApplyFilters<linkerd_app_outbound::http::logical::policy::route::Matched<linkerd_http_route::http::match::RequestMatch,linkerd_app_outbound::http::logical::policy::route::backend::Backend<linkerd_app_outbound::http::Http<linkerd_app_outbound::sidecar::HttpSidecar>,linkerd_proxy_client_policy::http::Filter>>,linkerd_stack::box_service::BoxCloneSyncService<http::request::Request<linkerd_http_box::body::BoxBody>,http::response::Response<linkerd_http_box::body::BoxBody>>>>",0.05
lean3,grpc,65536,capacity,1,<bytes::bytes_mut::BytesMut as core::ops::drop::Drop>::drop,0.05
lean3,grpc,65536,capacity,1,"alloc::sync::Arc<T,A>::drop_slow",0.05
lean3,grpc,65536,capacity,1,"hashbrown::map::HashMap<K,V,S,A>::insert",0.04
lean3,grpc,65536,capacity,1,bytes::bytes::static_drop,0.04
lean3,grpc,65536,capacity,1,"hashbrown::raw::RawTable<T,A>::reserve_rehash",0.04
lean3,grpc,65536,capacity,1,<tracing_subscriber::registry::sharded::Registry as tracing_core::subscriber::Subscriber>::current_span,0.04
lean3,grpc,65536,capacity,1,"alloc::vec::Vec<T,A>::into_boxed_slice",0.04
lean3,grpc,65536,capacity,1,std::sync::poison::mutex::Mutex<T>::lock,0.04
lean3,grpc,65536,capacity,1,__fdget,0.04
lean3,grpc,65536,capacity,1,security_file_permission,0.04
lean3,grpc,65536,capacity,1,__aarch64_cas4_acq_rel,0.04
lean3,grpc,65536,capacity,1,"core::ptr::drop_in_place<linkerd_stack::result::ResultService<linkerd_stack::either::vendor::Either<tower::util::boxed::sync::BoxService<linkerd_io::sensor::SensorIo<linkerd_io::prefixed::PrefixedIo<linkerd_io::either::EitherIo<linkerd_meshtls::server::ServerIo<linkerd_io::either::EitherIo<linkerd_io::scoped::ScopedIo<tokio::net::tcp::stream::TcpStream>,linkerd_io::prefixed::PrefixedIo<linkerd_io::scoped::ScopedIo<tokio::net::tcp::stream::TcpStream>>>>,linkerd_io::either::EitherIo<linkerd_io::scoped::ScopedIo<tokio::net::tcp::stream::TcpStream>,linkerd_io::prefixed::PrefixedIo<linkerd_io::scoped::ScopedIo<tokio::net::tcp::stream::TcpStream>>>>>,linkerd_transport_metrics::sensor::Sensor>,(),alloc::boxed::Box<dyn core::error::Error+core::marker::Sync+core::marker::Send>>,tower::util::boxed::sync::BoxService<linkerd_io::sensor::SensorIo<linkerd_io::prefixed::PrefixedIo<linkerd_io::either::EitherIo<linkerd_meshtls::server::ServerIo<linkerd_io::either::EitherIo<linkerd_io::scoped::ScopedIo<tokio::net::tcp::stream::TcpStream>,linkerd_io::prefixed::PrefixedIo<linkerd_io::scoped::ScopedIo<tokio::net::tcp::stream::TcpStream>>>>,linkerd_io::either::EitherIo<linkerd_io::scoped::ScopedIo<tokio::net::tcp::stream::TcpStream>,linkerd_io::prefixed::PrefixedIo<linkerd_io::scoped::ScopedIo<tokio::net::tcp::stream::TcpStream>>>>>,linkerd_transport_metrics::sensor::Sensor>,(),alloc::boxed::Box<dyn core::error::Error+core::marker::Sync+core::marker::Send>>>>>",0.04
lean3,grpc,65536,capacity,1,"core::ptr::drop_in_place<futures_util::future::try_future::ErrInto<linkerd_stack::either::vendor::Either<core::pin::Pin<alloc::boxed::Box<dyn core::future::future::Future+Output = core::result::Result<http::response::Response<linkerd_http_box::body::BoxBody>,alloc::boxed::Box<dyn core::error::Error+core::marker::Sync+core::marker::Send>>+core::marker::Send>>,core::pin::Pin<alloc::boxed::Box<dyn core::future::future::Future+Output = core::result::Result<http::response::Response<linkerd_http_box::body::BoxBody>,alloc::boxed::Box<dyn core::error::Error+core::marker::Sync+core::marker::Send>>+core::marker::Send>>>,alloc::boxed::Box<dyn core::error::Error+core::marker::Sync+core::marker::Send>>>",0.04
lean3,grpc,65536,capacity,1,core::ptr::drop_in_place<tracing::span::EnteredSpan>,0.04
lean3,grpc,65536,capacity,1,"core::ptr::drop_in_place<tower::util::oneshot::State<linkerd_stack::box_service::BoxCloneSyncService<http::request::Request<linkerd_http_box::body::BoxBody>,http::response::Response<linkerd_http_box::body::BoxBody>>,http::request::Request<linkerd_http_box::body::BoxBody>>>",0.04
lean3,grpc,65536,capacity,1,core::ptr::drop_in_place<tokio_util::sync::poll_semaphore::PollSemaphore>,0.04
lean3,grpc,65536,capacity,1,__arch_copy_from_user,0.04
lean3,grpc,65536,capacity,1,tokio::runtime::driver::Driver::park_timeout,0.04
lean3,grpc,65536,capacity,1,doca_task_try_submit@plt,0.04
lean3,grpc,65536,capacity,1,"core::ptr::drop_in_place<linkerd_stack::map_err::WrapFromTarget<linkerd_app_outbound::http::logical::RouterParams<linkerd_app_outbound::http::Http<linkerd_app_outbound::sidecar::HttpSidecar>>,linkerd_app_outbound::http::logical::LogicalError>>",0.04
lean3,grpc,65536,capacity,1,tonic::codec::decode::StreamingInner::decode_chunk,0.04
lean3,grpc,65536,capacity,1,0x00000000000b03b4,0.04
lean3,grpc,65536,capacity,1,<linkerd_http_box::body::Inner<B> as http_body::Body>::size_hint,0.04
lean3,grpc,65536,capacity,1,"core::ptr::drop_in_place<<futures_util::stream::futures_unordered::FuturesUnordered<Fut> as futures_core::stream::Stream>::poll_next::Bomb<tower::ready_cache::cache::Pending<core::net::socket_addr::SocketAddr,tower::load::peak_ewma::PeakEwma<linkerd_proxy_balance_gauge_endpoints::GaugeBalancerEndpoint<tower::util::boxed::sync::BoxService<http::request::Request<linkerd_http_box::body::BoxBody>,http::response::Response<linkerd_http_classify::channel::ResponseBody<linkerd_app_core::classify::Eos,linkerd_http_box::body::BoxBody>>,alloc::boxed::Box<dyn core::error::Error+core::marker::Sync+core::marker::Send>>>,hyper_balance::PendingUntilFirstData>,http::request::Request<linkerd_http_box::body::BoxBody>>>>",0.04
lean3,grpc,65536,capacity,1,tokio::runtime::task::waker::clone_waker,0.04
lean3,grpc,65536,capacity,1,"<hashbrown::raw::RawTable<T,A> as core::ops::drop::Drop>::drop",0.04
lean3,grpc,65536,capacity,1,"hyper::proto::h2::client::ClientTask<B,E,T>::poll_pipe",0.04
lean3,grpc,65536,capacity,1,h2::proto::streams::send::Send::recv_connection_window_update,0.04
lean3,grpc,65536,capacity,1,core::ptr::drop_in_place<linkerd_http_retry::MetricFamilies<linkerd_app_outbound::http::logical::policy::route::metrics::labels::Route>>,0.04
lean3,grpc,65536,capacity,1,0x0000000000006ef0,0.04
lean3,grpc,65536,capacity,1,"<linkerd_http_classify::channel::ResponseBody<C,B> as http_body::Body>::poll_frame",0.04
lean3,grpc,65536,capacity,1,"tower::ready_cache::cache::ReadyCache<K,S,Req>::push_pending",0.04
lean3,grpc,65536,capacity,1,h2::proto::streams::streams::StreamRef<B>::capacity,0.04
lean3,grpc,65536,capacity,1,tokio::runtime::scheduler::current_thread::Context::park_yield,0.04
lean3,grpc,65536,capacity,1,h2::proto::streams::stream::Stream::notify_capacity,0.04
lean3,grpc,65536,capacity,1,0x00000000000004a4,0.04
lean3,grpc,65536,capacity,1,linkerd_http_metrics::requests::service::measure_class,0.04
lean3,grpc,65536,capacity,1,<linkerd_proxy_client_policy::http::RouteParams as core::hash::Hash>::hash,0.04
lean3,grpc,65536,capacity,1,linkerd_proxy_tap::service::_::<impl core::ops::drop::Drop for linkerd_proxy_tap::service::Body<B>>::drop,0.04
lean3,grpc,65536,capacity,1,0x000000000000599c,0.04
lean3,grpc,65536,capacity,1,h2::proto::streams::state::State::send_close,0.04
lean3,grpc,65536,capacity,1,tokio::sync::oneshot::Sender<T>::poll_closed,0.04
lean3,grpc,65536,capacity,1,<linkerd_proxy_client_policy::Meta as core::cmp::PartialEq>::eq,0.04
lean3,grpc,65536,capacity,1,priv_doca_cq_empty,0.04
lean3,grpc,65536,capacity,1,"core::ptr::drop_in_place<futures_util::future::try_future::MapErr<futures_util::future::try_future::MapOk<core::pin::Pin<alloc::boxed::Box<dyn core::future::future::Future+Output = core::result::Result<http::response::Response<linkerd_http_box::body::BoxBody>,alloc::boxed::Box<dyn core::error::Error+core::marker::Sync+core::marker::Send>>+core::marker::Send>>,<linkerd_proxy_http::orig_proto::Upgrade<linkerd_stack::map_target::MapTargetService<linkerd_stack::connect::MakeConnectionService<linkerd_transport_metrics::zone::client::ZoneMetricsClient<linkerd_transport_metrics::zone::TcpZoneMetricsParams<linkerd_app_outbound::zone::TcpZoneOpLabel>,linkerd_transport_metrics::client::Client<linkerd_app_core::transport::Metrics,linkerd_stack::box_future::BoxFuture<linkerd_stack::map_err::MapErr<linkerd_app_core::svc::Stack<linkerd_app_outbound::tcp::tagged_transport::TaggedTransport<linkerd_tls::client::Client<linkerd_meshtls::client::NewClient,linkerd_app_outbound::tcp::connect::DmeshOrTcp>>>::push_connect_timeout::{{closure}},linkerd_stack::timeout::Timeout<linkerd_app_outbound::tcp::tagged_transport::TaggedTransport<linkerd_tls::client::Client<linkerd_meshtls::client::NewClient,linkerd_app_outbound::tcp::connect::DmeshOrTcp>>>>>>>>,linkerd_app_outbound::http::endpoint::<impl linkerd_app_outbound::Outbound<linkerd_transport_metrics::zone::client::ZoneMetricsClient<linkerd_transport_metrics::zone::TcpZoneMetricsParams<linkerd_app_outbound::zone::TcpZoneOpLabel>,linkerd_transport_metrics::client::Client<linkerd_app_core::transport::Metrics,linkerd_stack::box_future::BoxFuture<linkerd_stack::map_err::MapErr<linkerd_app_core::svc::Stack<linkerd_app_outbound::tcp::tagged_transport::TaggedTransport<linkerd_tls::client::Client<linkerd_meshtls::client::NewClient,linkerd_app_outbound::tcp::connect::DmeshOrTcp>>>::push_connect_timeout::{{closure}},linkerd_stack::timeout::Timeout<linkerd_app_outbound::tcp::tagged_transport::TaggedTransport<linkerd_tls::client::Client<linkerd_meshtls::client::NewClient,linkerd_app_outbound::tcp::connect::DmeshOrTcp>>>>>>>>>::push_http_tcp_client<linkerd_app_outbound::http::concrete::Endpoint<linkerd_app_outbound::http::logical::Concrete<linkerd_app_outbound::http::Http<linkerd_app_gateway::http::Target>>>,linkerd_http_box::body::BoxBody>::{{closure}}::{{closure}}>,linkerd_app_outbound::http::concrete::Endpoint<linkerd_app_outbound::http::logical::Concrete<linkerd_app_outbound::http::Http<linkerd_app_gateway::http::Target>>>,linkerd_http_box::body::BoxBody> as tower_service::Service<http::request::Request<linkerd_http_box::body::BoxBody>>>::call::{{closure}}>,linkerd_proxy_http::orig_proto::Error::H1>>",0.04
lean3,grpc,65536,capacity,1,"tokio::sync::mpsc::chan::Tx<T,S>::send",0.04
lean3,grpc,65536,capacity,1,dmesh_l7::Side::release_outstanding,0.04
lean3,grpc,65536,capacity,1,"core::ptr::drop_in_place<linkerd_stack::box_future::BoxFuture<linkerd_stack::map_err::MapErr<(),linkerd_stack::result::ResultService<linkerd_stack::either::vendor::Either<linkerd_stack::result::ResultService<linkerd_stack::either::vendor::Either<linkerd_stack::box_service::BoxCloneSyncService<http::request::Request<linkerd_http_box::body::BoxBody>,http::response::Response<linkerd_http_box::body::BoxBody>>,linkerd_stack_tracing::Instrument<linkerd_app_outbound::http::concrete::Endpoint<linkerd_app_outbound::http::logical::Concrete<linkerd_app_outbound::http::Http<linkerd_app_outbound::sidecar::HttpSidecar>>>,linkerd_app_outbound::http::concrete::<impl linkerd_app_outbound::Outbound<linkerd_stack::arc_new_service::ArcNewService<linkerd_app_outbound::http::concrete::Endpoint<linkerd_app_outbound::http::logical::Concrete<linkerd_app_outbound::http::Http<linkerd_app_outbound::sidecar::HttpSidecar>>>,tower::util::boxed::sync::BoxService<http::request::Request<linkerd_http_box::body::BoxBody>,http::response::Response<linkerd_http_box::body::BoxBody>,alloc::boxed::Box<dyn core::error::Error+core::marker::Sync+core::marker::Send>>>>>::push_http_concrete<linkerd_app_outbound::http::logical::Concrete<linkerd_app_outbound::http::Http<linkerd_app_outbound::sidecar::HttpSidecar>>,tower::util::boxed::sync::BoxService<http::request::Request<linkerd_http_box::body::BoxBody>,http::response::Response<linkerd_http_box::body::BoxBody>,alloc::boxed::Box<dyn core::error::Error+core::marker::Sync+core::marker::Send>>,linkerd_proxy_resolve::recover::Resolve<linkerd_app::dst::BackoffUnlessInvalidArgument,linkerd_proxy_api_resolve::resolve::Resolve<tower::util::map_err::MapErr<linkerd_stack::box_service::BoxCloneSyncService<http::request::Request<tonic::body::Body>,http::response::Response<linkerd_http_metrics::requests::service::ResponseBody<hyper_balance::PendingUntilFirstDataBody<tower::load::peak_ewma::Handle,hyper::body::incoming::Incoming>,linkerd_app_core::classify::Eos>>>,<alloc::boxed::Box<dyn core::error::Error+core::marker::Sync+core::marker::Send> as core::convert::From<alloc::boxed::Box<dyn core::error::Error+core::marker::Sync+core::marker::Send>>>::from>>>>::{{closure}}::{{closure}},linkerd_stack::gate::Gate<tower::buffer::service::Buffer<http::request::Request<linkerd_http_box::body::BoxBody>,core::pin::Pin<alloc::boxed::Box<dyn core::future::future::Future+Output = core::result::Result<http::response::Response<linkerd_http_box::body::BoxBody>,alloc::boxed::Box<dyn core::error::Error+core::marker::Sync+core::marker::Send>>+core::marker::Send>>>>>>>,tower::util::service_fn::ServiceFn<linkerd_app_outbound::http::concrete::<impl linkerd_app_outbound::Outbound<linkerd_stack::arc_new_service::ArcNewService<linkerd_app_outbound::http::concrete::Endpoint<linkerd_app_outbound::http::logical::Concrete<linkerd_app_outbound::http::Http<linkerd_app_outbound::sidecar::HttpSidecar>>>,tower::util::boxed::sync::BoxService<http::request::Request<linkerd_http_box::body::BoxBody>,http::response::Response<linkerd_http_box::body::BoxBody>,alloc::boxed::Box<dyn core::error::Error+core::marker::Sync+core::marker::Send>>>>>::push_http_concrete<linkerd_app_outbound::http::logical::Concrete<linkerd_app_outbound::http::Http<linkerd_app_outbound::sidecar::HttpSidecar>>,tower::util::boxed::sync::BoxService<http::request::Request<linkerd_http_box::body::BoxBody>,http::response::Response<linkerd_http_box::body::BoxBody>,alloc::boxed::Box<dyn core::error::Error+core::marker::Sync+core::marker::Send>>,linkerd_proxy_resolve::recover::Resolve<linkerd_app::dst::BackoffUnlessInvalidArgument,linkerd_proxy_api_resolve::resolve::Resolve<tower::util::map_err::MapErr<linkerd_stack::box_service::BoxCloneSyncService<http::request::Request<tonic::body::Body>,http::response::Response<linkerd_http_metrics::requests::service::ResponseBody<hyper_balance::PendingUntilFirstDataBody<tower::load::peak_ewma::Handle,hyper::body::incoming::Incoming>,linkerd_app_core::classify::Eos>>>,<alloc::boxed::Box<dyn core::error::Error+core::marker::Sync+core::marker::Send> as core::convert::From<alloc::boxed::Box<dyn core::error::Error+core::marker::Sync+core::marker::Send>>>::from>>>>::{{closure}}::{{closure}}::{{closure}}>>>>>>",0.04
lean3,grpc,65536,capacity,1,0x00000000000b7a7c,0.04
lean3,grpc,65536,capacity,1,http::extensions::Extensions::insert,0.04
lean3,grpc,65536,capacity,1,"core::ptr::drop_in_place<linkerd_stack::result::ResultService<linkerd_stack::either::vendor::Either<linkerd_stack::box_service::BoxCloneSyncService<http::request::Request<linkerd_http_box::body::BoxBody>,http::response::Response<linkerd_http_box::body::BoxBody>>,linkerd_stack::result::ResultService<linkerd_stack::either::vendor::Either<linkerd_stack::box_service::BoxCloneSyncService<http::request::Request<linkerd_http_box::body::BoxBody>,http::response::Response<linkerd_http_box::body::BoxBody>>,linkerd_stack::box_service::BoxCloneSyncService<http::request::Request<linkerd_http_box::body::BoxBody>,http::response::Response<linkerd_http_box::body::BoxBody>>>>>>>",0.03
lean3,grpc,65536,capacity,1,h2::proto::streams::streams::StreamRef<B>::send_response,0.03
lean3,grpc,65536,capacity,1,alloc::raw_vec::RawVecInner<A>::reserve::do_reserve_and_handle,0.03
lean3,grpc,65536,capacity,1,0x0000000000014980,0.03
lean3,grpc,65536,capacity,1,pthread_mutex_unlock@plt,0.03
lean3,grpc,65536,capacity,1,"core::ptr::drop_in_place<hyper::client::dispatch::Callback<http::request::Request<linkerd_http_box::body::BoxBody>,http::response::Response<hyper::body::incoming::Incoming>>>",0.03
lean3,grpc,65536,capacity,1,tokio::runtime::task::raw::schedule,0.03
lean3,grpc,65536,capacity,1,0x000000000001d7fc,0.03
lean3,grpc,65536,capacity,1,core::ptr::drop_in_place<linkerd_proxy_http::client_handle::ClientHandle>,0.03
lean3,grpc,65536,capacity,1,doca_pe_progress@plt,0.03
lean3,grpc,65536,capacity,1,"<alloc::vec::Vec<T> as alloc::vec::spec_from_iter::SpecFromIter<T,I>>::from_iter",0.03
lean3,grpc,65536,capacity,1,"core::ptr::drop_in_place<tokio_util::sync::mpsc::PollSenderFuture<linkerd_proxy_balance_queue::message::Message<http::request::Request<linkerd_http_box::body::BoxBody>,futures_util::future::try_future::ErrInto<linkerd_load_biaser::LoadBiaserFuture<core::pin::Pin<alloc::boxed::Box<dyn core::future::future::Future+Output = core::result::Result<http::response::Response<linkerd_http_classify::channel::ResponseBody<linkerd_app_core::classify::Eos,linkerd_http_box::body::BoxBody>>,alloc::boxed::Box<dyn core::error::Error+core::marker::Sync+core::marker::Send>>+core::marker::Send>>,http::response::Response<linkerd_http_classify::channel::ResponseBody<linkerd_app_core::classify::Eos,linkerd_http_box::body::BoxBody>>,hyper_balance::PendingUntilFirstData>,alloc::boxed::Box<dyn core::error::Error+core::marker::Sync+core::marker::Send>>>>::empty::{{closure}}>",0.03
lean3,grpc,65536,capacity,1,"core::ptr::drop_in_place<linkerd_stack::map_err::ResponseFuture<(),linkerd_stack::map_err::ResponseFuture<linkerd_stack::map_err::WrapFromTarget<linkerd_app_outbound::http::concrete::Endpoint<linkerd_app_outbound::http::logical::Concrete<linkerd_app_outbound::http::Http<linkerd_app_outbound::sidecar::HttpSidecar>>>,linkerd_app_outbound::http::endpoint::EndpointError>,futures_util::future::try_future::MapErr<tower::spawn_ready::future::ResponseFuture<core::pin::Pin<alloc::boxed::Box<dyn core::future::future::Future+Output = core::result::Result<http::response::Response<linkerd_http_box::body::BoxBody>,alloc::boxed::Box<dyn core::error::Error+core::marker::Sync+core::marker::Send>>+core::marker::Send>>,alloc::boxed::Box<dyn core::error::Error+core::marker::Sync+core::marker::Send>>,fn(alloc::boxed::Box<dyn core::error::Error+core::marker::Sync+core::marker::Send>) .> alloc::boxed::Box<dyn core::error::Error+core::marker::Sync+core::marker::Send>>>>>",0.03
lean3,grpc,65536,capacity,1,<bytes::bytes::Bytes as core::convert::From<alloc::vec::Vec<u8>>>::from,0.03
lean3,grpc,65536,capacity,1,"<linkerd_stack::map_err::WrapFromTarget<T,E> as core::clone::Clone>::clone",0.03
lean3,grpc,65536,capacity,1,tokio::runtime::time::<impl tokio::runtime::time::handle::Handle>::reregister,0.03
lean3,grpc,65536,capacity,1,0x00000000000b03b0,0.03
lean3,grpc,65536,capacity,1,_ZN4core3ptr1018drop_in_place$LT$tokio..sync..mpsc..bounded..Sender$LT$linkerd_proxy_balance_queue..message..Message$LT$http..request..Request$LT$linkerd_http_box..body..BoxBody$GT$$C$futures_util..future..try_future..ErrInto$LT$linkerd_load_biaser..LoadBiaserFuture$LT$core..pin..Pin$LT$alloc..boxed..Box$LT$dyn$u20$core..future..future..Future$u2b$Output$u20$$u3d$$u20$core..result..Result$LT$http..response..Response$LT$linkerd_http_classify..channel..ResponseBody$LT$linkerd_app_core..classify..Eos$C$linkerd_http_box..body..BoxBody$GT$$GT$$C$alloc..boxed..Box$LT$dyn$u20$core..error..Error$u2b$core..marker..Sync$u2b$core..marker..Send$GT$$GT$$u2b$core..marker..Send$GT$$GT$$C$http..response..Response$LT$linkerd_http_classify..channel..ResponseBody$LT$linkerd_app_core..classify..Eos$C$linkerd_http_box..body..BoxBody$GT$$GT$$C$hyper_balance..PendingUntilFirstData$GT$$C$alloc..boxed..Box$LT$dyn$u20$core..error..Error$u2b$core..marker..Sync$u2b$core..marker..Send$GT$$GT$$GT$$GT$..reserve_inner..$u7b$$u7b$closure$u7d$$u7d$$GT$17hf2f91d99db318d93E.20060,0.03
lean3,grpc,65536,capacity,1,h2::proto::streams::streams::Actions::ensure_no_conn_error,0.03
lean3,grpc,65536,capacity,1,"hyper::client::dispatch::Callback<T,U>::send",0.03
lean3,grpc,65536,capacity,1,0x0000000000005a80,0.03
lean3,grpc,65536,capacity,1,<linkerd_proxy_http::h2::Connection<B> as tower_service::Service<http::request::Request<B>>>::call,0.03
lean3,grpc,65536,capacity,1,"core::ptr::drop_in_place<linkerd_stack::box_future::BoxFuture<linkerd_stack::map_err::MapErr<(),linkerd_stack::map_err::MapErr<linkerd_app_outbound::http::logical::policy::route::backend::<impl linkerd_app_outbound::http::logical::policy::route::Matched<linkerd_http_route::http::match::RequestMatch,linkerd_app_outbound::http::logical::policy::route::backend::Backend<linkerd_app_outbound::http::Http<linkerd_app_outbound::sidecar::HttpSidecar>,linkerd_proxy_client_policy::http::Filter>>>::layer<linkerd_distribute::cache::BackendCache<linkerd_app_outbound::http::logical::Concrete<linkerd_app_outbound::http::Http<linkerd_app_outbound::sidecar::HttpSidecar>>,linkerd_stack::box_service::BoxCloneSyncService<http::request::Request<linkerd_http_box::body::BoxBody>,http::response::Response<linkerd_http_box::body::BoxBody>>>,linkerd_stack::box_service::BoxCloneSyncService<http::request::Request<linkerd_http_box::body::BoxBody>,http::response::Response<linkerd_http_box::body::BoxBody>>>::{{closure}}::{{closure}}::{{closure}},linkerd_http_prom::body_data::response::RecordBodyData<linkerd_http_prom::count_reqs::CountRequests<linkerd_http_prom::status::RecordStatusCode<linkerd_http_prom::record_response::RecordDuration<linkerd_app_outbound::http::logical::policy::route::Matched<linkerd_http_route::http::match::RequestMatch,linkerd_app_outbound::http::logical::policy::route::backend::Backend<linkerd_app_outbound::http::Http<linkerd_app_outbound::sidecar::HttpSidecar>,linkerd_proxy_client_policy::http::Filter>>,linkerd_http_prom::record_response::response::ResponseMetrics<linkerd_app_outbound::http::logical::policy::route::metrics::labels::RouteBackend>,linkerd_app_outbound::http::logical::policy::route::filters::ApplyFilters<linkerd_app_outbound::http::logical::policy::route::Matched<linkerd_http_route::http::match::RequestMatch,linkerd_app_outbound::http::logical::policy::route::backend::Backend<linkerd_app_outbound::http::Http<linkerd_app_outbound::sidecar::HttpSidecar>,linkerd_proxy_client_policy::http::Filter>>,linkerd_stack::box_service::BoxCloneSyncService<http::request::Request<linkerd_http_box::body::BoxBody>,http::response::Response<linkerd_http_box::body::BoxBody>>>>,linkerd_app_outbound::http::logical::policy::route::Matched<linkerd_http_route::http::match::RequestMatch,linkerd_app_outbound::http::logical::policy::route::backend::Backend<linkerd_app_outbound::http::Http<linkerd_app_outbound::sidecar::HttpSidecar>,linkerd_proxy_client_policy::http::Filter>>,linkerd_app_outbound::http::logical::policy::route::metrics::labels::Rsp<linkerd_app_outbound::http::logical::policy::route::metrics::labels::RouteBackend,linkerd_app_outbound::http::logical::policy::route::metrics::labels::HttpRsp>>>>>>>>",0.03
lean3,grpc,65536,capacity,1,linkerd_http_route::find::{{closure}}::{{closure}},0.03
lean3,grpc,65536,capacity,1,"core::ptr::drop_in_place<alloc::vec::into_iter::IntoIter<(dmesh_doca::api::SessionToken,dmesh_doca::io::DmeshIoHandle)>>",0.03
lean3,grpc,65536,capacity,1,mlx5dv_devx_get_event,0.03
lean3,grpc,65536,capacity,1,__aarch64_ldadd8_acq,0.03
lean3,grpc,65536,capacity,1,dmesh_doca::runtime::readable::{{closure}},0.03
lean3,grpc,65536,capacity,1,<linkerd_app_core::classify::Response as linkerd_http_classify::ClassifyResponse>::start,0.03
lean3,grpc,65536,capacity,1,"core::ptr::drop_in_place<futures_util::future::try_future::into_future::IntoFuture<linkerd_stack::either::vendor::Either<core::pin::Pin<alloc::boxed::Box<dyn core::future::future::Future+Output = core::result::Result<(),alloc::boxed::Box<dyn core::error::Error+core::marker::Sync+core::marker::Send>>+core::marker::Send>>,core::pin::Pin<alloc::boxed::Box<dyn core::future::future::Future+Output = core::result::Result<(),alloc::boxed::Box<dyn core::error::Error+core::marker::Sync+core::marker::Send>>+core::marker::Send>>>>>",0.03
lean3,grpc,65536,capacity,1,core::ptr::drop_in_place<http::header::map::IntoIter<http::header::value::HeaderValue>>,0.03
lean3,grpc,65536,capacity,1,px_chunk_alloc,0.03
lean3,grpc,65536,capacity,1,<linkerd_proxy_http::client_handle::SetClientHandle<S> as tower_service::Service<http::request::Request<B>>>::call,0.03
lean3,grpc,65536,capacity,1,0x0000000000079a70,0.03
lean3,grpc,65536,capacity,1,"core::ptr::drop_in_place<http_body_util::either::Either<linkerd_http_body_eos::BodyWithEosFn<linkerd_http_box::body::BoxBody,alloc::boxed::Box<dyn core::ops::function::FnOnce<(linkerd_http_body_eos::EosRef<alloc::boxed::Box<dyn core::error::Error+core::marker::Sync+core::marker::Send>>,)>+Output = ()+core::marker::Send>>,linkerd_http_box::body::BoxBody>>",0.03
lean3,grpc,65536,capacity,1,"<http_body_util::combinators::map_err::MapErr<B,F> as http_body::Body>::poll_frame",0.03
lean3,grpc,65536,capacity,1,"core::ptr::drop_in_place<tracing::instrument::Instrumented<linkerd_http_classify::channel::ResponseFuture<linkerd_app_core::classify::Response,linkerd_http_box::body::BoxBody,linkerd_stack::map_err::ResponseFuture<(),core::pin::Pin<alloc::boxed::Box<dyn core::future::future::Future+Output = core::result::Result<http::response::Response<linkerd_http_box::body::BoxBody>,alloc::boxed::Box<dyn core::error::Error+core::marker::Sync+core::marker::Send>>+core::marker::Send>>>>>>",0.03
lean3,grpc,65536,capacity,1,h2::proto::streams::streams::StreamRef<B>::reserve_capacity,0.03
lean3,grpc,65536,capacity,1,update_blocked_averages,0.03
lean3,grpc,65536,capacity,1,"linkerd_http_prom::record_response::response::<impl tower_service::Service<http::request::Request<linkerd_http_box::body::BoxBody>> for linkerd_http_prom::record_response::RecordDuration<M,linkerd_http_prom::record_response::response::ResponseMetrics<<M as linkerd_http_prom::stream_label::MkStreamLabel>::DurationLabels>,S>>::call",0.03
lean3,grpc,65536,capacity,1,_rjem_je_tcache_gc_dalloc_new_event_wait,0.03
lean3,grpc,65536,capacity,1,"core::ptr::drop_in_place<linkerd_http_metrics::requests::service::ResponseBody<linkerd_proxy_tap::service::Body<linkerd_app_core::errors::body::ResponseBody<linkerd_app_outbound::http::endpoint::ClientRescue,linkerd_http_stream_timeouts::ResponseBody<linkerd_http_box::body::BoxBody>>>,linkerd_app_core::classify::Eos>>",0.03
lean3,grpc,65536,capacity,1,aa_file_perm,0.03
lean3,grpc,65536,capacity,1,tokio::sync::task::atomic_waker::AtomicWaker::register_by_ref,0.03
lean3,grpc,65536,capacity,1,h2::proto::streams::streams::StreamRef<B>::send_trailers,0.03
lean3,grpc,65536,capacity,1,priv_doca_ctx_on_arm,0.03
lean3,grpc,65536,capacity,1,doca_dma_task_memcpy_as_task,0.03
lean3,grpc,65536,capacity,1,h2::frame::headers::Pseudo::set_scheme,0.03
lean3,grpc,65536,capacity,1,h2::proto::peer::Dyn::convert_poll_message,0.03
lean3,grpc,65536,capacity,1,_rjem_je_edata_heap_remove_first,0.03
lean3,grpc,65536,capacity,1,dmesh_l7_driver_stats,0.03
lean3,grpc,65536,capacity,1,tonic::codec::decode::StreamingInner::poll_frame,0.03
lean3,grpc,65536,capacity,1,h2::proto::streams::streams::OpaqueStreamRef::new,0.03
lean3,grpc,65536,capacity,1,h2::proto::streams::store::OccupiedEntry::key,0.03
lean3,grpc,65536,capacity,1,core::ptr::drop_in_place<core::option::Option<tokio::runtime::Timer>>,0.03
lean3,grpc,65536,capacity,1,<http::uri::scheme::Scheme as core::str::traits::FromStr>::from_str,0.03
lean3,grpc,65536,capacity,1,hyper::proto::h2::ping::Recorder::record_non_data,0.03
lean3,grpc,65536,capacity,1,core::ptr::drop_in_place<hyper::body::incoming::Incoming>,0.03
lean3,grpc,65536,capacity,1,h2::proto::streams::counts::Counts::inc_num_send_streams,0.03
lean3,grpc,65536,capacity,1,exp@plt,0.03
lean3,grpc,65536,capacity,1,dpu_request_host_doorbell,0.03
lean3,grpc,65536,capacity,1,"core::ptr::drop_in_place<futures_util::future::try_future::into_future::IntoFuture<tower::limit::concurrency::future::ResponseFuture<core::pin::Pin<alloc::boxed::Box<dyn core::future::future::Future+Output = core::result::Result<http::response::Response<linkerd_http_box::body::BoxBody>,alloc::boxed::Box<dyn core::error::Error+core::marker::Sync+core::marker::Send>>+core::marker::Send>>>>>",0.03
lean3,grpc,65536,capacity,1,0x000000000001da10,0.03
lean3,grpc,65536,capacity,1,exp@@GLIBC_2.29,0.03
lean3,grpc,65536,capacity,1,<tower::spawn_ready::service::SpawnReady<S> as tower_service::Service<Req>>::poll_ready,0.03
lean3,grpc,65536,capacity,1,0x00000000000032d4,0.03
lean3,grpc,65536,capacity,1,<linkerd_app_core::classify::Eos as linkerd_http_classify::ClassifyEos>::eos,0.03
lean3,grpc,65536,capacity,1,0x00000000000ae134,0.03
lean3,grpc,65536,capacity,1,_rjem_mallocx,0.03
lean3,grpc,65536,capacity,1,__GI___memset_generic,0.03
lean3,grpc,65536,capacity,1,"core::ptr::drop_in_place<futures_util::future::try_future::ErrInto<linkerd_stack::either::vendor::Either<futures_util::future::try_future::ErrInto<linkerd_stack::either::vendor::Either<core::pin::Pin<alloc::boxed::Box<dyn core::future::future::Future+Output = core::result::Result<http::response::Response<linkerd_http_box::body::BoxBody>,alloc::boxed::Box<dyn core::error::Error+core::marker::Sync+core::marker::Send>>+core::marker::Send>>,tracing::instrument::Instrumented<tower::buffer::future::ResponseFuture<core::pin::Pin<alloc::boxed::Box<dyn core::future::future::Future+Output = core::result::Result<http::response::Response<linkerd_http_box::body::BoxBody>,alloc::boxed::Box<dyn core::error::Error+core::marker::Sync+core::marker::Send>>+core::marker::Send>>>>>,alloc::boxed::Box<dyn core::error::Error+core::marker::Sync+core::marker::Send>>,futures_util::future::ready::Ready<core::result::Result<http::response::Response<linkerd_http_box::body::BoxBody>,linkerd_app_outbound::http::concrete::DispatcherFailed>>>,alloc::boxed::Box<dyn core::error::Error+core::marker::Sync+core::marker::Send>>>",0.03
lean3,grpc,65536,capacity,1,"core::ptr::drop_in_place<linkerd_app_core::errors::body::ResponseBody<linkerd_app_inbound::http::router::ClientRescue,linkerd_http_box::body::BoxBody>>",0.03
lean3,grpc,65536,capacity,1,linkerd_http_classify::channel::send_or_report,0.03
lean3,grpc,65536,capacity,1,memmove@plt,0.03
lean3,grpc,65536,capacity,1,core::ptr::drop_in_place<h2::hpack::header::Header>,0.03
lean3,grpc,65536,capacity,1,doca_dma_task_memcpy_alloc_init@plt,0.03
lean3,grpc,65536,capacity,1,rw_verify_area,0.03
lean3,grpc,65536,capacity,1,px_l7_request_owner,0.03
lean3,grpc,65536,capacity,1,0x0000000000000480,0.03
lean3,grpc,65536,capacity,1,tokio::runtime::time::wheel::Wheel::remove,0.03
lean3,grpc,65536,capacity,1,linkerd_proxy_tap::service::Body<B>::new,0.02
lean3,grpc,65536,capacity,1,core::ptr::drop_in_place<hyper::client::conn::http2::SendRequest<linkerd_http_box::body::BoxBody>::send_request::{{closure}}>,0.02
lean3,grpc,65536,capacity,1,0x0000000000079a90,0.02
lean3,grpc,65536,capacity,1,"core::ptr::drop_in_place<linkerd_stack::loadshed::LoadShed<tower::limit::concurrency::service::ConcurrencyLimit<linkerd_stack::box_service::BoxCloneSyncService<http::request::Request<linkerd_http_box::body::BoxBody>,http::response::Response<linkerd_http_box::body::BoxBody>>>>>",0.02
lean3,grpc,65536,capacity,1,0x000000000000e8c8,0.02
lean3,grpc,65536,capacity,1,doca_comch_consumer_task_post_recv_as_task@plt,0.02
lean3,grpc,65536,capacity,1,"core::ptr::drop_in_place<linkerd_http_metrics::requests::service::RequestBody<linkerd_http_box::body::BoxBody,linkerd_app_core::classify::Class>>",0.02
lean3,grpc,65536,capacity,1,http::header::map::VacantEntry<T>::try_insert,0.02
lean3,grpc,65536,capacity,1,core::ptr::drop_in_place<http::header::map::HeaderMap>,0.02
lean3,grpc,65536,capacity,1,"<alloc::vec::Vec<T,A> as core::ops::drop::Drop>::drop",0.02
lean3,grpc,65536,capacity,1,tokio::util::wake::wake_by_ref_arc_raw,0.02
lean3,grpc,65536,capacity,1,http::header::name::HdrName::from_bytes,0.02
lean3,grpc,65536,capacity,1,<linkerd_addr::Addr as core::hash::Hash>::hash,0.02
lean3,grpc,65536,capacity,1,ksys_write,0.02
lean3,grpc,65536,capacity,1,"core::ptr::drop_in_place<<linkerd_proxy_tap::service::TapHttp<linkerd_error_respond::RespondService<linkerd_app_core::errors::respond::NewRespond<linkerd_app_outbound::http::endpoint::ClientRescue>,linkerd_http_stream_timeouts::EnforceTimeouts<linkerd_http_box::request::BoxRequest<linkerd_http_stream_timeouts::RequestBody<linkerd_http_metrics::requests::service::RequestBody<linkerd_http_box::body::BoxBody,linkerd_app_core::classify::Class>>,linkerd_app_outbound::http::handle_proxy_error_headers::HandleProxyErrorHeaders<tower::util::boxed::sync::BoxService<http::request::Request<linkerd_http_box::body::BoxBody>,http::response::Response<linkerd_http_box::body::BoxBody>,alloc::boxed::Box<dyn core::error::Error+core::marker::Sync+core::marker::Send>>>>>>,linkerd_app_outbound::http::concrete::Endpoint<linkerd_app_outbound::http::logical::Concrete<linkerd_app_outbound::http::Http<linkerd_app_gateway::http::Target>>>> as tower_service::Service<http::request::Request<linkerd_http_metrics::requests::service::RequestBody<linkerd_http_box::body::BoxBody,linkerd_app_core::classify::Class>>>>::call::{{closure}}>",0.02
lean3,grpc,65536,capacity,1,doca_pe_request_notification@plt,0.02
lean3,grpc,65536,capacity,1,"core::ptr::drop_in_place<linkerd_app_outbound::http::logical::policy::route::Matched<linkerd_http_route::http::match::RequestMatch,linkerd_app_outbound::http::logical::policy::route::backend::Backend<linkerd_app_outbound::http::Http<linkerd_app_outbound::sidecar::HttpSidecar>,linkerd_proxy_client_policy::http::Filter>>>",0.02
lean3,grpc,65536,capacity,1,0x00000000000ae130,0.02
lean3,grpc,65536,capacity,1,hrtimer_try_to_cancel.part.0,0.02
lean3,grpc,65536,capacity,1,http::header::map::HeaderMap<T>::try_entry2,0.02
lean3,grpc,65536,capacity,1,"core::ptr::drop_in_place<linkerd_stack::box_future::BoxFuture<linkerd_stack::map_err::MapErr<(),linkerd_stack::result::ResultService<linkerd_stack::either::vendor::Either<linkerd_stack::box_service::BoxCloneSyncService<http::request::Request<linkerd_http_box::body::BoxBody>,http::response::Response<linkerd_http_box::body::BoxBody>>,linkerd_stack::box_service::BoxCloneSyncService<http::request::Request<linkerd_http_box::body::BoxBody>,http::response::Response<linkerd_http_box::body::BoxBody>>>>>>>",0.02
lean3,grpc,65536,capacity,1,memset@plt,0.02
lean3,grpc,65536,capacity,1,"<tokio::sync::mpsc::chan::Tx<T,S> as core::ops::drop::Drop>::drop",0.02
lean3,grpc,65536,capacity,1,core::ptr::drop_in_place<linkerd_http_box::body::Inner<linkerd_http_prom::record_response::response::RequestBody<linkerd_http_box::body::BoxBody>>>,0.02
lean3,grpc,65536,capacity,1,"core::ptr::drop_in_place<linkerd_http_box::response::BoxResponse<linkerd_trace_context::service::TraceContext<core::option::Option<linkerd_app_core::http_tracing::SpanConverter>,linkerd_error_respond::RespondService<linkerd_app_core::errors::respond::NewRespond<linkerd_app_outbound::http::server::ServerRescue>,linkerd_stack::monitor::Monitor<linkerd_app_outbound::metrics::error::http::Http,linkerd_stack::loadshed::LoadShed<tower::limit::concurrency::service::ConcurrencyLimit<linkerd_stack::box_service::BoxCloneSyncService<http::request::Request<linkerd_http_box::body::BoxBody>,http::response::Response<linkerd_http_box::body::BoxBody>>>>>>>>>",0.02
lean3,grpc,65536,capacity,1,<tokio::sync::mpsc::bounded::OwnedPermit<T> as core::ops::drop::Drop>::drop,0.02
lean3,grpc,65536,capacity,1,h2::proto::streams::state::State::send_open,0.02
lean3,grpc,65536,capacity,1,__arch_copy_to_user,0.02
lean3,grpc,65536,capacity,1,core::ptr::drop_in_place<linkerd_app_outbound::tls::logical::route::RouteLabels>,0.02
lean3,grpc,65536,capacity,1,"linkerd_http_classify::channel::_::<impl core::ops::drop::Drop for linkerd_http_classify::channel::ResponseBody<C,B>>::drop",0.02
lean3,grpc,65536,capacity,1,"core::ptr::drop_in_place<linkerd_http_metrics::requests::service::ResponseFuture<core::pin::Pin<alloc::boxed::Box<dyn core::future::future::Future+Output = core::result::Result<http::response::Response<linkerd_http_box::body::BoxBody>,alloc::boxed::Box<dyn core::error::Error+core::marker::Sync+core::marker::Send>>+core::marker::Send>>,linkerd_app_core::classify::Response>>",0.02
lean3,grpc,65536,capacity,1,vfs_read,0.02
lean3,grpc,65536,capacity,1,<tonic_prost::codec::ProstDecoder<U> as tonic::codec::Decoder>::buffer_settings,0.02
lean3,grpc,65536,capacity,1,0x0000000000076f2c,0.02
lean3,grpc,65536,capacity,1,h2::proto::streams::state::State::recv_close,0.02
lean3,grpc,65536,capacity,1,"core::ptr::drop_in_place<linkerd_http_box::body::Inner<linkerd_http_stream_timeouts::RequestBody<linkerd_http_metrics::requests::service::RequestBody<linkerd_http_box::body::BoxBody,linkerd_app_core::classify::Class>>>>",0.02
lean3,grpc,65536,capacity,1,0x000000000002a860,0.02
lean3,grpc,65536,capacity,1,px_unit_free_node,0.02
lean3,grpc,65536,capacity,1,"core::ptr::drop_in_place<linkerd_http_stream_timeouts::ResponseFuture<linkerd_app_outbound::http::handle_proxy_error_headers::ResponseFuture<core::pin::Pin<alloc::boxed::Box<dyn core::future::future::Future+Output = core::result::Result<http::response::Response<linkerd_http_box::body::BoxBody>,alloc::boxed::Box<dyn core::error::Error+core::marker::Sync+core::marker::Send>>+core::marker::Send>>>>>",0.02
lean3,grpc,65536,capacity,1,core::ptr::drop_in_place<core::option::Option<http::method::Method>>,0.02
lean3,grpc,65536,capacity,1,doca_pe_request_notification,0.02
lean3,grpc,65536,capacity,1,<linkerd_stack::loadshed::LoadShed<S> as core::clone::Clone>::clone,0.02
lean3,grpc,65536,capacity,1,http::request::Builder::and_then,0.02
lean3,grpc,65536,capacity,1,doca_buf_set_data,0.02
lean3,grpc,65536,capacity,1,h2::proto::streams::recv::Recv::recv_trailers,0.02
lean3,grpc,65536,capacity,1,<h2::share::RecvStream as core::ops::drop::Drop>::drop,0.02
lean3,grpc,65536,capacity,1,"core::ptr::drop_in_place<futures_util::stream::futures_unordered::task::Task<tower::ready_cache::cache::Pending<core::net::socket_addr::SocketAddr,tower::load::peak_ewma::PeakEwma<linkerd_proxy_balance_gauge_endpoints::GaugeBalancerEndpoint<tower::util::boxed::sync::BoxService<http::request::Request<linkerd_http_box::body::BoxBody>,http::response::Response<linkerd_http_classify::channel::ResponseBody<linkerd_app_core::classify::Eos,linkerd_http_box::body::BoxBody>>,alloc::boxed::Box<dyn core::error::Error+core::marker::Sync+core::marker::Send>>>,hyper_balance::PendingUntilFirstData>,http::request::Request<linkerd_http_box::body::BoxBody>>>>",0.02
lean3,grpc,65536,capacity,1,"core::ptr::drop_in_place<hyper::proto::h2::server::H2StreamState<hyper_util::service::glue::TowerToHyperServiceFuture<linkerd_http_box::request::BoxRequest<hyper::body::incoming::Incoming,linkerd_proxy_http::client_handle::SetClientHandle<linkerd_stack::box_service::BoxCloneSyncService<http::request::Request<linkerd_http_box::body::BoxBody>,http::response::Response<linkerd_http_box::body::BoxBody>>>>,http::request::Request<hyper::body::incoming::Incoming>>,linkerd_http_box::body::BoxBody>>",0.02
lean3,grpc,65536,capacity,1,0x0000000000006eb0,0.02
lean3,grpc,65536,capacity,1,px_peer_stats_report,0.02
lean3,grpc,65536,capacity,1,core::ptr::drop_in_place<linkerd_app_outbound::http::logical::policy::route::metrics::labels::RouteBackend>,0.02
lean3,grpc,65536,capacity,1,core::ptr::drop_in_place<futures_channel::mpsc::Sender<core::convert::Infallible>>,0.02
lean3,grpc,65536,capacity,1,0x0000000000006f14,0.02
lean3,grpc,65536,capacity,1,bcmp@plt,0.02
lean3,grpc,65536,capacity,1,tokio::time::sleep::Sleep::new_timeout,0.02
lean3,grpc,65536,capacity,1,core::ptr::drop_in_place<[http::header::map::Bucket<http::header::value::HeaderValue>]>,0.02
lean3,grpc,65536,capacity,1,__aarch64_cas8_rel,0.02
lean3,grpc,65536,capacity,1,core::ptr::drop_in_place<h2::share::RecvStream>,0.02
lean3,grpc,65536,capacity,1,doca_comch_consumer_task_post_recv_as_task,0.02
lean3,grpc,65536,capacity,1,<bytes::bytes::Bytes as bytes::buf::buf_impl::Buf>::remaining,0.02
lean3,grpc,65536,capacity,1,core::ptr::drop_in_place<bytes::bytes::Bytes>,0.02
lean3,grpc,65536,capacity,1,<linkerd_http_box::body::Data as bytes::buf::buf_impl::Buf>::chunks_vectored,0.02
lean3,grpc,65536,capacity,1,"core::ptr::drop_in_place<linkerd_stack::box_future::BoxFuture<linkerd_stack::map_err::MapErr<(),linkerd_stack_tracing::Instrument<linkerd_app_outbound::http::concrete::balance::Balance<linkerd_app_outbound::http::logical::Concrete<linkerd_app_outbound::http::Http<linkerd_app_outbound::sidecar::HttpSidecar>>>,linkerd_app_outbound::http::concrete::balance::Balance<linkerd_app_outbound::http::logical::Concrete<linkerd_app_outbound::http::Http<linkerd_app_outbound::sidecar::HttpSidecar>>>::layer<linkerd_stack::arc_new_service::ArcNewService<linkerd_app_outbound::http::concrete::Endpoint<linkerd_app_outbound::http::logical::Concrete<linkerd_app_outbound::http::Http<linkerd_app_outbound::sidecar::HttpSidecar>>>,tower::util::boxed::sync::BoxService<http::request::Request<linkerd_http_box::body::BoxBody>,http::response::Response<linkerd_http_box::body::BoxBody>,alloc::boxed::Box<dyn core::error::Error+core::marker::Sync+core::marker::Send>>>,tower::util::boxed::sync::BoxService<http::request::Request<linkerd_http_box::body::BoxBody>,http::response::Response<linkerd_http_box::body::BoxBody>,alloc::boxed::Box<dyn core::error::Error+core::marker::Sync+core::marker::Send>>,linkerd_proxy_resolve::recover::Resolve<linkerd_app::dst::BackoffUnlessInvalidArgument,linkerd_proxy_api_resolve::resolve::Resolve<tower::util::map_err::MapErr<linkerd_stack::box_service::BoxCloneSyncService<http::request::Request<tonic::body::Body>,http::response::Response<linkerd_http_metrics::requests::service::ResponseBody<hyper_balance::PendingUntilFirstDataBody<tower::load::peak_ewma::Handle,hyper::body::incoming::Incoming>,linkerd_app_core::classify::Eos>>>,<alloc::boxed::Box<dyn core::error::Error+core::marker::Sync+core::marker::Send> as core::convert::From<alloc::boxed::Box<dyn core::error::Error+core::marker::Sync+core::marker::Send>>>::from>>>>::{{closure}}::{{closure}},linkerd_stack::map_err::MapErr<linkerd_stack::map_err::WrapFromTarget<linkerd_app_outbound::http::concrete::balance::Balance<linkerd_app_outbound::http::logical::Concrete<linkerd_app_outbound::http::Http<linkerd_app_outbound::sidecar::HttpSidecar>>>,linkerd_app_outbound::http::concrete::balance::BalanceError>,linkerd_stack_metrics::service::TrackService<linkerd_stack::either::vendor::Either<linkerd_http_box::response::BoxResponse<linkerd_stack::gate::Gate<linkerd_proxy_balance_queue::service::PoolQueue<http::request::Request<linkerd_http_box::body::BoxBody>,futures_util::future::try_future::ErrInto<tower::load::completion::TrackCompletionFuture<core::pin::Pin<alloc::boxed::Box<dyn core::future::future::Future+Output = core::result::Result<http::response::Response<linkerd_http_classify::channel::ResponseBody<linkerd_app_core::classify::Eos,linkerd_http_box::body::BoxBody>>,alloc::boxed::Box<dyn core::error::Error+core::marker::Sync+core::marker::Send>>+core::marker::Send>>,hyper_balance::PendingUntilFirstData,tower::load::peak_ewma::Handle>,alloc::boxed::Box<dyn core::error::Error+core::marker::Sync+core::marker::Send>>>>>,linkerd_http_box::response::BoxResponse<linkerd_stack::gate::Gate<linkerd_proxy_balance_queue::service::PoolQueue<http::request::Request<linkerd_http_box::body::BoxBody>,futures_util::future::try_future::ErrInto<linkerd_load_biaser::LoadBiaserFuture<core::pin::Pin<alloc::boxed::Box<dyn core::future::future::Future+Output = core::result::Result<http::response::Response<linkerd_http_classify::channel::ResponseBody<linkerd_app_core::classify::Eos,linkerd_http_box::body::BoxBody>>,alloc::boxed::Box<dyn core::error::Error+core::marker::Sync+core::marker::Send>>+core::marker::Send>>,http::response::Response<linkerd_http_classify::channel::ResponseBody<linkerd_app_core::classify::Eos,linkerd_http_box::body::BoxBody>>,hyper_balance::PendingUntilFirstData>,alloc::boxed::Box<dyn core::error::Error+core::marker::Sync+core::marker::Send>>>>>>>>>>>>",0.02
lean3,grpc,65536,capacity,1,tokio::runtime::Timer::init,0.02
lean3,grpc,65536,capacity,1,__check_heap_object,0.02
lean3,grpc,65536,capacity,1,pthread_mutex_unlock@@GLIBC_2.17,0.02
lean3,grpc,65536,capacity,1,h2::proto::streams::streams::StreamRef<B>::take_request,0.02
lean3,grpc,65536,capacity,1,0x00000000000059ec,0.02
lean3,grpc,65536,capacity,1,"core::ptr::drop_in_place<linkerd_stack::map_err::ResponseFuture<(),linkerd_stack::map_err::ResponseFuture<linkerd_stack::map_err::WrapFromTarget<linkerd_app_outbound::http::logical::RouterParams<linkerd_app_outbound::http::Http<linkerd_app_outbound::sidecar::HttpSidecar>>,linkerd_app_outbound::http::logical::LogicalError>,futures_util::future::try_future::ErrInto<linkerd_stack::either::vendor::Either<core::pin::Pin<alloc::boxed::Box<dyn core::future::future::Future+Output = core::result::Result<http::response::Response<linkerd_http_box::body::BoxBody>,alloc::boxed::Box<dyn core::error::Error+core::marker::Sync+core::marker::Send>>+core::marker::Send>>,futures_util::future::try_future::ErrInto<linkerd_stack::either::vendor::Either<core::pin::Pin<alloc::boxed::Box<dyn core::future::future::Future+Output = core::result::Result<http::response::Response<linkerd_http_box::body::BoxBody>,alloc::boxed::Box<dyn core::error::Error+core::marker::Sync+core::marker::Send>>+core::marker::Send>>,core::pin::Pin<alloc::boxed::Box<dyn core::future::future::Future+Output = core::result::Result<http::response::Response<linkerd_http_box::body::BoxBody>,alloc::boxed::Box<dyn core::error::Error+core::marker::Sync+core::marker::Send>>+core::marker::Send>>>,alloc::boxed::Box<dyn core::error::Error+core::marker::Sync+core::marker::Send>>>,alloc::boxed::Box<dyn core::error::Error+core::marker::Sync+core::marker::Send>>>>>",0.02
lean3,grpc,65536,capacity,1,px_worker_stats,0.02
lean3,grpc,65536,capacity,1,__hrtimer_init,0.02
lean3,grpc,65536,capacity,1,hashbrown::raw::RawTableInner::drop_elements,0.02
lean3,grpc,65536,capacity,1,__aarch64_swp8_acq_rel,0.02
lean3,grpc,65536,capacity,1,0x00000000000058d4,0.02
lean3,grpc,65536,capacity,1,<Q as hashbrown::Equivalent<K>>::equivalent,0.02
lean3,grpc,65536,capacity,1,fput,0.02
lean3,grpc,65536,capacity,1,core::ptr::drop_in_place<alloc::vec::drain::Drain<linkerd_proxy_tap::grpc::server::TapResponsePayload>>,0.02
lean3,grpc,65536,capacity,1,0x00000000000149dc,0.02
lean3,grpc,65536,capacity,1,0x00000000000b03bc,0.02
lean3,grpc,65536,capacity,1,read@plt,0.02
lean3,grpc,65536,capacity,1,fsnotify_perm.part.0,0.02
lean3,grpc,65536,capacity,1,<bytes::bytes::Bytes as bytes::buf::buf_impl::Buf>::chunk,0.02
lean3,grpc,65536,capacity,1,tokio::runtime::Timer::reset,0.02
lean3,grpc,65536,capacity,1,http::uri::path::PathAndQuery::from_maybe_shared,0.02
lean3,grpc,65536,capacity,1,"core::ptr::drop_in_place<linkerd_stack::loadshed::LoadShed<linkerd_distribute::service::Distribute<linkerd_app_outbound::http::logical::policy::route::backend::Backend<linkerd_app_outbound::http::Http<linkerd_app_outbound::sidecar::HttpSidecar>,linkerd_proxy_client_policy::http::Filter>,linkerd_stack::box_service::BoxCloneSyncService<http::request::Request<linkerd_http_box::body::BoxBody>,http::response::Response<linkerd_http_box::body::BoxBody>>>>>",0.02
lean3,grpc,65536,capacity,1,0x00000000000b03b8,0.02
lean3,grpc,65536,capacity,1,doca_task_free@plt,0.02
lean3,grpc,65536,capacity,1,_rjem_je_sz_psz_quantize_floor,0.02
lean3,grpc,65536,capacity,1,"hyper::client::dispatch::Receiver<T,U>::poll_recv",0.02
lean3,grpc,65536,capacity,1,0x0000000000006ee0,0.02
lean3,grpc,65536,capacity,1,h2::hpack::decoder::decode_int,0.02
lean3,grpc,65536,capacity,1,http::header::map::HeaderMap<T>::get_all,0.02
lean3,grpc,65536,capacity,1,_rjem_je_edata_heap_insert,0.02
lean3,grpc,65536,capacity,1,0x00000000000b03f4,0.01
lean3,grpc,65536,capacity,1,0x00000000000b7a78,0.01
lean3,grpc,65536,capacity,1,_rjem_je_pa_dalloc,0.01
lean3,grpc,65536,capacity,1,0x000000000001d7e0,0.01
lean3,grpc,65536,capacity,1,eventfd_write@plt,0.01
lean3,grpc,65536,capacity,1,bytes::bytes::shared_drop,0.01
lean3,grpc,65536,capacity,1,__fdget_pos,0.01
lean3,grpc,65536,capacity,1,0x0000000000003320,0.01
lean3,grpc,65536,capacity,1,<linkerd_proxy_client_policy::http::RouteParams as core::cmp::PartialEq>::eq,0.01
lean3,grpc,65536,capacity,1,_rjem_je_large_malloc,0.01
lean3,grpc,65536,capacity,1,core::ptr::drop_in_place<http::uri::Uri>,0.01
lean3,grpc,65536,capacity,1,doca_buf_inventory_buf_get_by_args@plt,0.01
lean3,grpc,65536,capacity,1,core::ptr::drop_in_place<core::option::Option<linkerd_http_prom::record_response::ResponseState<linkerd_app_outbound::http::logical::policy::route::metrics::LabelGrpcRsp<linkerd_app_outbound::http::logical::policy::route::metrics::labels::RouteBackend>>>>,0.01
lean3,grpc,65536,capacity,1,"core::ptr::drop_in_place<core::result::Result<core::option::Option<h2::proto::streams::store::Key>,h2::proto::error::Error>>",0.01
lean3,grpc,65536,capacity,1,write@plt,0.01
lean3,grpc,65536,capacity,1,0x0000000000005a04,0.01
lean3,grpc,65536,capacity,1,0x0000000000009140,0.01
lean3,grpc,65536,capacity,1,<tokio::sync::oneshot::Receiver<T> as core::ops::drop::Drop>::drop,0.01
lean3,grpc,65536,capacity,1,"<alloc::sync::Arc<T,A> as alloc::sync::ArcEqIdent<T,A>>::eq",0.01
lean3,grpc,65536,capacity,1,priv_doca_pe_resume_ctx@plt,0.01
lean3,grpc,65536,capacity,1,finish_task_switch.isra.0,0.01
lean3,grpc,65536,capacity,1,"<hyper::client::dispatch::Callback<T,U> as core::ops::drop::Drop>::drop",0.01
lean3,grpc,65536,capacity,1,0x0000000000005b00,0.01
lean3,grpc,65536,capacity,1,0x0000000000005940,0.01
lean3,grpc,65536,capacity,1,"core::ptr::drop_in_place<futures_util::future::try_future::into_future::IntoFuture<tower::load::completion::TrackCompletionFuture<core::pin::Pin<alloc::boxed::Box<dyn core::future::future::Future+Output = core::result::Result<http::response::Response<linkerd_http_classify::channel::ResponseBody<linkerd_app_core::classify::Eos,linkerd_http_box::body::BoxBody>>,alloc::boxed::Box<dyn core::error::Error+core::marker::Sync+core::marker::Send>>+core::marker::Send>>,hyper_balance::PendingUntilFirstData,tower::load::peak_ewma::Handle>>>",0.01
lean3,grpc,65536,capacity,1,eventfd_poll,0.01
lean3,grpc,65536,capacity,1,0x00000000000004fc,0.01
lean3,grpc,65536,capacity,1,0x00000000000004e4,0.01
lean3,grpc,65536,capacity,1,0x00000000000059dc,0.01
lean3,grpc,65536,capacity,1,dmesh_l7_driver_arm,0.01
lean3,grpc,65536,capacity,1,_rjem_je_large_palloc,0.01
lean3,grpc,65536,capacity,1,0x000000000001d858,0.01
lean3,grpc,65536,capacity,1,0x0000000000006eec,0.01
lean3,grpc,65536,capacity,1,0x00000000000767f0,0.01
lean3,grpc,65536,capacity,1,"<alloc::vec::drain::Drain<T,A> as core::ops::drop::Drop>::drop",0.01
lean3,grpc,65536,capacity,1,0x000000000001d7c8,0.01
lean3,grpc,65536,capacity,1,0x0000000000006f78,0.01
lean3,grpc,65536,capacity,1,0x0000000000014a00,0.01
lean3,grpc,65536,capacity,1,pthread_mutex_trylock@plt,0.01
lean3,grpc,65536,capacity,1,_rjem_je_arena_dalloc_bin_locked_handle_newly_nonempty,0.01
lean3,grpc,65536,capacity,1,0x0000000000000500,0.01
lean3,grpc,65536,capacity,1,__errno_location,0.01
lean3,grpc,65536,capacity,1,0x000000000000047c,0.01
lean3,grpc,65536,capacity,1,_rjem_je_edata_heap_empty,0.01
lean3,grpc,65536,capacity,1,0x0000000000014ae8,0.01
lean3,grpc,65536,capacity,1,0x00000000000004f8,0.01
lean3,grpc,65536,capacity,1,"core::ptr::drop_in_place<hyper_util::service::oneshot::Oneshot<linkerd_http_box::request::BoxRequest<hyper::body::incoming::Incoming,linkerd_proxy_http::client_handle::SetClientHandle<linkerd_stack::box_service::BoxCloneSyncService<http::request::Request<linkerd_http_box::body::BoxBody>,http::response::Response<linkerd_http_box::body::BoxBody>>>>,http::request::Request<hyper::body::incoming::Incoming>>>",0.01
lean3,grpc,65536,capacity,1,"core::ptr::drop_in_place<hyper_util::service::glue::TowerToHyperServiceFuture<linkerd_http_box::request::BoxRequest<hyper::body::incoming::Incoming,linkerd_proxy_http::client_handle::SetClientHandle<linkerd_stack::box_service::BoxCloneSyncService<http::request::Request<linkerd_http_box::body::BoxBody>,http::response::Response<linkerd_http_box::body::BoxBody>>>>,http::request::Request<hyper::body::incoming::Incoming>>>",0.01
lean3,grpc,65536,capacity,1,bytes::bytes::shared_clone,0.01
lean3,grpc,65536,capacity,1,0x0000000000000474,0.01
lean3,grpc,65536,capacity,1,0x00000000000b6e58,0.01
lean3,grpc,65536,capacity,1,"core::ptr::drop_in_place<linkerd_proxy_http::client_handle::SetClientHandle<linkerd_stack::box_service::BoxCloneSyncService<http::request::Request<linkerd_http_box::body::BoxBody>,http::response::Response<linkerd_http_box::body::BoxBody>>>>",0.01
lean3,grpc,65536,capacity,1,eventfd_read,0.01
lean3,grpc,65536,capacity,1,h2::client::SendRequest<B>::poll_ready,0.01
lean3,grpc,65536,capacity,1,core::ptr::drop_in_place<linkerd_http_box::body::Inner<linkerd_http_prom::record_response::ResponseBody<linkerd_app_outbound::http::logical::policy::route::metrics::LabelHttpRsp<linkerd_app_outbound::http::logical::policy::route::metrics::labels::Route>>>>,0.01
lean3,grpc,65536,capacity,1,get_freepointer,0.01
lean3,grpc,65536,capacity,1,"core::ptr::drop_in_place<linkerd_http_box::body::Inner<linkerd_app_core::errors::body::ResponseBody<linkerd_app_inbound::http::server::ServerRescue,linkerd_http_box::body::BoxBody>>>",0.01
lean3,grpc,65536,capacity,1,0x0000000000005998,0.01
lean3,grpc,65536,capacity,1,core::ptr::drop_in_place<h2::proto::streams::streams::StreamRef<hyper::proto::h2::SendBuf<linkerd_http_box::body::Data>>>,0.01
lean3,grpc,65536,capacity,1,0x000000000001d800,0.01
lean3,grpc,65536,capacity,1,0x0000000000005ad8,0.01
lean3,grpc,65536,capacity,1,0x00000000000004b4,0.01
lean3,grpc,65536,capacity,1,"core::ptr::drop_in_place<linkerd_proxy_tap::service::Body<linkerd_app_core::errors::body::ResponseBody<linkerd_app_outbound::http::endpoint::ClientRescue,linkerd_http_stream_timeouts::ResponseBody<linkerd_http_box::body::BoxBody>>>>",0.01
lean3,grpc,65536,capacity,1,0x0000000000005300,0.01
lean3,grpc,65536,capacity,1,px_l7_stats_report,0.01
lean3,grpc,65536,capacity,1,0x00000000000058f0,0.01
lean3,grpc,65536,capacity,1,tower::load::peak_ewma::RttEstimate::update,0.01
lean3,grpc,65536,capacity,1,0x000000000001da0c,0.01
lean3,grpc,65536,capacity,1,"core::ptr::drop_in_place<linkerd_stack::box_future::BoxFuture<linkerd_stack::map_err::MapErr<(),linkerd_stack::watch::SpawnWatch<linkerd_stack::box_service::BoxCloneSyncService<linkerd_io::either::EitherIo<linkerd_io::either::EitherIo<linkerd_io::sensor::SensorIo<linkerd_io::scoped::ScopedIo<tokio::net::tcp::stream::TcpStream>,linkerd_transport_metrics::sensor::Sensor>,linkerd_io::prefixed::PrefixedIo<linkerd_io::sensor::SensorIo<linkerd_io::scoped::ScopedIo<tokio::net::tcp::stream::TcpStream>,linkerd_transport_metrics::sensor::Sensor>>>,linkerd_io::prefixed::PrefixedIo<linkerd_io::either::EitherIo<linkerd_io::sensor::SensorIo<linkerd_io::scoped::ScopedIo<tokio::net::tcp::stream::TcpStream>,linkerd_transport_metrics::sensor::Sensor>,linkerd_io::prefixed::PrefixedIo<linkerd_io::sensor::SensorIo<linkerd_io::scoped::ScopedIo<tokio::net::tcp::stream::TcpStream>,linkerd_transport_metrics::sensor::Sensor>>>>>,()>>>>>",0.01
lean3,grpc,65536,capacity,1,__pm_relax,0.01
lean3,grpc,65536,capacity,1,core::ptr::drop_in_place<h2::frame::headers::Iter>,0.01
lean3,grpc,65536,capacity,1,0x00000000000148c0,0.01
lean3,grpc,65536,capacity,1,h2::proto::streams::streams::Actions::ensure_not_idle,0.01
lean3,grpc,65536,capacity,1,0x0000000000076860,0.01
lean3,grpc,65536,capacity,1,0x0000000000076828,0.01
lean3,grpc,65536,capacity,1,tokio::time::sleep::Sleep::reset,0.01
lean3,grpc,65536,capacity,1,0x00000000000b6e20,0.01
lean3,grpc,65536,capacity,1,0x0000000000076f14,0.01
lean3,grpc,65536,capacity,1,__arm64_sys_read,0.01
lean3,grpc,65536,capacity,1,tcache_gc_small,0.01
lean3,grpc,65536,capacity,1,"core::ptr::drop_in_place<linkerd_stack::map_err::ResponseFuture<(),futures_util::future::either::Either<futures_util::future::try_future::MapErr<tower::util::oneshot::Oneshot<linkerd_stack::box_service::BoxCloneSyncService<http::request::Request<linkerd_http_box::body::BoxBody>,http::response::Response<linkerd_http_box::body::BoxBody>>,http::request::Request<linkerd_http_box::body::BoxBody>>,fn(alloc::boxed::Box<dyn core::error::Error+core::marker::Sync+core::marker::Send>) .> alloc::boxed::Box<dyn core::error::Error+core::marker::Sync+core::marker::Send>>,futures_util::future::ready::Ready<core::result::Result<http::response::Response<linkerd_http_box::body::BoxBody>,alloc::boxed::Box<dyn core::error::Error+core::marker::Sync+core::marker::Send>>>>>>",0.01
lean3,grpc,65536,capacity,1,core::ptr::drop_in_place<linkerd_http_box::body::Inner<linkerd_http_prom::body_data::body::Body<linkerd_http_box::body::BoxBody>>>,0.01
lean3,grpc,65536,capacity,1,core::ptr::drop_in_place$LT$tokio_util..sync..mpsc..make_acquire_future$LT$linkerd_proxy_balance_queue..message..Message$LT$http..request..Request$LT$linkerd_http_box..body..BoxBody$GT$$C$futures_util..future..try_future..ErrInto$LT$tower..load..completion..TrackCompletionFuture$LT$core..pin..Pin$LT$alloc..boxed..Box$LT$dyn$u20$core..future..future..Future$u2b$Output$u20$$u3d$$u20$core..result..Result$LT$http..response..Response$LT$linkerd_http_classify..channel..ResponseBody$LT$linkerd_app_core..classify..Eos$C$linkerd_http_box..body..BoxBody$GT$$GT$$C$alloc..boxed..Box$LT$dyn$u20$core..error..Error$u2b$core..marker..Sync$u2b$core..marker..Send$GT$$GT$$u2b$core..marker..Send$GT$$GT$$C$hyper_balance..PendingUntilFirstData$C$tower..load..peak_ewma..Handle$GT$$C$alloc..boxed..Box$LT$dyn$u20$core..error..Error$u2b$core..marker..Sync$u2b$core..marker..Send$GT$$GT$$GT$$GT$..$u7b$$u7b$closure$u7d$$u7d$$GT$::hc5137774651b9570,0.01
lean3,grpc,65536,capacity,1,0x00000000000148b0,0.01
lean3,grpc,65536,capacity,1,"<E as hyper::rt::bounds::h2_server::Http2ServerConnExec<F,B>>::execute_h2stream",0.01
lean3,grpc,65536,capacity,1,0x00000000000b7a14,0.01
lean3,grpc,65536,capacity,1,tokio::runtime::scheduler::current_thread::Context::park,0.01
lean3,grpc,65536,capacity,1,"core::ptr::drop_in_place<core::option::Option<linkerd_http_classify::channel::State<linkerd_app_core::classify::Eos,linkerd_app_core::classify::Class>>>",0.01
lean3,grpc,65536,capacity,1,hrtimer_init_sleeper,0.01
lean3,grpc,65536,capacity,1,"core::ptr::drop_in_place<core::result::Result<(),core::result::Result<http::response::Response<hyper::body::incoming::Incoming>,hyper::error::Error>>>",0.01
lean3,grpc,65536,capacity,1,core::ptr::drop_in_place<core::option::Option<linkerd_app_core::http_tracing::SpanConverter>>,0.01
lean3,grpc,65536,capacity,1,ktime_get_ts64,0.01
lean3,grpc,65536,capacity,1,0x0000000000076f48,0.01
lean3,grpc,65536,capacity,1,core::ptr::drop_in_place$LT$tokio..sync..mpsc..bounded..Sender$LT$linkerd_proxy_balance_queue..message..Message$LT$http..request..Request$LT$linkerd_http_box..body..BoxBody$GT$$C$futures_util..future..try_future..ErrInto$LT$tower..load..completion..TrackCompletionFuture$LT$core..pin..Pin$LT$alloc..boxed..Box$LT$dyn$u20$core..future..future..Future$u2b$Output$u20$$u3d$$u20$core..result..Result$LT$http..response..Response$LT$linkerd_http_classify..channel..ResponseBody$LT$linkerd_app_core..classify..Eos$C$linkerd_http_box..body..BoxBody$GT$$GT$$C$alloc..boxed..Box$LT$dyn$u20$core..error..Error$u2b$core..marker..Sync$u2b$core..marker..Send$GT$$GT$$u2b$core..marker..Send$GT$$GT$$C$hyper_balance..PendingUntilFirstData$C$tower..load..peak_ewma..Handle$GT$$C$alloc..boxed..Box$LT$dyn$u20$core..error..Error$u2b$core..marker..Sync$u2b$core..marker..Send$GT$$GT$$GT$$GT$..reserve_owned..$u7b$$u7b$closure$u7d$$u7d$$GT$::h176428ae4f6ac32a,0.01
lean3,grpc,65536,capacity,1,rseq_update_cpu_id,0.01
lean3,grpc,65536,capacity,1,0x000000000001da04,0.01
lean3,grpc,65536,capacity,1,core::ops::function::FnOnce::call_once{{vtable.shim}},0.01
lean3,grpc,65536,capacity,1,"core::ptr::drop_in_place<linkerd_proxy_balance_queue::future::ResponseState<futures_util::future::try_future::ErrInto<tower::load::completion::TrackCompletionFuture<core::pin::Pin<alloc::boxed::Box<dyn core::future::future::Future+Output = core::result::Result<http::response::Response<linkerd_http_classify::channel::ResponseBody<linkerd_app_core::classify::Eos,linkerd_http_box::body::BoxBody>>,alloc::boxed::Box<dyn core::error::Error+core::marker::Sync+core::marker::Send>>+core::marker::Send>>,hyper_balance::PendingUntilFirstData,tower::load::peak_ewma::Handle>,alloc::boxed::Box<dyn core::error::Error+core::marker::Sync+core::marker::Send>>>>",0.01
lean3,grpc,65536,capacity,1,"core::ptr::drop_in_place<futures_util::future::try_future::into_future::IntoFuture<linkerd_stack::either::vendor::Either<core::pin::Pin<alloc::boxed::Box<dyn core::future::future::Future+Output = core::result::Result<http::response::Response<linkerd_http_box::body::BoxBody>,alloc::boxed::Box<dyn core::error::Error+core::marker::Sync+core::marker::Send>>+core::marker::Send>>,tracing::instrument::Instrumented<tower::buffer::future::ResponseFuture<core::pin::Pin<alloc::boxed::Box<dyn core::future::future::Future+Output = core::result::Result<http::response::Response<linkerd_http_box::body::BoxBody>,alloc::boxed::Box<dyn core::error::Error+core::marker::Sync+core::marker::Send>>+core::marker::Send>>>>>>>",0.01
lean3,grpc,65536,capacity,1,0x0000000000076bdc,0.01
lean3,grpc,65536,capacity,1,__aarch64_swp8_rel,0.01
lean3,grpc,65536,capacity,1,0x0000000000006fbc,0.01
lean3,grpc,65536,capacity,1,0x0000000000005a4c,0.01
lean3,grpc,65536,capacity,1,"core::ptr::drop_in_place<hyper_balance::PendingUntilFirstDataBody<tower::load::peak_ewma::Handle,linkerd_http_classify::channel::ResponseBody<linkerd_app_core::classify::Eos,linkerd_http_box::body::BoxBody>>>",0.01
lean3,grpc,65536,capacity,1,0x000000000001da94,0.01
lean3,grpc,65536,capacity,1,_rjem_je_base_ehooks_get,0.01
lean3,grpc,65536,capacity,1,h2::server::Peer::convert_send_message,0.01
lean3,grpc,65536,capacity,1,"core::ptr::drop_in_place<(tokio::sync::notify::Notified,tokio::time::sleep::Sleep)>",0.01
lean3,grpc,65536,capacity,1,0x00000000000059c0,0.01
lean3,grpc,65536,capacity,1,0x0000000000076864,0.01
lean3,grpc,65536,capacity,1,"core::ptr::drop_in_place<linkerd_stack::map_err::ResponseFuture<(),futures_util::future::try_future::ErrInto<linkerd_stack::either::vendor::Either<futures_util::future::try_future::ErrInto<linkerd_stack::either::vendor::Either<core::pin::Pin<alloc::boxed::Box<dyn core::future::future::Future+Output = core::result::Result<http::response::Response<linkerd_http_box::body::BoxBody>,alloc::boxed::Box<dyn core::error::Error+core::marker::Sync+core::marker::Send>>+core::marker::Send>>,tracing::instrument::Instrumented<tower::buffer::future::ResponseFuture<core::pin::Pin<alloc::boxed::Box<dyn core::future::future::Future+Output = core::result::Result<http::response::Response<linkerd_http_box::body::BoxBody>,alloc::boxed::Box<dyn core::error::Error+core::marker::Sync+core::marker::Send>>+core::marker::Send>>>>>,alloc::boxed::Box<dyn core::error::Error+core::marker::Sync+core::marker::Send>>,futures_util::future::ready::Ready<core::result::Result<http::response::Response<linkerd_http_box::body::BoxBody>,linkerd_app_outbound::http::concrete::DispatcherFailed>>>,alloc::boxed::Box<dyn core::error::Error+core::marker::Sync+core::marker::Send>>>>",0.01
lean3,grpc,65536,capacity,1,"core::ptr::drop_in_place<tokio::sync::mpsc::bounded::OwnedPermit<linkerd_proxy_balance_queue::message::Message<http::request::Request<linkerd_http_box::body::BoxBody>,futures_util::future::try_future::ErrInto<tower::load::completion::TrackCompletionFuture<core::pin::Pin<alloc::boxed::Box<dyn core::future::future::Future+Output = core::result::Result<http::response::Response<linkerd_http_classify::channel::ResponseBody<linkerd_app_core::classify::Eos,linkerd_http_box::body::BoxBody>>,alloc::boxed::Box<dyn core::error::Error+core::marker::Sync+core::marker::Send>>+core::marker::Send>>,hyper_balance::PendingUntilFirstData,tower::load::peak_ewma::Handle>,alloc::boxed::Box<dyn core::error::Error+core::marker::Sync+core::marker::Send>>>>>",0.01
lean3,grpc,65536,capacity,1,0x0000000000076810,0.01
lean3,grpc,65536,capacity,1,doca_comch_consumer_task_post_recv_get_imm_data@plt,0.01
lean3,grpc,65536,capacity,1,mlx5dv_devx_get_event@plt,0.01
lean3,grpc,65536,capacity,1,doca_task_submit@plt,0.01
lean3,grpc,65536,capacity,1,"core::ptr::drop_in_place<linkerd_http_box::response::BoxResponse<linkerd_http_prom::body_data::request::RecordBodyData<linkerd_http_prom::status::RecordStatusCode<linkerd_http_prom::record_response::RecordDuration<linkerd_app_outbound::http::logical::policy::route::Matched<linkerd_http_route::http::match::RequestMatch,linkerd_app_outbound::http::logical::policy::route::Route<linkerd_app_outbound::http::Http<linkerd_app_outbound::sidecar::HttpSidecar>,linkerd_proxy_client_policy::http::Filter,linkerd_proxy_client_policy::http::RouteParams>>,linkerd_http_prom::record_response::request::RequestMetrics<linkerd_app_outbound::http::logical::policy::route::metrics::labels::Route>,linkerd_app_outbound::http::logical::policy::route::extensions::SetExtensions<linkerd_http_retry::HttpRetry<linkerd_app_outbound::http::logical::policy::route::retry::RetryPolicy,linkerd_app_outbound::http::logical::policy::route::metrics::labels::Route,linkerd_app_outbound::http::logical::policy::route::Matched<linkerd_http_route::http::match::RequestMatch,linkerd_app_outbound::http::logical::policy::route::Route<linkerd_app_outbound::http::Http<linkerd_app_outbound::sidecar::HttpSidecar>,linkerd_proxy_client_policy::http::Filter,linkerd_proxy_client_policy::http::RouteParams>>,linkerd_app_outbound::http::logical::policy::route::filters::ApplyFilters<linkerd_app_outbound::http::logical::policy::route::Matched<linkerd_http_route::http::match::RequestMatch,linkerd_app_outbound::http::logical::policy::route::Route<linkerd_app_outbound::http::Http<linkerd_app_outbound::sidecar::HttpSidecar>,linkerd_proxy_client_policy::http::Filter,linkerd_proxy_client_policy::http::RouteParams>>,linkerd_stack::loadshed::LoadShed<linkerd_distribute::service::Distribute<linkerd_app_outbound::http::logical::policy::route::backend::Backend<linkerd_app_outbound::http::Http<linkerd_app_outbound::sidecar::HttpSidecar>,linkerd_proxy_client_policy::http::Filter>,linkerd_stack::box_service::BoxCloneSyncService<http::request::Request<linkerd_http_box::body::BoxBody>,http::response::Response<linkerd_http_box::body::BoxBody>>>>>>>>,linkerd_app_outbound::http::logical::policy::route::Matched<linkerd_http_route::http::match::RequestMatch,linkerd_app_outbound::http::logical::policy::route::Route<linkerd_app_outbound::http::Http<linkerd_app_outbound::sidecar::HttpSidecar>,linkerd_proxy_client_policy::http::Filter,linkerd_proxy_client_policy::http::RouteParams>>,linkerd_app_outbound::http::logical::policy::route::metrics::labels::Rsp<linkerd_app_outbound::http::logical::policy::route::metrics::labels::Route,linkerd_app_outbound::http::logical::policy::route::metrics::labels::HttpRsp>>,linkerd_app_outbound::http::logical::policy::route::metrics::ExtractBodyDataMetrics<linkerd_app_outbound::http::logical::policy::route::Matched<linkerd_http_route::http::match::RequestMatch,linkerd_app_outbound::http::logical::policy::route::Route<linkerd_app_outbound::http::Http<linkerd_app_outbound::sidecar::HttpSidecar>,linkerd_proxy_client_policy::http::Filter,linkerd_proxy_client_policy::http::RouteParams>>>>>>",0.01
lean3,grpc,65536,capacity,1,"core::ptr::drop_in_place<linkerd_stack::map_err::ResponseFuture<(),futures_util::future::either::Either<futures_util::future::try_future::ErrInto<futures_util::future::try_future::MapOk<futures_util::future::either::Either<linkerd_error_respond::RespondFuture<linkerd_app_core::errors::respond::Respond<linkerd_app_outbound::http::server::ServerRescue>,linkerd_stack::monitor::MonitorFuture<linkerd_app_outbound::metrics::error::http::Http,futures_util::future::either::Either<futures_util::future::try_future::MapErr<tower::limit::concurrency::future::ResponseFuture<core::pin::Pin<alloc::boxed::Box<dyn core::future::future::Future+Output = core::result::Result<http::response::Response<linkerd_http_box::body::BoxBody>,alloc::boxed::Box<dyn core::error::Error+core::marker::Sync+core::marker::Send>>+core::marker::Send>>>,fn(alloc::boxed::Box<dyn core::error::Error+core::marker::Sync+core::marker::Send>) .> alloc::boxed::Box<dyn core::error::Error+core::marker::Sync+core::marker::Send>>,futures_util::future::ready::Ready<core::result::Result<http::response::Response<linkerd_http_box::body::BoxBody>,alloc::boxed::Box<dyn core::error::Error+core::marker::Sync+core::marker::Send>>>>>>,core::pin::Pin<alloc::boxed::Box<dyn core::future::future::Future+Output = core::result::Result<http::response::Response<linkerd_app_core::errors::body::ResponseBody<linkerd_app_outbound::http::server::ServerRescue,linkerd_http_box::body::BoxBody>>,alloc::boxed::Box<dyn core::error::Error+core::marker::Sync+core::marker::Send>>+core::marker::Send>>>,fn(http::response::Response<linkerd_app_core::errors::body::ResponseBody<linkerd_app_outbound::http::server::ServerRescue,linkerd_http_box::body::BoxBody>>) .> http::response::Response<linkerd_http_box::body::BoxBody>>,alloc::boxed::Box<dyn core::error::Error+core::marker::Sync+core::marker::Send>>,futures_util::future::ready::Ready<core::result::Result<http::response::Response<linkerd_http_box::body::BoxBody>,alloc::boxed::Box<dyn core::error::Error+core::marker::Sync+core::marker::Send>>>>>>",0.01
lean3,grpc,65536,capacity,1,0x0000000000014938,0.01
lean3,grpc,65536,capacity,1,packet_rcv,0.01
lean3,grpc,65536,capacity,1,_rjem_je_extent_commit_zero,0.01
lean3,grpc,65536,capacity,1,0x000000000002a848,0.01
lean3,grpc,65536,capacity,1,0x000000000001dac0,0.01
lean3,grpc,65536,capacity,1,0x00000000000059a0,0.01
lean3,grpc,65536,capacity,1,0x0000000000000488,0.01
lean3,grpc,65536,capacity,1,0x0000000000076830,0.01
lean3,grpc,65536,capacity,1,core::ptr::drop_in_place<linkerd_http_box::body::Inner<linkerd_http_prom::record_response::ResponseBody<linkerd_app_outbound::http::logical::policy::route::metrics::LabelHttpRsp<linkerd_app_outbound::http::logical::policy::route::metrics::labels::RouteBackend>>>>,0.01
lean3,grpc,65536,capacity,1,0x000000000001d7f4,0.01
lean3,grpc,65536,capacity,1,0x000000000001da08,0.01
lean3,grpc,65536,capacity,1,0x000000000001d770,0.01
lean3,grpc,65536,capacity,1,h2::hpack::encoder::encode_not_indexed,0.01
lean3,grpc,65536,capacity,1,0x000000000001d7c0,0.01
lean3,grpc,65536,capacity,1,rcu_read_unlock_strict,0.01
lean3,grpc,65536,capacity,1,core::ptr::drop_in_place<linkerd_app_core::classify::Response>,0.01
lean3,grpc,65536,capacity,1,"core::ptr::drop_in_place<linkerd_stack::map_err::MapErr<linkerd_stack::map_err::WrapFromTarget<linkerd_app_outbound::http::concrete::balance::Balance<linkerd_app_outbound::http::logical::Concrete<linkerd_app_outbound::http::Http<linkerd_app_outbound::sidecar::HttpSidecar>>>,linkerd_app_outbound::http::concrete::balance::BalanceError>,linkerd_stack_metrics::service::TrackService<linkerd_stack::either::vendor::Either<linkerd_http_box::response::BoxResponse<linkerd_stack::gate::Gate<linkerd_proxy_balance_queue::service::PoolQueue<http::request::Request<linkerd_http_box::body::BoxBody>,futures_util::future::try_future::ErrInto<tower::load::completion::TrackCompletionFuture<core::pin::Pin<alloc::boxed::Box<dyn core::future::future::Future+Output = core::result::Result<http::response::Response<linkerd_http_classify::channel::ResponseBody<linkerd_app_core::classify::Eos,linkerd_http_box::body::BoxBody>>,alloc::boxed::Box<dyn core::error::Error+core::marker::Sync+core::marker::Send>>+core::marker::Send>>,hyper_balance::PendingUntilFirstData,tower::load::peak_ewma::Handle>,alloc::boxed::Box<dyn core::error::Error+core::marker::Sync+core::marker::Send>>>>>,linkerd_http_box::response::BoxResponse<linkerd_stack::gate::Gate<linkerd_proxy_balance_queue::service::PoolQueue<http::request::Request<linkerd_http_box::body::BoxBody>,futures_util::future::try_future::ErrInto<linkerd_load_biaser::LoadBiaserFuture<core::pin::Pin<alloc::boxed::Box<dyn core::future::future::Future+Output = core::result::Result<http::response::Response<linkerd_http_classify::channel::ResponseBody<linkerd_app_core::classify::Eos,linkerd_http_box::body::BoxBody>>,alloc::boxed::Box<dyn core::error::Error+core::marker::Sync+core::marker::Send>>+core::marker::Send>>,http::response::Response<linkerd_http_classify::channel::ResponseBody<linkerd_app_core::classify::Eos,linkerd_http_box::body::BoxBody>>,hyper_balance::PendingUntilFirstData>,alloc::boxed::Box<dyn core::error::Error+core::marker::Sync+core::marker::Send>>>>>>>>>",0.01
lean3,grpc,65536,capacity,1,"<linkerd_error_respond::RespondService<R,S> as tower_service::Service<Req>>::call",0.01
lean3,grpc,65536,capacity,1,nft_bitwise_eval,0.01
lean3,grpc,65536,capacity,1,doca_buf_dec_refcount@plt,0.01
lean3,grpc,65536,capacity,1,dmesh_l7_driver_maintenance,0.01
lean3,grpc,65536,capacity,1,0x0000000000079a74,0.01
lean3,grpc,65536,capacity,1,px_worker_notification_fd,0.01
lean3,grpc,65536,capacity,1,tokio::time::sleep::sleep,0.01
lean3,grpc,65536,capacity,1,doca_comch_consumer_task_post_recv_get_imm_data,0.01
lean3,grpc,65536,capacity,1,_copy_from_user.constprop.0,0.01
lean3,grpc,65536,capacity,1,_rjem_je_emap_update_edata_state,0.01
lean3,grpc,65536,capacity,1,core::ptr::drop_in_place<hyper::proto::h2::PipeToSendStream<linkerd_http_box::body::BoxBody>>,0.01
lean3,grpc,65536,capacity,1,core::ptr::drop_in_place<core::option::Option<h2::codec::framed_write::Next<h2::proto::streams::prioritize::Prioritized<hyper::proto::h2::SendBuf<linkerd_http_box::body::Data>>>>>,0.01
lean3,grpc,65536,capacity,1,set_normalized_timespec64,0.01
lean3,grpc,65536,capacity,1,"indexmap::inner::Core<K,V>::swap_remove_finish",0.01
lean3,grpc,65536,capacity,1,"core::ptr::drop_in_place<futures_util::future::try_future::MapOk<linkerd_http_prom::status::RecordStatusFuture<linkerd_http_prom::record_response::ResponseFuture<linkerd_app_outbound::http::logical::policy::route::metrics::LabelHttpRsp<linkerd_app_outbound::http::logical::policy::route::metrics::labels::RouteBackend>,futures_util::future::either::Either<futures_util::future::ready::Ready<core::result::Result<http::response::Response<linkerd_http_box::body::BoxBody>,alloc::boxed::Box<dyn core::error::Error+core::marker::Sync+core::marker::Send>>>,futures_util::future::try_future::ErrInto<linkerd_app_outbound::http::logical::policy::route::filters::ResponseFuture<linkerd_app_outbound::http::logical::policy::route::Matched<linkerd_http_route::http::match::RequestMatch,linkerd_app_outbound::http::logical::policy::route::backend::Backend<linkerd_app_outbound::http::Http<linkerd_app_outbound::sidecar::HttpSidecar>,linkerd_proxy_client_policy::http::Filter>>,core::pin::Pin<alloc::boxed::Box<dyn core::future::future::Future+Output = core::result::Result<http::response::Response<linkerd_http_box::body::BoxBody>,alloc::boxed::Box<dyn core::error::Error+core::marker::Sync+core::marker::Send>>+core::marker::Send>>>,alloc::boxed::Box<dyn core::error::Error+core::marker::Sync+core::marker::Send>>>>,linkerd_app_outbound::http::logical::policy::route::metrics::LabelHttpRsp<linkerd_app_outbound::http::logical::policy::route::metrics::labels::RouteBackend>,linkerd_app_outbound::http::logical::policy::route::metrics::labels::Rsp<linkerd_app_outbound::http::logical::policy::route::metrics::labels::RouteBackend,linkerd_app_outbound::http::logical::policy::route::metrics::labels::HttpRsp>>,<linkerd_http_prom::body_data::response::RecordBodyData<linkerd_http_prom::count_reqs::CountRequests<linkerd_http_prom::status::RecordStatusCode<linkerd_http_prom::record_response::RecordDuration<linkerd_app_outbound::http::logical::policy::route::Matched<linkerd_http_route::http::match::RequestMatch,linkerd_app_outbound::http::logical::policy::route::backend::Backend<linkerd_app_outbound::http::Http<linkerd_app_outbound::sidecar::HttpSidecar>,linkerd_proxy_client_policy::http::Filter>>,linkerd_http_prom::record_response::response::ResponseMetrics<linkerd_app_outbound::http::logical::policy::route::metrics::labels::RouteBackend>,linkerd_app_outbound::http::logical::policy::route::filters::ApplyFilters<linkerd_app_outbound::http::logical::policy::route::Matched<linkerd_http_route::http::match::RequestMatch,linkerd_app_outbound::http::logical::policy::route::backend::Backend<linkerd_app_outbound::http::Http<linkerd_app_outbound::sidecar::HttpSidecar>,linkerd_proxy_client_policy::http::Filter>>,linkerd_stack::box_service::BoxCloneSyncService<http::request::Request<linkerd_http_box::body::BoxBody>,http::response::Response<linkerd_http_box::body::BoxBody>>>>,linkerd_app_outbound::http::logical::policy::route::Matched<linkerd_http_route::http::match::RequestMatch,linkerd_app_outbound::http::logical::policy::route::backend::Backend<linkerd_app_outbound::http::Http<linkerd_app_outbound::sidecar::HttpSidecar>,linkerd_proxy_client_policy::http::Filter>>,linkerd_app_outbound::http::logical::policy::route::metrics::labels::Rsp<linkerd_app_outbound::http::logical::policy::route::metrics::labels::RouteBackend,linkerd_app_outbound::http::logical::policy::route::metrics::labels::HttpRsp>>>> as tower_service::Service<http::request::Request<linkerd_http_box::body::BoxBody>>>::call::{{closure}}>>",0.01
lean3,grpc,65536,capacity,1,"core::ptr::drop_in_place<linkerd_http_classify::channel::ResponseBody<linkerd_app_core::classify::Eos,linkerd_http_box::body::BoxBody>>",0.01
lean3,grpc,65536,capacity,1,doca_pe_get_notification_handle,0.01
lean3,grpc,65536,capacity,1,tokio::runtime::io::registration::Registration::poll_ready,0.01
lean3,grpc,65536,capacity,1,bytes::bytes::promotable_even_clone,0.01
lean3,grpc,65536,capacity,1,0x0000000000003314,0.01
lean3,grpc,65536,capacity,1,linkerd_app_outbound::http::logical::policy::route::filters::apply_http_request,0.01
lean3,grpc,65536,capacity,1,0x00000000000059f4,0.01
lean3,grpc,65536,capacity,1,__aarch64_swp1_rel,0.01
lean3,grpc,65536,capacity,1,<tokio::sync::notify::Notified as core::ops::drop::Drop>::drop,0.01
lean3,grpc,65536,capacity,1,"core::ptr::drop_in_place<linkerd_http_box::body::Inner<linkerd_http_prom::body_data::body::Body<http_body_util::either::Either<linkerd_http_body_eos::BodyWithEosFn<linkerd_http_box::body::BoxBody,alloc::boxed::Box<dyn core::ops::function::FnOnce<(linkerd_http_body_eos::EosRef<alloc::boxed::Box<dyn core::error::Error+core::marker::Sync+core::marker::Send>>,)>+Output = ()+core::marker::Send>>,linkerd_http_box::body::BoxBody>>>>",0.01
lean3,grpc,65536,capacity,1,_ZN4core3ptr2426drop_in_place$LT$linkerd_stack..either..vendor..Either$LT$futures_util..future..try_future..MapOk$LT$linkerd_proxy_balance_queue..future..ResponseFuture$LT$futures_util..future..try_future..ErrInto$LT$tower..load..completion..TrackCompletionFuture$LT$core..pin..Pin$LT$alloc..boxed..Box$LT$dyn$u20$core..future..future..Future$u2b$Output$u20$$u3d$$u20$core..result..Result$LT$http..response..Response$LT$linkerd_http_classify..channel..ResponseBody$LT$linkerd_app_core..classify..Eos$C$linkerd_http_box..body..BoxBody$GT$$GT$$C$alloc..boxed..Box$LT$dyn$u20$core..error..Error$u2b$core..marker..Sync$u2b$core..marker..Send$GT$$GT$$u2b$core..marker..Send$GT$$GT$$C$hyper_balance..PendingUntilFirstData$C$tower..load..peak_ewma..Handle$GT$$C$alloc..boxed..Box$LT$dyn$u20$core..error..Error$u2b$core..marker..Sync$u2b$core..marker..Send$GT$$GT$$GT$$C$fn$LP$http..response..Response$LT$hyper_balance..PendingUntilFirstDataBody$LT$tower..load..peak_ewma..Handle$C$linkerd_http_classify..channel..ResponseBody$LT$linkerd_app_core..classify..Eos$C$linkerd_http_box..body..BoxBody$GT$$GT$$GT$$RP$$u20$.$GT$$u20$http..response..Response$LT$linkerd_http_box..body..BoxBody$GT$$GT$$C$futures_util..future..try_future..MapOk$LT$linkerd_proxy_balance_queue..future..ResponseFuture$LT$futures_util..future..try_future..ErrInto$LT$linkerd_load_biaser..LoadBiaserFuture$LT$core..pin..Pin$LT$alloc..boxed..Box$LT$dyn$u20$core..future..future..Future$u2b$Output$u20$$u3d$$u20$core..result..Result$LT$http..response..Response$LT$linkerd_http_classify..channel..ResponseBody$LT$linkerd_app_core..classify..Eos$C$linkerd_http_box..body..BoxBody$GT$$GT$$C$alloc..boxed..Box$LT$dyn$u20$core..error..Error$u2b$core..marker..Sync$u2b$core..marker..Send$GT$$GT$$u2b$core..marker..Send$GT$$GT$$C$http..response..Response$LT$linkerd_http_classify..channel..ResponseBody$LT$linkerd_app_core..classify..Eos$C$linkerd_http_box..body..BoxBody$GT$$GT$$C$hyper_balance..PendingUntilFirstData$GT$$C$alloc..boxed..Box$LT$dyn$u20$core..error..Error$u2b$core..marker..Sync$u2b$core..marker..Send$GT$$GT$$GT$$C$fn$LP$http..response..Response$LT$hyper_balance..PendingUntilFirstDataBody$LT$core..option..Option$LT$linkerd_load_biaser..Handle$GT$$C$linkerd_http_classify..channel..ResponseBody$LT$linkerd_app_core..classify..Eos$C$linkerd_http_box..body..BoxBody$GT$$GT$$GT$$RP$$u20$.$GT$$u20$http..response..Response$LT$linkerd_http_box..body..BoxBody$GT$$GT$$GT$$GT$17h8846e273cbb496d5E.20824,0.01
lean3,grpc,65536,capacity,1,mutex_unlock,0.01
lean3,grpc,65536,capacity,1,put_pid,0.01
lean3,grpc,65536,capacity,1,0x0000000000006f30,0.01
lean3,grpc,65536,capacity,1,__aarch64_swp4_acq_rel,0.01
lean3,grpc,65536,capacity,1,0x00000000000148a8,0.01
lean3,grpc,65536,capacity,1,core::ptr::drop_in_place<h2::proto::streams::stream::Stream>,0.01
lean3,grpc,65536,capacity,1,"<tracing_subscriber::layer::layered::Layered<L,S> as tracing_core::subscriber::Subscriber>::current_span",0.01
lean3,grpc,65536,capacity,1,h2::proto::streams::store::VacantEntry::insert,0.01
