[0;34m[l4][0m output=/home/jukebox/DPUmesh/integrations/linkerd/bench/report/data/linkerd-20260810/open
[0;34m[l4][0m planned workload: load_max=270 idle=18 pilot_max=720 knee_vote_runs_typical=216 perf_replays=0 expected_timed~111.3min
[sudo] password for jukebox: [0;34m[l4][0m using existing deployment (--no-deploy)
[0;32m[INFO][0m Host NUMA: PCI 94:00.0 -> node 1, benchmark cores 18-35
[0;34m[STEP][0m === Pinning pods to dedicated cores (taskset, profile=grpc) ===
[0;32m[INFO][0m CPU governor=performance, fixed 2.5 GHz on cores 18-35
[0;32m[INFO][0m bench-grpc-dpumesh → core(s) 18 (pod=7b1e266893c48af851a3a41f9f3112248ec2cf4ffadb331fda9ebf9b38729164)
[0;32m[INFO][0m   bench-grpc-dpumesh (PID 19473) → 18
[0;32m[INFO][0m echo-grpc-dpumesh → core(s) 19 (pod=1b5e07e9e40a4d3b0a7f962fa5d7342ff0a1c942d81d32ebd409f547cdcafabf)
[0;32m[INFO][0m   echo-grpc-dpumesh (PID 18859) → 19
[0;32m[INFO][0m bench-grpc-envoy → core(s) 20 (pod=adba01839a27ca4d8b8011b9724558abac3530b0b6f852a79406e80d2814af0c)
[0;32m[INFO][0m   sidecar1 (PID 20211) → 20
[0;32m[INFO][0m   bench-grpc-envoy (PID 20187) → 20
[0;32m[INFO][0m echo-grpc-envoy → core(s) 21 (pod=bd4029f7d4102eb3ee9b59803f596054597d04048bb0f9672b8e01f6401aa9db)
[0;32m[INFO][0m   sidecar2 (PID 19826) → 21
[0;32m[INFO][0m   echo-grpc-envoy (PID 19775) → 21
[0;32m[INFO][0m bench-grpc-tcp → core(s) 22 (pod=c1d628d5cf55b67aa3ac2a6ccb28aad692dd97cae66e8ead2f2fe78a1c6e699c)
[0;32m[INFO][0m   bench-grpc-tcp (PID 20866) → 22
[0;32m[INFO][0m echo-grpc-tcp → core(s) 23 (pod=2931e3aac93c71526cfbd769669470d59c43267558d63a8755312241717c73ac)
[0;32m[INFO][0m   echo-grpc-tcp (PID 20523) → 23
[0;32m[INFO][0m bench-grpc-envoy-strict → core(s) 24 (pod=682f2314ea5f0c91e5399a0ae746fd63664d5ed289fd9223709f84582d6186e7)
[0;32m[INFO][0m   sidecar1 (PID 21572) → 24
[0;32m[INFO][0m   bench-grpc-envoy-strict (PID 21527) → 24
[0;32m[INFO][0m echo-grpc-envoy-strict → core(s) 25 (pod=3ceb30b7b55b5ed172ed49aeb282892d86d0ce2846318c219267de37bd462c8b)
[0;32m[INFO][0m   sidecar2 (PID 21189) → 25
[0;32m[INFO][0m   echo-grpc-envoy-strict (PID 21144) → 25
[0;32m[INFO][0m bench-grpc-linkerd → core(s) 26 (pod=815c1d4603801bba4d68c447820710c9e56347f47b06c19a752fab6db0f862f7)
[0;32m[INFO][0m   bench-grpc-linkerd (PID 22605) → 26
[0;32m[INFO][0m   linkerd-proxy (PID 22536) → 26
[0;32m[INFO][0m echo-grpc-linkerd → core(s) 27 (pod=300dfa003271e82b6e56a548bada57dd41a3ce690750e49fe2ebde16db6b2686)
[0;32m[INFO][0m   echo-grpc-linkerd (PID 22077) → 27
[0;32m[INFO][0m   linkerd-proxy (PID 22005) → 27
[0;32m[INFO][0m bench-grpc-linkerd-opaque → core(s) 28 (pod=6dce96d870ca2083a30d7b7c82b4e2a86cd0862d10ae3101c424027c38434abe)
[0;32m[INFO][0m   bench-grpc-linkerd-opaque (PID 23664) → 28
[0;32m[INFO][0m   linkerd-proxy (PID 23577) → 28
[0;32m[INFO][0m echo-grpc-linkerd-opaque → core(s) 29 (pod=a91cfa0fcbde896cd75a30500f7dc6110edb28048821c11bf01fe736ce8d1cd7)
[0;32m[INFO][0m   echo-grpc-linkerd-opaque (PID 23156) → 29
[0;32m[INFO][0m   linkerd-proxy (PID 23073) → 29
[0;32m[INFO][0m Pinning done
[0;34m[l4][0m binary audit PASS: selected POSIX and gRPC paths are each byte-identical; native API binaries recorded separately
[0;34m[l4][0m smoke grpc-envoy-permissive attempt=1 clean=1: OK mrps=0.004997 gbps=0.0051 req_gbps=0.0026 resp_gbps=0.0026 p50=181.00 p95=210.00 p99=465.00 p999=653.00 p9999=741.00 avg=190.78 min=132.19 max=751.59 rcnt=9838 scheduled=10000 pending=0 fail=0 conc=0 threads=8 channels=8 reqsz=48 repsz=48 reqframe=64 respframe=64 durs=2.000 offered_mrps=0.005000 drops=0 overflow=0 worker_fail=0 reorder=0 mode=open arr=const batch=0 reconns=0 reconn_us=0.00 grabs=0 rets=0 recyc=0 waits=0 pads=0 credit_hold_dropped=0 eq_budget_exhausted=0 dist=NA
[0;34m[l4][0m smoke grpc-envoy-strict attempt=1 clean=1: OK mrps=0.004998 gbps=0.0051 req_gbps=0.0026 resp_gbps=0.0026 p50=218.00 p95=641.00 p99=739.00 p999=1658.00 p9999=3381.00 avg=304.80 min=145.97 max=3612.08 rcnt=9840 scheduled=10000 pending=0 fail=0 conc=0 threads=8 channels=8 reqsz=48 repsz=48 reqframe=64 respframe=64 durs=2.000 offered_mrps=0.005000 drops=0 overflow=0 worker_fail=0 reorder=0 mode=open arr=const batch=0 reconns=0 reconn_us=0.00 grabs=0 rets=0 recyc=0 waits=0 pads=0 credit_hold_dropped=0 eq_budget_exhausted=0 dist=NA
[0;34m[l4][0m smoke grpc-linkerd attempt=1 clean=1: OK mrps=0.004998 gbps=0.0051 req_gbps=0.0026 resp_gbps=0.0026 p50=404.00 p95=437.00 p99=738.00 p999=1127.00 p9999=1151.00 avg=414.92 min=298.40 max=1161.99 rcnt=9838 scheduled=10000 pending=0 fail=0 conc=0 threads=8 channels=8 reqsz=48 repsz=48 reqframe=64 respframe=64 durs=2.000 offered_mrps=0.005000 drops=0 overflow=0 worker_fail=0 reorder=0 mode=open arr=const batch=0 reconns=0 reconn_us=0.00 grabs=0 rets=0 recyc=0 waits=0 pads=0 credit_hold_dropped=0 eq_budget_exhausted=0 dist=NA
[0;34m[l4][0m smoke grpc-linkerd-opaque attempt=1 clean=1: OK mrps=0.004998 gbps=0.0051 req_gbps=0.0026 resp_gbps=0.0026 p50=176.00 p95=182.00 p99=190.00 p999=319.00 p9999=471.00 avg=177.04 min=144.42 max=478.89 rcnt=9840 scheduled=10000 pending=0 fail=0 conc=0 threads=8 channels=8 reqsz=48 repsz=48 reqframe=64 respframe=64 durs=2.000 offered_mrps=0.005000 drops=0 overflow=0 worker_fail=0 reorder=0 mode=open arr=const batch=0 reconns=0 reconn_us=0.00 grabs=0 rets=0 recyc=0 waits=0 pads=0 credit_hold_dropped=0 eq_budget_exhausted=0 dist=NA
[0;34m[l4][0m smoke grpc-tcp attempt=1 clean=1: OK mrps=0.004998 gbps=0.0051 req_gbps=0.0026 resp_gbps=0.0026 p50=134.00 p95=141.00 p99=443.00 p999=502.00 p9999=523.00 avg=140.50 min=90.61 max=535.70 rcnt=9840 scheduled=10000 pending=0 fail=0 conc=0 threads=8 channels=8 reqsz=48 repsz=48 reqframe=64 respframe=64 durs=2.000 offered_mrps=0.005000 drops=0 overflow=0 worker_fail=0 reorder=0 mode=open arr=const batch=0 reconns=0 reconn_us=0.00 grabs=0 rets=0 recyc=0 waits=0 pads=0 credit_hold_dropped=0 eq_budget_exhausted=0 dist=NA
[0;34m[l4][0m smoke grpc-dpumesh attempt=1 clean=1: OK mrps=0.004998 gbps=0.0051 req_gbps=0.0026 resp_gbps=0.0026 p50=244.00 p95=266.00 p99=327.00 p999=543.00 p9999=784.00 avg=246.88 min=186.08 max=1693.57 rcnt=9839 scheduled=10000 pending=0 fail=0 conc=0 threads=8 channels=8 reqsz=48 repsz=48 reqframe=64 respframe=64 durs=2.000 offered_mrps=0.005000 drops=0 overflow=0 worker_fail=0 reorder=0 mode=open arr=const batch=0 reconns=0 reconn_us=0.00 grabs=0 rets=0 recyc=0 waits=0 pads=0 credit_hold_dropped=0 eq_budget_exhausted=0 dist=NA
[0;34m[l4][0m backend budget PASS: exactly one ready server backend/config
[0;34m[l4][0m fixed host-core budget PASS: 2 exclusive cores/config, 12 endpoint cores total
[0;34m[l4][0m generator selftest grpc/64 clean_ceiling=28832525 first_bad=43248788 status=bracketed
[0;34m[l4][0m generator selftest grpc/1024 clean_ceiling=28832525 first_bad=43248788 status=bracketed
[0;34m[l4][0m generator selftest grpc/8192 clean_ceiling=12814455 first_bad=19221683 status=bracketed
[0;34m[l4][0m discovering per-config OPEN-loop SLA knees
[0;34m[l4][0m scout-64-grpc-tcp-pilot1-v1 offered=5000 host_busy=0.418256 dpu=NA clean=1 reason=clean
[0;34m[l4][0m scout-64-grpc-tcp-pilot2-v1 offered=6750 host_busy=0.570562 dpu=NA clean=1 reason=clean
[0;34m[l4][0m scout-64-grpc-tcp-pilot3-v1 offered=9113 host_busy=0.774972 dpu=NA clean=1 reason=clean
[0;34m[l4][0m scout-64-grpc-tcp-pilot4-v1 offered=12303 host_busy=1.038300 dpu=NA clean=1 reason=clean
[0;34m[l4][0m scout-64-grpc-tcp-pilot5-v1 offered=16609 host_busy=1.457517 dpu=NA clean=1 reason=clean
[0;34m[l4][0m scout-64-grpc-tcp-pilot6-v1 offered=22422 host_busy=1.681873 dpu=NA clean=1 reason=clean
[0;34m[l4][0m scout-64-grpc-tcp-pilot7-v1 offered=30270 host_busy=1.896287 dpu=NA clean=1 reason=clean
[0;34m[l4][0m scout-64-grpc-tcp-pilot8-v1 offered=40865 host_busy=1.956454 dpu=NA clean=0 reason=achieved+scheduler
[0;34m[l4][0m recovery PASS: grpc-tcp/64 at 5000 rps (attempt 1)
[0;34m[l4][0m scout-64-grpc-tcp-validate8-v1 offered=40865 host_busy=1.992522 dpu=NA clean=0 reason=overflow+achieved+scheduler
[0;34m[l4][0m recovery PASS: grpc-tcp/64 at 5000 rps (attempt 1)
[0;34m[l4][0m scout-64-grpc-tcp-validate8-v2 offered=40865 host_busy=1.971501 dpu=NA clean=0 reason=overflow+achieved+scheduler
[0;34m[l4][0m recovery PASS: grpc-tcp/64 at 5000 rps (attempt 1)
[0;34m[l4][0m point-64-grpc-tcp-r40865 decision=0 votes=0-2
[0;34m[l4][0m scout-64-grpc-tcp-backtrack7-v1 offered=30270 host_busy=1.912934 dpu=NA clean=1 reason=clean
[0;34m[l4][0m scout-64-grpc-tcp-backtrack7-v2 offered=30270 host_busy=1.915484 dpu=NA clean=1 reason=clean
[0;34m[l4][0m point-64-grpc-tcp-r30270 decision=1 votes=2-0
[0;34m[l4][0m scout-64-grpc-tcp-refine1-v1 offered=35171 host_busy=1.946231 dpu=NA clean=0 reason=overflow+achieved+scheduler
[0;34m[l4][0m recovery PASS: grpc-tcp/64 at 5000 rps (attempt 1)
[0;34m[l4][0m scout-64-grpc-tcp-refine1-v2 offered=35171 host_busy=1.992558 dpu=NA clean=0 reason=overflow+achieved
[0;34m[l4][0m recovery PASS: grpc-tcp/64 at 5000 rps (attempt 1)
[0;34m[l4][0m point-64-grpc-tcp-r35171 decision=0 votes=0-2
[0;34m[l4][0m scout-64-grpc-tcp-refine2-v1 offered=32629 host_busy=1.963029 dpu=NA clean=1 reason=clean
[0;34m[l4][0m scout-64-grpc-tcp-refine2-v2 offered=32629 host_busy=1.962474 dpu=NA clean=1 reason=clean
[0;34m[l4][0m point-64-grpc-tcp-r32629 decision=1 votes=2-0
[0;34m[l4][0m scout-64-grpc-tcp-refine3-v1 offered=33876 host_busy=1.983344 dpu=NA clean=1 reason=clean
[0;34m[l4][0m scout-64-grpc-tcp-refine3-v2 offered=33876 host_busy=1.984366 dpu=NA clean=1 reason=clean
[0;34m[l4][0m point-64-grpc-tcp-r33876 decision=1 votes=2-0
[0;34m[l4][0m scout-64-grpc-tcp-refine4-v1 offered=34517 host_busy=1.992448 dpu=NA clean=0 reason=overflow+achieved
[0;34m[l4][0m recovery PASS: grpc-tcp/64 at 5000 rps (attempt 1)
[0;34m[l4][0m scout-64-grpc-tcp-refine4-v2 offered=34517 host_busy=1.992500 dpu=NA clean=0 reason=overflow+achieved
[0;34m[l4][0m recovery PASS: grpc-tcp/64 at 5000 rps (attempt 1)
[0;34m[l4][0m point-64-grpc-tcp-r34517 decision=0 votes=0-2
[0;34m[l4][0m knee grpc-tcp/64 clean=33876 first_bad=34517 bracket=1.019x
[0;34m[l4][0m scout-64-grpc-dpumesh-pilot1-v1 offered=5000 host_busy=0.357930 dpu=NA clean=1 reason=clean
[0;34m[l4][0m scout-64-grpc-dpumesh-pilot2-v1 offered=6750 host_busy=0.459370 dpu=NA clean=1 reason=clean
[0;34m[l4][0m scout-64-grpc-dpumesh-pilot3-v1 offered=9113 host_busy=0.570429 dpu=NA clean=1 reason=clean
[0;34m[l4][0m scout-64-grpc-dpumesh-pilot4-v1 offered=12303 host_busy=0.727264 dpu=NA clean=1 reason=clean
[0;34m[l4][0m scout-64-grpc-dpumesh-pilot5-v1 offered=16609 host_busy=1.028597 dpu=NA clean=1 reason=clean
[0;34m[l4][0m scout-64-grpc-dpumesh-pilot6-v1 offered=22422 host_busy=1.315115 dpu=NA clean=1 reason=clean
[0;34m[l4][0m scout-64-grpc-dpumesh-pilot7-v1 offered=30270 host_busy=1.856748 dpu=NA clean=1 reason=clean
[0;34m[l4][0m scout-64-grpc-dpumesh-pilot8-v1 offered=40865 host_busy=1.935029 dpu=NA clean=0 reason=achieved+scheduler
[0;34m[l4][0m recovery PASS: grpc-dpumesh/64 at 5000 rps (attempt 1)
[0;34m[l4][0m scout-64-grpc-dpumesh-validate8-v1 offered=40865 host_busy=1.992489 dpu=1.406268 clean=0 reason=overflow+achieved+scheduler
[0;34m[l4][0m recovery PASS: grpc-dpumesh/64 at 5000 rps (attempt 1)
[0;34m[l4][0m scout-64-grpc-dpumesh-validate8-v2 offered=40865 host_busy=1.993652 dpu=1.386376 clean=0 reason=overflow+achieved+scheduler
[0;34m[l4][0m recovery PASS: grpc-dpumesh/64 at 5000 rps (attempt 1)
[0;34m[l4][0m point-64-grpc-dpumesh-r40865 decision=0 votes=0-2
[0;34m[l4][0m scout-64-grpc-dpumesh-backtrack7-v1 offered=30270 host_busy=1.832726 dpu=2.465449 clean=1 reason=clean
[0;34m[l4][0m scout-64-grpc-dpumesh-backtrack7-v2 offered=30270 host_busy=1.903906 dpu=2.167210 clean=0 reason=achieved
[0;34m[l4][0m recovery PASS: grpc-dpumesh/64 at 5000 rps (attempt 1)
[0;34m[l4][0m scout-64-grpc-dpumesh-backtrack7-v3 offered=30270 host_busy=1.900390 dpu=1.568271 clean=0 reason=achieved
[0;34m[l4][0m recovery PASS: grpc-dpumesh/64 at 5000 rps (attempt 1)
[0;34m[l4][0m point-64-grpc-dpumesh-r30270 decision=0 votes=1-2
[0;34m[l4][0m scout-64-grpc-dpumesh-backtrack6-v1 offered=22422 host_busy=1.331922 dpu=1.932682 clean=1 reason=clean
[0;34m[l4][0m scout-64-grpc-dpumesh-backtrack6-v2 offered=22422 host_busy=1.325231 dpu=1.939169 clean=1 reason=clean
[0;34m[l4][0m point-64-grpc-dpumesh-r22422 decision=1 votes=2-0
[0;34m[l4][0m scout-64-grpc-dpumesh-refine1-v1 offered=26052 host_busy=1.611705 dpu=2.476948 clean=1 reason=clean
[0;34m[l4][0m scout-64-grpc-dpumesh-refine1-v2 offered=26052 host_busy=1.618168 dpu=2.213521 clean=1 reason=clean
[0;34m[l4][0m point-64-grpc-dpumesh-r26052 decision=1 votes=2-0
[0;34m[l4][0m scout-64-grpc-dpumesh-refine2-v1 offered=28082 host_busy=1.683073 dpu=2.359084 clean=1 reason=clean
[0;34m[l4][0m scout-64-grpc-dpumesh-refine2-v2 offered=28082 host_busy=1.738868 dpu=2.289551 clean=1 reason=clean
[0;34m[l4][0m point-64-grpc-dpumesh-r28082 decision=1 votes=2-0
[0;34m[l4][0m scout-64-grpc-dpumesh-refine3-v1 offered=29155 host_busy=1.817258 dpu=2.270028 clean=1 reason=clean
[0;34m[l4][0m scout-64-grpc-dpumesh-refine3-v2 offered=29155 host_busy=1.823759 dpu=1.732239 clean=0 reason=overflow+achieved
[0;34m[l4][0m recovery PASS: grpc-dpumesh/64 at 5000 rps (attempt 1)
[0;34m[l4][0m scout-64-grpc-dpumesh-refine3-v3 offered=29155 host_busy=1.802828 dpu=2.228694 clean=1 reason=clean
[0;34m[l4][0m point-64-grpc-dpumesh-r29155 decision=1 votes=2-1
[0;34m[l4][0m scout-64-grpc-dpumesh-refine4-v1 offered=29707 host_busy=1.821081 dpu=2.215282 clean=1 reason=clean
[0;34m[l4][0m scout-64-grpc-dpumesh-refine4-v2 offered=29707 host_busy=1.834310 dpu=2.284836 clean=1 reason=clean
[0;34m[l4][0m point-64-grpc-dpumesh-r29707 decision=1 votes=2-0
[0;34m[l4][0m knee grpc-dpumesh/64 clean=29707 first_bad=30270 bracket=1.019x
[0;34m[l4][0m scout-64-grpc-envoy-permissive-pilot1-v1 offered=5000 host_busy=0.845097 dpu=NA clean=1 reason=clean
[0;34m[l4][0m scout-64-grpc-envoy-permissive-pilot2-v1 offered=6750 host_busy=0.854819 dpu=NA clean=1 reason=clean
[0;34m[l4][0m scout-64-grpc-envoy-permissive-pilot3-v1 offered=9113 host_busy=1.190285 dpu=NA clean=1 reason=clean
[0;34m[l4][0m scout-64-grpc-envoy-permissive-pilot4-v1 offered=12303 host_busy=1.536641 dpu=NA clean=1 reason=clean
[0;34m[l4][0m scout-64-grpc-envoy-permissive-pilot5-v1 offered=16609 host_busy=1.887788 dpu=NA clean=1 reason=clean
[0;34m[l4][0m scout-64-grpc-envoy-permissive-pilot6-v1 offered=22422 host_busy=1.906084 dpu=NA clean=1 reason=clean
[0;34m[l4][0m scout-64-grpc-envoy-permissive-pilot7-v1 offered=30270 host_busy=1.896674 dpu=NA clean=1 reason=clean
[0;34m[l4][0m scout-64-grpc-envoy-permissive-pilot8-v1 offered=40865 host_busy=1.895658 dpu=NA clean=1 reason=clean
[0;34m[l4][0m scout-64-grpc-envoy-permissive-pilot9-v1 offered=55168 host_busy=1.941153 dpu=NA clean=0 reason=achieved+scheduler
[0;34m[l4][0m recovery PASS: grpc-envoy-permissive/64 at 5000 rps (attempt 1)
[0;34m[l4][0m scout-64-grpc-envoy-permissive-validate9-v1 offered=55168 host_busy=1.927329 dpu=NA clean=0 reason=overflow+achieved+scheduler
[0;34m[l4][0m recovery PASS: grpc-envoy-permissive/64 at 5000 rps (attempt 1)
[0;34m[l4][0m scout-64-grpc-envoy-permissive-validate9-v2 offered=55168 host_busy=1.926175 dpu=NA clean=0 reason=overflow+achieved+scheduler
[0;34m[l4][0m recovery PASS: grpc-envoy-permissive/64 at 5000 rps (attempt 1)
[0;34m[l4][0m point-64-grpc-envoy-permissive-r55168 decision=0 votes=0-2
[0;34m[l4][0m scout-64-grpc-envoy-permissive-backtrack8-v1 offered=40865 host_busy=1.888713 dpu=NA clean=1 reason=clean
[0;34m[l4][0m scout-64-grpc-envoy-permissive-backtrack8-v2 offered=40865 host_busy=1.893468 dpu=NA clean=1 reason=clean
[0;34m[l4][0m point-64-grpc-envoy-permissive-r40865 decision=1 votes=2-0
[0;34m[l4][0m scout-64-grpc-envoy-permissive-refine1-v1 offered=47481 host_busy=1.902489 dpu=NA clean=1 reason=clean
[0;34m[l4][0m scout-64-grpc-envoy-permissive-refine1-v2 offered=47481 host_busy=1.898937 dpu=NA clean=1 reason=clean
[0;34m[l4][0m point-64-grpc-envoy-permissive-r47481 decision=1 votes=2-0
[0;34m[l4][0m scout-64-grpc-envoy-permissive-refine2-v1 offered=51180 host_busy=1.944515 dpu=NA clean=1 reason=clean
[0;34m[l4][0m scout-64-grpc-envoy-permissive-refine2-v2 offered=51180 host_busy=1.942288 dpu=NA clean=1 reason=clean
[0;34m[l4][0m point-64-grpc-envoy-permissive-r51180 decision=1 votes=2-0
[0;34m[l4][0m scout-64-grpc-envoy-permissive-refine3-v1 offered=53137 host_busy=1.926849 dpu=NA clean=0 reason=achieved+scheduler
[0;34m[l4][0m recovery PASS: grpc-envoy-permissive/64 at 5000 rps (attempt 1)
[0;34m[l4][0m scout-64-grpc-envoy-permissive-refine3-v2 offered=53137 host_busy=1.928454 dpu=NA clean=0 reason=achieved
[0;34m[l4][0m recovery PASS: grpc-envoy-permissive/64 at 5000 rps (attempt 1)
[0;34m[l4][0m point-64-grpc-envoy-permissive-r53137 decision=0 votes=0-2
[0;34m[l4][0m scout-64-grpc-envoy-permissive-refine4-v1 offered=52149 host_busy=1.951307 dpu=NA clean=1 reason=clean
[0;34m[l4][0m scout-64-grpc-envoy-permissive-refine4-v2 offered=52149 host_busy=1.952353 dpu=NA clean=1 reason=clean
[0;34m[l4][0m point-64-grpc-envoy-permissive-r52149 decision=1 votes=2-0
[0;34m[l4][0m knee grpc-envoy-permissive/64 clean=52149 first_bad=53137 bracket=1.019x
[0;34m[l4][0m scout-64-grpc-envoy-strict-pilot1-v1 offered=5000 host_busy=0.861179 dpu=NA clean=1 reason=clean
[0;34m[l4][0m scout-64-grpc-envoy-strict-pilot2-v1 offered=6750 host_busy=0.906491 dpu=NA clean=1 reason=clean
[0;34m[l4][0m scout-64-grpc-envoy-strict-pilot3-v1 offered=9113 host_busy=1.263982 dpu=NA clean=1 reason=clean
[0;34m[l4][0m scout-64-grpc-envoy-strict-pilot4-v1 offered=12303 host_busy=1.634006 dpu=NA clean=1 reason=clean
[0;34m[l4][0m scout-64-grpc-envoy-strict-pilot5-v1 offered=16609 host_busy=1.905760 dpu=NA clean=1 reason=clean
[0;34m[l4][0m scout-64-grpc-envoy-strict-pilot6-v1 offered=22422 host_busy=1.915974 dpu=NA clean=1 reason=clean
[0;34m[l4][0m scout-64-grpc-envoy-strict-pilot7-v1 offered=30270 host_busy=1.891775 dpu=NA clean=1 reason=clean
[0;34m[l4][0m scout-64-grpc-envoy-strict-pilot8-v1 offered=40865 host_busy=1.912544 dpu=NA clean=1 reason=clean
[0;34m[l4][0m scout-64-grpc-envoy-strict-pilot9-v1 offered=55168 host_busy=1.961001 dpu=NA clean=0 reason=achieved+scheduler
[0;34m[l4][0m recovery PASS: grpc-envoy-strict/64 at 5000 rps (attempt 1)
[0;34m[l4][0m scout-64-grpc-envoy-strict-validate9-v1 offered=55168 host_busy=1.935544 dpu=NA clean=0 reason=overflow+achieved+scheduler
[0;34m[l4][0m recovery PASS: grpc-envoy-strict/64 at 5000 rps (attempt 1)
[0;34m[l4][0m scout-64-grpc-envoy-strict-validate9-v2 offered=55168 host_busy=1.933953 dpu=NA clean=0 reason=overflow+achieved+scheduler
[0;34m[l4][0m recovery PASS: grpc-envoy-strict/64 at 5000 rps (attempt 1)
[0;34m[l4][0m point-64-grpc-envoy-strict-r55168 decision=0 votes=0-2
[0;34m[l4][0m scout-64-grpc-envoy-strict-backtrack8-v1 offered=40865 host_busy=1.893586 dpu=NA clean=1 reason=clean
[0;34m[l4][0m scout-64-grpc-envoy-strict-backtrack8-v2 offered=40865 host_busy=1.886453 dpu=NA clean=1 reason=clean
[0;34m[l4][0m point-64-grpc-envoy-strict-r40865 decision=1 votes=2-0
[0;34m[l4][0m scout-64-grpc-envoy-strict-refine1-v1 offered=47481 host_busy=1.911223 dpu=NA clean=1 reason=clean
[0;34m[l4][0m scout-64-grpc-envoy-strict-refine1-v2 offered=47481 host_busy=1.915959 dpu=NA clean=1 reason=clean
[0;34m[l4][0m point-64-grpc-envoy-strict-r47481 decision=1 votes=2-0
[0;34m[l4][0m scout-64-grpc-envoy-strict-refine2-v1 offered=51180 host_busy=1.955304 dpu=NA clean=1 reason=clean
[0;34m[l4][0m scout-64-grpc-envoy-strict-refine2-v2 offered=51180 host_busy=1.955348 dpu=NA clean=1 reason=clean
[0;34m[l4][0m point-64-grpc-envoy-strict-r51180 decision=1 votes=2-0
[0;34m[l4][0m scout-64-grpc-envoy-strict-refine3-v1 offered=53137 host_busy=1.940416 dpu=NA clean=0 reason=achieved+scheduler
[0;34m[l4][0m recovery PASS: grpc-envoy-strict/64 at 5000 rps (attempt 1)
[0;34m[l4][0m scout-64-grpc-envoy-strict-refine3-v2 offered=53137 host_busy=1.933327 dpu=NA clean=0 reason=achieved+scheduler
[0;34m[l4][0m recovery PASS: grpc-envoy-strict/64 at 5000 rps (attempt 1)
[0;34m[l4][0m point-64-grpc-envoy-strict-r53137 decision=0 votes=0-2
[0;34m[l4][0m scout-64-grpc-envoy-strict-refine4-v1 offered=52149 host_busy=1.940316 dpu=NA clean=0 reason=achieved+scheduler
[0;34m[l4][0m recovery PASS: grpc-envoy-strict/64 at 5000 rps (attempt 1)
[0;34m[l4][0m scout-64-grpc-envoy-strict-refine4-v2 offered=52149 host_busy=1.950116 dpu=NA clean=0 reason=achieved+scheduler
[0;34m[l4][0m recovery PASS: grpc-envoy-strict/64 at 5000 rps (attempt 1)
[0;34m[l4][0m point-64-grpc-envoy-strict-r52149 decision=0 votes=0-2
[0;34m[l4][0m knee grpc-envoy-strict/64 clean=51180 first_bad=52149 bracket=1.019x
[0;34m[l4][0m scout-64-grpc-linkerd-pilot1-v1 offered=5000 host_busy=1.391283 dpu=NA clean=1 reason=clean
[0;34m[l4][0m scout-64-grpc-linkerd-pilot2-v1 offered=6750 host_busy=1.740418 dpu=NA clean=1 reason=clean
[0;34m[l4][0m scout-64-grpc-linkerd-pilot3-v1 offered=9113 host_busy=1.691554 dpu=NA clean=1 reason=clean
[0;34m[l4][0m scout-64-grpc-linkerd-pilot4-v1 offered=12303 host_busy=1.738005 dpu=NA clean=1 reason=clean
[0;34m[l4][0m scout-64-grpc-linkerd-pilot5-v1 offered=16609 host_busy=1.745191 dpu=NA clean=0 reason=achieved
[0;34m[l4][0m recovery PASS: grpc-linkerd/64 at 5000 rps (attempt 1)
[0;34m[l4][0m scout-64-grpc-linkerd-validate5-v1 offered=16609 host_busy=1.473528 dpu=NA clean=0 reason=fail+overflow+achieved
[0;34m[l4][0m recovery PASS: grpc-linkerd/64 at 5000 rps (attempt 1)
[0;34m[l4][0m scout-64-grpc-linkerd-validate5-v2 offered=16609 host_busy=1.512994 dpu=NA clean=0 reason=fail+overflow+achieved
[0;34m[l4][0m recovery PASS: grpc-linkerd/64 at 5000 rps (attempt 1)
[0;34m[l4][0m point-64-grpc-linkerd-r16609 decision=0 votes=0-2
[0;34m[l4][0m scout-64-grpc-linkerd-backtrack4-v1 offered=12303 host_busy=1.762629 dpu=NA clean=1 reason=clean
[0;34m[l4][0m scout-64-grpc-linkerd-backtrack4-v2 offered=12303 host_busy=1.761362 dpu=NA clean=1 reason=clean
[0;34m[l4][0m point-64-grpc-linkerd-r12303 decision=1 votes=2-0
[0;34m[l4][0m scout-64-grpc-linkerd-refine1-v1 offered=14295 host_busy=1.819953 dpu=NA clean=1 reason=clean
[0;34m[l4][0m scout-64-grpc-linkerd-refine1-v2 offered=14295 host_busy=1.819318 dpu=NA clean=1 reason=clean
[0;34m[l4][0m point-64-grpc-linkerd-r14295 decision=1 votes=2-0
[0;34m[l4][0m scout-64-grpc-linkerd-refine2-v1 offered=15409 host_busy=1.847421 dpu=NA clean=1 reason=clean
[0;34m[l4][0m scout-64-grpc-linkerd-refine2-v2 offered=15409 host_busy=1.845818 dpu=NA clean=1 reason=clean
[0;34m[l4][0m point-64-grpc-linkerd-r15409 decision=1 votes=2-0
[0;34m[l4][0m scout-64-grpc-linkerd-refine3-v1 offered=15998 host_busy=1.750275 dpu=NA clean=0 reason=fail+overflow+achieved
[0;34m[l4][0m recovery PASS: grpc-linkerd/64 at 5000 rps (attempt 1)
[0;34m[l4][0m scout-64-grpc-linkerd-refine3-v2 offered=15998 host_busy=1.675916 dpu=NA clean=0 reason=fail+overflow+achieved
[0;34m[l4][0m recovery PASS: grpc-linkerd/64 at 5000 rps (attempt 1)
[0;34m[l4][0m point-64-grpc-linkerd-r15998 decision=0 votes=0-2
[0;34m[l4][0m scout-64-grpc-linkerd-refine4-v1 offered=15701 host_busy=1.855338 dpu=NA clean=1 reason=clean
[0;34m[l4][0m scout-64-grpc-linkerd-refine4-v2 offered=15701 host_busy=1.855320 dpu=NA clean=1 reason=clean
[0;34m[l4][0m point-64-grpc-linkerd-r15701 decision=1 votes=2-0
[0;34m[l4][0m knee grpc-linkerd/64 clean=15701 first_bad=15998 bracket=1.019x
[0;34m[l4][0m scout-64-grpc-linkerd-opaque-pilot1-v1 offered=5000 host_busy=0.800453 dpu=NA clean=1 reason=clean
[0;34m[l4][0m scout-64-grpc-linkerd-opaque-pilot2-v1 offered=6750 host_busy=0.834485 dpu=NA clean=1 reason=clean
[0;34m[l4][0m scout-64-grpc-linkerd-opaque-pilot3-v1 offered=9113 host_busy=1.130932 dpu=NA clean=1 reason=clean
[0;34m[l4][0m scout-64-grpc-linkerd-opaque-pilot4-v1 offered=12303 host_busy=1.488969 dpu=NA clean=1 reason=clean
[0;34m[l4][0m scout-64-grpc-linkerd-opaque-pilot5-v1 offered=16609 host_busy=1.852775 dpu=NA clean=1 reason=clean
[0;34m[l4][0m scout-64-grpc-linkerd-opaque-pilot6-v1 offered=22422 host_busy=1.885492 dpu=NA clean=1 reason=clean
[0;34m[l4][0m scout-64-grpc-linkerd-opaque-pilot7-v1 offered=30270 host_busy=1.874719 dpu=NA clean=1 reason=clean
[0;34m[l4][0m scout-64-grpc-linkerd-opaque-pilot8-v1 offered=40865 host_busy=1.818967 dpu=NA clean=1 reason=clean
[0;34m[l4][0m scout-64-grpc-linkerd-opaque-pilot9-v1 offered=55168 host_busy=1.955292 dpu=NA clean=0 reason=achieved+scheduler
[0;34m[l4][0m recovery PASS: grpc-linkerd-opaque/64 at 5000 rps (attempt 1)
[0;34m[l4][0m scout-64-grpc-linkerd-opaque-validate9-v1 offered=55168 host_busy=1.918951 dpu=NA clean=0 reason=overflow+achieved+scheduler
[0;34m[l4][0m recovery PASS: grpc-linkerd-opaque/64 at 5000 rps (attempt 1)
[0;34m[l4][0m scout-64-grpc-linkerd-opaque-validate9-v2 offered=55168 host_busy=1.921449 dpu=NA clean=0 reason=overflow+achieved+scheduler
[0;34m[l4][0m recovery PASS: grpc-linkerd-opaque/64 at 5000 rps (attempt 1)
[0;34m[l4][0m point-64-grpc-linkerd-opaque-r55168 decision=0 votes=0-2
[0;34m[l4][0m scout-64-grpc-linkerd-opaque-backtrack8-v1 offered=40865 host_busy=1.880900 dpu=NA clean=1 reason=clean
[0;34m[l4][0m scout-64-grpc-linkerd-opaque-backtrack8-v2 offered=40865 host_busy=1.878879 dpu=NA clean=1 reason=clean
[0;34m[l4][0m point-64-grpc-linkerd-opaque-r40865 decision=1 votes=2-0
[0;34m[l4][0m scout-64-grpc-linkerd-opaque-refine1-v1 offered=47481 host_busy=1.901606 dpu=NA clean=1 reason=clean
[0;34m[l4][0m scout-64-grpc-linkerd-opaque-refine1-v2 offered=47481 host_busy=1.906313 dpu=NA clean=1 reason=clean
[0;34m[l4][0m point-64-grpc-linkerd-opaque-r47481 decision=1 votes=2-0
[0;34m[l4][0m scout-64-grpc-linkerd-opaque-refine2-v1 offered=51180 host_busy=1.922857 dpu=NA clean=0 reason=achieved+scheduler
[0;34m[l4][0m recovery PASS: grpc-linkerd-opaque/64 at 5000 rps (attempt 1)
[0;34m[l4][0m scout-64-grpc-linkerd-opaque-refine2-v2 offered=51180 host_busy=1.922856 dpu=NA clean=0 reason=achieved+scheduler
[0;34m[l4][0m recovery PASS: grpc-linkerd-opaque/64 at 5000 rps (attempt 1)
[0;34m[l4][0m point-64-grpc-linkerd-opaque-r51180 decision=0 votes=0-2
[0;34m[l4][0m scout-64-grpc-linkerd-opaque-refine3-v1 offered=49296 host_busy=1.926309 dpu=NA clean=1 reason=clean
[0;34m[l4][0m scout-64-grpc-linkerd-opaque-refine3-v2 offered=49296 host_busy=1.926148 dpu=NA clean=1 reason=clean
[0;34m[l4][0m point-64-grpc-linkerd-opaque-r49296 decision=1 votes=2-0
[0;34m[l4][0m scout-64-grpc-linkerd-opaque-refine4-v1 offered=50229 host_busy=1.939309 dpu=NA clean=1 reason=clean
[0;34m[l4][0m scout-64-grpc-linkerd-opaque-refine4-v2 offered=50229 host_busy=1.935436 dpu=NA clean=1 reason=clean
[0;34m[l4][0m point-64-grpc-linkerd-opaque-r50229 decision=1 votes=2-0
[0;34m[l4][0m knee grpc-linkerd-opaque/64 clean=50229 first_bad=51180 bracket=1.019x
[0;34m[l4][0m scout-1024-grpc-tcp-pilot1-v1 offered=5000 host_busy=0.442533 dpu=NA clean=1 reason=clean
[0;34m[l4][0m scout-1024-grpc-tcp-pilot2-v1 offered=6750 host_busy=0.685363 dpu=NA clean=1 reason=clean
[0;34m[l4][0m scout-1024-grpc-tcp-pilot3-v1 offered=9113 host_busy=0.794175 dpu=NA clean=1 reason=clean
[0;34m[l4][0m scout-1024-grpc-tcp-pilot4-v1 offered=12303 host_busy=1.067659 dpu=NA clean=1 reason=clean
[0;34m[l4][0m scout-1024-grpc-tcp-pilot5-v1 offered=16609 host_busy=1.473336 dpu=NA clean=1 reason=clean
[0;34m[l4][0m scout-1024-grpc-tcp-pilot6-v1 offered=22422 host_busy=1.753619 dpu=NA clean=1 reason=clean
[0;34m[l4][0m scout-1024-grpc-tcp-pilot7-v1 offered=30270 host_busy=1.958332 dpu=NA clean=1 reason=clean
[0;34m[l4][0m scout-1024-grpc-tcp-pilot8-v1 offered=40865 host_busy=1.965779 dpu=NA clean=0 reason=achieved+scheduler
[0;34m[l4][0m recovery PASS: grpc-tcp/1024 at 5000 rps (attempt 1)
[0;34m[l4][0m scout-1024-grpc-tcp-validate8-v1 offered=40865 host_busy=1.992816 dpu=NA clean=0 reason=overflow+achieved+scheduler
[0;34m[l4][0m recovery PASS: grpc-tcp/1024 at 5000 rps (attempt 1)
[0;34m[l4][0m scout-1024-grpc-tcp-validate8-v2 offered=40865 host_busy=1.991602 dpu=NA clean=0 reason=overflow+achieved+scheduler
[0;34m[l4][0m recovery PASS: grpc-tcp/1024 at 5000 rps (attempt 1)
[0;34m[l4][0m point-1024-grpc-tcp-r40865 decision=0 votes=0-2
[0;34m[l4][0m scout-1024-grpc-tcp-backtrack7-v1 offered=30270 host_busy=1.990954 dpu=NA clean=1 reason=clean
[0;34m[l4][0m scout-1024-grpc-tcp-backtrack7-v2 offered=30270 host_busy=1.990752 dpu=NA clean=1 reason=clean
[0;34m[l4][0m point-1024-grpc-tcp-r30270 decision=1 votes=2-0
[0;34m[l4][0m scout-1024-grpc-tcp-refine1-v1 offered=35171 host_busy=1.956087 dpu=NA clean=0 reason=overflow+achieved+scheduler
[0;34m[l4][0m recovery PASS: grpc-tcp/1024 at 5000 rps (attempt 1)
[0;34m[l4][0m scout-1024-grpc-tcp-refine1-v2 offered=35171 host_busy=1.872062 dpu=NA clean=0 reason=overflow+achieved+scheduler
[0;34m[l4][0m recovery PASS: grpc-tcp/1024 at 5000 rps (attempt 1)
[0;34m[l4][0m point-1024-grpc-tcp-r35171 decision=0 votes=0-2
[0;34m[l4][0m scout-1024-grpc-tcp-refine2-v1 offered=32629 host_busy=1.992830 dpu=NA clean=0 reason=overflow+achieved
[0;34m[l4][0m recovery PASS: grpc-tcp/1024 at 5000 rps (attempt 1)
[0;34m[l4][0m scout-1024-grpc-tcp-refine2-v2 offered=32629 host_busy=1.992687 dpu=NA clean=0 reason=overflow+achieved
[0;34m[l4][0m recovery PASS: grpc-tcp/1024 at 5000 rps (attempt 1)
[0;34m[l4][0m point-1024-grpc-tcp-r32629 decision=0 votes=0-2
[0;34m[l4][0m scout-1024-grpc-tcp-refine3-v1 offered=31427 host_busy=1.988902 dpu=NA clean=0 reason=overflow+achieved
[0;34m[l4][0m recovery PASS: grpc-tcp/1024 at 5000 rps (attempt 1)
[0;34m[l4][0m scout-1024-grpc-tcp-refine3-v2 offered=31427 host_busy=1.991415 dpu=NA clean=0 reason=achieved
[0;34m[l4][0m recovery PASS: grpc-tcp/1024 at 5000 rps (attempt 1)
[0;34m[l4][0m point-1024-grpc-tcp-r31427 decision=0 votes=0-2
[0;34m[l4][0m scout-1024-grpc-tcp-refine4-v1 offered=30843 host_busy=1.987727 dpu=NA clean=0 reason=achieved
[0;34m[l4][0m recovery PASS: grpc-tcp/1024 at 5000 rps (attempt 1)
[0;34m[l4][0m scout-1024-grpc-tcp-refine4-v2 offered=30843 host_busy=1.992818 dpu=NA clean=0 reason=achieved
[0;34m[l4][0m recovery PASS: grpc-tcp/1024 at 5000 rps (attempt 1)
[0;34m[l4][0m point-1024-grpc-tcp-r30843 decision=0 votes=0-2
[0;34m[l4][0m knee grpc-tcp/1024 clean=30270 first_bad=30843 bracket=1.019x
[0;34m[l4][0m scout-1024-grpc-dpumesh-pilot1-v1 offered=5000 host_busy=0.347002 dpu=NA clean=1 reason=clean
[0;34m[l4][0m scout-1024-grpc-dpumesh-pilot2-v1 offered=6750 host_busy=0.464167 dpu=NA clean=1 reason=clean
[0;34m[l4][0m scout-1024-grpc-dpumesh-pilot3-v1 offered=9113 host_busy=0.584470 dpu=NA clean=1 reason=clean
[0;34m[l4][0m scout-1024-grpc-dpumesh-pilot4-v1 offered=12303 host_busy=0.743006 dpu=NA clean=1 reason=clean
[0;34m[l4][0m scout-1024-grpc-dpumesh-pilot5-v1 offered=16609 host_busy=1.026354 dpu=NA clean=1 reason=clean
[0;34m[l4][0m scout-1024-grpc-dpumesh-pilot6-v1 offered=22422 host_busy=1.325505 dpu=NA clean=1 reason=clean
[0;34m[l4][0m scout-1024-grpc-dpumesh-pilot7-v1 offered=30270 host_busy=1.787649 dpu=NA clean=0 reason=achieved
[0;34m[l4][0m recovery PASS: grpc-dpumesh/1024 at 5000 rps (attempt 1)
[0;34m[l4][0m scout-1024-grpc-dpumesh-validate7-v1 offered=30270 host_busy=1.939018 dpu=1.732252 clean=0 reason=achieved
[0;34m[l4][0m recovery PASS: grpc-dpumesh/1024 at 5000 rps (attempt 1)
[0;34m[l4][0m scout-1024-grpc-dpumesh-validate7-v2 offered=30270 host_busy=1.867878 dpu=2.445383 clean=1 reason=clean
[0;34m[l4][0m scout-1024-grpc-dpumesh-validate7-v3 offered=30270 host_busy=1.869591 dpu=1.917396 clean=0 reason=overflow+achieved
[0;34m[l4][0m recovery PASS: grpc-dpumesh/1024 at 5000 rps (attempt 1)
[0;34m[l4][0m point-1024-grpc-dpumesh-r30270 decision=0 votes=1-2
[0;34m[l4][0m scout-1024-grpc-dpumesh-backtrack6-v1 offered=22422 host_busy=1.361341 dpu=1.937470 clean=1 reason=clean
[0;34m[l4][0m scout-1024-grpc-dpumesh-backtrack6-v2 offered=22422 host_busy=1.396938 dpu=1.919242 clean=1 reason=clean
[0;34m[l4][0m point-1024-grpc-dpumesh-r22422 decision=1 votes=2-0
[0;34m[l4][0m scout-1024-grpc-dpumesh-refine1-v1 offered=26052 host_busy=1.699766 dpu=1.947204 clean=1 reason=clean
[0;34m[l4][0m scout-1024-grpc-dpumesh-refine1-v2 offered=26052 host_busy=1.590087 dpu=2.231406 clean=1 reason=clean
[0;34m[l4][0m point-1024-grpc-dpumesh-r26052 decision=1 votes=2-0
[0;34m[l4][0m scout-1024-grpc-dpumesh-refine2-v1 offered=28082 host_busy=1.707191 dpu=2.362307 clean=1 reason=clean
[0;34m[l4][0m scout-1024-grpc-dpumesh-refine2-v2 offered=28082 host_busy=1.764308 dpu=2.103789 clean=0 reason=achieved
[0;34m[l4][0m recovery PASS: grpc-dpumesh/1024 at 5000 rps (attempt 1)
[0;34m[l4][0m scout-1024-grpc-dpumesh-refine2-v3 offered=28082 host_busy=1.746823 dpu=1.753451 clean=0 reason=achieved
[0;34m[l4][0m recovery PASS: grpc-dpumesh/1024 at 5000 rps (attempt 1)
[0;34m[l4][0m point-1024-grpc-dpumesh-r28082 decision=0 votes=1-2
[0;34m[l4][0m scout-1024-grpc-dpumesh-refine3-v1 offered=27048 host_busy=1.653551 dpu=2.288103 clean=1 reason=clean
[0;34m[l4][0m scout-1024-grpc-dpumesh-refine3-v2 offered=27048 host_busy=1.699919 dpu=2.220089 clean=1 reason=clean
[0;34m[l4][0m point-1024-grpc-dpumesh-r27048 decision=1 votes=2-0
[0;34m[l4][0m scout-1024-grpc-dpumesh-refine4-v1 offered=27560 host_busy=1.683032 dpu=2.334160 clean=1 reason=clean
[0;34m[l4][0m scout-1024-grpc-dpumesh-refine4-v2 offered=27560 host_busy=1.677565 dpu=2.254751 clean=1 reason=clean
[0;34m[l4][0m point-1024-grpc-dpumesh-r27560 decision=1 votes=2-0
[0;34m[l4][0m knee grpc-dpumesh/1024 clean=27560 first_bad=28082 bracket=1.019x
[0;34m[l4][0m scout-1024-grpc-envoy-permissive-pilot1-v1 offered=5000 host_busy=0.733373 dpu=NA clean=1 reason=clean
[0;34m[l4][0m scout-1024-grpc-envoy-permissive-pilot2-v1 offered=6750 host_busy=0.948399 dpu=NA clean=1 reason=clean
[0;34m[l4][0m scout-1024-grpc-envoy-permissive-pilot3-v1 offered=9113 host_busy=1.188879 dpu=NA clean=1 reason=clean
[0;34m[l4][0m scout-1024-grpc-envoy-permissive-pilot4-v1 offered=12303 host_busy=1.578261 dpu=NA clean=1 reason=clean
[0;34m[l4][0m scout-1024-grpc-envoy-permissive-pilot5-v1 offered=16609 host_busy=1.892672 dpu=NA clean=1 reason=clean
[0;34m[l4][0m scout-1024-grpc-envoy-permissive-pilot6-v1 offered=22422 host_busy=1.917794 dpu=NA clean=1 reason=clean
[0;34m[l4][0m scout-1024-grpc-envoy-permissive-pilot7-v1 offered=30270 host_busy=1.922728 dpu=NA clean=1 reason=clean
[0;34m[l4][0m scout-1024-grpc-envoy-permissive-pilot8-v1 offered=40865 host_busy=1.877165 dpu=NA clean=1 reason=clean
[0;34m[l4][0m scout-1024-grpc-envoy-permissive-pilot9-v1 offered=55168 host_busy=1.854982 dpu=NA clean=0 reason=achieved+scheduler
[0;34m[l4][0m recovery PASS: grpc-envoy-permissive/1024 at 5000 rps (attempt 1)
[0;34m[l4][0m scout-1024-grpc-envoy-permissive-validate9-v1 offered=55168 host_busy=1.890143 dpu=NA clean=0 reason=overflow+achieved+scheduler
[0;34m[l4][0m recovery PASS: grpc-envoy-permissive/1024 at 5000 rps (attempt 1)
[0;34m[l4][0m scout-1024-grpc-envoy-permissive-validate9-v2 offered=55168 host_busy=1.884070 dpu=NA clean=0 reason=overflow+achieved+scheduler
[0;34m[l4][0m recovery PASS: grpc-envoy-permissive/1024 at 5000 rps (attempt 1)
[0;34m[l4][0m point-1024-grpc-envoy-permissive-r55168 decision=0 votes=0-2
[0;34m[l4][0m scout-1024-grpc-envoy-permissive-backtrack8-v1 offered=40865 host_busy=1.909383 dpu=NA clean=1 reason=clean
[0;34m[l4][0m scout-1024-grpc-envoy-permissive-backtrack8-v2 offered=40865 host_busy=1.908837 dpu=NA clean=1 reason=clean
[0;34m[l4][0m point-1024-grpc-envoy-permissive-r40865 decision=1 votes=2-0
[0;34m[l4][0m scout-1024-grpc-envoy-permissive-refine1-v1 offered=47481 host_busy=1.926881 dpu=NA clean=1 reason=clean
[0;34m[l4][0m scout-1024-grpc-envoy-permissive-refine1-v2 offered=47481 host_busy=1.925339 dpu=NA clean=1 reason=clean
[0;34m[l4][0m point-1024-grpc-envoy-permissive-r47481 decision=1 votes=2-0
[0;34m[l4][0m scout-1024-grpc-envoy-permissive-refine2-v1 offered=51180 host_busy=1.883243 dpu=NA clean=0 reason=overflow+achieved+scheduler
[0;34m[l4][0m recovery PASS: grpc-envoy-permissive/1024 at 5000 rps (attempt 1)
[0;34m[l4][0m scout-1024-grpc-envoy-permissive-refine2-v2 offered=51180 host_busy=1.890350 dpu=NA clean=0 reason=overflow+achieved+scheduler
[0;34m[l4][0m recovery PASS: grpc-envoy-permissive/1024 at 5000 rps (attempt 1)
[0;34m[l4][0m point-1024-grpc-envoy-permissive-r51180 decision=0 votes=0-2
[0;34m[l4][0m scout-1024-grpc-envoy-permissive-refine3-v1 offered=49296 host_busy=1.887347 dpu=NA clean=0 reason=achieved+scheduler
[0;34m[l4][0m recovery PASS: grpc-envoy-permissive/1024 at 5000 rps (attempt 1)
[0;34m[l4][0m scout-1024-grpc-envoy-permissive-refine3-v2 offered=49296 host_busy=1.890503 dpu=NA clean=0 reason=achieved+scheduler
[0;34m[l4][0m recovery PASS: grpc-envoy-permissive/1024 at 5000 rps (attempt 1)
[0;34m[l4][0m point-1024-grpc-envoy-permissive-r49296 decision=0 votes=0-2
[0;34m[l4][0m scout-1024-grpc-envoy-permissive-refine4-v1 offered=48380 host_busy=1.939338 dpu=NA clean=1 reason=clean
[0;34m[l4][0m scout-1024-grpc-envoy-permissive-refine4-v2 offered=48380 host_busy=1.938872 dpu=NA clean=1 reason=clean
[0;34m[l4][0m point-1024-grpc-envoy-permissive-r48380 decision=1 votes=2-0
[0;34m[l4][0m knee grpc-envoy-permissive/1024 clean=48380 first_bad=49296 bracket=1.019x
[0;34m[l4][0m scout-1024-grpc-envoy-strict-pilot1-v1 offered=5000 host_busy=0.691171 dpu=NA clean=1 reason=clean
[0;34m[l4][0m scout-1024-grpc-envoy-strict-pilot2-v1 offered=6750 host_busy=0.924366 dpu=NA clean=1 reason=clean
[0;34m[l4][0m scout-1024-grpc-envoy-strict-pilot3-v1 offered=9113 host_busy=1.281343 dpu=NA clean=1 reason=clean
[0;34m[l4][0m scout-1024-grpc-envoy-strict-pilot4-v1 offered=12303 host_busy=1.675773 dpu=NA clean=1 reason=clean
[0;34m[l4][0m scout-1024-grpc-envoy-strict-pilot5-v1 offered=16609 host_busy=1.913987 dpu=NA clean=1 reason=clean
[0;34m[l4][0m scout-1024-grpc-envoy-strict-pilot6-v1 offered=22422 host_busy=1.922485 dpu=NA clean=1 reason=clean
[0;34m[l4][0m scout-1024-grpc-envoy-strict-pilot7-v1 offered=30270 host_busy=1.910487 dpu=NA clean=1 reason=clean
[0;34m[l4][0m scout-1024-grpc-envoy-strict-pilot8-v1 offered=40865 host_busy=1.899166 dpu=NA clean=1 reason=clean
[0;34m[l4][0m scout-1024-grpc-envoy-strict-pilot9-v1 offered=55168 host_busy=1.867463 dpu=NA clean=0 reason=achieved+scheduler
[0;34m[l4][0m recovery PASS: grpc-envoy-strict/1024 at 5000 rps (attempt 1)
[0;34m[l4][0m scout-1024-grpc-envoy-strict-validate9-v1 offered=55168 host_busy=1.900491 dpu=NA clean=0 reason=overflow+achieved+scheduler
[0;34m[l4][0m recovery PASS: grpc-envoy-strict/1024 at 5000 rps (attempt 1)
[0;34m[l4][0m scout-1024-grpc-envoy-strict-validate9-v2 offered=55168 host_busy=1.893926 dpu=NA clean=0 reason=overflow+achieved+scheduler
[0;34m[l4][0m recovery PASS: grpc-envoy-strict/1024 at 5000 rps (attempt 1)
[0;34m[l4][0m point-1024-grpc-envoy-strict-r55168 decision=0 votes=0-2
[0;34m[l4][0m scout-1024-grpc-envoy-strict-backtrack8-v1 offered=40865 host_busy=1.922449 dpu=NA clean=1 reason=clean
[0;34m[l4][0m scout-1024-grpc-envoy-strict-backtrack8-v2 offered=40865 host_busy=1.926272 dpu=NA clean=1 reason=clean
[0;34m[l4][0m point-1024-grpc-envoy-strict-r40865 decision=1 votes=2-0
[0;34m[l4][0m scout-1024-grpc-envoy-strict-refine1-v1 offered=47481 host_busy=1.902442 dpu=NA clean=0 reason=achieved+scheduler
[0;34m[l4][0m recovery PASS: grpc-envoy-strict/1024 at 5000 rps (attempt 1)
[0;34m[l4][0m scout-1024-grpc-envoy-strict-refine1-v2 offered=47481 host_busy=1.896560 dpu=NA clean=0 reason=overflow+achieved+scheduler
[0;34m[l4][0m recovery PASS: grpc-envoy-strict/1024 at 5000 rps (attempt 1)
[0;34m[l4][0m point-1024-grpc-envoy-strict-r47481 decision=0 votes=0-2
[0;34m[l4][0m scout-1024-grpc-envoy-strict-refine2-v1 offered=44049 host_busy=1.920603 dpu=NA clean=1 reason=clean
[0;34m[l4][0m scout-1024-grpc-envoy-strict-refine2-v2 offered=44049 host_busy=1.920824 dpu=NA clean=1 reason=clean
[0;34m[l4][0m point-1024-grpc-envoy-strict-r44049 decision=1 votes=2-0
[0;34m[l4][0m scout-1024-grpc-envoy-strict-refine3-v1 offered=45733 host_busy=1.944756 dpu=NA clean=1 reason=clean
[0;34m[l4][0m scout-1024-grpc-envoy-strict-refine3-v2 offered=45733 host_busy=1.945613 dpu=NA clean=1 reason=clean
[0;34m[l4][0m point-1024-grpc-envoy-strict-r45733 decision=1 votes=2-0
[0;34m[l4][0m scout-1024-grpc-envoy-strict-refine4-v1 offered=46599 host_busy=1.951234 dpu=NA clean=1 reason=clean
[0;34m[l4][0m scout-1024-grpc-envoy-strict-refine4-v2 offered=46599 host_busy=1.951173 dpu=NA clean=1 reason=clean
[0;34m[l4][0m point-1024-grpc-envoy-strict-r46599 decision=1 votes=2-0
[0;34m[l4][0m knee grpc-envoy-strict/1024 clean=46599 first_bad=47481 bracket=1.019x
[0;34m[l4][0m scout-1024-grpc-linkerd-pilot1-v1 offered=5000 host_busy=1.533943 dpu=NA clean=1 reason=clean
[0;34m[l4][0m scout-1024-grpc-linkerd-pilot2-v1 offered=6750 host_busy=1.705196 dpu=NA clean=1 reason=clean
[0;34m[l4][0m scout-1024-grpc-linkerd-pilot3-v1 offered=9113 host_busy=1.718305 dpu=NA clean=1 reason=clean
[0;34m[l4][0m scout-1024-grpc-linkerd-pilot4-v1 offered=12303 host_busy=1.807194 dpu=NA clean=1 reason=clean
[0;34m[l4][0m scout-1024-grpc-linkerd-pilot5-v1 offered=16609 host_busy=1.648040 dpu=NA clean=0 reason=fail+overflow+achieved
[0;34m[l4][0m recovery PASS: grpc-linkerd/1024 at 5000 rps (attempt 1)
[0;34m[l4][0m scout-1024-grpc-linkerd-validate5-v1 offered=16609 host_busy=1.401990 dpu=NA clean=0 reason=fail+overflow+achieved
[0;34m[l4][0m recovery PASS: grpc-linkerd/1024 at 5000 rps (attempt 1)
[0;34m[l4][0m scout-1024-grpc-linkerd-validate5-v2 offered=16609 host_busy=1.405849 dpu=NA clean=0 reason=fail+overflow+achieved
[0;34m[l4][0m recovery PASS: grpc-linkerd/1024 at 5000 rps (attempt 1)
[0;34m[l4][0m point-1024-grpc-linkerd-r16609 decision=0 votes=0-2
[0;34m[l4][0m scout-1024-grpc-linkerd-backtrack4-v1 offered=12303 host_busy=1.840708 dpu=NA clean=1 reason=clean
[0;34m[l4][0m scout-1024-grpc-linkerd-backtrack4-v2 offered=12303 host_busy=1.840491 dpu=NA clean=1 reason=clean
[0;34m[l4][0m point-1024-grpc-linkerd-r12303 decision=1 votes=2-0
[0;34m[l4][0m scout-1024-grpc-linkerd-refine1-v1 offered=14295 host_busy=1.633758 dpu=NA clean=0 reason=fail+overflow+achieved
[0;34m[l4][0m recovery PASS: grpc-linkerd/1024 at 5000 rps (attempt 1)
[0;34m[l4][0m scout-1024-grpc-linkerd-refine1-v2 offered=14295 host_busy=1.627917 dpu=NA clean=0 reason=fail+overflow+achieved
[0;34m[l4][0m recovery PASS: grpc-linkerd/1024 at 5000 rps (attempt 1)
[0;34m[l4][0m point-1024-grpc-linkerd-r14295 decision=0 votes=0-2
[0;34m[l4][0m scout-1024-grpc-linkerd-refine2-v1 offered=13262 host_busy=1.865761 dpu=NA clean=1 reason=clean
[0;34m[l4][0m scout-1024-grpc-linkerd-refine2-v2 offered=13262 host_busy=1.865668 dpu=NA clean=1 reason=clean
[0;34m[l4][0m point-1024-grpc-linkerd-r13262 decision=1 votes=2-0
[0;34m[l4][0m scout-1024-grpc-linkerd-refine3-v1 offered=13769 host_busy=1.704663 dpu=NA clean=0 reason=fail+overflow+achieved
[0;34m[l4][0m recovery PASS: grpc-linkerd/1024 at 5000 rps (attempt 1)
[0;34m[l4][0m scout-1024-grpc-linkerd-refine3-v2 offered=13769 host_busy=1.706813 dpu=NA clean=0 reason=fail+overflow+achieved
[0;34m[l4][0m recovery PASS: grpc-linkerd/1024 at 5000 rps (attempt 1)
[0;34m[l4][0m point-1024-grpc-linkerd-r13769 decision=0 votes=0-2
[0;34m[l4][0m scout-1024-grpc-linkerd-refine4-v1 offered=13513 host_busy=1.863213 dpu=NA clean=0 reason=overflow+achieved
[0;34m[l4][0m recovery PASS: grpc-linkerd/1024 at 5000 rps (attempt 1)
[0;34m[l4][0m scout-1024-grpc-linkerd-refine4-v2 offered=13513 host_busy=1.799590 dpu=NA clean=0 reason=fail+overflow+achieved
[0;34m[l4][0m recovery PASS: grpc-linkerd/1024 at 5000 rps (attempt 1)
[0;34m[l4][0m point-1024-grpc-linkerd-r13513 decision=0 votes=0-2
[0;34m[l4][0m knee grpc-linkerd/1024 clean=13262 first_bad=13513 bracket=1.019x
[0;34m[l4][0m scout-1024-grpc-linkerd-opaque-pilot1-v1 offered=5000 host_busy=0.788676 dpu=NA clean=1 reason=clean
[0;34m[l4][0m scout-1024-grpc-linkerd-opaque-pilot2-v1 offered=6750 host_busy=0.865938 dpu=NA clean=1 reason=clean
[0;34m[l4][0m scout-1024-grpc-linkerd-opaque-pilot3-v1 offered=9113 host_busy=1.169220 dpu=NA clean=1 reason=clean
[0;34m[l4][0m scout-1024-grpc-linkerd-opaque-pilot4-v1 offered=12303 host_busy=1.526547 dpu=NA clean=1 reason=clean
[0;34m[l4][0m scout-1024-grpc-linkerd-opaque-pilot5-v1 offered=16609 host_busy=1.898861 dpu=NA clean=1 reason=clean
[0;34m[l4][0m scout-1024-grpc-linkerd-opaque-pilot6-v1 offered=22422 host_busy=1.886556 dpu=NA clean=1 reason=clean
[0;34m[l4][0m scout-1024-grpc-linkerd-opaque-pilot7-v1 offered=30270 host_busy=1.904365 dpu=NA clean=1 reason=clean
[0;34m[l4][0m scout-1024-grpc-linkerd-opaque-pilot8-v1 offered=40865 host_busy=1.804102 dpu=NA clean=1 reason=clean
[0;34m[l4][0m scout-1024-grpc-linkerd-opaque-pilot9-v1 offered=55168 host_busy=1.861059 dpu=NA clean=0 reason=achieved+scheduler
[0;34m[l4][0m recovery PASS: grpc-linkerd-opaque/1024 at 5000 rps (attempt 1)
[0;34m[l4][0m scout-1024-grpc-linkerd-opaque-validate9-v1 offered=55168 host_busy=1.886919 dpu=NA clean=0 reason=overflow+achieved+scheduler
[0;34m[l4][0m recovery PASS: grpc-linkerd-opaque/1024 at 5000 rps (attempt 1)
[0;34m[l4][0m scout-1024-grpc-linkerd-opaque-validate9-v2 offered=55168 host_busy=1.884966 dpu=NA clean=0 reason=overflow+achieved+scheduler
[0;34m[l4][0m recovery PASS: grpc-linkerd-opaque/1024 at 5000 rps (attempt 1)
[0;34m[l4][0m point-1024-grpc-linkerd-opaque-r55168 decision=0 votes=0-2
[0;34m[l4][0m scout-1024-grpc-linkerd-opaque-backtrack8-v1 offered=40865 host_busy=1.891802 dpu=NA clean=1 reason=clean
[0;34m[l4][0m scout-1024-grpc-linkerd-opaque-backtrack8-v2 offered=40865 host_busy=1.893244 dpu=NA clean=1 reason=clean
[0;34m[l4][0m point-1024-grpc-linkerd-opaque-r40865 decision=1 votes=2-0
[0;34m[l4][0m scout-1024-grpc-linkerd-opaque-refine1-v1 offered=47481 host_busy=1.883462 dpu=NA clean=0 reason=overflow+achieved+scheduler
[0;34m[l4][0m recovery PASS: grpc-linkerd-opaque/1024 at 5000 rps (attempt 1)
[0;34m[l4][0m scout-1024-grpc-linkerd-opaque-refine1-v2 offered=47481 host_busy=1.882690 dpu=NA clean=0 reason=overflow+achieved+scheduler
[0;34m[l4][0m recovery PASS: grpc-linkerd-opaque/1024 at 5000 rps (attempt 1)
[0;34m[l4][0m point-1024-grpc-linkerd-opaque-r47481 decision=0 votes=0-2
[0;34m[l4][0m scout-1024-grpc-linkerd-opaque-refine2-v1 offered=44049 host_busy=1.933633 dpu=NA clean=1 reason=clean
[0;34m[l4][0m scout-1024-grpc-linkerd-opaque-refine2-v2 offered=44049 host_busy=1.930044 dpu=NA clean=1 reason=clean
[0;34m[l4][0m point-1024-grpc-linkerd-opaque-r44049 decision=1 votes=2-0
[0;34m[l4][0m scout-1024-grpc-linkerd-opaque-refine3-v1 offered=45733 host_busy=1.879867 dpu=NA clean=0 reason=overflow+achieved+scheduler
[0;34m[l4][0m recovery PASS: grpc-linkerd-opaque/1024 at 5000 rps (attempt 1)
[0;34m[l4][0m scout-1024-grpc-linkerd-opaque-refine3-v2 offered=45733 host_busy=1.885821 dpu=NA clean=0 reason=overflow+achieved+scheduler
[0;34m[l4][0m recovery PASS: grpc-linkerd-opaque/1024 at 5000 rps (attempt 1)
[0;34m[l4][0m point-1024-grpc-linkerd-opaque-r45733 decision=0 votes=0-2
[0;34m[l4][0m scout-1024-grpc-linkerd-opaque-refine4-v1 offered=44883 host_busy=1.878947 dpu=NA clean=0 reason=achieved+scheduler
[0;34m[l4][0m recovery PASS: grpc-linkerd-opaque/1024 at 5000 rps (attempt 1)
[0;34m[l4][0m scout-1024-grpc-linkerd-opaque-refine4-v2 offered=44883 host_busy=1.878555 dpu=NA clean=0 reason=achieved+scheduler
[0;34m[l4][0m recovery PASS: grpc-linkerd-opaque/1024 at 5000 rps (attempt 1)
[0;34m[l4][0m point-1024-grpc-linkerd-opaque-r44883 decision=0 votes=0-2
[0;34m[l4][0m knee grpc-linkerd-opaque/1024 clean=44049 first_bad=44883 bracket=1.019x
[0;34m[l4][0m scout-8192-grpc-linkerd-pilot1-v1 offered=5000 host_busy=1.680866 dpu=NA clean=1 reason=clean
[0;34m[l4][0m scout-8192-grpc-linkerd-pilot2-v1 offered=6750 host_busy=1.708798 dpu=NA clean=1 reason=clean
[0;34m[l4][0m scout-8192-grpc-linkerd-pilot3-v1 offered=9113 host_busy=1.759232 dpu=NA clean=1 reason=clean
[0;34m[l4][0m scout-8192-grpc-linkerd-pilot4-v1 offered=12303 host_busy=1.765359 dpu=NA clean=0 reason=overflow+achieved
[0;34m[l4][0m recovery PASS: grpc-linkerd/8192 at 5000 rps (attempt 1)
[0;34m[l4][0m scout-8192-grpc-linkerd-validate4-v1 offered=12303 host_busy=1.683673 dpu=NA clean=0 reason=overflow+achieved
[0;34m[l4][0m recovery PASS: grpc-linkerd/8192 at 5000 rps (attempt 1)
[0;34m[l4][0m scout-8192-grpc-linkerd-validate4-v2 offered=12303 host_busy=1.545918 dpu=NA clean=0 reason=fail+overflow+achieved
[0;34m[l4][0m recovery PASS: grpc-linkerd/8192 at 5000 rps (attempt 1)
[0;34m[l4][0m point-8192-grpc-linkerd-r12303 decision=0 votes=0-2
[0;34m[l4][0m scout-8192-grpc-linkerd-backtrack3-v1 offered=9113 host_busy=1.955848 dpu=NA clean=0 reason=overflow+achieved
[0;34m[l4][0m recovery PASS: grpc-linkerd/8192 at 5000 rps (attempt 1)
[0;34m[l4][0m scout-8192-grpc-linkerd-backtrack3-v2 offered=9113 host_busy=1.789109 dpu=NA clean=1 reason=clean
[0;34m[l4][0m scout-8192-grpc-linkerd-backtrack3-v3 offered=9113 host_busy=1.791883 dpu=NA clean=1 reason=clean
[0;34m[l4][0m point-8192-grpc-linkerd-r9113 decision=1 votes=2-1
[0;34m[l4][0m scout-8192-grpc-linkerd-refine1-v1 offered=10589 host_busy=1.848782 dpu=NA clean=1 reason=clean
[0;34m[l4][0m scout-8192-grpc-linkerd-refine1-v2 offered=10589 host_busy=1.848924 dpu=NA clean=1 reason=clean
[0;34m[l4][0m point-8192-grpc-linkerd-r10589 decision=1 votes=2-0
[0;34m[l4][0m scout-8192-grpc-linkerd-refine2-v1 offered=11414 host_busy=1.753210 dpu=NA clean=0 reason=overflow+achieved
[0;34m[l4][0m recovery PASS: grpc-linkerd/8192 at 5000 rps (attempt 1)
[0;34m[l4][0m scout-8192-grpc-linkerd-refine2-v2 offered=11414 host_busy=1.775118 dpu=NA clean=0 reason=overflow+achieved
[0;34m[l4][0m recovery PASS: grpc-linkerd/8192 at 5000 rps (attempt 1)
[0;34m[l4][0m point-8192-grpc-linkerd-r11414 decision=0 votes=0-2
[0;34m[l4][0m scout-8192-grpc-linkerd-refine3-v1 offered=10994 host_busy=1.991821 dpu=NA clean=0 reason=overflow+achieved
[0;34m[l4][0m recovery PASS: grpc-linkerd/8192 at 5000 rps (attempt 1)
[0;34m[l4][0m scout-8192-grpc-linkerd-refine3-v2 offered=10994 host_busy=1.942635 dpu=NA clean=0 reason=overflow+achieved
[0;34m[l4][0m recovery PASS: grpc-linkerd/8192 at 5000 rps (attempt 1)
[0;34m[l4][0m point-8192-grpc-linkerd-r10994 decision=0 votes=0-2
[0;34m[l4][0m scout-8192-grpc-linkerd-refine4-v1 offered=10790 host_busy=1.841491 dpu=NA clean=1 reason=clean
[0;34m[l4][0m scout-8192-grpc-linkerd-refine4-v2 offered=10790 host_busy=1.848105 dpu=NA clean=1 reason=clean
[0;34m[l4][0m point-8192-grpc-linkerd-r10790 decision=1 votes=2-0
[0;34m[l4][0m knee grpc-linkerd/8192 clean=10790 first_bad=10994 bracket=1.019x
[0;34m[l4][0m scout-8192-grpc-linkerd-opaque-pilot1-v1 offered=5000 host_busy=0.855088 dpu=NA clean=1 reason=clean
[0;34m[l4][0m scout-8192-grpc-linkerd-opaque-pilot2-v1 offered=6750 host_busy=1.214108 dpu=NA clean=1 reason=clean
[0;34m[l4][0m scout-8192-grpc-linkerd-opaque-pilot3-v1 offered=9113 host_busy=1.614793 dpu=NA clean=1 reason=clean
[0;34m[l4][0m scout-8192-grpc-linkerd-opaque-pilot4-v1 offered=12303 host_busy=1.899213 dpu=NA clean=1 reason=clean
[0;34m[l4][0m scout-8192-grpc-linkerd-opaque-pilot5-v1 offered=16609 host_busy=1.938971 dpu=NA clean=1 reason=clean
[0;34m[l4][0m scout-8192-grpc-linkerd-opaque-pilot6-v1 offered=22422 host_busy=1.906679 dpu=NA clean=1 reason=clean
[0;34m[l4][0m scout-8192-grpc-linkerd-opaque-pilot7-v1 offered=30270 host_busy=1.871777 dpu=NA clean=0 reason=achieved+scheduler
[0;34m[l4][0m recovery PASS: grpc-linkerd-opaque/8192 at 5000 rps (attempt 1)
[0;34m[l4][0m scout-8192-grpc-linkerd-opaque-validate7-v1 offered=30270 host_busy=1.914850 dpu=NA clean=0 reason=overflow+achieved+scheduler
[0;34m[l4][0m recovery PASS: grpc-linkerd-opaque/8192 at 5000 rps (attempt 1)
[0;34m[l4][0m scout-8192-grpc-linkerd-opaque-validate7-v2 offered=30270 host_busy=1.910224 dpu=NA clean=0 reason=overflow+achieved+scheduler
[0;34m[l4][0m recovery PASS: grpc-linkerd-opaque/8192 at 5000 rps (attempt 1)
[0;34m[l4][0m point-8192-grpc-linkerd-opaque-r30270 decision=0 votes=0-2
[0;34m[l4][0m scout-8192-grpc-linkerd-opaque-backtrack6-v1 offered=22422 host_busy=1.945863 dpu=NA clean=1 reason=clean
[0;34m[l4][0m scout-8192-grpc-linkerd-opaque-backtrack6-v2 offered=22422 host_busy=1.944755 dpu=NA clean=1 reason=clean
[0;34m[l4][0m point-8192-grpc-linkerd-opaque-r22422 decision=1 votes=2-0
[0;34m[l4][0m scout-8192-grpc-linkerd-opaque-refine1-v1 offered=26052 host_busy=1.909036 dpu=NA clean=0 reason=overflow+achieved+scheduler
[0;34m[l4][0m recovery PASS: grpc-linkerd-opaque/8192 at 5000 rps (attempt 1)
[0;34m[l4][0m scout-8192-grpc-linkerd-opaque-refine1-v2 offered=26052 host_busy=1.910922 dpu=NA clean=0 reason=overflow+achieved+scheduler
[0;34m[l4][0m recovery PASS: grpc-linkerd-opaque/8192 at 5000 rps (attempt 1)
[0;34m[l4][0m point-8192-grpc-linkerd-opaque-r26052 decision=0 votes=0-2
[0;34m[l4][0m scout-8192-grpc-linkerd-opaque-refine2-v1 offered=24169 host_busy=1.934786 dpu=NA clean=1 reason=clean
[0;34m[l4][0m scout-8192-grpc-linkerd-opaque-refine2-v2 offered=24169 host_busy=1.932039 dpu=NA clean=1 reason=clean
[0;34m[l4][0m point-8192-grpc-linkerd-opaque-r24169 decision=1 votes=2-0
[0;34m[l4][0m scout-8192-grpc-linkerd-opaque-refine3-v1 offered=25093 host_busy=1.930153 dpu=NA clean=1 reason=clean
[0;34m[l4][0m scout-8192-grpc-linkerd-opaque-refine3-v2 offered=25093 host_busy=1.931416 dpu=NA clean=1 reason=clean
[0;34m[l4][0m point-8192-grpc-linkerd-opaque-r25093 decision=1 votes=2-0
[0;34m[l4][0m scout-8192-grpc-linkerd-opaque-refine4-v1 offered=25568 host_busy=1.940608 dpu=NA clean=1 reason=clean
[0;34m[l4][0m scout-8192-grpc-linkerd-opaque-refine4-v2 offered=25568 host_busy=1.941420 dpu=NA clean=1 reason=clean
[0;34m[l4][0m point-8192-grpc-linkerd-opaque-r25568 decision=1 votes=2-0
[0;34m[l4][0m knee grpc-linkerd-opaque/8192 clean=25568 first_bad=26052 bracket=1.019x
[0;34m[l4][0m scout-8192-grpc-tcp-pilot1-v1 offered=5000 host_busy=0.479950 dpu=NA clean=1 reason=clean
[0;34m[l4][0m scout-8192-grpc-tcp-pilot2-v1 offered=6750 host_busy=0.660301 dpu=NA clean=1 reason=clean
[0;34m[l4][0m scout-8192-grpc-tcp-pilot3-v1 offered=9113 host_busy=0.889266 dpu=NA clean=1 reason=clean
[0;34m[l4][0m scout-8192-grpc-tcp-pilot4-v1 offered=12303 host_busy=1.266384 dpu=NA clean=1 reason=clean
[0;34m[l4][0m scout-8192-grpc-tcp-pilot5-v1 offered=16609 host_busy=1.662766 dpu=NA clean=1 reason=clean
[0;34m[l4][0m scout-8192-grpc-tcp-pilot6-v1 offered=22422 host_busy=1.912889 dpu=NA clean=1 reason=clean
[0;34m[l4][0m scout-8192-grpc-tcp-pilot7-v1 offered=30270 host_busy=1.958843 dpu=NA clean=0 reason=achieved+scheduler
[0;34m[l4][0m recovery PASS: grpc-tcp/8192 at 5000 rps (attempt 1)
[0;34m[l4][0m scout-8192-grpc-tcp-validate7-v1 offered=30270 host_busy=1.988149 dpu=NA clean=0 reason=overflow+achieved+scheduler
[0;34m[l4][0m recovery PASS: grpc-tcp/8192 at 5000 rps (attempt 1)
[0;34m[l4][0m scout-8192-grpc-tcp-validate7-v2 offered=30270 host_busy=1.977834 dpu=NA clean=0 reason=overflow+achieved+scheduler
[0;34m[l4][0m recovery PASS: grpc-tcp/8192 at 5000 rps (attempt 1)
[0;34m[l4][0m point-8192-grpc-tcp-r30270 decision=0 votes=0-2
[0;34m[l4][0m scout-8192-grpc-tcp-backtrack6-v1 offered=22422 host_busy=1.938317 dpu=NA clean=1 reason=clean
[0;34m[l4][0m scout-8192-grpc-tcp-backtrack6-v2 offered=22422 host_busy=1.939672 dpu=NA clean=1 reason=clean
[0;34m[l4][0m point-8192-grpc-tcp-r22422 decision=1 votes=2-0
[0;34m[l4][0m scout-8192-grpc-tcp-refine1-v1 offered=26052 host_busy=1.990011 dpu=NA clean=1 reason=clean
[0;34m[l4][0m scout-8192-grpc-tcp-refine1-v2 offered=26052 host_busy=1.992230 dpu=NA clean=1 reason=clean
[0;34m[l4][0m point-8192-grpc-tcp-r26052 decision=1 votes=2-0
[0;34m[l4][0m scout-8192-grpc-tcp-refine2-v1 offered=28082 host_busy=1.987808 dpu=NA clean=0 reason=achieved
[0;34m[l4][0m recovery PASS: grpc-tcp/8192 at 5000 rps (attempt 1)
[0;34m[l4][0m scout-8192-grpc-tcp-refine2-v2 offered=28082 host_busy=1.991438 dpu=NA clean=0 reason=achieved
[0;34m[l4][0m recovery PASS: grpc-tcp/8192 at 5000 rps (attempt 1)
[0;34m[l4][0m point-8192-grpc-tcp-r28082 decision=0 votes=0-2
[0;34m[l4][0m scout-8192-grpc-tcp-refine3-v1 offered=27048 host_busy=1.991429 dpu=NA clean=0 reason=achieved
[0;34m[l4][0m recovery PASS: grpc-tcp/8192 at 5000 rps (attempt 1)
[0;34m[l4][0m scout-8192-grpc-tcp-refine3-v2 offered=27048 host_busy=1.991930 dpu=NA clean=0 reason=achieved
[0;34m[l4][0m recovery PASS: grpc-tcp/8192 at 5000 rps (attempt 1)
[0;34m[l4][0m point-8192-grpc-tcp-r27048 decision=0 votes=0-2
[0;34m[l4][0m scout-8192-grpc-tcp-refine4-v1 offered=26545 host_busy=1.990498 dpu=NA clean=0 reason=achieved
[0;34m[l4][0m recovery PASS: grpc-tcp/8192 at 5000 rps (attempt 1)
[0;34m[l4][0m scout-8192-grpc-tcp-refine4-v2 offered=26545 host_busy=1.990860 dpu=NA clean=0 reason=achieved
[0;34m[l4][0m recovery PASS: grpc-tcp/8192 at 5000 rps (attempt 1)
[0;34m[l4][0m point-8192-grpc-tcp-r26545 decision=0 votes=0-2
[0;34m[l4][0m knee grpc-tcp/8192 clean=26052 first_bad=26545 bracket=1.019x
[0;34m[l4][0m scout-8192-grpc-dpumesh-pilot1-v1 offered=5000 host_busy=0.441266 dpu=NA clean=1 reason=clean
[0;34m[l4][0m scout-8192-grpc-dpumesh-pilot2-v1 offered=6750 host_busy=0.591723 dpu=NA clean=1 reason=clean
[0;34m[l4][0m scout-8192-grpc-dpumesh-pilot3-v1 offered=9113 host_busy=0.755103 dpu=NA clean=1 reason=clean
[0;34m[l4][0m scout-8192-grpc-dpumesh-pilot4-v1 offered=12303 host_busy=1.011673 dpu=NA clean=1 reason=clean
[0;34m[l4][0m scout-8192-grpc-dpumesh-pilot5-v1 offered=16609 host_busy=1.446383 dpu=NA clean=1 reason=clean
[0;34m[l4][0m scout-8192-grpc-dpumesh-pilot6-v1 offered=22422 host_busy=1.801302 dpu=NA clean=1 reason=clean
[0;34m[l4][0m scout-8192-grpc-dpumesh-pilot7-v1 offered=30270 host_busy=1.893626 dpu=NA clean=0 reason=achieved+scheduler
[0;34m[l4][0m recovery PASS: grpc-dpumesh/8192 at 5000 rps (attempt 1)
[0;34m[l4][0m scout-8192-grpc-dpumesh-validate7-v1 offered=30270 host_busy=1.982964 dpu=1.009196 clean=0 reason=overflow+achieved
[0;34m[l4][0m recovery PASS: grpc-dpumesh/8192 at 5000 rps (attempt 1)
[0;34m[l4][0m scout-8192-grpc-dpumesh-validate7-v2 offered=30270 host_busy=1.992618 dpu=1.045656 clean=0 reason=overflow+achieved+scheduler
[0;34m[l4][0m recovery PASS: grpc-dpumesh/8192 at 5000 rps (attempt 1)
[0;34m[l4][0m point-8192-grpc-dpumesh-r30270 decision=0 votes=0-2
[0;34m[l4][0m scout-8192-grpc-dpumesh-backtrack6-v1 offered=22422 host_busy=1.856642 dpu=2.150683 clean=0 reason=overflow
[0;34m[l4][0m recovery PASS: grpc-dpumesh/8192 at 5000 rps (attempt 1)
[0;34m[l4][0m scout-8192-grpc-dpumesh-backtrack6-v2 offered=22422 host_busy=1.840553 dpu=2.689076 clean=0 reason=overflow
[0;34m[l4][0m recovery PASS: grpc-dpumesh/8192 at 5000 rps (attempt 1)
[0;34m[l4][0m point-8192-grpc-dpumesh-r22422 decision=0 votes=0-2
[0;34m[l4][0m scout-8192-grpc-dpumesh-backtrack5-v1 offered=16609 host_busy=1.453817 dpu=2.100050 clean=1 reason=clean
[0;34m[l4][0m scout-8192-grpc-dpumesh-backtrack5-v2 offered=16609 host_busy=1.460812 dpu=2.098042 clean=1 reason=clean
[0;34m[l4][0m point-8192-grpc-dpumesh-r16609 decision=1 votes=2-0
[0;34m[l4][0m scout-8192-grpc-dpumesh-refine1-v1 offered=19298 host_busy=1.663345 dpu=2.162286 clean=1 reason=clean
[0;34m[l4][0m scout-8192-grpc-dpumesh-refine1-v2 offered=19298 host_busy=1.645453 dpu=2.271324 clean=1 reason=clean
[0;34m[l4][0m point-8192-grpc-dpumesh-r19298 decision=1 votes=2-0
[0;34m[l4][0m scout-8192-grpc-dpumesh-refine2-v1 offered=20801 host_busy=1.706693 dpu=2.612367 clean=0 reason=overflow+achieved
[0;34m[l4][0m recovery PASS: grpc-dpumesh/8192 at 5000 rps (attempt 1)
[0;34m[l4][0m scout-8192-grpc-dpumesh-refine2-v2 offered=20801 host_busy=1.665115 dpu=2.402203 clean=1 reason=clean
[0;34m[l4][0m scout-8192-grpc-dpumesh-refine2-v3 offered=20801 host_busy=1.670524 dpu=2.430307 clean=1 reason=clean
[0;34m[l4][0m point-8192-grpc-dpumesh-r20801 decision=1 votes=2-1
[0;34m[l4][0m scout-8192-grpc-dpumesh-refine3-v1 offered=21596 host_busy=1.753074 dpu=2.431658 clean=0 reason=overflow
[0;34m[l4][0m recovery PASS: grpc-dpumesh/8192 at 5000 rps (attempt 1)
[0;34m[l4][0m scout-8192-grpc-dpumesh-refine3-v2 offered=21596 host_busy=1.769011 dpu=2.392142 clean=1 reason=clean
[0;34m[l4][0m scout-8192-grpc-dpumesh-refine3-v3 offered=21596 host_busy=1.753757 dpu=2.432522 clean=1 reason=clean
[0;34m[l4][0m point-8192-grpc-dpumesh-r21596 decision=1 votes=2-1
[0;34m[l4][0m scout-8192-grpc-dpumesh-refine4-v1 offered=22005 host_busy=1.803971 dpu=2.438415 clean=1 reason=clean
[0;34m[l4][0m scout-8192-grpc-dpumesh-refine4-v2 offered=22005 host_busy=1.774378 dpu=2.555717 clean=1 reason=clean
[0;34m[l4][0m point-8192-grpc-dpumesh-r22005 decision=1 votes=2-0
[0;34m[l4][0m knee grpc-dpumesh/8192 clean=22005 first_bad=22422 bracket=1.019x
[0;34m[l4][0m scout-8192-grpc-envoy-permissive-pilot1-v1 offered=5000 host_busy=0.742096 dpu=NA clean=1 reason=clean
[0;34m[l4][0m scout-8192-grpc-envoy-permissive-pilot2-v1 offered=6750 host_busy=0.985437 dpu=NA clean=1 reason=clean
[0;34m[l4][0m scout-8192-grpc-envoy-permissive-pilot3-v1 offered=9113 host_busy=1.344645 dpu=NA clean=1 reason=clean
[0;34m[l4][0m scout-8192-grpc-envoy-permissive-pilot4-v1 offered=12303 host_busy=1.783582 dpu=NA clean=1 reason=clean
[0;34m[l4][0m scout-8192-grpc-envoy-permissive-pilot5-v1 offered=16609 host_busy=1.898024 dpu=NA clean=1 reason=clean
[0;34m[l4][0m scout-8192-grpc-envoy-permissive-pilot6-v1 offered=22422 host_busy=1.905308 dpu=NA clean=1 reason=clean
[0;34m[l4][0m scout-8192-grpc-envoy-permissive-pilot7-v1 offered=30270 host_busy=1.908006 dpu=NA clean=1 reason=clean
[0;34m[l4][0m scout-8192-grpc-envoy-permissive-pilot8-v1 offered=40865 host_busy=1.822869 dpu=NA clean=0 reason=achieved+scheduler
[0;34m[l4][0m recovery PASS: grpc-envoy-permissive/8192 at 5000 rps (attempt 1)
[0;34m[l4][0m scout-8192-grpc-envoy-permissive-validate8-v1 offered=40865 host_busy=1.874083 dpu=NA clean=0 reason=overflow+achieved+scheduler
[0;34m[l4][0m recovery PASS: grpc-envoy-permissive/8192 at 5000 rps (attempt 1)
[0;34m[l4][0m scout-8192-grpc-envoy-permissive-validate8-v2 offered=40865 host_busy=1.874890 dpu=NA clean=0 reason=overflow+achieved+scheduler
[0;34m[l4][0m recovery PASS: grpc-envoy-permissive/8192 at 5000 rps (attempt 1)
[0;34m[l4][0m point-8192-grpc-envoy-permissive-r40865 decision=0 votes=0-2
[0;34m[l4][0m scout-8192-grpc-envoy-permissive-backtrack7-v1 offered=30270 host_busy=1.923984 dpu=NA clean=1 reason=clean
[0;34m[l4][0m scout-8192-grpc-envoy-permissive-backtrack7-v2 offered=30270 host_busy=1.937479 dpu=NA clean=1 reason=clean
[0;34m[l4][0m point-8192-grpc-envoy-permissive-r30270 decision=1 votes=2-0
[0;34m[l4][0m scout-8192-grpc-envoy-permissive-refine1-v1 offered=35171 host_busy=1.915011 dpu=NA clean=1 reason=clean
[0;34m[l4][0m scout-8192-grpc-envoy-permissive-refine1-v2 offered=35171 host_busy=1.913939 dpu=NA clean=1 reason=clean
[0;34m[l4][0m point-8192-grpc-envoy-permissive-r35171 decision=1 votes=2-0
[0;34m[l4][0m scout-8192-grpc-envoy-permissive-refine2-v1 offered=37911 host_busy=1.866414 dpu=NA clean=0 reason=overflow+achieved+scheduler
[0;34m[l4][0m recovery PASS: grpc-envoy-permissive/8192 at 5000 rps (attempt 1)
[0;34m[l4][0m scout-8192-grpc-envoy-permissive-refine2-v2 offered=37911 host_busy=1.866007 dpu=NA clean=0 reason=overflow+achieved+scheduler
[0;34m[l4][0m recovery PASS: grpc-envoy-permissive/8192 at 5000 rps (attempt 1)
[0;34m[l4][0m point-8192-grpc-envoy-permissive-r37911 decision=0 votes=0-2
[0;34m[l4][0m scout-8192-grpc-envoy-permissive-refine3-v1 offered=36515 host_busy=1.874332 dpu=NA clean=0 reason=overflow+achieved+scheduler
[0;34m[l4][0m recovery PASS: grpc-envoy-permissive/8192 at 5000 rps (attempt 1)
[0;34m[l4][0m scout-8192-grpc-envoy-permissive-refine3-v2 offered=36515 host_busy=1.872598 dpu=NA clean=0 reason=overflow+achieved+scheduler
[0;34m[l4][0m recovery PASS: grpc-envoy-permissive/8192 at 5000 rps (attempt 1)
[0;34m[l4][0m point-8192-grpc-envoy-permissive-r36515 decision=0 votes=0-2
[0;34m[l4][0m scout-8192-grpc-envoy-permissive-refine4-v1 offered=35837 host_busy=1.878086 dpu=NA clean=0 reason=overflow+achieved+scheduler
[0;34m[l4][0m recovery PASS: grpc-envoy-permissive/8192 at 5000 rps (attempt 1)
[0;34m[l4][0m scout-8192-grpc-envoy-permissive-refine4-v2 offered=35837 host_busy=1.872512 dpu=NA clean=0 reason=overflow+achieved+scheduler
[0;34m[l4][0m recovery PASS: grpc-envoy-permissive/8192 at 5000 rps (attempt 1)
[0;34m[l4][0m point-8192-grpc-envoy-permissive-r35837 decision=0 votes=0-2
[0;34m[l4][0m knee grpc-envoy-permissive/8192 clean=35171 first_bad=35837 bracket=1.019x
[0;34m[l4][0m scout-8192-grpc-envoy-strict-pilot1-v1 offered=5000 host_busy=0.826368 dpu=NA clean=1 reason=clean
[0;34m[l4][0m scout-8192-grpc-envoy-strict-pilot2-v1 offered=6750 host_busy=1.108442 dpu=NA clean=1 reason=clean
[0;34m[l4][0m scout-8192-grpc-envoy-strict-pilot3-v1 offered=9113 host_busy=1.481150 dpu=NA clean=1 reason=clean
[0;34m[l4][0m scout-8192-grpc-envoy-strict-pilot4-v1 offered=12303 host_busy=1.897438 dpu=NA clean=1 reason=clean
[0;34m[l4][0m scout-8192-grpc-envoy-strict-pilot5-v1 offered=16609 host_busy=1.934759 dpu=NA clean=1 reason=clean
[0;34m[l4][0m scout-8192-grpc-envoy-strict-pilot6-v1 offered=22422 host_busy=1.936152 dpu=NA clean=1 reason=clean
[0;34m[l4][0m scout-8192-grpc-envoy-strict-pilot7-v1 offered=30270 host_busy=1.883213 dpu=NA clean=0 reason=achieved+scheduler
[0;34m[l4][0m recovery PASS: grpc-envoy-strict/8192 at 5000 rps (attempt 1)
[0;34m[l4][0m scout-8192-grpc-envoy-strict-validate7-v1 offered=30270 host_busy=1.903573 dpu=NA clean=0 reason=overflow+achieved+scheduler
[0;34m[l4][0m recovery PASS: grpc-envoy-strict/8192 at 5000 rps (attempt 1)
[0;34m[l4][0m scout-8192-grpc-envoy-strict-validate7-v2 offered=30270 host_busy=1.906370 dpu=NA clean=0 reason=overflow+achieved+scheduler
[0;34m[l4][0m recovery PASS: grpc-envoy-strict/8192 at 5000 rps (attempt 1)
[0;34m[l4][0m point-8192-grpc-envoy-strict-r30270 decision=0 votes=0-2
[0;34m[l4][0m scout-8192-grpc-envoy-strict-backtrack6-v1 offered=22422 host_busy=1.977942 dpu=NA clean=1 reason=clean
[0;34m[l4][0m scout-8192-grpc-envoy-strict-backtrack6-v2 offered=22422 host_busy=1.959359 dpu=NA clean=1 reason=clean
[0;34m[l4][0m point-8192-grpc-envoy-strict-r22422 decision=1 votes=2-0
[0;34m[l4][0m scout-8192-grpc-envoy-strict-refine1-v1 offered=26052 host_busy=1.960827 dpu=NA clean=1 reason=clean
[0;34m[l4][0m scout-8192-grpc-envoy-strict-refine1-v2 offered=26052 host_busy=1.960159 dpu=NA clean=1 reason=clean
[0;34m[l4][0m point-8192-grpc-envoy-strict-r26052 decision=1 votes=2-0
[0;34m[l4][0m scout-8192-grpc-envoy-strict-refine2-v1 offered=28082 host_busy=1.941111 dpu=NA clean=1 reason=clean
[0;34m[l4][0m scout-8192-grpc-envoy-strict-refine2-v2 offered=28082 host_busy=1.940247 dpu=NA clean=1 reason=clean
[0;34m[l4][0m point-8192-grpc-envoy-strict-r28082 decision=1 votes=2-0
[0;34m[l4][0m scout-8192-grpc-envoy-strict-refine3-v1 offered=29155 host_busy=1.898053 dpu=NA clean=0 reason=overflow+achieved+scheduler
[0;34m[l4][0m recovery PASS: grpc-envoy-strict/8192 at 5000 rps (attempt 1)
[0;34m[l4][0m scout-8192-grpc-envoy-strict-refine3-v2 offered=29155 host_busy=1.906599 dpu=NA clean=0 reason=overflow+achieved+scheduler
[0;34m[l4][0m recovery PASS: grpc-envoy-strict/8192 at 5000 rps (attempt 1)
[0;34m[l4][0m point-8192-grpc-envoy-strict-r29155 decision=0 votes=0-2
[0;34m[l4][0m scout-8192-grpc-envoy-strict-refine4-v1 offered=28613 host_busy=1.906835 dpu=NA clean=0 reason=achieved+scheduler
[0;34m[l4][0m recovery PASS: grpc-envoy-strict/8192 at 5000 rps (attempt 1)
[0;34m[l4][0m scout-8192-grpc-envoy-strict-refine4-v2 offered=28613 host_busy=1.945159 dpu=NA clean=1 reason=clean
[0;34m[l4][0m scout-8192-grpc-envoy-strict-refine4-v3 offered=28613 host_busy=1.948207 dpu=NA clean=1 reason=clean
[0;34m[l4][0m point-8192-grpc-envoy-strict-r28613 decision=1 votes=2-1
[0;34m[l4][0m knee grpc-envoy-strict/8192 clean=28613 first_bad=29155 bracket=1.019x
[0;34m[l4][0m generator headroom PASS: every path knee is below 1/1.25 of its frame-specific generator ceiling
[0;34m[l4][0m rate plan ready: 267 retained config/payload points
[0;34m[l4][0m collecting idle baselines
[0;34m[l4][0m idle-0-q0-grpc-envoy-strict-r1 offered=0 achieved=0.000 p99=0 host_cgroup=0.008727 host_busy=0.003897 dpu=NA status=ok clean=NA reason=idle
[0;34m[l4][0m idle-0-q0-grpc-linkerd-r1 offered=0 achieved=0.000 p99=0 host_cgroup=0.000586 host_busy=0.000000 dpu=NA status=ok clean=NA reason=idle
[0;34m[l4][0m idle-0-q0-grpc-linkerd-opaque-r1 offered=0 achieved=0.000 p99=0 host_cgroup=0.000568 host_busy=0.000000 dpu=NA status=ok clean=NA reason=idle
[0;34m[l4][0m idle-0-q0-grpc-tcp-r1 offered=0 achieved=0.000 p99=0 host_cgroup=0.000261 host_busy=0.000000 dpu=NA status=ok clean=NA reason=idle
[0;34m[l4][0m idle-0-q0-grpc-dpumesh-r1 offered=0 achieved=0.000 p99=0 host_cgroup=0.000543 host_busy=0.000000 dpu=0.121775 status=ok clean=NA reason=idle
[0;34m[l4][0m idle-0-q0-grpc-envoy-permissive-r1 offered=0 achieved=0.000 p99=0 host_cgroup=0.008099 host_busy=0.003900 dpu=NA status=ok clean=NA reason=idle
[0;34m[l4][0m idle-0-q0-grpc-linkerd-r2 offered=0 achieved=0.000 p99=0 host_cgroup=0.000468 host_busy=0.000000 dpu=NA status=ok clean=NA reason=idle
[0;34m[l4][0m idle-0-q0-grpc-linkerd-opaque-r2 offered=0 achieved=0.000 p99=0 host_cgroup=0.000633 host_busy=0.001945 dpu=NA status=ok clean=NA reason=idle
[0;34m[l4][0m idle-0-q0-grpc-tcp-r2 offered=0 achieved=0.000 p99=0 host_cgroup=0.000268 host_busy=0.000000 dpu=NA status=ok clean=NA reason=idle
[0;34m[l4][0m idle-0-q0-grpc-dpumesh-r2 offered=0 achieved=0.000 p99=0 host_cgroup=0.000529 host_busy=0.001965 dpu=0.119841 status=ok clean=NA reason=idle
[0;34m[l4][0m idle-0-q0-grpc-envoy-permissive-r2 offered=0 achieved=0.000 p99=0 host_cgroup=0.008292 host_busy=0.003894 dpu=NA status=ok clean=NA reason=idle
[0;34m[l4][0m idle-0-q0-grpc-envoy-strict-r2 offered=0 achieved=0.000 p99=0 host_cgroup=0.009067 host_busy=0.007791 dpu=NA status=ok clean=NA reason=idle
[0;34m[l4][0m idle-0-q0-grpc-linkerd-opaque-r3 offered=0 achieved=0.000 p99=0 host_cgroup=0.000561 host_busy=0.000000 dpu=NA status=ok clean=NA reason=idle
[0;34m[l4][0m idle-0-q0-grpc-tcp-r3 offered=0 achieved=0.000 p99=0 host_cgroup=0.000293 host_busy=0.000000 dpu=NA status=ok clean=NA reason=idle
[0;34m[l4][0m idle-0-q0-grpc-dpumesh-r3 offered=0 achieved=0.000 p99=0 host_cgroup=0.000536 host_busy=0.000000 dpu=0.119848 status=ok clean=NA reason=idle
[0;34m[l4][0m idle-0-q0-grpc-envoy-permissive-r3 offered=0 achieved=0.000 p99=0 host_cgroup=0.008316 host_busy=0.003893 dpu=NA status=ok clean=NA reason=idle
[0;34m[l4][0m idle-0-q0-grpc-envoy-strict-r3 offered=0 achieved=0.000 p99=0 host_cgroup=0.009369 host_busy=0.001946 dpu=NA status=ok clean=NA reason=idle
[0;34m[l4][0m idle-0-q0-grpc-linkerd-r3 offered=0 achieved=0.000 p99=0 host_cgroup=0.000629 host_busy=0.000000 dpu=NA status=ok clean=NA reason=idle
[0;34m[l4][0m collecting open-loop load sweep
[0;34m[l4][0m load-64-q1-grpc-envoy-permissive-r1 offered=2607 achieved=2607.000 p99=551.00 host_cgroup=0.429520 host_busy=0.342275 dpu=NA status=ok clean=1 reason=clean
[0;34m[l4][0m load-64-q1-grpc-envoy-strict-r1 offered=2559 achieved=2558.000 p99=561.00 host_cgroup=0.421697 host_busy=0.350554 dpu=NA status=ok clean=1 reason=clean
[0;34m[l4][0m load-64-q1-grpc-linkerd-r1 offered=785 achieved=784.000 p99=991.00 host_cgroup=0.431571 host_busy=0.352258 dpu=NA status=ok clean=1 reason=clean
[0;34m[l4][0m load-64-q1-grpc-linkerd-opaque-r1 offered=2511 achieved=2511.000 p99=548.00 host_cgroup=0.475532 host_busy=0.319532 dpu=NA status=ok clean=1 reason=clean
[0;34m[l4][0m load-64-q1-grpc-tcp-r1 offered=1694 achieved=1694.000 p99=413.00 host_cgroup=0.312394 host_busy=0.177365 dpu=NA status=ok clean=1 reason=clean
[0;34m[l4][0m load-64-q1-grpc-dpumesh-r1 offered=1485 achieved=1485.000 p99=528.00 host_cgroup=0.197142 host_busy=0.121530 dpu=0.259483 status=ok clean=1 reason=clean
[0;34m[l4][0m load-64-q2-grpc-envoy-strict-r1 offered=3925 achieved=3925.000 p99=530.00 host_cgroup=0.582029 host_busy=0.508822 dpu=NA status=ok clean=1 reason=clean
[0;34m[l4][0m load-64-q2-grpc-linkerd-r1 offered=2355 achieved=2355.000 p99=800.00 host_cgroup=0.795695 host_busy=0.689963 dpu=NA status=ok clean=1 reason=clean
[0;34m[l4][0m load-64-q2-grpc-linkerd-opaque-r1 offered=3925 achieved=3925.000 p99=536.00 host_cgroup=0.667796 host_busy=0.490900 dpu=NA status=ok clean=1 reason=clean
[0;34m[l4][0m load-64-q2-grpc-tcp-r1 offered=3925 achieved=3925.000 p99=228.00 host_cgroup=0.346482 host_busy=0.392517 dpu=NA status=ok clean=1 reason=clean
[0;34m[l4][0m load-64-q2-grpc-dpumesh-r1 offered=3925 achieved=3925.000 p99=468.00 host_cgroup=0.283017 host_busy=0.333678 dpu=0.483258 status=ok clean=1 reason=clean
[0;34m[l4][0m load-64-q2-grpc-envoy-permissive-r1 offered=3925 achieved=3925.000 p99=523.00 host_cgroup=0.574204 host_busy=0.484392 dpu=NA status=ok clean=1 reason=clean
[0;34m[l4][0m load-64-q3-grpc-linkerd-r1 offered=3925 achieved=3925.000 p99=1010.00 host_cgroup=1.185226 host_busy=1.138650 dpu=NA status=ok clean=1 reason=clean
[0;34m[l4][0m load-64-q3-grpc-linkerd-opaque-r1 offered=7534 achieved=7534.000 p99=583.00 host_cgroup=0.956803 host_busy=0.908094 dpu=NA status=ok clean=1 reason=clean
[0;34m[l4][0m load-64-q3-grpc-tcp-r1 offered=5081 achieved=5081.000 p99=438.00 host_cgroup=0.449016 host_busy=0.423707 dpu=NA status=ok clean=1 reason=clean
[0;34m[l4][0m load-64-q3-grpc-dpumesh-r1 offered=4456 achieved=4456.000 p99=530.00 host_cgroup=0.319133 host_busy=0.300371 dpu=0.548217 status=ok clean=1 reason=clean
[0;34m[l4][0m load-64-q3-grpc-envoy-permissive-r1 offered=7822 achieved=7822.000 p99=366.00 host_cgroup=1.011210 host_busy=0.975284 dpu=NA status=ok clean=1 reason=clean
[0;34m[l4][0m load-64-q3-grpc-envoy-strict-r1 offered=7677 achieved=7677.000 p99=564.00 host_cgroup=1.046662 host_busy=1.019365 dpu=NA status=ok clean=1 reason=clean
[0;34m[l4][0m load-64-q4-grpc-linkerd-opaque-r1 offered=7851 achieved=7851.000 p99=510.00 host_cgroup=0.980451 host_busy=0.939787 dpu=NA status=ok clean=1 reason=clean
[0;34m[l4][0m load-64-q4-grpc-tcp-r1 offered=7851 achieved=7851.000 p99=570.00 host_cgroup=0.759540 host_busy=0.642146 dpu=NA status=ok clean=1 reason=clean
[0;34m[l4][0m load-64-q4-grpc-dpumesh-r1 offered=7851 achieved=7851.000 p99=524.00 host_cgroup=0.521585 host_busy=0.515727 dpu=0.796584 status=ok clean=1 reason=clean
[0;34m[l4][0m load-64-q4-grpc-envoy-permissive-r1 offered=7851 achieved=7851.000 p99=425.00 host_cgroup=1.018613 host_busy=0.982414 dpu=NA status=ok clean=1 reason=clean
[0;34m[l4][0m load-64-q4-grpc-envoy-strict-r1 offered=7851 achieved=7851.000 p99=527.00 host_cgroup=1.064665 host_busy=1.031188 dpu=NA status=ok clean=1 reason=clean
[0;34m[l4][0m load-64-q4-grpc-linkerd-r1 offered=4710 achieved=4709.000 p99=977.00 host_cgroup=1.386619 host_busy=1.297998 dpu=NA status=ok clean=1 reason=clean
[0;34m[l4][0m load-64-q5-grpc-tcp-r1 offered=10163 achieved=10163.000 p99=142.00 host_cgroup=0.864215 host_busy=0.835697 dpu=NA status=ok clean=1 reason=clean
[0;34m[l4][0m load-64-q5-grpc-dpumesh-r1 offered=8912 achieved=8912.000 p99=497.00 host_cgroup=0.570073 host_busy=0.540437 dpu=0.882112 status=ok clean=1 reason=clean
[0;34m[l4][0m load-64-q5-grpc-envoy-permissive-r1 offered=11776 achieved=11776.000 p99=238.00 host_cgroup=1.492088 host_busy=1.457915 dpu=NA status=ok clean=1 reason=clean
[0;34m[l4][0m load-64-q5-grpc-envoy-strict-r1 offered=11776 achieved=11776.000 p99=244.00 host_cgroup=1.581749 host_busy=1.525572 dpu=NA status=ok clean=1 reason=clean
[0;34m[l4][0m load-64-q5-grpc-linkerd-r1 offered=7851 achieved=7851.000 p99=1998.00 host_cgroup=1.728498 host_busy=1.702468 dpu=NA status=ok clean=1 reason=clean
[0;34m[l4][0m load-64-q5-grpc-linkerd-opaque-r1 offered=11776 achieved=11776.000 p99=216.00 host_cgroup=1.445907 host_busy=1.385884 dpu=NA status=ok clean=1 reason=clean
[0;34m[l4][0m load-64-q6-grpc-dpumesh-r1 offered=11776 achieved=11776.000 p99=432.00 host_cgroup=0.706510 host_busy=0.693010 dpu=1.059222 status=ok clean=1 reason=clean
[0;34m[l4][0m load-64-q6-grpc-envoy-permissive-r1 offered=14131 achieved=14131.000 p99=355.00 host_cgroup=1.766413 host_busy=1.715683 dpu=NA status=ok clean=1 reason=clean
[0;34m[l4][0m load-64-q6-grpc-envoy-strict-r1 offered=14131 achieved=14131.000 p99=508.00 host_cgroup=1.867935 host_busy=1.842467 dpu=NA status=ok clean=1 reason=clean
[0;34m[l4][0m load-64-q6-grpc-linkerd-r1 offered=10991 achieved=10991.000 p99=3611.00 host_cgroup=1.750917 host_busy=1.682938 dpu=NA status=ok clean=1 reason=clean
[0;34m[l4][0m load-64-q6-grpc-linkerd-opaque-r1 offered=14131 achieved=14131.000 p99=219.00 host_cgroup=1.677778 host_busy=1.630585 dpu=NA status=ok clean=1 reason=clean
[0;34m[l4][0m load-64-q6-grpc-tcp-r1 offered=11776 achieved=11776.000 p99=159.00 host_cgroup=1.001010 host_busy=0.972611 dpu=NA status=ok clean=1 reason=clean
[0;34m[l4][0m load-64-q7-grpc-envoy-permissive-r1 offered=15645 achieved=15645.000 p99=722.00 host_cgroup=1.929077 host_busy=1.910371 dpu=NA status=ok clean=1 reason=clean
[0;34m[l4][0m load-64-q7-grpc-envoy-strict-r1 offered=15354 achieved=15354.000 p99=982.00 host_cgroup=1.905084 host_busy=1.889076 dpu=NA status=ok clean=1 reason=clean
[0;34m[l4][0m load-64-q7-grpc-linkerd-r1 offered=11776 achieved=11775.000 p99=4133.00 host_cgroup=1.760943 host_busy=1.721320 dpu=NA status=ok clean=1 reason=clean
[0;34m[l4][0m load-64-q7-grpc-linkerd-opaque-r1 offered=15069 achieved=15069.000 p99=259.00 host_cgroup=1.809655 host_busy=1.742675 dpu=NA status=ok clean=1 reason=clean
[0;34m[l4][0m load-64-q7-grpc-tcp-r1 offered=14131 achieved=14130.000 p99=12934.00 host_cgroup=1.251584 host_busy=1.213493 dpu=NA status=ok clean=1 reason=clean
[0;34m[l4][0m load-64-q7-grpc-dpumesh-r1 offered=14131 achieved=14130.000 p99=291.00 host_cgroup=0.877656 host_busy=0.886930 dpu=1.302473 status=ok clean=1 reason=clean
[0;34m[l4][0m load-64-q8-grpc-envoy-strict-r1 offered=25590 achieved=25590.000 p99=1768.00 host_cgroup=1.927519 host_busy=1.899176 dpu=NA status=ok clean=1 reason=clean
[0;34m[l4][0m load-64-q8-grpc-linkerd-r1 offered=13346 achieved=13345.000 p99=5974.00 host_cgroup=1.771350 host_busy=1.741107 dpu=NA status=ok clean=1 reason=clean
[0;34m[l4][0m load-64-q8-grpc-linkerd-opaque-r1 offered=25115 achieved=25114.000 p99=1320.00 host_cgroup=1.909962 host_busy=1.898912 dpu=NA status=ok clean=1 reason=clean
[0;34m[l4][0m load-64-q8-grpc-tcp-r1 offered=16938 achieved=16938.000 p99=317.00 host_cgroup=1.484242 host_busy=1.487911 dpu=NA status=ok clean=1 reason=clean
[0;34m[l4][0m load-64-q8-grpc-dpumesh-r1 offered=14854 achieved=14853.000 p99=305.00 host_cgroup=0.920384 host_busy=0.878481 dpu=1.369444 status=ok clean=1 reason=clean
[0;34m[l4][0m load-64-q8-grpc-envoy-permissive-r1 offered=26075 achieved=26074.000 p99=1716.00 host_cgroup=1.921128 host_busy=1.894221 dpu=NA status=ok clean=1 reason=clean
[0;34m[l4][0m load-64-q9-grpc-linkerd-r1 offered=14131 achieved=14133.000 p99=7757.00 host_cgroup=1.810064 host_busy=1.822716 dpu=NA status=ok clean=1 reason=clean
[0;34m[l4][0m load-64-q9-grpc-linkerd-opaque-r1 offered=35160 achieved=35162.000 p99=2554.00 host_cgroup=1.873571 host_busy=1.848641 dpu=NA status=ok clean=1 reason=clean
[0;34m[l4][0m load-64-q9-grpc-tcp-r1 offered=23713 achieved=23713.000 p99=1237.00 host_cgroup=1.726708 host_busy=1.678025 dpu=NA status=ok clean=1 reason=clean
[0;34m[l4][0m load-64-q9-grpc-dpumesh-r1 offered=20795 achieved=20795.000 p99=486.00 host_cgroup=1.237908 host_busy=1.030773 dpu=1.673567 status=ok clean=1 reason=clean
[0;34m[l4][0m load-64-q9-grpc-envoy-permissive-r1 offered=36504 achieved=36505.000 p99=2985.00 host_cgroup=1.886856 host_busy=1.865011 dpu=NA status=ok clean=1 reason=clean
[0;34m[l4][0m load-64-q9-grpc-envoy-strict-r1 offered=35826 achieved=35825.000 p99=3218.00 host_cgroup=1.887008 host_busy=1.858765 dpu=NA status=ok clean=1 reason=clean
[0;34m[l4][0m load-64-q10-grpc-linkerd-opaque-r1 offered=42695 achieved=42700.000 p99=6111.00 host_cgroup=1.875528 host_busy=1.868987 dpu=NA status=ok clean=1 reason=clean
[0;34m[l4][0m load-64-q10-grpc-tcp-r1 offered=28795 achieved=28806.000 p99=5299.00 host_cgroup=1.873704 host_busy=1.855528 dpu=NA status=ok clean=1 reason=clean
[0;34m[l4][0m load-64-q10-grpc-dpumesh-r1 offered=25251 achieved=25253.000 p99=93238.00 host_cgroup=1.525219 host_busy=1.486227 dpu=2.169398 status=ok clean=1 reason=clean
[0;34m[l4][0m load-64-q10-grpc-envoy-permissive-r1 offered=44327 achieved=44330.000 p99=7619.00 host_cgroup=1.892498 host_busy=1.876374 dpu=NA status=ok clean=1 reason=clean
[0;34m[l4][0m load-64-q10-grpc-envoy-strict-r1 offered=43503 achieved=43501.000 p99=7602.00 host_cgroup=1.894961 host_busy=1.880327 dpu=NA status=ok clean=1 reason=clean
[0;34m[l4][0m load-64-q10-grpc-linkerd-r1 offered=14916 achieved=14911.000 p99=9945.00 host_cgroup=1.825242 host_busy=1.804960 dpu=NA status=ok clean=1 reason=clean
[0;34m[l4][0m load-64-q11-grpc-tcp-r1 offered=32182 achieved=32226.000 p99=24171.00 host_cgroup=1.952792 host_busy=1.938998 dpu=NA status=ok clean=1 reason=clean
[0;34m[l4][0m load-64-q11-grpc-dpumesh-r1 offered=28222 achieved=28222.000 p99=33208.00 host_cgroup=1.676614 host_busy=1.714001 dpu=2.369065 status=ok clean=1 reason=clean
[0;34m[l4][0m load-64-q11-grpc-envoy-permissive-r1 offered=49542 achieved=49558.000 p99=22673.00 host_cgroup=1.917597 host_busy=1.886333 dpu=NA status=ok clean=1 reason=clean
[0;34m[l4][0m load-64-q11-grpc-envoy-strict-r1 offered=48621 achieved=48618.000 p99=24933.00 host_cgroup=1.918067 host_busy=1.894611 dpu=NA status=ok clean=1 reason=clean
[0;34m[l4][0m load-64-q11-grpc-linkerd-r1 offered=15701 achieved=15692.000 p99=18316.00 host_cgroup=1.835343 host_busy=1.827745 dpu=NA status=ok clean=1 reason=clean
[0;34m[l4][0m load-64-q11-grpc-linkerd-opaque-r1 offered=47718 achieved=47709.000 p99=18819.00 host_cgroup=1.902716 host_busy=1.882820 dpu=NA status=ok clean=1 reason=clean
[0;34m[l4][0m load-64-q12-grpc-dpumesh-r1 offered=29707 achieved=26617.000 p99=1035475.00 host_cgroup=1.942012 host_busy=1.926019 dpu=1.600911 status=ok clean=0 reason=overflow+achieved
[0;34m[l4][0m recovery PASS: grpc-dpumesh/64 at 5000 rps (attempt 1)
[0;34m[l4][0m load-64-q12-grpc-envoy-permissive-r1 offered=52149 achieved=52120.000 p99=54081.00 host_cgroup=1.943568 host_busy=1.918719 dpu=NA status=ok clean=1 reason=clean
[0;34m[l4][0m load-64-q12-grpc-envoy-strict-r1 offered=51180 achieved=51126.000 p99=43972.00 host_cgroup=1.944025 host_busy=1.920675 dpu=NA status=ok clean=1 reason=clean
[1;33m[l4][0m load-64-q12-grpc-linkerd-r1 runtime status=fail; recovering and retrying (1/3)
[0;34m[l4][0m recovery PASS: grpc-linkerd/64 at 5000 rps (attempt 1)
[1;33m[l4][0m load-64-q12-grpc-linkerd-r1 runtime status=fail; recovering and retrying (2/3)
[0;34m[l4][0m recovery PASS: grpc-linkerd/64 at 5000 rps (attempt 1)
[1;33m[l4][0m load-64-q12-grpc-linkerd-r1 runtime status=fail; recovering and retrying (3/3)
[0;34m[l4][0m recovery PASS: grpc-linkerd/64 at 5000 rps (attempt 1)
[0;31m[l4][0m load-64-q12-grpc-linkerd-r1 exceeded MAX_RUN_RETRIES=3; failed attempts are preserved
[0;34m[l4][0m output=/home/jukebox/DPUmesh/integrations/linkerd/bench/report/data/linkerd-20260810/open
[0;34m[l4][0m planned workload: load_max=270 idle=18 pilot_max=720 knee_vote_runs_typical=216 perf_replays=0 expected_timed~111.3min
[sudo] password for jukebox: [0;34m[l4][0m using existing deployment (--no-deploy)
[0;32m[INFO][0m Host NUMA: PCI 94:00.0 -> node 1, benchmark cores 18-35
[0;34m[STEP][0m === Pinning pods to dedicated cores (taskset, profile=grpc) ===
[0;32m[INFO][0m CPU governor=performance, fixed 2.5 GHz on cores 18-35
[0;32m[INFO][0m bench-grpc-dpumesh → core(s) 18 (pod=7b1e266893c48af851a3a41f9f3112248ec2cf4ffadb331fda9ebf9b38729164)
[0;32m[INFO][0m   bench-grpc-dpumesh (PID 19473) → 18
[0;32m[INFO][0m echo-grpc-dpumesh → core(s) 19 (pod=1b5e07e9e40a4d3b0a7f962fa5d7342ff0a1c942d81d32ebd409f547cdcafabf)
[0;32m[INFO][0m   echo-grpc-dpumesh (PID 18859) → 19
[0;32m[INFO][0m bench-grpc-envoy → core(s) 20 (pod=adba01839a27ca4d8b8011b9724558abac3530b0b6f852a79406e80d2814af0c)
[0;32m[INFO][0m   sidecar1 (PID 20211) → 20
[0;32m[INFO][0m   bench-grpc-envoy (PID 20187) → 20
[0;32m[INFO][0m echo-grpc-envoy → core(s) 21 (pod=bd4029f7d4102eb3ee9b59803f596054597d04048bb0f9672b8e01f6401aa9db)
[0;32m[INFO][0m   sidecar2 (PID 19826) → 21
[0;32m[INFO][0m   echo-grpc-envoy (PID 19775) → 21
[0;32m[INFO][0m bench-grpc-tcp → core(s) 22 (pod=c1d628d5cf55b67aa3ac2a6ccb28aad692dd97cae66e8ead2f2fe78a1c6e699c)
[0;32m[INFO][0m   bench-grpc-tcp (PID 20866) → 22
[0;32m[INFO][0m echo-grpc-tcp → core(s) 23 (pod=2931e3aac93c71526cfbd769669470d59c43267558d63a8755312241717c73ac)
[0;32m[INFO][0m   echo-grpc-tcp (PID 20523) → 23
[0;32m[INFO][0m bench-grpc-envoy-strict → core(s) 24 (pod=682f2314ea5f0c91e5399a0ae746fd63664d5ed289fd9223709f84582d6186e7)
[0;32m[INFO][0m   sidecar1 (PID 21572) → 24
[0;32m[INFO][0m   bench-grpc-envoy-strict (PID 21527) → 24
[0;32m[INFO][0m echo-grpc-envoy-strict → core(s) 25 (pod=3ceb30b7b55b5ed172ed49aeb282892d86d0ce2846318c219267de37bd462c8b)
[0;32m[INFO][0m   sidecar2 (PID 21189) → 25
[0;32m[INFO][0m   echo-grpc-envoy-strict (PID 21144) → 25
[0;32m[INFO][0m bench-grpc-linkerd → core(s) 26 (pod=815c1d4603801bba4d68c447820710c9e56347f47b06c19a752fab6db0f862f7)
[0;32m[INFO][0m   bench-grpc-linkerd (PID 22605) → 26
[0;32m[INFO][0m   linkerd-proxy (PID 22536) → 26
[0;32m[INFO][0m echo-grpc-linkerd → core(s) 27 (pod=300dfa003271e82b6e56a548bada57dd41a3ce690750e49fe2ebde16db6b2686)
[0;32m[INFO][0m   echo-grpc-linkerd (PID 22077) → 27
[0;32m[INFO][0m   linkerd-proxy (PID 22005) → 27
[0;32m[INFO][0m bench-grpc-linkerd-opaque → core(s) 28 (pod=6dce96d870ca2083a30d7b7c82b4e2a86cd0862d10ae3101c424027c38434abe)
[0;32m[INFO][0m   bench-grpc-linkerd-opaque (PID 23664) → 28
[0;32m[INFO][0m   linkerd-proxy (PID 23577) → 28
[0;32m[INFO][0m echo-grpc-linkerd-opaque → core(s) 29 (pod=a91cfa0fcbde896cd75a30500f7dc6110edb28048821c11bf01fe736ce8d1cd7)
[0;32m[INFO][0m   echo-grpc-linkerd-opaque (PID 23156) → 29
[0;32m[INFO][0m   linkerd-proxy (PID 23073) → 29
[0;32m[INFO][0m Pinning done
[0;34m[l4][0m binary audit PASS: selected POSIX and gRPC paths are each byte-identical; native API binaries recorded separately
[0;34m[l4][0m smoke grpc-envoy-permissive attempt=1 clean=1: OK mrps=0.004998 gbps=0.0051 req_gbps=0.0026 resp_gbps=0.0026 p50=182.00 p95=389.00 p99=516.00 p999=644.00 p9999=713.00 avg=206.64 min=136.40 max=747.85 rcnt=9840 scheduled=10000 pending=0 fail=0 conc=0 threads=8 channels=8 reqsz=48 repsz=48 reqframe=64 respframe=64 durs=2.000 offered_mrps=0.005000 drops=0 overflow=0 worker_fail=0 reorder=0 mode=open arr=const batch=0 reconns=0 reconn_us=0.00 grabs=0 rets=0 recyc=0 waits=0 pads=0 credit_hold_dropped=0 eq_budget_exhausted=0 dist=NA
[0;34m[l4][0m smoke grpc-envoy-strict attempt=1 clean=1: OK mrps=0.004998 gbps=0.0051 req_gbps=0.0026 resp_gbps=0.0026 p50=189.00 p95=268.00 p99=522.00 p999=672.00 p9999=772.00 avg=203.02 min=142.77 max=775.67 rcnt=9840 scheduled=10000 pending=0 fail=0 conc=0 threads=8 channels=8 reqsz=48 repsz=48 reqframe=64 respframe=64 durs=2.000 offered_mrps=0.005000 drops=0 overflow=0 worker_fail=0 reorder=0 mode=open arr=const batch=0 reconns=0 reconn_us=0.00 grabs=0 rets=0 recyc=0 waits=0 pads=0 credit_hold_dropped=0 eq_budget_exhausted=0 dist=NA
[0;34m[l4][0m smoke grpc-linkerd attempt=1 clean=1: OK mrps=0.004998 gbps=0.0051 req_gbps=0.0026 resp_gbps=0.0026 p50=406.00 p95=411.00 p99=429.00 p999=700.00 p9999=1136.00 avg=406.13 min=296.46 max=1172.64 rcnt=9838 scheduled=10000 pending=0 fail=0 conc=0 threads=8 channels=8 reqsz=48 repsz=48 reqframe=64 respframe=64 durs=2.000 offered_mrps=0.005000 drops=0 overflow=0 worker_fail=0 reorder=0 mode=open arr=const batch=0 reconns=0 reconn_us=0.00 grabs=0 rets=0 recyc=0 waits=0 pads=0 credit_hold_dropped=0 eq_budget_exhausted=0 dist=NA
[0;34m[l4][0m smoke grpc-linkerd-opaque attempt=1 clean=1: OK mrps=0.004998 gbps=0.0051 req_gbps=0.0026 resp_gbps=0.0026 p50=199.00 p95=486.00 p99=625.00 p999=682.00 p9999=740.00 avg=277.62 min=149.44 max=740.71 rcnt=9840 scheduled=10000 pending=0 fail=0 conc=0 threads=8 channels=8 reqsz=48 repsz=48 reqframe=64 respframe=64 durs=2.000 offered_mrps=0.005000 drops=0 overflow=0 worker_fail=0 reorder=0 mode=open arr=const batch=0 reconns=0 reconn_us=0.00 grabs=0 rets=0 recyc=0 waits=0 pads=0 credit_hold_dropped=0 eq_budget_exhausted=0 dist=NA
[0;34m[l4][0m smoke grpc-tcp attempt=1 clean=1: OK mrps=0.004998 gbps=0.0051 req_gbps=0.0026 resp_gbps=0.0026 p50=134.00 p95=140.00 p99=315.00 p999=512.00 p9999=533.00 avg=139.61 min=97.06 max=591.15 rcnt=9840 scheduled=10000 pending=0 fail=0 conc=0 threads=8 channels=8 reqsz=48 repsz=48 reqframe=64 respframe=64 durs=2.000 offered_mrps=0.005000 drops=0 overflow=0 worker_fail=0 reorder=0 mode=open arr=const batch=0 reconns=0 reconn_us=0.00 grabs=0 rets=0 recyc=0 waits=0 pads=0 credit_hold_dropped=0 eq_budget_exhausted=0 dist=NA
[0;34m[l4][0m smoke grpc-dpumesh attempt=1 clean=1: OK mrps=0.004998 gbps=0.0051 req_gbps=0.0026 resp_gbps=0.0026 p50=244.00 p95=271.00 p99=397.00 p999=552.00 p9999=748.00 avg=250.23 min=184.34 max=2083.69 rcnt=9839 scheduled=10000 pending=0 fail=0 conc=0 threads=8 channels=8 reqsz=48 repsz=48 reqframe=64 respframe=64 durs=2.000 offered_mrps=0.005000 drops=0 overflow=0 worker_fail=0 reorder=0 mode=open arr=const batch=0 reconns=0 reconn_us=0.00 grabs=0 rets=0 recyc=0 waits=0 pads=0 credit_hold_dropped=0 eq_budget_exhausted=0 dist=NA
[0;34m[l4][0m backend budget PASS: exactly one ready server backend/config
[0;34m[l4][0m fixed host-core budget PASS: 2 exclusive cores/config, 12 endpoint cores total
[0;34m[l4][0m generator selftest grpc/64 clean_ceiling=28832525 first_bad=43248788 status=bracketed
[0;34m[l4][0m generator selftest grpc/1024 clean_ceiling=28832525 first_bad=43248788 status=bracketed
[0;34m[l4][0m generator selftest grpc/8192 clean_ceiling=12814455 first_bad=19221683 status=bracketed
[0;34m[l4][0m discovering per-config OPEN-loop SLA knees
[0;34m[l4][0m generator headroom PASS: every path knee is below 1/1.25 of its frame-specific generator ceiling
[0;34m[l4][0m rate plan ready: 267 retained config/payload points
[0;34m[l4][0m collecting idle baselines
[0;34m[l4][0m idle-0-q0-grpc-envoy-strict-r1 offered=0 achieved=0.000 p99=0 host_cgroup=0.008997 host_busy=0.005850 dpu=NA status=ok clean=NA reason=idle
[0;34m[l4][0m idle-0-q0-grpc-linkerd-r1 offered=0 achieved=0.000 p99=0 host_cgroup=0.000756 host_busy=0.000000 dpu=NA status=ok clean=NA reason=idle
[0;34m[l4][0m idle-0-q0-grpc-linkerd-opaque-r1 offered=0 achieved=0.000 p99=0 host_cgroup=0.000922 host_busy=0.001947 dpu=NA status=ok clean=NA reason=idle
[0;34m[l4][0m idle-0-q0-grpc-tcp-r1 offered=0 achieved=0.000 p99=0 host_cgroup=0.000437 host_busy=0.000000 dpu=NA status=ok clean=NA reason=idle
[0;34m[l4][0m idle-0-q0-grpc-dpumesh-r1 offered=0 achieved=0.000 p99=0 host_cgroup=0.000681 host_busy=0.000000 dpu=0.121773 status=ok clean=NA reason=idle
[0;34m[l4][0m idle-0-q0-grpc-envoy-permissive-r1 offered=0 achieved=0.000 p99=0 host_cgroup=0.009167 host_busy=0.005842 dpu=NA status=ok clean=NA reason=idle
[0;34m[l4][0m idle-0-q0-grpc-linkerd-r2 offered=0 achieved=0.000 p99=0 host_cgroup=0.000683 host_busy=0.000000 dpu=NA status=ok clean=NA reason=idle
[0;34m[l4][0m idle-0-q0-grpc-linkerd-opaque-r2 offered=0 achieved=0.000 p99=0 host_cgroup=0.000988 host_busy=0.001947 dpu=NA status=ok clean=NA reason=idle
[0;34m[l4][0m idle-0-q0-grpc-tcp-r2 offered=0 achieved=0.000 p99=0 host_cgroup=0.000443 host_busy=0.000000 dpu=NA status=ok clean=NA reason=idle
[0;34m[l4][0m idle-0-q0-grpc-dpumesh-r2 offered=0 achieved=0.000 p99=0 host_cgroup=0.000718 host_busy=0.000000 dpu=0.119798 status=ok clean=NA reason=idle
[0;34m[l4][0m idle-0-q0-grpc-envoy-permissive-r2 offered=0 achieved=0.000 p99=0 host_cgroup=0.009283 host_busy=0.003893 dpu=NA status=ok clean=NA reason=idle
[0;34m[l4][0m idle-0-q0-grpc-envoy-strict-r2 offered=0 achieved=0.000 p99=0 host_cgroup=0.008552 host_busy=0.003894 dpu=NA status=ok clean=NA reason=idle
[0;34m[l4][0m idle-0-q0-grpc-linkerd-opaque-r3 offered=0 achieved=0.000 p99=0 host_cgroup=0.000830 host_busy=0.000000 dpu=NA status=ok clean=NA reason=idle
[0;34m[l4][0m idle-0-q0-grpc-tcp-r3 offered=0 achieved=0.000 p99=0 host_cgroup=0.000440 host_busy=0.000000 dpu=NA status=ok clean=NA reason=idle
[0;34m[l4][0m idle-0-q0-grpc-dpumesh-r3 offered=0 achieved=0.000 p99=0 host_cgroup=0.000686 host_busy=0.001965 dpu=0.119837 status=ok clean=NA reason=idle
[0;34m[l4][0m idle-0-q0-grpc-envoy-permissive-r3 offered=0 achieved=0.000 p99=0 host_cgroup=0.009133 host_busy=0.005839 dpu=NA status=ok clean=NA reason=idle
[0;34m[l4][0m idle-0-q0-grpc-envoy-strict-r3 offered=0 achieved=0.000 p99=0 host_cgroup=0.009068 host_busy=0.007789 dpu=NA status=ok clean=NA reason=idle
[0;34m[l4][0m idle-0-q0-grpc-linkerd-r3 offered=0 achieved=0.000 p99=0 host_cgroup=0.000875 host_busy=0.000000 dpu=NA status=ok clean=NA reason=idle
[0;34m[l4][0m collecting open-loop load sweep
[0;34m[l4][0m load-64-q1-grpc-envoy-permissive-r1 offered=2607 achieved=2607.000 p99=567.00 host_cgroup=0.501781 host_busy=0.361810 dpu=NA status=ok clean=1 reason=clean
[0;34m[l4][0m load-64-q1-grpc-envoy-strict-r1 offered=2559 achieved=2559.000 p99=592.00 host_cgroup=0.508625 host_busy=0.353808 dpu=NA status=ok clean=1 reason=clean
[0;34m[l4][0m load-64-q1-grpc-linkerd-r1 offered=785 achieved=784.000 p99=988.00 host_cgroup=0.428260 host_busy=0.350610 dpu=NA status=ok clean=1 reason=clean
[0;34m[l4][0m load-64-q1-grpc-linkerd-opaque-r1 offered=2511 achieved=2510.000 p99=546.00 host_cgroup=0.464013 host_busy=0.319569 dpu=NA status=ok clean=1 reason=clean
[0;34m[l4][0m load-64-q1-grpc-tcp-r1 offered=1694 achieved=1694.000 p99=405.00 host_cgroup=0.309749 host_busy=0.174078 dpu=NA status=ok clean=1 reason=clean
[0;34m[l4][0m load-64-q1-grpc-dpumesh-r1 offered=1485 achieved=1485.000 p99=519.00 host_cgroup=0.202578 host_busy=0.137948 dpu=0.257831 status=ok clean=1 reason=clean
[0;34m[l4][0m load-64-q2-grpc-envoy-strict-r1 offered=3925 achieved=3924.000 p99=574.00 host_cgroup=0.683168 host_busy=0.560864 dpu=NA status=ok clean=1 reason=clean
[0;34m[l4][0m load-64-q2-grpc-linkerd-r1 offered=2355 achieved=2355.000 p99=795.00 host_cgroup=0.789901 host_busy=0.679762 dpu=NA status=ok clean=1 reason=clean
[0;34m[l4][0m load-64-q2-grpc-linkerd-opaque-r1 offered=3925 achieved=3925.000 p99=531.00 host_cgroup=0.638113 host_busy=0.488907 dpu=NA status=ok clean=1 reason=clean
[0;34m[l4][0m load-64-q2-grpc-tcp-r1 offered=3925 achieved=3925.000 p99=229.00 host_cgroup=0.346575 host_busy=0.308694 dpu=NA status=ok clean=1 reason=clean
[0;34m[l4][0m load-64-q2-grpc-dpumesh-r1 offered=3925 achieved=3925.000 p99=530.00 host_cgroup=0.366373 host_busy=0.178978 dpu=0.479464 status=ok clean=1 reason=clean
[0;34m[l4][0m load-64-q2-grpc-envoy-permissive-r1 offered=3925 achieved=3925.000 p99=544.00 host_cgroup=0.654769 host_busy=0.468250 dpu=NA status=ok clean=1 reason=clean
[0;34m[l4][0m load-64-q3-grpc-linkerd-r1 offered=3925 achieved=3925.000 p99=1008.00 host_cgroup=1.182426 host_busy=1.132973 dpu=NA status=ok clean=1 reason=clean
[0;34m[l4][0m load-64-q3-grpc-linkerd-opaque-r1 offered=7534 achieved=7534.000 p99=573.00 host_cgroup=0.949597 host_busy=0.898455 dpu=NA status=ok clean=1 reason=clean
[0;34m[l4][0m load-64-q3-grpc-tcp-r1 offered=5081 achieved=5081.000 p99=324.00 host_cgroup=0.442327 host_busy=0.417184 dpu=NA status=ok clean=1 reason=clean
[0;34m[l4][0m load-64-q3-grpc-dpumesh-r1 offered=4456 achieved=4456.000 p99=430.00 host_cgroup=0.319367 host_busy=0.284090 dpu=0.538622 status=ok clean=1 reason=clean
[0;34m[l4][0m load-64-q3-grpc-envoy-permissive-r1 offered=7822 achieved=7822.000 p99=555.00 host_cgroup=1.011373 host_busy=0.967084 dpu=NA status=ok clean=1 reason=clean
[0;34m[l4][0m load-64-q3-grpc-envoy-strict-r1 offered=7677 achieved=7676.000 p99=706.00 host_cgroup=1.079255 host_busy=1.025919 dpu=NA status=ok clean=1 reason=clean
[0;34m[l4][0m load-64-q4-grpc-linkerd-opaque-r1 offered=7851 achieved=7851.000 p99=505.00 host_cgroup=0.976006 host_busy=0.937601 dpu=NA status=ok clean=1 reason=clean
[0;34m[l4][0m load-64-q4-grpc-tcp-r1 offered=7851 achieved=7851.000 p99=567.00 host_cgroup=0.749625 host_busy=0.647043 dpu=NA status=ok clean=1 reason=clean
[0;34m[l4][0m load-64-q4-grpc-dpumesh-r1 offered=7851 achieved=7851.000 p99=389.00 host_cgroup=0.522583 host_busy=0.502506 dpu=0.788244 status=ok clean=1 reason=clean
[0;34m[l4][0m load-64-q4-grpc-envoy-permissive-r1 offered=7851 achieved=7851.000 p99=580.00 host_cgroup=1.018520 host_busy=0.975121 dpu=NA status=ok clean=1 reason=clean
[0;34m[l4][0m load-64-q4-grpc-envoy-strict-r1 offered=7851 achieved=7851.000 p99=748.00 host_cgroup=1.113672 host_busy=1.048612 dpu=NA status=ok clean=1 reason=clean
[0;34m[l4][0m load-64-q4-grpc-linkerd-r1 offered=4710 achieved=4710.000 p99=959.00 host_cgroup=1.378613 host_busy=1.317766 dpu=NA status=ok clean=1 reason=clean
[0;34m[l4][0m load-64-q5-grpc-tcp-r1 offered=10163 achieved=10163.000 p99=141.00 host_cgroup=0.861883 host_busy=0.836224 dpu=NA status=ok clean=1 reason=clean
[0;34m[l4][0m load-64-q5-grpc-dpumesh-r1 offered=8912 achieved=8911.000 p99=413.00 host_cgroup=0.569958 host_busy=0.537105 dpu=0.878750 status=ok clean=1 reason=clean
[0;34m[l4][0m load-64-q5-grpc-envoy-permissive-r1 offered=11776 achieved=11776.000 p99=302.00 host_cgroup=1.497626 host_busy=1.459359 dpu=NA status=ok clean=1 reason=clean
[0;34m[l4][0m load-64-q5-grpc-envoy-strict-r1 offered=11776 achieved=11776.000 p99=342.00 host_cgroup=1.598770 host_busy=1.538982 dpu=NA status=ok clean=1 reason=clean
[0;34m[l4][0m load-64-q5-grpc-linkerd-r1 offered=7851 achieved=7851.000 p99=1986.00 host_cgroup=1.729571 host_busy=1.720415 dpu=NA status=ok clean=1 reason=clean
[0;34m[l4][0m load-64-q5-grpc-linkerd-opaque-r1 offered=11776 achieved=11776.000 p99=212.00 host_cgroup=1.417649 host_busy=1.366549 dpu=NA status=ok clean=1 reason=clean
[0;34m[l4][0m load-64-q6-grpc-dpumesh-r1 offered=11776 achieved=11776.000 p99=330.00 host_cgroup=0.702763 host_busy=0.689565 dpu=1.050766 status=ok clean=1 reason=clean
[0;34m[l4][0m load-64-q6-grpc-envoy-permissive-r1 offered=14131 achieved=14131.000 p99=498.00 host_cgroup=1.783444 host_busy=1.745284 dpu=NA status=ok clean=1 reason=clean
[0;34m[l4][0m load-64-q6-grpc-envoy-strict-r1 offered=14131 achieved=14131.000 p99=728.00 host_cgroup=1.871344 host_busy=1.849307 dpu=NA status=ok clean=1 reason=clean
[0;34m[l4][0m load-64-q6-grpc-linkerd-r1 offered=10991 achieved=10991.000 p99=3594.00 host_cgroup=1.747608 host_busy=1.698775 dpu=NA status=ok clean=1 reason=clean
[0;34m[l4][0m load-64-q6-grpc-linkerd-opaque-r1 offered=14131 achieved=14131.000 p99=216.00 host_cgroup=1.678550 host_busy=1.636084 dpu=NA status=ok clean=1 reason=clean
[0;34m[l4][0m load-64-q6-grpc-tcp-r1 offered=11776 achieved=11776.000 p99=159.00 host_cgroup=1.000389 host_busy=0.969025 dpu=NA status=ok clean=1 reason=clean
[0;34m[l4][0m load-64-q7-grpc-envoy-permissive-r1 offered=15645 achieved=15645.000 p99=597.00 host_cgroup=1.930044 host_busy=1.909586 dpu=NA status=ok clean=1 reason=clean
[0;34m[l4][0m load-64-q7-grpc-envoy-strict-r1 offered=15354 achieved=15354.000 p99=971.00 host_cgroup=1.918088 host_busy=1.910156 dpu=NA status=ok clean=1 reason=clean
[0;34m[l4][0m load-64-q7-grpc-linkerd-r1 offered=11776 achieved=11776.000 p99=4171.00 host_cgroup=1.765489 host_busy=1.722031 dpu=NA status=ok clean=1 reason=clean
[0;34m[l4][0m load-64-q7-grpc-linkerd-opaque-r1 offered=15069 achieved=15069.000 p99=242.00 host_cgroup=1.772512 host_busy=1.712449 dpu=NA status=ok clean=1 reason=clean
[0;34m[l4][0m load-64-q7-grpc-tcp-r1 offered=14131 achieved=14111.000 p99=12458.00 host_cgroup=1.248356 host_busy=1.238445 dpu=NA status=ok clean=1 reason=clean
[0;34m[l4][0m load-64-q7-grpc-dpumesh-r1 offered=14131 achieved=14130.000 p99=289.00 host_cgroup=0.875527 host_busy=0.862281 dpu=1.300812 status=ok clean=1 reason=clean
[0;34m[l4][0m load-64-q8-grpc-envoy-strict-r1 offered=25590 achieved=25589.000 p99=1879.00 host_cgroup=1.912475 host_busy=1.904316 dpu=NA status=ok clean=1 reason=clean
[0;34m[l4][0m load-64-q8-grpc-linkerd-r1 offered=13346 achieved=13347.000 p99=5957.00 host_cgroup=1.772771 host_busy=1.736109 dpu=NA status=ok clean=1 reason=clean
[0;34m[l4][0m load-64-q8-grpc-linkerd-opaque-r1 offered=25115 achieved=25115.000 p99=1326.00 host_cgroup=1.909615 host_busy=1.893220 dpu=NA status=ok clean=1 reason=clean
[0;34m[l4][0m load-64-q8-grpc-tcp-r1 offered=16938 achieved=16937.000 p99=311.00 host_cgroup=1.482380 host_busy=1.471610 dpu=NA status=ok clean=1 reason=clean
[0;34m[l4][0m load-64-q8-grpc-dpumesh-r1 offered=14854 achieved=14854.000 p99=294.00 host_cgroup=0.919494 host_busy=0.899873 dpu=1.369515 status=ok clean=1 reason=clean
[0;34m[l4][0m load-64-q8-grpc-envoy-permissive-r1 offered=26075 achieved=26075.000 p99=1679.00 host_cgroup=1.924271 host_busy=1.905825 dpu=NA status=ok clean=1 reason=clean
[0;34m[l4][0m load-64-q9-grpc-linkerd-r1 offered=14131 achieved=14138.000 p99=7829.00 host_cgroup=1.812371 host_busy=1.820476 dpu=NA status=ok clean=1 reason=clean
[0;34m[l4][0m load-64-q9-grpc-linkerd-opaque-r1 offered=35160 achieved=35160.000 p99=2620.00 host_cgroup=1.877319 host_busy=1.855530 dpu=NA status=ok clean=1 reason=clean
[0;34m[l4][0m load-64-q9-grpc-tcp-r1 offered=23713 achieved=23713.000 p99=1225.00 host_cgroup=1.728877 host_busy=1.701144 dpu=NA status=ok clean=1 reason=clean
[0;34m[l4][0m load-64-q9-grpc-dpumesh-r1 offered=20795 achieved=20794.000 p99=384.00 host_cgroup=1.176115 host_busy=0.899847 dpu=1.727443 status=ok clean=1 reason=clean
[0;34m[l4][0m load-64-q9-grpc-envoy-permissive-r1 offered=36504 achieved=36505.000 p99=2996.00 host_cgroup=1.893385 host_busy=1.875853 dpu=NA status=ok clean=1 reason=clean
[0;34m[l4][0m load-64-q9-grpc-envoy-strict-r1 offered=35826 achieved=35829.000 p99=3334.00 host_cgroup=1.882439 host_busy=1.865479 dpu=NA status=ok clean=1 reason=clean
[0;34m[l4][0m load-64-q10-grpc-linkerd-opaque-r1 offered=42695 achieved=42697.000 p99=5143.00 host_cgroup=1.879502 host_busy=1.856052 dpu=NA status=ok clean=1 reason=clean
[0;34m[l4][0m load-64-q10-grpc-tcp-r1 offered=28795 achieved=28805.000 p99=4285.00 host_cgroup=1.872931 host_busy=1.855482 dpu=NA status=ok clean=1 reason=clean
[0;34m[l4][0m load-64-q10-grpc-dpumesh-r1 offered=25251 achieved=25250.000 p99=335378.00 host_cgroup=1.565364 host_busy=1.530514 dpu=2.092141 status=ok clean=1 reason=clean
[0;34m[l4][0m load-64-q10-grpc-envoy-permissive-r1 offered=44327 achieved=44325.000 p99=7468.00 host_cgroup=1.895372 host_busy=1.876072 dpu=NA status=ok clean=1 reason=clean
[0;34m[l4][0m load-64-q10-grpc-envoy-strict-r1 offered=43503 achieved=43508.000 p99=7689.00 host_cgroup=1.897781 host_busy=1.883047 dpu=NA status=ok clean=1 reason=clean
[0;34m[l4][0m load-64-q10-grpc-linkerd-r1 offered=14916 achieved=14921.000 p99=10193.00 host_cgroup=1.828156 host_busy=1.774115 dpu=NA status=ok clean=1 reason=clean
[0;34m[l4][0m load-64-q11-grpc-tcp-r1 offered=32182 achieved=32232.000 p99=29314.00 host_cgroup=1.953880 host_busy=1.929340 dpu=NA status=ok clean=1 reason=clean
[0;34m[l4][0m load-64-q11-grpc-dpumesh-r1 offered=28222 achieved=28222.000 p99=32239.00 host_cgroup=1.671425 host_busy=1.706624 dpu=2.367571 status=ok clean=1 reason=clean
[0;34m[l4][0m load-64-q11-grpc-envoy-permissive-r1 offered=49542 achieved=49546.000 p99=26278.00 host_cgroup=1.917160 host_busy=1.901380 dpu=NA status=ok clean=1 reason=clean
[0;34m[l4][0m load-64-q11-grpc-envoy-strict-r1 offered=48621 achieved=48612.000 p99=22618.00 host_cgroup=1.918282 host_busy=1.887862 dpu=NA status=ok clean=1 reason=clean
[0;34m[l4][0m load-64-q11-grpc-linkerd-r1 offered=15701 achieved=15709.000 p99=26776.00 host_cgroup=1.836336 host_busy=1.817831 dpu=NA status=ok clean=1 reason=clean
[0;34m[l4][0m load-64-q11-grpc-linkerd-opaque-r1 offered=47718 achieved=47740.000 p99=18382.00 host_cgroup=1.900400 host_busy=1.882660 dpu=NA status=ok clean=1 reason=clean
[0;34m[l4][0m load-64-q12-grpc-dpumesh-r1 offered=29707 achieved=29708.000 p99=336065.00 host_cgroup=1.807258 host_busy=1.798171 dpu=2.305600 status=ok clean=1 reason=clean
[0;34m[l4][0m load-64-q12-grpc-envoy-permissive-r1 offered=52149 achieved=52094.000 p99=40541.00 host_cgroup=1.943240 host_busy=1.916892 dpu=NA status=ok clean=1 reason=clean
[0;34m[l4][0m load-64-q12-grpc-envoy-strict-r1 offered=51180 achieved=51153.000 p99=45410.00 host_cgroup=1.944771 host_busy=1.922031 dpu=NA status=ok clean=1 reason=clean
[0;34m[l4][0m load-64-q12-grpc-linkerd-r1 offered=16486 achieved=9955.000 p99=1458079.64 host_cgroup=1.509263 host_busy=1.511884 dpu=NA status=overload_shed clean=0 reason=fail+overflow+achieved
[0;34m[l4][0m recovery PASS: grpc-linkerd/64 at 5000 rps (attempt 1)
[0;34m[l4][0m load-64-q12-grpc-linkerd-opaque-r1 offered=50229 achieved=50209.000 p99=50054.00 host_cgroup=1.932689 host_busy=1.909936 dpu=NA status=ok clean=1 reason=clean
[0;34m[l4][0m load-64-q12-grpc-tcp-r1 offered=33876 achieved=33898.000 p99=49284.00 host_cgroup=1.981193 host_busy=1.973389 dpu=NA status=ok clean=1 reason=clean
[0;34m[l4][0m load-64-q13-grpc-envoy-permissive-r1 offered=54756 achieved=49760.000 p99=935282.00 host_cgroup=1.918864 host_busy=1.879701 dpu=NA status=ok clean=0 reason=achieved+scheduler
[0;34m[l4][0m recovery PASS: grpc-envoy-permissive/64 at 5000 rps (attempt 1)
[0;34m[l4][0m load-64-q13-grpc-envoy-strict-r1 offered=53739 achieved=49244.000 p99=868031.00 host_cgroup=1.929852 host_busy=1.889313 dpu=NA status=ok clean=0 reason=achieved+scheduler
[0;34m[l4][0m recovery PASS: grpc-envoy-strict/64 at 5000 rps (attempt 1)
[0;34m[l4][0m load-64-q13-grpc-linkerd-r1 offered=18056 achieved=7653.000 p99=2697115.71 host_cgroup=1.349244 host_busy=1.345696 dpu=NA status=overload_shed clean=0 reason=fail+overflow+achieved
[0;34m[l4][0m recovery PASS: grpc-linkerd/64 at 5000 rps (attempt 1)
[0;34m[l4][0m load-64-q13-grpc-linkerd-opaque-r1 offered=52740 achieved=48205.000 p99=911960.00 host_cgroup=1.918437 host_busy=1.879427 dpu=NA status=ok clean=0 reason=achieved+scheduler
[0;34m[l4][0m recovery PASS: grpc-linkerd-opaque/64 at 5000 rps (attempt 1)
[0;34m[l4][0m load-64-q13-grpc-tcp-r1 offered=35570 achieved=28636.000 p99=2042085.20 host_cgroup=1.991090 host_busy=1.976589 dpu=NA status=ok clean=0 reason=overflow+achieved
[0;34m[l4][0m recovery PASS: grpc-tcp/64 at 5000 rps (attempt 1)
[0;34m[l4][0m load-64-q13-grpc-dpumesh-r1 offered=31192 achieved=27128.000 p99=1548628.63 host_cgroup=1.933254 host_busy=1.930732 dpu=1.613869 status=ok clean=0 reason=overflow+achieved
[0;34m[l4][0m recovery PASS: grpc-dpumesh/64 at 5000 rps (attempt 1)
[0;34m[l4][0m load-64-q14-grpc-envoy-strict-r1 offered=58857 achieved=49159.000 p99=1758389.18 host_cgroup=1.928391 host_busy=1.897204 dpu=NA status=ok clean=0 reason=overflow+achieved+scheduler
[0;34m[l4][0m recovery PASS: grpc-envoy-strict/64 at 5000 rps (attempt 1)
[0;34m[l4][0m load-64-q14-grpc-linkerd-r1 offered=20411 achieved=7713.000 p99=5874978.57 host_cgroup=1.458918 host_busy=1.444978 dpu=NA status=overload_shed clean=0 reason=fail+overflow+achieved+scheduler
[0;34m[l4][0m recovery PASS: grpc-linkerd/64 at 5000 rps (attempt 1)
[0;34m[l4][0m load-64-q14-grpc-linkerd-opaque-r1 offered=57763 achieved=48490.000 p99=1730556.65 host_cgroup=1.913113 host_busy=1.868025 dpu=NA status=ok clean=0 reason=overflow+achieved+scheduler
[0;34m[l4][0m recovery PASS: grpc-linkerd-opaque/64 at 5000 rps (attempt 1)
[0;34m[l4][0m load-64-q14-grpc-tcp-r1 offered=38957 achieved=27629.000 p99=3059100.86 host_cgroup=1.991029 host_busy=1.978728 dpu=NA status=ok clean=0 reason=overflow+achieved+scheduler
[0;34m[l4][0m recovery PASS: grpc-tcp/64 at 5000 rps (attempt 1)
[0;34m[l4][0m load-64-q14-grpc-dpumesh-r1 offered=34163 achieved=24108.000 p99=3096718.93 host_cgroup=1.973345 host_busy=1.952339 dpu=1.528703 status=ok clean=0 reason=overflow+achieved
[0;34m[l4][0m recovery PASS: grpc-dpumesh/64 at 5000 rps (attempt 1)
[0;34m[l4][0m load-64-q14-grpc-envoy-permissive-r1 offered=59971 achieved=49958.000 p99=1729598.87 host_cgroup=1.924185 host_busy=1.890977 dpu=NA status=ok clean=0 reason=overflow+achieved+scheduler
[0;34m[l4][0m recovery PASS: grpc-envoy-permissive/64 at 5000 rps (attempt 1)
[0;34m[l4][0m load-64-q15-grpc-linkerd-opaque-r1 offered=65298 achieved=48362.000 p99=2652128.92 host_cgroup=1.916350 host_busy=1.869496 dpu=NA status=ok clean=0 reason=overflow+achieved+scheduler
[0;34m[l4][0m recovery PASS: grpc-linkerd-opaque/64 at 5000 rps (attempt 1)
[0;34m[l4][0m load-64-q15-grpc-tcp-r1 offered=44039 achieved=28158.000 p99=3678274.03 host_cgroup=1.991224 host_busy=1.976950 dpu=NA status=ok clean=0 reason=overflow+achieved+scheduler
[0;34m[l4][0m recovery PASS: grpc-tcp/64 at 5000 rps (attempt 1)
[0;34m[l4][0m load-64-q15-grpc-dpumesh-r1 offered=38619 achieved=22980.000 p99=4242803.16 host_cgroup=1.991925 host_busy=1.978421 dpu=1.428404 status=ok clean=0 reason=overflow+achieved+scheduler
[0;34m[l4][0m recovery PASS: grpc-dpumesh/64 at 5000 rps (attempt 1)
[0;34m[l4][0m load-64-q15-grpc-envoy-permissive-r1 offered=67794 achieved=49551.000 p99=2800931.05 host_cgroup=1.927622 host_busy=1.887939 dpu=NA status=ok clean=0 reason=overflow+achieved+scheduler
[0;34m[l4][0m recovery PASS: grpc-envoy-permissive/64 at 5000 rps (attempt 1)
[0;34m[l4][0m load-64-q15-grpc-envoy-strict-r1 offered=66534 achieved=49109.000 p99=2673591.24 host_cgroup=1.929761 host_busy=1.894965 dpu=NA status=ok clean=0 reason=overflow+achieved+scheduler
[0;34m[l4][0m recovery PASS: grpc-envoy-strict/64 at 5000 rps (attempt 1)
[0;34m[l4][0m load-1024-q1-grpc-envoy-permissive-r1 offered=2419 achieved=2419.000 p99=546.00 host_cgroup=0.435432 host_busy=0.324762 dpu=NA status=ok clean=1 reason=clean
[0;34m[l4][0m load-1024-q1-grpc-envoy-strict-r1 offered=2330 achieved=2330.000 p99=568.00 host_cgroup=0.432163 host_busy=0.342434 dpu=NA status=ok clean=1 reason=clean
[0;34m[l4][0m load-1024-q1-grpc-linkerd-r1 offered=663 achieved=662.000 p99=1105.00 host_cgroup=0.415909 host_busy=0.446747 dpu=NA status=ok clean=1 reason=clean
[0;34m[l4][0m load-1024-q1-grpc-linkerd-opaque-r1 offered=2202 achieved=2202.000 p99=524.00 host_cgroup=0.468156 host_busy=0.296744 dpu=NA status=ok clean=1 reason=clean
[0;34m[l4][0m load-1024-q1-grpc-tcp-r1 offered=1514 achieved=1514.000 p99=421.00 host_cgroup=0.274809 host_busy=0.157666 dpu=NA status=ok clean=1 reason=clean
[0;34m[l4][0m load-1024-q1-grpc-dpumesh-r1 offered=1378 achieved=1378.000 p99=528.00 host_cgroup=0.188359 host_busy=0.108378 dpu=0.256166 status=ok clean=1 reason=clean
[0;34m[l4][0m load-1024-q2-grpc-envoy-strict-r1 offered=3316 achieved=3316.000 p99=525.00 host_cgroup=0.539179 host_busy=0.466513 dpu=NA status=ok clean=1 reason=clean
[0;34m[l4][0m load-1024-q2-grpc-linkerd-r1 offered=1989 achieved=1989.000 p99=865.00 host_cgroup=0.820390 host_busy=0.740225 dpu=NA status=ok clean=1 reason=clean
[0;34m[l4][0m load-1024-q2-grpc-linkerd-opaque-r1 offered=3316 achieved=3316.000 p99=496.00 host_cgroup=0.544324 host_busy=0.417377 dpu=NA status=ok clean=1 reason=clean
[0;34m[l4][0m load-1024-q2-grpc-tcp-r1 offered=3316 achieved=3316.000 p99=387.00 host_cgroup=0.308080 host_busy=0.276373 dpu=NA status=ok clean=1 reason=clean
[0;34m[l4][0m load-1024-q2-grpc-dpumesh-r1 offered=3316 achieved=3316.000 p99=502.00 host_cgroup=0.252688 host_busy=0.211869 dpu=0.454943 status=ok clean=1 reason=clean
[0;34m[l4][0m load-1024-q2-grpc-envoy-permissive-r1 offered=3316 achieved=3316.000 p99=503.00 host_cgroup=0.514666 host_busy=0.430535 dpu=NA status=ok clean=1 reason=clean
[0;34m[l4][0m load-1024-q3-grpc-linkerd-r1 offered=3316 achieved=3316.000 p99=1063.00 host_cgroup=1.132285 host_busy=1.076423 dpu=NA status=ok clean=1 reason=clean
[0;34m[l4][0m load-1024-q3-grpc-linkerd-opaque-r1 offered=6607 achieved=6607.000 p99=617.00 host_cgroup=0.894515 host_busy=0.814949 dpu=NA status=ok clean=1 reason=clean
[0;34m[l4][0m load-1024-q3-grpc-tcp-r1 offered=4541 achieved=4541.000 p99=248.00 host_cgroup=0.405952 host_busy=0.385877 dpu=NA status=ok clean=1 reason=clean
[0;34m[l4][0m load-1024-q3-grpc-dpumesh-r1 offered=4134 achieved=4133.000 p99=536.00 host_cgroup=0.303674 host_busy=0.280725 dpu=0.503991 status=ok clean=1 reason=clean
[0;34m[l4][0m load-1024-q3-grpc-envoy-permissive-r1 offered=6631 achieved=6631.000 p99=544.00 host_cgroup=0.893515 host_busy=0.847831 dpu=NA status=ok clean=1 reason=clean
[0;34m[l4][0m load-1024-q3-grpc-envoy-strict-r1 offered=6631 achieved=6631.000 p99=477.00 host_cgroup=0.933030 host_busy=0.898704 dpu=NA status=ok clean=1 reason=clean
[0;34m[l4][0m load-1024-q4-grpc-linkerd-opaque-r1 offered=6631 achieved=6631.000 p99=617.00 host_cgroup=0.910771 host_busy=0.839913 dpu=NA status=ok clean=1 reason=clean
[0;34m[l4][0m load-1024-q4-grpc-tcp-r1 offered=6631 achieved=6631.000 p99=536.00 host_cgroup=0.645932 host_busy=0.569820 dpu=NA status=ok clean=1 reason=clean
[0;34m[l4][0m load-1024-q4-grpc-dpumesh-r1 offered=6631 achieved=6631.000 p99=398.00 host_cgroup=0.461915 host_busy=0.452232 dpu=0.771261 status=ok clean=1 reason=clean
[0;34m[l4][0m load-1024-q4-grpc-envoy-permissive-r1 offered=7257 achieved=7257.000 p99=472.00 host_cgroup=0.954570 host_busy=0.913247 dpu=NA status=ok clean=1 reason=clean
[0;34m[l4][0m load-1024-q4-grpc-envoy-strict-r1 offered=6990 achieved=6990.000 p99=538.00 host_cgroup=0.995320 host_busy=0.961712 dpu=NA status=ok clean=1 reason=clean
[0;34m[l4][0m load-1024-q4-grpc-linkerd-r1 offered=3979 achieved=3979.000 p99=1027.00 host_cgroup=1.295512 host_busy=1.252224 dpu=NA status=ok clean=1 reason=clean
[0;34m[l4][0m load-1024-q5-grpc-tcp-r1 offered=9081 achieved=9081.000 p99=521.00 host_cgroup=0.801752 host_busy=0.768282 dpu=NA status=ok clean=1 reason=clean
[0;34m[l4][0m load-1024-q5-grpc-dpumesh-r1 offered=8268 achieved=8267.000 p99=386.00 host_cgroup=0.545390 host_busy=0.530344 dpu=0.842311 status=ok clean=1 reason=clean
[0;34m[l4][0m load-1024-q5-grpc-envoy-permissive-r1 offered=9947 achieved=9947.000 p99=649.00 host_cgroup=1.305347 host_busy=1.248761 dpu=NA status=ok clean=1 reason=clean
[0;34m[l4][0m load-1024-q5-grpc-envoy-strict-r1 offered=9947 achieved=9947.000 p99=467.00 host_cgroup=1.380689 host_busy=1.322696 dpu=NA status=ok clean=1 reason=clean
[0;34m[l4][0m load-1024-q5-grpc-linkerd-r1 offered=6631 achieved=6631.000 p99=1982.00 host_cgroup=1.755992 host_busy=1.741508 dpu=NA status=ok clean=1 reason=clean
[0;34m[l4][0m load-1024-q5-grpc-linkerd-opaque-r1 offered=9947 achieved=9946.000 p99=650.00 host_cgroup=1.276423 host_busy=1.188597 dpu=NA status=ok clean=1 reason=clean
[0;34m[l4][0m load-1024-q6-grpc-dpumesh-r1 offered=9947 achieved=9946.000 p99=409.00 host_cgroup=0.629110 host_busy=0.615647 dpu=0.937424 status=ok clean=1 reason=clean
[0;34m[l4][0m load-1024-q6-grpc-envoy-permissive-r1 offered=11936 achieved=11936.000 p99=253.00 host_cgroup=1.543400 host_busy=1.490528 dpu=NA status=ok clean=1 reason=clean
[0;34m[l4][0m load-1024-q6-grpc-envoy-strict-r1 offered=11936 achieved=11936.000 p99=319.00 host_cgroup=1.684672 host_busy=1.644592 dpu=NA status=ok clean=1 reason=clean
[0;34m[l4][0m load-1024-q6-grpc-linkerd-r1 offered=9283 achieved=9283.000 p99=3854.00 host_cgroup=1.751152 host_busy=1.643542 dpu=NA status=ok clean=1 reason=clean
[0;34m[l4][0m load-1024-q6-grpc-linkerd-opaque-r1 offered=11936 achieved=11936.000 p99=227.00 host_cgroup=1.493619 host_busy=1.429748 dpu=NA status=ok clean=1 reason=clean
[0;34m[l4][0m load-1024-q6-grpc-tcp-r1 offered=9947 achieved=9947.000 p99=144.00 host_cgroup=0.863185 host_busy=0.825904 dpu=NA status=ok clean=1 reason=clean
[0;34m[l4][0m load-1024-q7-grpc-envoy-permissive-r1 offered=14514 achieved=14514.000 p99=435.00 host_cgroup=1.858699 host_busy=1.833259 dpu=NA status=ok clean=1 reason=clean
[0;34m[l4][0m load-1024-q7-grpc-envoy-strict-r1 offered=13980 achieved=13980.000 p99=673.00 host_cgroup=1.895377 host_busy=1.865392 dpu=NA status=ok clean=1 reason=clean
[0;34m[l4][0m load-1024-q7-grpc-linkerd-r1 offered=9947 achieved=9947.000 p99=4584.00 host_cgroup=1.759368 host_busy=1.774464 dpu=NA status=ok clean=1 reason=clean
[0;34m[l4][0m load-1024-q7-grpc-linkerd-opaque-r1 offered=13215 achieved=13214.000 p99=222.00 host_cgroup=1.640233 host_busy=1.572338 dpu=NA status=ok clean=1 reason=clean
[0;34m[l4][0m load-1024-q7-grpc-tcp-r1 offered=11936 achieved=11936.000 p99=182.00 host_cgroup=1.034522 host_busy=1.029755 dpu=NA status=ok clean=1 reason=clean
[0;34m[l4][0m load-1024-q7-grpc-dpumesh-r1 offered=11936 achieved=11936.000 p99=328.00 host_cgroup=0.717729 host_busy=0.664934 dpu=1.072104 status=ok clean=1 reason=clean
[0;34m[l4][0m load-1024-q8-grpc-envoy-strict-r1 offered=23300 achieved=23300.000 p99=1911.00 host_cgroup=1.955057 host_busy=1.932289 dpu=NA status=ok clean=1 reason=clean
[0;34m[l4][0m load-1024-q8-grpc-linkerd-r1 offered=11273 achieved=11271.000 p99=5876.00 host_cgroup=1.772181 host_busy=1.833459 dpu=NA status=ok clean=1 reason=clean
[0;34m[l4][0m load-1024-q8-grpc-linkerd-opaque-r1 offered=22025 achieved=22025.000 p99=1331.00 host_cgroup=1.905639 host_busy=1.890132 dpu=NA status=ok clean=1 reason=clean
[0;34m[l4][0m load-1024-q8-grpc-tcp-r1 offered=15135 achieved=15134.000 p99=309.00 host_cgroup=1.417704 host_busy=1.379312 dpu=NA status=ok clean=1 reason=clean
[0;34m[l4][0m load-1024-q8-grpc-dpumesh-r1 offered=13780 achieved=13780.000 p99=373.00 host_cgroup=0.863139 host_busy=0.867197 dpu=1.235098 status=ok clean=1 reason=clean
[0;34m[l4][0m load-1024-q8-grpc-envoy-permissive-r1 offered=24190 achieved=24189.000 p99=1722.00 host_cgroup=1.967753 host_busy=1.944992 dpu=NA status=ok clean=1 reason=clean
[0;34m[l4][0m load-1024-q9-grpc-linkerd-r1 offered=11936 achieved=11934.000 p99=8137.00 host_cgroup=1.806665 host_busy=1.806176 dpu=NA status=ok clean=1 reason=clean
[0;34m[l4][0m load-1024-q9-grpc-linkerd-opaque-r1 offered=30834 achieved=30833.000 p99=2278.00 host_cgroup=1.917670 host_busy=1.906286 dpu=NA status=ok clean=1 reason=clean
[0;34m[l4][0m load-1024-q9-grpc-tcp-r1 offered=21189 achieved=21189.000 p99=795.00 host_cgroup=1.706577 host_busy=1.646847 dpu=NA status=ok clean=1 reason=clean
[0;34m[l4][0m load-1024-q9-grpc-dpumesh-r1 offered=19292 achieved=19041.000 p99=2998.00 host_cgroup=1.104650 host_busy=1.006525 dpu=1.490905 status=ok clean=1 reason=clean
[0;34m[l4][0m load-1024-q9-grpc-envoy-permissive-r1 offered=33866 achieved=33863.000 p99=2906.00 host_cgroup=1.911827 host_busy=1.896877 dpu=NA status=ok clean=1 reason=clean
[0;34m[l4][0m load-1024-q9-grpc-envoy-strict-r1 offered=32619 achieved=32618.000 p99=3153.00 host_cgroup=1.933179 host_busy=1.914392 dpu=NA status=ok clean=1 reason=clean
[0;34m[l4][0m load-1024-q10-grpc-linkerd-opaque-r1 offered=37442 achieved=37438.000 p99=4705.00 host_cgroup=1.914560 host_busy=1.883000 dpu=NA status=ok clean=1 reason=clean
[0;34m[l4][0m load-1024-q10-grpc-tcp-r1 offered=25730 achieved=25743.000 p99=5852.00 host_cgroup=1.865209 host_busy=1.845660 dpu=NA status=ok clean=1 reason=clean
[0;34m[l4][0m load-1024-q10-grpc-dpumesh-r1 offered=23426 achieved=23425.000 p99=15036.00 host_cgroup=1.402382 host_busy=1.267497 dpu=2.011248 status=ok clean=1 reason=clean
[0;34m[l4][0m load-1024-q10-grpc-envoy-permissive-r1 offered=41123 achieved=41129.000 p99=6402.00 host_cgroup=1.890585 host_busy=1.869570 dpu=NA status=ok clean=1 reason=clean
[0;34m[l4][0m load-1024-q10-grpc-envoy-strict-r1 offered=39609 achieved=39610.000 p99=5593.00 host_cgroup=1.925579 host_busy=1.902562 dpu=NA status=ok clean=1 reason=clean
[0;34m[l4][0m load-1024-q10-grpc-linkerd-r1 offered=12599 achieved=12600.000 p99=11137.00 host_cgroup=1.825574 host_busy=1.799496 dpu=NA status=ok clean=1 reason=clean
[0;34m[l4][0m load-1024-q11-grpc-tcp-r1 offered=28757 achieved=28832.000 p99=29332.00 host_cgroup=1.966410 host_busy=1.943746 dpu=NA status=ok clean=1 reason=clean
[0;34m[l4][0m load-1024-q11-grpc-dpumesh-r1 offered=26182 achieved=26182.000 p99=141335.00 host_cgroup=1.623072 host_busy=1.685798 dpu=2.196297 status=ok clean=1 reason=clean
[0;34m[l4][0m load-1024-q11-grpc-envoy-permissive-r1 offered=45961 achieved=45924.000 p99=19949.00 host_cgroup=1.901821 host_busy=1.889635 dpu=NA status=ok clean=1 reason=clean
[0;34m[l4][0m load-1024-q11-grpc-envoy-strict-r1 offered=44269 achieved=44281.000 p99=19777.00 host_cgroup=1.916614 host_busy=1.905896 dpu=NA status=ok clean=1 reason=clean
[0;34m[l4][0m load-1024-q11-grpc-linkerd-r1 offered=13262 achieved=13264.000 p99=21993.00 host_cgroup=1.851138 host_busy=1.824197 dpu=NA status=ok clean=1 reason=clean
[0;34m[l4][0m load-1024-q11-grpc-linkerd-opaque-r1 offered=41847 achieved=41846.000 p99=15800.00 host_cgroup=1.892436 host_busy=1.871371 dpu=NA status=ok clean=1 reason=clean
[0;34m[l4][0m load-1024-q12-grpc-dpumesh-r1 offered=27560 achieved=27546.000 p99=32056.00 host_cgroup=1.664454 host_busy=1.512428 dpu=2.313801 status=ok clean=1 reason=clean
[0;34m[l4][0m load-1024-q12-grpc-envoy-permissive-r1 offered=48380 achieved=48366.000 p99=35278.00 host_cgroup=1.931287 host_busy=1.913800 dpu=NA status=ok clean=1 reason=clean
[0;34m[l4][0m load-1024-q12-grpc-envoy-strict-r1 offered=46599 achieved=44566.000 p99=453678.00 host_cgroup=1.914146 host_busy=1.879431 dpu=NA status=ok clean=0 reason=achieved
[0;34m[l4][0m recovery PASS: grpc-envoy-strict/1024 at 5000 rps (attempt 1)
[0;34m[l4][0m load-1024-q12-grpc-linkerd-r1 offered=13925 achieved=8413.000 p99=4950332.49 host_cgroup=1.657540 host_busy=1.657949 dpu=NA status=overload_shed clean=0 reason=fail+overflow+achieved
[0;34m[l4][0m recovery PASS: grpc-linkerd/1024 at 5000 rps (attempt 1)
[0;34m[l4][0m load-1024-q12-grpc-linkerd-opaque-r1 offered=44049 achieved=44047.000 p99=27563.00 host_cgroup=1.920996 host_busy=1.904063 dpu=NA status=ok clean=1 reason=clean
[0;34m[l4][0m load-1024-q12-grpc-tcp-r1 offered=30270 achieved=30247.000 p99=63170.00 host_cgroup=1.990147 host_busy=1.976737 dpu=NA status=ok clean=1 reason=clean
[0;34m[l4][0m load-1024-q13-grpc-envoy-permissive-r1 offered=50799 achieved=44967.000 p99=1231092.90 host_cgroup=1.877753 host_busy=1.831916 dpu=NA status=ok clean=0 reason=overflow+achieved+scheduler
[0;34m[l4][0m recovery PASS: grpc-envoy-permissive/1024 at 5000 rps (attempt 1)
[0;34m[l4][0m load-1024-q13-grpc-envoy-strict-r1 offered=48929 achieved=42766.000 p99=1368485.10 host_cgroup=1.880357 host_busy=1.841848 dpu=NA status=ok clean=0 reason=overflow+achieved+scheduler
[0;34m[l4][0m recovery PASS: grpc-envoy-strict/1024 at 5000 rps (attempt 1)
[0;34m[l4][0m load-1024-q13-grpc-linkerd-r1 offered=15251 achieved=6756.000 p99=6072669.44 host_cgroup=1.516799 host_busy=1.511163 dpu=NA status=overload_shed clean=0 reason=fail+overflow+achieved
[0;34m[l4][0m recovery PASS: grpc-linkerd/1024 at 5000 rps (attempt 1)
[0;34m[l4][0m load-1024-q13-grpc-linkerd-opaque-r1 offered=46251 achieved=41325.000 p99=1169123.51 host_cgroup=1.870964 host_busy=1.811127 dpu=NA status=ok clean=0 reason=overflow+achieved+scheduler
[0;34m[l4][0m recovery PASS: grpc-linkerd-opaque/1024 at 5000 rps (attempt 1)
[0;34m[l4][0m load-1024-q13-grpc-tcp-r1 offered=31784 achieved=28391.000 p99=1276483.05 host_cgroup=1.990437 host_busy=1.976870 dpu=NA status=ok clean=0 reason=overflow+achieved
[0;34m[l4][0m recovery PASS: grpc-tcp/1024 at 5000 rps (attempt 1)
[0;34m[l4][0m load-1024-q13-grpc-dpumesh-r1 offered=28938 achieved=29300.000 p99=132710.00 host_cgroup=1.753528 host_busy=1.605043 dpu=2.385387 status=ok clean=1 reason=clean
[0;34m[l4][0m load-1024-q14-grpc-envoy-strict-r1 offered=53589 achieved=42825.000 p99=2104359.26 host_cgroup=1.885551 host_busy=1.840621 dpu=NA status=ok clean=0 reason=overflow+achieved+scheduler
[0;34m[l4][0m recovery PASS: grpc-envoy-strict/1024 at 5000 rps (attempt 1)
[0;34m[l4][0m load-1024-q14-grpc-linkerd-r1 offered=17241 achieved=4659.000 p99=6301929.75 host_cgroup=1.346628 host_busy=1.331734 dpu=NA status=overload_shed clean=0 reason=fail+overflow+achieved
[0;34m[l4][0m recovery PASS: grpc-linkerd/1024 at 5000 rps (attempt 1)
[0;34m[l4][0m load-1024-q14-grpc-linkerd-opaque-r1 offered=50656 achieved=41166.000 p99=1998746.62 host_cgroup=1.871841 host_busy=1.823998 dpu=NA status=ok clean=0 reason=overflow+achieved+scheduler
[0;34m[l4][0m recovery PASS: grpc-linkerd-opaque/1024 at 5000 rps (attempt 1)
[0;34m[l4][0m load-1024-q14-grpc-tcp-r1 offered=34811 achieved=26350.000 p99=4164502.99 host_cgroup=1.853510 host_busy=1.841922 dpu=NA status=ok clean=0 reason=overflow+achieved
[0;34m[l4][0m recovery PASS: grpc-tcp/1024 at 5000 rps (attempt 1)
[0;34m[l4][0m load-1024-q14-grpc-dpumesh-r1 offered=31694 achieved=25889.000 p99=1868882.96 host_cgroup=1.930280 host_busy=1.931415 dpu=1.598016 status=ok clean=0 reason=overflow+achieved
[0;34m[l4][0m recovery PASS: grpc-dpumesh/1024 at 5000 rps (attempt 1)
[0;34m[l4][0m load-1024-q14-grpc-envoy-permissive-r1 offered=55637 achieved=44711.000 p99=2132879.92 host_cgroup=1.876544 host_busy=1.836457 dpu=NA status=ok clean=0 reason=overflow+achieved+scheduler
[0;34m[l4][0m recovery PASS: grpc-envoy-permissive/1024 at 5000 rps (attempt 1)
[0;34m[l4][0m load-1024-q15-grpc-linkerd-opaque-r1 offered=57264 achieved=41262.000 p99=2970723.82 host_cgroup=1.869035 host_busy=1.818002 dpu=NA status=ok clean=0 reason=overflow+achieved+scheduler
[0;34m[l4][0m recovery PASS: grpc-linkerd-opaque/1024 at 5000 rps (attempt 1)
[0;34m[l4][0m load-1024-q15-grpc-tcp-r1 offered=39351 achieved=26896.000 p99=3321046.28 host_cgroup=1.991041 host_busy=1.978568 dpu=NA status=ok clean=0 reason=overflow+achieved+scheduler
[0;34m[l4][0m recovery PASS: grpc-tcp/1024 at 5000 rps (attempt 1)
[0;34m[l4][0m load-1024-q15-grpc-dpumesh-r1 offered=35828 achieved=24239.000 p99=3508050.36 host_cgroup=1.991007 host_busy=1.977860 dpu=1.388606 status=ok clean=0 reason=overflow+achieved+scheduler
[0;34m[l4][0m recovery PASS: grpc-dpumesh/1024 at 5000 rps (attempt 1)
[0;34m[l4][0m load-1024-q15-grpc-envoy-permissive-r1 offered=62894 achieved=44664.000 p99=2976174.59 host_cgroup=1.870945 host_busy=1.827622 dpu=NA status=ok clean=0 reason=overflow+achieved+scheduler
[0;34m[l4][0m recovery PASS: grpc-envoy-permissive/1024 at 5000 rps (attempt 1)
[0;34m[l4][0m load-1024-q15-grpc-envoy-strict-r1 offered=60579 achieved=43044.000 p99=2987110.88 host_cgroup=1.887457 host_busy=1.845243 dpu=NA status=ok clean=0 reason=overflow+achieved+scheduler
[0;34m[l4][0m recovery PASS: grpc-envoy-strict/1024 at 5000 rps (attempt 1)
[0;34m[l4][0m load-8192-q1-grpc-tcp-r1 offered=1303 achieved=1303.000 p99=410.00 host_cgroup=0.205116 host_busy=0.272846 dpu=NA status=ok clean=1 reason=clean
[0;34m[l4][0m load-8192-q1-grpc-dpumesh-r1 offered=1100 achieved=1100.000 p99=534.00 host_cgroup=0.146779 host_busy=0.004925 dpu=0.257752 status=ok clean=1 reason=clean
[0;34m[l4][0m load-8192-q1-grpc-envoy-permissive-r1 offered=1759 achieved=1759.000 p99=500.00 host_cgroup=0.307895 host_busy=0.272316 dpu=NA status=ok clean=1 reason=clean
[0;34m[l4][0m load-8192-q1-grpc-envoy-strict-r1 offered=1431 achieved=1431.000 p99=556.00 host_cgroup=0.308899 host_busy=0.291894 dpu=NA status=ok clean=1 reason=clean
[0;34m[l4][0m load-8192-q1-grpc-linkerd-r1 offered=540 achieved=539.000 p99=1120.00 host_cgroup=0.413716 host_busy=0.406075 dpu=NA status=ok clean=1 reason=clean
[0;34m[l4][0m load-8192-q1-grpc-linkerd-opaque-r1 offered=1278 achieved=1278.000 p99=582.00 host_cgroup=0.328496 host_busy=0.365392 dpu=NA status=ok clean=1 reason=clean
[0;34m[l4][0m load-8192-q2-grpc-dpumesh-r1 offered=2698 achieved=2698.000 p99=293.00 host_cgroup=0.236096 host_busy=0.234872 dpu=0.468101 status=ok clean=1 reason=clean
[0;34m[l4][0m load-8192-q2-grpc-envoy-permissive-r1 offered=2698 achieved=2698.000 p99=498.00 host_cgroup=0.429531 host_busy=0.402678 dpu=NA status=ok clean=1 reason=clean
[0;34m[l4][0m load-8192-q2-grpc-envoy-strict-r1 offered=2698 achieved=2698.000 p99=500.00 host_cgroup=0.471366 host_busy=0.453642 dpu=NA status=ok clean=1 reason=clean
[0;34m[l4][0m load-8192-q2-grpc-linkerd-r1 offered=1619 achieved=1619.000 p99=884.00 host_cgroup=0.781270 host_busy=0.639209 dpu=NA status=ok clean=1 reason=clean
[0;34m[l4][0m load-8192-q2-grpc-linkerd-opaque-r1 offered=2698 achieved=2698.000 p99=509.00 host_cgroup=0.513517 host_busy=0.490759 dpu=NA status=ok clean=1 reason=clean
[0;34m[l4][0m load-8192-q2-grpc-tcp-r1 offered=2698 achieved=2698.000 p99=396.00 host_cgroup=0.317772 host_busy=0.279223 dpu=NA status=ok clean=1 reason=clean
[0;34m[l4][0m load-8192-q3-grpc-envoy-permissive-r1 offered=5276 achieved=5276.000 p99=221.00 host_cgroup=0.790094 host_busy=0.774715 dpu=NA status=ok clean=1 reason=clean
[0;34m[l4][0m load-8192-q3-grpc-envoy-strict-r1 offered=4292 achieved=4292.000 p99=240.00 host_cgroup=0.725377 host_busy=0.710636 dpu=NA status=ok clean=1 reason=clean
[0;34m[l4][0m load-8192-q3-grpc-linkerd-r1 offered=2698 achieved=2697.000 p99=1054.00 host_cgroup=1.059083 host_busy=1.012225 dpu=NA status=ok clean=1 reason=clean
[0;34m[l4][0m load-8192-q3-grpc-linkerd-opaque-r1 offered=3835 achieved=3835.000 p99=234.00 host_cgroup=0.714731 host_busy=0.691306 dpu=NA status=ok clean=1 reason=clean
[0;34m[l4][0m load-8192-q3-grpc-tcp-r1 offered=3908 achieved=3908.000 p99=149.00 host_cgroup=0.385822 host_busy=0.364440 dpu=NA status=ok clean=1 reason=clean
[0;34m[l4][0m load-8192-q3-grpc-dpumesh-r1 offered=3301 achieved=3301.000 p99=282.00 host_cgroup=0.288315 host_busy=0.266001 dpu=0.568126 status=ok clean=1 reason=clean
[0;34m[l4][0m load-8192-q4-grpc-envoy-strict-r1 offered=5395 achieved=5395.000 p99=249.00 host_cgroup=0.908194 host_busy=0.874027 dpu=NA status=ok clean=1 reason=clean
[0;34m[l4][0m load-8192-q4-grpc-linkerd-r1 offered=3237 achieved=3236.000 p99=1227.00 host_cgroup=1.227908 host_busy=1.162507 dpu=NA status=ok clean=1 reason=clean
[0;34m[l4][0m load-8192-q4-grpc-linkerd-opaque-r1 offered=5395 achieved=5395.000 p99=246.00 host_cgroup=0.992886 host_busy=0.953702 dpu=NA status=ok clean=1 reason=clean
[0;34m[l4][0m load-8192-q4-grpc-tcp-r1 offered=5395 achieved=5395.000 p99=149.00 host_cgroup=0.533461 host_busy=0.504162 dpu=NA status=ok clean=1 reason=clean
[0;34m[l4][0m load-8192-q4-grpc-dpumesh-r1 offered=5395 achieved=5395.000 p99=292.00 host_cgroup=0.464503 host_busy=0.454818 dpu=0.840674 status=ok clean=1 reason=clean
[0;34m[l4][0m load-8192-q4-grpc-envoy-permissive-r1 offered=5395 achieved=5395.000 p99=224.00 host_cgroup=0.803805 host_busy=0.779318 dpu=NA status=ok clean=1 reason=clean
[0;34m[l4][0m load-8192-q5-grpc-linkerd-r1 offered=5395 achieved=5395.000 p99=1923.00 host_cgroup=1.747763 host_busy=1.726436 dpu=NA status=ok clean=1 reason=clean
[0;34m[l4][0m load-8192-q5-grpc-linkerd-opaque-r1 offered=7670 achieved=7670.000 p99=284.00 host_cgroup=1.393472 host_busy=1.362983 dpu=NA status=ok clean=1 reason=clean
[0;34m[l4][0m load-8192-q5-grpc-tcp-r1 offered=7816 achieved=7816.000 p99=149.00 host_cgroup=0.769265 host_busy=0.725707 dpu=NA status=ok clean=1 reason=clean
[0;34m[l4][0m load-8192-q5-grpc-dpumesh-r1 offered=6602 achieved=6602.000 p99=284.00 host_cgroup=0.576968 host_busy=0.561508 dpu=0.937489 status=ok clean=1 reason=clean
[0;34m[l4][0m load-8192-q5-grpc-envoy-permissive-r1 offered=8093 achieved=8092.000 p99=264.00 host_cgroup=1.198782 host_busy=1.159266 dpu=NA status=ok clean=1 reason=clean
[0;34m[l4][0m load-8192-q5-grpc-envoy-strict-r1 offered=8093 achieved=8093.000 p99=285.00 host_cgroup=1.350208 host_busy=1.311244 dpu=NA status=ok clean=1 reason=clean
[0;34m[l4][0m load-8192-q6-grpc-linkerd-opaque-r1 offered=8093 achieved=8092.000 p99=284.00 host_cgroup=1.469921 host_busy=1.456824 dpu=NA status=ok clean=1 reason=clean
[0;34m[l4][0m load-8192-q6-grpc-tcp-r1 offered=8093 achieved=8093.000 p99=149.00 host_cgroup=0.795890 host_busy=0.756987 dpu=NA status=ok clean=1 reason=clean
[0;34m[l4][0m load-8192-q6-grpc-dpumesh-r1 offered=8093 achieved=8092.000 p99=288.00 host_cgroup=0.691107 host_busy=0.669233 dpu=1.114840 status=ok clean=1 reason=clean
[0;34m[l4][0m load-8192-q6-grpc-envoy-permissive-r1 offered=9711 achieved=9710.000 p99=269.00 host_cgroup=1.415645 host_busy=1.387756 dpu=NA status=ok clean=1 reason=clean
[0;34m[l4][0m load-8192-q6-grpc-envoy-strict-r1 offered=8584 achieved=8583.000 p99=291.00 host_cgroup=1.437309 host_busy=1.405408 dpu=NA status=ok clean=1 reason=clean
[0;34m[l4][0m load-8192-q6-grpc-linkerd-r1 offered=7553 achieved=7552.000 p99=3594.00 host_cgroup=1.733620 host_busy=1.718231 dpu=NA status=ok clean=1 reason=clean
[0;34m[l4][0m load-8192-q7-grpc-tcp-r1 offered=9711 achieved=9711.000 p99=153.00 host_cgroup=0.963002 host_busy=0.916334 dpu=NA status=ok clean=1 reason=clean
[0;34m[l4][0m load-8192-q7-grpc-dpumesh-r1 offered=9711 achieved=9710.000 p99=301.00 host_cgroup=0.795669 host_busy=0.732459 dpu=1.210363 status=ok clean=1 reason=clean
[0;34m[l4][0m load-8192-q7-grpc-envoy-permissive-r1 offered=10551 achieved=10551.000 p99=264.00 host_cgroup=1.539999 host_busy=1.495445 dpu=NA status=ok clean=1 reason=clean
[0;34m[l4][0m load-8192-q7-grpc-envoy-strict-r1 offered=9711 achieved=9711.000 p99=284.00 host_cgroup=1.587393 host_busy=1.545775 dpu=NA status=ok clean=1 reason=clean
[0;34m[l4][0m load-8192-q7-grpc-linkerd-r1 offered=8093 achieved=8092.000 p99=4060.00 host_cgroup=1.749841 host_busy=1.687511 dpu=NA status=ok clean=1 reason=clean
[0;34m[l4][0m load-8192-q7-grpc-linkerd-opaque-r1 offered=9711 achieved=9711.000 p99=279.00 host_cgroup=1.705003 host_busy=1.687400 dpu=NA status=ok clean=1 reason=clean
[0;34m[l4][0m load-8192-q8-grpc-dpumesh-r1 offered=11003 achieved=11003.000 p99=296.00 host_cgroup=0.879790 host_busy=0.843993 dpu=1.303756 status=ok clean=1 reason=clean
[0;34m[l4][0m load-8192-q8-grpc-envoy-permissive-r1 offered=17586 achieved=17585.000 p99=1809.00 host_cgroup=1.925393 host_busy=1.902300 dpu=NA status=ok clean=1 reason=clean
[0;34m[l4][0m load-8192-q8-grpc-envoy-strict-r1 offered=14307 achieved=14307.000 p99=1839.00 host_cgroup=1.981950 host_busy=1.962641 dpu=NA status=ok clean=1 reason=clean
[0;34m[l4][0m load-8192-q8-grpc-linkerd-r1 offered=9172 achieved=9172.000 p99=5477.00 host_cgroup=1.782276 host_busy=1.785150 dpu=NA status=ok clean=1 reason=clean
[0;34m[l4][0m load-8192-q8-grpc-linkerd-opaque-r1 offered=12784 achieved=12784.000 p99=1653.00 host_cgroup=1.940613 host_busy=1.910484 dpu=NA status=ok clean=1 reason=clean
[0;34m[l4][0m load-8192-q8-grpc-tcp-r1 offered=13026 achieved=13010.000 p99=15006.00 host_cgroup=1.406726 host_busy=1.367480 dpu=NA status=ok clean=1 reason=clean
[0;34m[l4][0m load-8192-q9-grpc-envoy-permissive-r1 offered=24620 achieved=24622.000 p99=2717.00 host_cgroup=1.924648 host_busy=1.894936 dpu=NA status=ok clean=1 reason=clean
[0;34m[l4][0m load-8192-q9-grpc-envoy-strict-r1 offered=20029 achieved=20028.000 p99=3021.00 host_cgroup=1.972597 host_busy=1.951115 dpu=NA status=ok clean=1 reason=clean
[0;34m[l4][0m load-8192-q9-grpc-linkerd-r1 offered=9711 achieved=9711.000 p99=6583.00 host_cgroup=1.785428 host_busy=1.833944 dpu=NA status=ok clean=1 reason=clean
[0;34m[l4][0m load-8192-q9-grpc-linkerd-opaque-r1 offered=17898 achieved=17899.000 p99=2894.00 host_cgroup=1.953356 host_busy=1.940245 dpu=NA status=ok clean=1 reason=clean
[0;34m[l4][0m load-8192-q9-grpc-tcp-r1 offered=18236 achieved=18235.000 p99=8258.00 host_cgroup=1.808185 host_busy=1.793252 dpu=NA status=ok clean=1 reason=clean
[0;34m[l4][0m load-8192-q9-grpc-dpumesh-r1 offered=15403 achieved=15403.000 p99=13330.00 host_cgroup=1.312271 host_busy=1.293808 dpu=1.940712 status=ok clean=1 reason=clean
[0;34m[l4][0m load-8192-q10-grpc-envoy-strict-r1 offered=24321 achieved=24325.000 p99=5372.00 host_cgroup=1.953211 host_busy=1.937035 dpu=NA status=ok clean=1 reason=clean
[0;34m[l4][0m load-8192-q10-grpc-linkerd-r1 offered=10251 achieved=10251.000 p99=8980.00 host_cgroup=1.798612 host_busy=1.778028 dpu=NA status=ok clean=1 reason=clean
[0;34m[l4][0m load-8192-q10-grpc-linkerd-opaque-r1 offered=21733 achieved=21734.000 p99=5271.00 host_cgroup=1.942139 host_busy=1.921706 dpu=NA status=ok clean=1 reason=clean
[0;34m[l4][0m load-8192-q10-grpc-tcp-r1 offered=22144 achieved=22151.000 p99=8667.00 host_cgroup=1.928215 host_busy=1.901503 dpu=NA status=ok clean=1 reason=clean
[0;34m[l4][0m load-8192-q10-grpc-dpumesh-r1 offered=18704 achieved=18704.000 p99=172154.00 host_cgroup=1.673398 host_busy=1.635191 dpu=2.196672 status=ok clean=1 reason=clean
[0;34m[l4][0m load-8192-q10-grpc-envoy-permissive-r1 offered=29895 achieved=29895.000 p99=4358.00 host_cgroup=1.916751 host_busy=1.896780 dpu=NA status=ok clean=1 reason=clean
[0;34m[l4][0m load-8192-q11-grpc-linkerd-r1 offered=10790 achieved=10790.000 p99=11932.00 host_cgroup=1.844673 host_busy=1.786212 dpu=NA status=ok clean=1 reason=clean
[0;34m[l4][0m load-8192-q11-grpc-linkerd-opaque-r1 offered=24290 achieved=24298.000 p99=10537.00 host_cgroup=1.923421 host_busy=1.928566 dpu=NA status=ok clean=1 reason=clean
[0;34m[l4][0m load-8192-q11-grpc-tcp-r1 offered=24749 achieved=24766.000 p99=37247.00 host_cgroup=1.982517 host_busy=1.970231 dpu=NA status=ok clean=1 reason=clean
[0;34m[l4][0m load-8192-q11-grpc-dpumesh-r1 offered=20905 achieved=20905.000 p99=467444.00 host_cgroup=1.662386 host_busy=1.600878 dpu=2.362732 status=ok clean=1 reason=clean
[0;34m[l4][0m load-8192-q11-grpc-envoy-permissive-r1 offered=33412 achieved=33420.000 p99=8442.00 host_cgroup=1.907936 host_busy=1.893972 dpu=NA status=ok clean=1 reason=clean
[0;34m[l4][0m load-8192-q11-grpc-envoy-strict-r1 offered=27182 achieved=27189.000 p99=9669.00 host_cgroup=1.952536 host_busy=1.930306 dpu=NA status=ok clean=1 reason=clean
[0;34m[l4][0m load-8192-q12-grpc-linkerd-opaque-r1 offered=25568 achieved=25568.000 p99=31451.00 host_cgroup=1.928510 host_busy=1.907487 dpu=NA status=ok clean=1 reason=clean
[0;34m[l4][0m load-8192-q12-grpc-tcp-r1 offered=26052 achieved=25870.000 p99=282916.00 host_cgroup=1.986057 host_busy=1.970280 dpu=NA status=ok clean=1 reason=clean
[0;34m[l4][0m load-8192-q12-grpc-dpumesh-r1 offered=22005 achieved=21997.000 p99=37275.00 host_cgroup=1.744054 host_busy=1.755355 dpu=2.497563 status=ok clean=1 reason=clean
[0;34m[l4][0m load-8192-q12-grpc-envoy-permissive-r1 offered=35171 achieved=35161.000 p99=25661.00 host_cgroup=1.905811 host_busy=1.884252 dpu=NA status=ok clean=1 reason=clean
[0;34m[l4][0m load-8192-q12-grpc-envoy-strict-r1 offered=28613 achieved=28622.000 p99=22811.00 host_cgroup=1.941665 host_busy=1.912489 dpu=NA status=ok clean=1 reason=clean
[0;34m[l4][0m load-8192-q12-grpc-linkerd-r1 offered=11330 achieved=7402.000 p99=5333914.02 host_cgroup=1.770911 host_busy=1.760883 dpu=NA status=ok clean=0 reason=overflow+achieved
[0;34m[l4][0m recovery PASS: grpc-linkerd/8192 at 5000 rps (attempt 1)
[0;34m[l4][0m load-8192-q13-grpc-tcp-r1 offered=27355 achieved=25766.000 p99=635008.00 host_cgroup=1.990158 host_busy=1.978581 dpu=NA status=ok clean=0 reason=achieved
[0;34m[l4][0m recovery PASS: grpc-tcp/8192 at 5000 rps (attempt 1)
[0;34m[l4][0m load-8192-q13-grpc-dpumesh-r1 offered=23105 achieved=23195.000 p99=531518.00 host_cgroup=1.565591 host_busy=1.584221 dpu=2.012700 status=ok clean=1 reason=clean
[0;34m[l4][0m load-8192-q13-grpc-envoy-permissive-r1 offered=36930 achieved=31566.000 p99=1585561.43 host_cgroup=1.857763 host_busy=1.824412 dpu=NA status=ok clean=0 reason=overflow+achieved+scheduler
[0;34m[l4][0m recovery PASS: grpc-envoy-permissive/8192 at 5000 rps (attempt 1)
[0;34m[l4][0m load-8192-q13-grpc-envoy-strict-r1 offered=30044 achieved=25910.000 p99=1473338.18 host_cgroup=1.892786 host_busy=1.854919 dpu=NA status=ok clean=0 reason=overflow+achieved+scheduler
[0;34m[l4][0m recovery PASS: grpc-envoy-strict/8192 at 5000 rps (attempt 1)
[0;34m[l4][0m load-8192-q13-grpc-linkerd-r1 offered=12408 achieved=4495.000 p99=8155305.76 host_cgroup=1.603791 host_busy=1.600675 dpu=NA status=overload_shed clean=0 reason=fail+overflow+achieved
[0;34m[l4][0m recovery PASS: grpc-linkerd/8192 at 5000 rps (attempt 1)
[0;34m[l4][0m load-8192-q13-grpc-linkerd-opaque-r1 offered=26846 achieved=23775.000 p99=1365790.51 host_cgroup=1.896506 host_busy=1.864643 dpu=NA status=ok clean=0 reason=overflow+achieved+scheduler
[0;34m[l4][0m recovery PASS: grpc-linkerd-opaque/8192 at 5000 rps (attempt 1)
[0;34m[l4][0m load-8192-q14-grpc-dpumesh-r1 offered=25306 achieved=24885.000 p99=2778971.75 host_cgroup=1.913737 host_busy=1.900698 dpu=1.523185 status=ok clean=0 reason=overflow
[0;34m[l4][0m recovery PASS: grpc-dpumesh/8192 at 5000 rps (attempt 1)
[0;34m[l4][0m load-8192-q14-grpc-envoy-permissive-r1 offered=40447 achieved=31656.000 p99=2245252.77 host_cgroup=1.865458 host_busy=1.836609 dpu=NA status=ok clean=0 reason=overflow+achieved+scheduler
[0;34m[l4][0m recovery PASS: grpc-envoy-permissive/8192 at 5000 rps (attempt 1)
[0;34m[l4][0m load-8192-q14-grpc-envoy-strict-r1 offered=32905 achieved=26076.000 p99=2253690.48 host_cgroup=1.896792 host_busy=1.866242 dpu=NA status=ok clean=0 reason=overflow+achieved+scheduler
[0;34m[l4][0m recovery PASS: grpc-envoy-strict/8192 at 5000 rps (attempt 1)
[0;34m[l4][0m load-8192-q14-grpc-linkerd-r1 offered=14027 achieved=3338.000 p99=9004271.65 host_cgroup=1.397105 host_busy=1.402307 dpu=NA status=overload_shed clean=0 reason=fail+overflow+achieved
[0;34m[l4][0m recovery PASS: grpc-linkerd/8192 at 5000 rps (attempt 1)
[0;34m[l4][0m load-8192-q14-grpc-linkerd-opaque-r1 offered=29403 achieved=23624.000 p99=2049639.52 host_cgroup=1.897166 host_busy=1.861393 dpu=NA status=ok clean=0 reason=overflow+achieved+scheduler
[0;34m[l4][0m recovery PASS: grpc-linkerd-opaque/8192 at 5000 rps (attempt 1)
[0;34m[l4][0m load-8192-q14-grpc-tcp-r1 offered=29960 achieved=23467.000 p99=4786733.60 host_cgroup=1.967615 host_busy=1.956818 dpu=NA status=ok clean=0 reason=overflow+achieved
[0;34m[l4][0m recovery PASS: grpc-tcp/8192 at 5000 rps (attempt 1)
[0;34m[l4][0m load-8192-q15-grpc-envoy-permissive-r1 offered=45722 achieved=31622.000 p99=3276441.87 host_cgroup=1.866887 host_busy=1.840334 dpu=NA status=ok clean=0 reason=overflow+achieved+scheduler
[0;34m[l4][0m recovery PASS: grpc-envoy-permissive/8192 at 5000 rps (attempt 1)
[0;34m[l4][0m load-8192-q15-grpc-envoy-strict-r1 offered=37197 achieved=26263.000 p99=3340865.66 host_cgroup=1.904676 host_busy=1.873166 dpu=NA status=ok clean=0 reason=overflow+achieved+scheduler
[0;34m[l4][0m recovery PASS: grpc-envoy-strict/8192 at 5000 rps (attempt 1)
[0;34m[l4][0m load-8192-q15-grpc-linkerd-opaque-r1 offered=33238 achieved=23717.000 p99=3005400.99 host_cgroup=1.900656 host_busy=1.865163 dpu=NA status=ok clean=0 reason=overflow+achieved+scheduler
[0;34m[l4][0m recovery PASS: grpc-linkerd-opaque/8192 at 5000 rps (attempt 1)
[0;34m[l4][0m load-8192-q15-grpc-tcp-r1 offered=33868 achieved=23866.000 p99=5408595.80 host_cgroup=1.982220 host_busy=1.974806 dpu=NA status=ok clean=0 reason=overflow+achieved+scheduler
[0;34m[l4][0m recovery PASS: grpc-tcp/8192 at 5000 rps (attempt 1)
[0;34m[l4][0m load-8192-q15-grpc-dpumesh-r1 offered=28607 achieved=22447.000 p99=7542590.31 host_cgroup=1.967467 host_busy=1.964224 dpu=0.937769 status=ok clean=0 reason=overflow+achieved
[0;34m[l4][0m recovery PASS: grpc-dpumesh/8192 at 5000 rps (attempt 1)
[0;34m[l4][0m deriving saturation and retained-knee stability
analyze_saturation: series=18 knees=18 retained=18 saturation=/home/jukebox/DPUmesh/integrations/linkerd/bench/report/data/linkerd-20260810/open/saturation.csv knee_stability=/home/jukebox/DPUmesh/integrations/linkerd/bench/report/data/linkerd-20260810/open/knee_stability.csv
[0;31m[l4][0m invalid rows:\nload-64-q12-grpc-linkerd-r1:overload_shed
load-64-q13-grpc-linkerd-r1:overload_shed
load-64-q14-grpc-linkerd-r1:overload_shed
load-1024-q12-grpc-linkerd-r1:overload_shed
load-1024-q13-grpc-linkerd-r1:overload_shed
load-1024-q14-grpc-linkerd-r1:overload_shed
load-8192-q13-grpc-linkerd-r1:overload_shed
load-8192-q14-grpc-linkerd-r1:overload_shed
