run_id,stage,sequence,config,frame_bytes,offered_rps,duration_s,achieved_rps,p50_us,p99_us,scheduled,admission_drops,pending,fail,overflow,reorder,achieved_ratio,schedule_ratio,admission_drop_ratio,client_busy_cores,server_busy_cores,host_busy_cores,host_core_budget,dpu_arm_cores,tx_grow_waits,clean,reason,raw_result
scout-64-grpc-tcp-pilot1-v1,pilot,1,grpc-tcp,64,5000,2,4998.000,134.00,144.00,10000,0,0,0,0,0,0.999600,1.000000,0.000000,0.220058,0.198198,0.418256,2,NA,0,1,clean,/home/jukebox/DPUmesh/integrations/linkerd/bench/report/data/linkerd-20260810/open/raw/scout-64-grpc-tcp-pilot1-v1.result.attempt1.txt
scout-64-grpc-tcp-pilot2-v1,pilot,2,grpc-tcp,64,6750,2,6748.000,134.00,143.00,13500,0,0,0,0,0,0.999704,1.000000,0.000000,0.302158,0.268404,0.570562,2,NA,0,1,clean,/home/jukebox/DPUmesh/integrations/linkerd/bench/report/data/linkerd-20260810/open/raw/scout-64-grpc-tcp-pilot2-v1.result.attempt1.txt
scout-64-grpc-tcp-pilot3-v1,pilot,3,grpc-tcp,64,9113,2,9110.000,133.00,506.00,18226,0,0,0,0,0,0.999671,1.000000,0.000000,0.404069,0.370903,0.774972,2,NA,0,1,clean,/home/jukebox/DPUmesh/integrations/linkerd/bench/report/data/linkerd-20260810/open/raw/scout-64-grpc-tcp-pilot3-v1.result.attempt1.txt
scout-64-grpc-tcp-pilot4-v1,pilot,4,grpc-tcp,64,12303,2,12301.000,156.00,1624.00,24606,0,0,0,0,0,0.999837,1.000000,0.000000,0.536447,0.501853,1.038300,2,NA,0,1,clean,/home/jukebox/DPUmesh/integrations/linkerd/bench/report/data/linkerd-20260810/open/raw/scout-64-grpc-tcp-pilot4-v1.result.attempt1.txt
scout-64-grpc-tcp-pilot5-v1,pilot,5,grpc-tcp,64,16609,2,16607.000,159.00,5012.00,33217,0,0,0,0,0,0.999880,0.999970,0.000000,0.747337,0.710180,1.457517,2,NA,0,1,clean,/home/jukebox/DPUmesh/integrations/linkerd/bench/report/data/linkerd-20260810/open/raw/scout-64-grpc-tcp-pilot5-v1.result.attempt1.txt
scout-64-grpc-tcp-pilot6-v1,pilot,6,grpc-tcp,64,22422,2,22424.000,546.00,1094.00,44838,0,0,0,0,0,1.000089,0.999866,0.000000,0.896915,0.784958,1.681873,2,NA,0,1,clean,/home/jukebox/DPUmesh/integrations/linkerd/bench/report/data/linkerd-20260810/open/raw/scout-64-grpc-tcp-pilot6-v1.result.attempt1.txt
scout-64-grpc-tcp-pilot7-v1,pilot,7,grpc-tcp,64,30270,2,30449.000,2482.00,31219.00,60526,0,0,0,0,0,1.005913,0.999769,0.000000,0.966460,0.929827,1.896287,2,NA,0,1,clean,/home/jukebox/DPUmesh/integrations/linkerd/bench/report/data/linkerd-20260810/open/raw/scout-64-grpc-tcp-pilot7-v1.result.attempt1.txt
scout-64-grpc-tcp-pilot8-v1,pilot,8,grpc-tcp,64,40865,2,28784.000,302943.00,629178.00,75026,0,0,0,0,0,0.704368,0.917974,0.000000,0.980595,0.975859,1.956454,2,NA,0,0,achieved+scheduler,/home/jukebox/DPUmesh/integrations/linkerd/bench/report/data/linkerd-20260810/open/raw/scout-64-grpc-tcp-pilot8-v1.result.attempt1.txt
scout-64-grpc-tcp-validate8-v1,validate,8,grpc-tcp,64,40865,10,27770.000,3389414.95,3389414.95,381609,0,0,0,151072,0,0.679555,0.933828,0.000000,0.996277,0.996245,1.992522,2,NA,0,0,overflow+achieved+scheduler,/home/jukebox/DPUmesh/integrations/linkerd/bench/report/data/linkerd-20260810/open/raw/scout-64-grpc-tcp-validate8-v1.result.attempt1.txt
scout-64-grpc-tcp-validate8-v2,validate,8,grpc-tcp,64,40865,10,31829.000,3921057.85,3921057.85,394164,0,0,0,186656,0,0.778882,0.964552,0.000000,0.996239,0.975262,1.971501,2,NA,0,0,overflow+achieved+scheduler,/home/jukebox/DPUmesh/integrations/linkerd/bench/report/data/linkerd-20260810/open/raw/scout-64-grpc-tcp-validate8-v2.result.attempt1.txt
scout-64-grpc-tcp-backtrack7-v1,backtrack,7,grpc-tcp,64,30270,10,30349.000,2240.00,16594.00,302695,0,0,0,0,0,1.002610,0.999983,0.000000,0.973572,0.939362,1.912934,2,NA,0,1,clean,/home/jukebox/DPUmesh/integrations/linkerd/bench/report/data/linkerd-20260810/open/raw/scout-64-grpc-tcp-backtrack7-v1.result.attempt1.txt
scout-64-grpc-tcp-backtrack7-v2,backtrack,7,grpc-tcp,64,30270,10,30294.000,2253.00,10604.00,302675,0,0,0,0,0,1.000793,0.999917,0.000000,0.976038,0.939446,1.915484,2,NA,0,1,clean,/home/jukebox/DPUmesh/integrations/linkerd/bench/report/data/linkerd-20260810/open/raw/scout-64-grpc-tcp-backtrack7-v2.result.attempt1.txt
scout-64-grpc-tcp-refine1-v1,refine,1,grpc-tcp,64,35171,10,30539.000,543727.00,2348370.14,344127,0,0,0,27692,0,0.868301,0.978440,0.000000,0.996432,0.949799,1.946231,2,NA,0,0,overflow+achieved+scheduler,/home/jukebox/DPUmesh/integrations/linkerd/bench/report/data/linkerd-20260810/open/raw/scout-64-grpc-tcp-refine1-v1.result.attempt1.txt
scout-64-grpc-tcp-refine1-v2,refine,1,grpc-tcp,64,35171,10,28231.000,976132.00,2090371.83,347892,0,0,0,133921,0,0.802678,0.989144,0.000000,0.996280,0.996278,1.992558,2,NA,0,0,overflow+achieved,/home/jukebox/DPUmesh/integrations/linkerd/bench/report/data/linkerd-20260810/open/raw/scout-64-grpc-tcp-refine1-v2.result.attempt1.txt
scout-64-grpc-tcp-refine2-v1,refine,2,grpc-tcp,64,32629,10,32720.000,6686.00,46825.00,326218,0,0,0,0,0,1.002789,0.999779,0.000000,0.985882,0.977147,1.963029,2,NA,0,1,clean,/home/jukebox/DPUmesh/integrations/linkerd/bench/report/data/linkerd-20260810/open/raw/scout-64-grpc-tcp-refine2-v1.result.attempt1.txt
scout-64-grpc-tcp-refine2-v2,refine,2,grpc-tcp,64,32629,10,32643.000,6532.00,22375.00,326192,0,0,0,0,0,1.000429,0.999700,0.000000,0.985885,0.976589,1.962474,2,NA,0,1,clean,/home/jukebox/DPUmesh/integrations/linkerd/bench/report/data/linkerd-20260810/open/raw/scout-64-grpc-tcp-refine2-v2.result.attempt1.txt
scout-64-grpc-tcp-refine3-v1,refine,3,grpc-tcp,64,33876,10,33853.000,19783.00,46938.00,338727,0,0,0,0,0,0.999321,0.999903,0.000000,0.992777,0.990567,1.983344,2,NA,0,1,clean,/home/jukebox/DPUmesh/integrations/linkerd/bench/report/data/linkerd-20260810/open/raw/scout-64-grpc-tcp-refine3-v1.result.attempt1.txt
scout-64-grpc-tcp-refine3-v2,refine,3,grpc-tcp,64,33876,10,33852.000,21201.00,49547.00,338644,0,0,0,0,0,0.999292,0.999658,0.000000,0.993147,0.991219,1.984366,2,NA,0,1,clean,/home/jukebox/DPUmesh/integrations/linkerd/bench/report/data/linkerd-20260810/open/raw/scout-64-grpc-tcp-refine3-v2.result.attempt1.txt
scout-64-grpc-tcp-refine4-v1,refine,4,grpc-tcp,64,34517,10,29989.000,218766.00,1399040.10,343794,0,0,0,39938,0,0.868818,0.996014,0.000000,0.995676,0.996772,1.992448,2,NA,0,0,overflow+achieved,/home/jukebox/DPUmesh/integrations/linkerd/bench/report/data/linkerd-20260810/open/raw/scout-64-grpc-tcp-refine4-v1.result.attempt1.txt
scout-64-grpc-tcp-refine4-v2,refine,4,grpc-tcp,64,34517,10,30861.000,339397.00,1147086.94,343551,0,0,0,4065,0,0.894081,0.995310,0.000000,0.996416,0.996084,1.992500,2,NA,0,0,overflow+achieved,/home/jukebox/DPUmesh/integrations/linkerd/bench/report/data/linkerd-20260810/open/raw/scout-64-grpc-tcp-refine4-v2.result.attempt1.txt
scout-64-grpc-dpumesh-pilot1-v1,pilot,1,grpc-dpumesh,64,5000,2,4997.000,243.00,423.00,10000,0,0,0,0,0,0.999400,1.000000,0.000000,0.184501,0.173429,0.357930,2,NA,0,1,clean,/home/jukebox/DPUmesh/integrations/linkerd/bench/report/data/linkerd-20260810/open/raw/scout-64-grpc-dpumesh-pilot1-v1.result.attempt1.txt
scout-64-grpc-dpumesh-pilot2-v1,pilot,2,grpc-dpumesh,64,6750,2,6747.000,242.00,396.00,13500,0,0,0,0,0,0.999556,1.000000,0.000000,0.241727,0.217643,0.459370,2,NA,0,1,clean,/home/jukebox/DPUmesh/integrations/linkerd/bench/report/data/linkerd-20260810/open/raw/scout-64-grpc-dpumesh-pilot2-v1.result.attempt1.txt
scout-64-grpc-dpumesh-pilot3-v1,pilot,3,grpc-dpumesh,64,9113,2,9111.000,227.00,333.00,18226,0,0,0,0,0,0.999781,1.000000,0.000000,0.302079,0.268350,0.570429,2,NA,0,1,clean,/home/jukebox/DPUmesh/integrations/linkerd/bench/report/data/linkerd-20260810/open/raw/scout-64-grpc-dpumesh-pilot3-v1.result.attempt1.txt
scout-64-grpc-dpumesh-pilot4-v1,pilot,4,grpc-dpumesh,64,12303,2,12301.000,242.00,265.00,24606,0,0,0,0,0,0.999837,1.000000,0.000000,0.392951,0.334313,0.727264,2,NA,0,1,clean,/home/jukebox/DPUmesh/integrations/linkerd/bench/report/data/linkerd-20260810/open/raw/scout-64-grpc-dpumesh-pilot4-v1.result.attempt1.txt
scout-64-grpc-dpumesh-pilot5-v1,pilot,5,grpc-dpumesh,64,16609,2,16606.000,213.00,7074.00,33218,0,0,0,0,0,0.999819,1.000000,0.000000,0.547769,0.480828,1.028597,2,NA,0,1,clean,/home/jukebox/DPUmesh/integrations/linkerd/bench/report/data/linkerd-20260810/open/raw/scout-64-grpc-dpumesh-pilot5-v1.result.attempt1.txt
scout-64-grpc-dpumesh-pilot6-v1,pilot,6,grpc-dpumesh,64,22422,2,22420.000,245.00,15581.00,44843,0,0,0,0,0,0.999911,0.999978,0.000000,0.661848,0.653267,1.315115,2,NA,0,1,clean,/home/jukebox/DPUmesh/integrations/linkerd/bench/report/data/linkerd-20260810/open/raw/scout-64-grpc-dpumesh-pilot6-v1.result.attempt1.txt
scout-64-grpc-dpumesh-pilot7-v1,pilot,7,grpc-dpumesh,64,30270,2,30078.000,24855.00,222893.00,60529,0,0,0,0,0,0.993657,0.999818,0.000000,0.929486,0.927262,1.856748,2,NA,0,1,clean,/home/jukebox/DPUmesh/integrations/linkerd/bench/report/data/linkerd-20260810/open/raw/scout-64-grpc-dpumesh-pilot7-v1.result.attempt1.txt
scout-64-grpc-dpumesh-pilot8-v1,pilot,8,grpc-dpumesh,64,40865,2,26299.000,229356.00,777397.00,73172,0,0,0,0,0,0.643558,0.895289,0.000000,0.983117,0.951912,1.935029,2,NA,0,0,achieved+scheduler,/home/jukebox/DPUmesh/integrations/linkerd/bench/report/data/linkerd-20260810/open/raw/scout-64-grpc-dpumesh-pilot8-v1.result.attempt1.txt
scout-64-grpc-dpumesh-validate8-v1,validate,8,grpc-dpumesh,64,40865,10,25299.000,3970372.37,3970372.37,383800,0,0,0,166952,0,0.619087,0.939190,0.000000,0.996244,0.996245,1.992489,2,1.406268,0,0,overflow+achieved+scheduler,/home/jukebox/DPUmesh/integrations/linkerd/bench/report/data/linkerd-20260810/open/raw/scout-64-grpc-dpumesh-validate8-v1.result.attempt1.txt
scout-64-grpc-dpumesh-validate8-v2,validate,8,grpc-dpumesh,64,40865,10,22576.000,4913759.72,4913759.72,391002,0,0,0,156866,0,0.552453,0.956814,0.000000,0.996677,0.996975,1.993652,2,1.386376,0,0,overflow+achieved+scheduler,/home/jukebox/DPUmesh/integrations/linkerd/bench/report/data/linkerd-20260810/open/raw/scout-64-grpc-dpumesh-validate8-v2.result.attempt1.txt
scout-64-grpc-dpumesh-backtrack7-v1,backtrack,7,grpc-dpumesh,64,30270,10,30240.000,1972.00,70780.00,302699,0,0,0,0,0,0.999009,0.999997,0.000000,0.932306,0.900420,1.832726,2,2.465449,0,1,clean,/home/jukebox/DPUmesh/integrations/linkerd/bench/report/data/linkerd-20260810/open/raw/scout-64-grpc-dpumesh-backtrack7-v1.result.attempt1.txt
scout-64-grpc-dpumesh-backtrack7-v2,backtrack,7,grpc-dpumesh,64,30270,10,28933.000,115476.00,623596.00,301449,0,0,0,0,0,0.955831,0.995867,0.000000,0.946423,0.957483,1.903906,2,2.167210,0,0,achieved,/home/jukebox/DPUmesh/integrations/linkerd/bench/report/data/linkerd-20260810/open/raw/scout-64-grpc-dpumesh-backtrack7-v2.result.attempt1.txt
scout-64-grpc-dpumesh-backtrack7-v3,backtrack,7,grpc-dpumesh,64,30270,10,27944.000,332240.00,686567.00,302567,0,0,0,0,0,0.923158,0.999561,0.000000,0.935571,0.964819,1.900390,2,1.568271,0,0,achieved,/home/jukebox/DPUmesh/integrations/linkerd/bench/report/data/linkerd-20260810/open/raw/scout-64-grpc-dpumesh-backtrack7-v3.result.attempt1.txt
scout-64-grpc-dpumesh-backtrack6-v1,backtrack,6,grpc-dpumesh,64,22422,10,22422.000,245.00,12799.00,224219,0,0,0,0,0,1.000000,0.999996,0.000000,0.670241,0.661681,1.331922,2,1.932682,0,1,clean,/home/jukebox/DPUmesh/integrations/linkerd/bench/report/data/linkerd-20260810/open/raw/scout-64-grpc-dpumesh-backtrack6-v1.result.attempt1.txt
scout-64-grpc-dpumesh-backtrack6-v2,backtrack,6,grpc-dpumesh,64,22422,10,22422.000,244.00,11770.00,224219,0,0,0,0,0,1.000000,0.999996,0.000000,0.665707,0.659524,1.325231,2,1.939169,0,1,clean,/home/jukebox/DPUmesh/integrations/linkerd/bench/report/data/linkerd-20260810/open/raw/scout-64-grpc-dpumesh-backtrack6-v2.result.attempt1.txt
scout-64-grpc-dpumesh-refine1-v1,refine,1,grpc-dpumesh,64,26052,10,26052.000,248.00,301543.00,260520,0,0,0,0,0,1.000000,1.000000,0.000000,0.817553,0.794152,1.611705,2,2.476948,0,1,clean,/home/jukebox/DPUmesh/integrations/linkerd/bench/report/data/linkerd-20260810/open/raw/scout-64-grpc-dpumesh-refine1-v1.result.attempt1.txt
scout-64-grpc-dpumesh-refine1-v2,refine,1,grpc-dpumesh,64,26052,10,26016.000,248.00,215833.00,260520,0,0,0,0,0,0.998618,1.000000,0.000000,0.832338,0.785830,1.618168,2,2.213521,0,1,clean,/home/jukebox/DPUmesh/integrations/linkerd/bench/report/data/linkerd-20260810/open/raw/scout-64-grpc-dpumesh-refine1-v2.result.attempt1.txt
scout-64-grpc-dpumesh-refine2-v1,refine,2,grpc-dpumesh,64,28082,10,28101.000,250.00,27614.00,280819,0,0,0,0,0,1.000677,0.999996,0.000000,0.852206,0.830867,1.683073,2,2.359084,0,1,clean,/home/jukebox/DPUmesh/integrations/linkerd/bench/report/data/linkerd-20260810/open/raw/scout-64-grpc-dpumesh-refine2-v1.result.attempt1.txt
scout-64-grpc-dpumesh-refine2-v2,refine,2,grpc-dpumesh,64,28082,10,28055.000,292.00,389719.00,280819,0,0,0,0,0,0.999039,0.999996,0.000000,0.880744,0.858124,1.738868,2,2.289551,0,1,clean,/home/jukebox/DPUmesh/integrations/linkerd/bench/report/data/linkerd-20260810/open/raw/scout-64-grpc-dpumesh-refine2-v2.result.attempt1.txt
scout-64-grpc-dpumesh-refine3-v1,refine,3,grpc-dpumesh,64,29155,10,28979.000,3259.00,463112.00,291549,0,0,0,0,0,0.993963,0.999997,0.000000,0.932689,0.884569,1.817258,2,2.270028,0,1,clean,/home/jukebox/DPUmesh/integrations/linkerd/bench/report/data/linkerd-20260810/open/raw/scout-64-grpc-dpumesh-refine3-v1.result.attempt1.txt
scout-64-grpc-dpumesh-refine3-v2,refine,3,grpc-dpumesh,64,29155,10,27181.000,80573.00,1820969.04,291422,0,0,0,8562,0,0.932293,0.999561,0.000000,0.935111,0.888648,1.823759,2,1.732239,0,0,overflow+achieved,/home/jukebox/DPUmesh/integrations/linkerd/bench/report/data/linkerd-20260810/open/raw/scout-64-grpc-dpumesh-refine3-v2.result.attempt1.txt
scout-64-grpc-dpumesh-refine3-v3,refine,3,grpc-dpumesh,64,29155,10,29173.000,944.00,314568.00,291550,0,0,0,0,0,1.000617,1.000000,0.000000,0.918935,0.883893,1.802828,2,2.228694,0,1,clean,/home/jukebox/DPUmesh/integrations/linkerd/bench/report/data/linkerd-20260810/open/raw/scout-64-grpc-dpumesh-refine3-v3.result.attempt1.txt
scout-64-grpc-dpumesh-refine4-v1,refine,4,grpc-dpumesh,64,29707,10,29672.000,2767.00,381380.00,297069,0,0,0,0,0,0.998822,0.999997,0.000000,0.938517,0.882564,1.821081,2,2.215282,0,1,clean,/home/jukebox/DPUmesh/integrations/linkerd/bench/report/data/linkerd-20260810/open/raw/scout-64-grpc-dpumesh-refine4-v1.result.attempt1.txt
scout-64-grpc-dpumesh-refine4-v2,refine,4,grpc-dpumesh,64,29707,10,29713.000,1703.00,405834.00,297069,0,0,0,0,0,1.000202,0.999997,0.000000,0.949023,0.885287,1.834310,2,2.284836,0,1,clean,/home/jukebox/DPUmesh/integrations/linkerd/bench/report/data/linkerd-20260810/open/raw/scout-64-grpc-dpumesh-refine4-v2.result.attempt1.txt
scout-64-grpc-envoy-permissive-pilot1-v1,pilot,1,grpc-envoy-permissive,64,5000,2,4998.000,217.00,636.00,10000,0,0,0,0,0,0.999600,1.000000,0.000000,0.329413,0.515684,0.845097,2,NA,0,1,clean,/home/jukebox/DPUmesh/integrations/linkerd/bench/report/data/linkerd-20260810/open/raw/scout-64-grpc-envoy-permissive-pilot1-v1.result.attempt1.txt
scout-64-grpc-envoy-permissive-pilot2-v1,pilot,2,grpc-envoy-permissive,64,6750,2,6747.000,179.00,471.00,13500,0,0,0,0,0,0.999556,1.000000,0.000000,0.451728,0.403091,0.854819,2,NA,0,1,clean,/home/jukebox/DPUmesh/integrations/linkerd/bench/report/data/linkerd-20260810/open/raw/scout-64-grpc-envoy-permissive-pilot2-v1.result.attempt1.txt
scout-64-grpc-envoy-permissive-pilot3-v1,pilot,3,grpc-envoy-permissive,64,9113,2,9110.000,223.00,717.00,18226,0,0,0,0,0,0.999671,1.000000,0.000000,0.603834,0.586451,1.190285,2,NA,0,1,clean,/home/jukebox/DPUmesh/integrations/linkerd/bench/report/data/linkerd-20260810/open/raw/scout-64-grpc-envoy-permissive-pilot3-v1.result.attempt1.txt
scout-64-grpc-envoy-permissive-pilot4-v1,pilot,4,grpc-envoy-permissive,64,12303,2,12300.000,198.00,347.00,24606,0,0,0,0,0,0.999756,1.000000,0.000000,0.816798,0.719843,1.536641,2,NA,0,1,clean,/home/jukebox/DPUmesh/integrations/linkerd/bench/report/data/linkerd-20260810/open/raw/scout-64-grpc-envoy-permissive-pilot4-v1.result.attempt1.txt
scout-64-grpc-envoy-permissive-pilot5-v1,pilot,5,grpc-envoy-permissive,64,16609,2,16607.000,728.00,1172.00,33217,0,0,0,0,0,0.999880,0.999970,0.000000,0.980492,0.907296,1.887788,2,NA,0,1,clean,/home/jukebox/DPUmesh/integrations/linkerd/bench/report/data/linkerd-20260810/open/raw/scout-64-grpc-envoy-permissive-pilot5-v1.result.attempt1.txt
scout-64-grpc-envoy-permissive-pilot6-v1,pilot,6,grpc-envoy-permissive,64,22422,2,22420.000,1135.00,1513.00,44839,0,0,0,0,0,0.999911,0.999889,0.000000,0.981694,0.924390,1.906084,2,NA,0,1,clean,/home/jukebox/DPUmesh/integrations/linkerd/bench/report/data/linkerd-20260810/open/raw/scout-64-grpc-envoy-permissive-pilot6-v1.result.attempt1.txt
scout-64-grpc-envoy-permissive-pilot7-v1,pilot,7,grpc-envoy-permissive,64,30270,2,30274.000,1577.00,4619.00,60536,0,0,0,0,0,1.000132,0.999934,0.000000,0.981123,0.915551,1.896674,2,NA,0,1,clean,/home/jukebox/DPUmesh/integrations/linkerd/bench/report/data/linkerd-20260810/open/raw/scout-64-grpc-envoy-permissive-pilot7-v1.result.attempt1.txt
scout-64-grpc-envoy-permissive-pilot8-v1,pilot,8,grpc-envoy-permissive,64,40865,2,40847.000,3589.00,5310.00,81720,0,0,0,0,0,0.999560,0.999878,0.000000,0.981770,0.913888,1.895658,2,NA,0,1,clean,/home/jukebox/DPUmesh/integrations/linkerd/bench/report/data/linkerd-20260810/open/raw/scout-64-grpc-envoy-permissive-pilot8-v1.result.attempt1.txt
scout-64-grpc-envoy-permissive-pilot9-v1,pilot,9,grpc-envoy-permissive,64,55168,2,47958.000,192645.00,334344.00,103208,0,0,0,0,0,0.869308,0.935397,0.000000,0.982304,0.958849,1.941153,2,NA,0,0,achieved+scheduler,/home/jukebox/DPUmesh/integrations/linkerd/bench/report/data/linkerd-20260810/open/raw/scout-64-grpc-envoy-permissive-pilot9-v1.result.attempt1.txt
scout-64-grpc-envoy-permissive-validate9-v1,validate,9,grpc-envoy-permissive,64,55168,10,49506.000,547059.00,1144985.13,524000,0,0,0,9458,0,0.897368,0.949826,0.000000,0.996270,0.931059,1.927329,2,NA,0,0,overflow+achieved+scheduler,/home/jukebox/DPUmesh/integrations/linkerd/bench/report/data/linkerd-20260810/open/raw/scout-64-grpc-envoy-permissive-validate9-v1.result.attempt1.txt
scout-64-grpc-envoy-permissive-validate9-v2,validate,9,grpc-envoy-permissive,64,55168,10,49612.000,537525.00,1030820.00,520415,0,0,0,2314,0,0.899289,0.943328,0.000000,0.996497,0.929678,1.926175,2,NA,0,0,overflow+achieved+scheduler,/home/jukebox/DPUmesh/integrations/linkerd/bench/report/data/linkerd-20260810/open/raw/scout-64-grpc-envoy-permissive-validate9-v2.result.attempt1.txt
scout-64-grpc-envoy-permissive-backtrack8-v1,backtrack,8,grpc-envoy-permissive,64,40865,10,40863.000,3273.00,4484.00,408628,0,0,0,0,0,0.999951,0.999946,0.000000,0.996236,0.892477,1.888713,2,NA,0,1,clean,/home/jukebox/DPUmesh/integrations/linkerd/bench/report/data/linkerd-20260810/open/raw/scout-64-grpc-envoy-permissive-backtrack8-v1.result.attempt1.txt
scout-64-grpc-envoy-permissive-backtrack8-v2,backtrack,8,grpc-envoy-permissive,64,40865,10,40871.000,3219.00,4367.00,408646,0,0,0,0,0,1.000147,0.999990,0.000000,0.996276,0.897192,1.893468,2,NA,0,1,clean,/home/jukebox/DPUmesh/integrations/linkerd/bench/report/data/linkerd-20260810/open/raw/scout-64-grpc-envoy-permissive-backtrack8-v2.result.attempt1.txt
scout-64-grpc-envoy-permissive-refine1-v1,refine,1,grpc-envoy-permissive,64,47481,10,47468.000,10329.00,16211.00,474772,0,0,0,0,0,0.999726,0.999920,0.000000,0.996253,0.906236,1.902489,2,NA,0,1,clean,/home/jukebox/DPUmesh/integrations/linkerd/bench/report/data/linkerd-20260810/open/raw/scout-64-grpc-envoy-permissive-refine1-v1.result.attempt1.txt
scout-64-grpc-envoy-permissive-refine1-v2,refine,1,grpc-envoy-permissive,64,47481,10,47469.000,11317.00,17648.00,474750,0,0,0,0,0,0.999747,0.999874,0.000000,0.995995,0.902942,1.898937,2,NA,0,1,clean,/home/jukebox/DPUmesh/integrations/linkerd/bench/report/data/linkerd-20260810/open/raw/scout-64-grpc-envoy-permissive-refine1-v2.result.attempt1.txt
scout-64-grpc-envoy-permissive-refine2-v1,refine,2,grpc-envoy-permissive,64,51180,10,51175.000,19205.00,31139.00,511436,0,0,0,0,0,0.999902,0.999289,0.000000,0.996185,0.948330,1.944515,2,NA,0,1,clean,/home/jukebox/DPUmesh/integrations/linkerd/bench/report/data/linkerd-20260810/open/raw/scout-64-grpc-envoy-permissive-refine2-v1.result.attempt1.txt
scout-64-grpc-envoy-permissive-refine2-v2,refine,2,grpc-envoy-permissive,64,51180,10,51130.000,18869.00,31519.00,511509,0,0,0,0,0,0.999023,0.999431,0.000000,0.996293,0.945995,1.942288,2,NA,0,1,clean,/home/jukebox/DPUmesh/integrations/linkerd/bench/report/data/linkerd-20260810/open/raw/scout-64-grpc-envoy-permissive-refine2-v2.result.attempt1.txt
scout-64-grpc-envoy-permissive-refine3-v1,refine,3,grpc-envoy-permissive,64,53137,10,49877.000,306279.00,701311.00,513199,0,0,0,0,0,0.938649,0.965803,0.000000,0.996472,0.930377,1.926849,2,NA,0,0,achieved+scheduler,/home/jukebox/DPUmesh/integrations/linkerd/bench/report/data/linkerd-20260810/open/raw/scout-64-grpc-envoy-permissive-refine3-v1.result.attempt1.txt
scout-64-grpc-envoy-permissive-refine3-v2,refine,3,grpc-envoy-permissive,64,53137,10,49664.000,339653.00,738821.00,522267,0,0,0,0,0,0.934641,0.982869,0.000000,0.996284,0.932170,1.928454,2,NA,0,0,achieved,/home/jukebox/DPUmesh/integrations/linkerd/bench/report/data/linkerd-20260810/open/raw/scout-64-grpc-envoy-permissive-refine3-v2.result.attempt1.txt
scout-64-grpc-envoy-permissive-refine4-v1,refine,4,grpc-envoy-permissive,64,52149,10,52044.000,29599.00,92801.00,520820,0,0,0,0,0,0.997987,0.998715,0.000000,0.996909,0.954398,1.951307,2,NA,0,1,clean,/home/jukebox/DPUmesh/integrations/linkerd/bench/report/data/linkerd-20260810/open/raw/scout-64-grpc-envoy-permissive-refine4-v1.result.attempt1.txt
scout-64-grpc-envoy-permissive-refine4-v2,refine,4,grpc-envoy-permissive,64,52149,10,51793.000,28818.00,173505.00,519572,0,0,0,0,0,0.993173,0.996322,0.000000,0.996216,0.956137,1.952353,2,NA,0,1,clean,/home/jukebox/DPUmesh/integrations/linkerd/bench/report/data/linkerd-20260810/open/raw/scout-64-grpc-envoy-permissive-refine4-v2.result.attempt1.txt
scout-64-grpc-envoy-strict-pilot1-v1,pilot,1,grpc-envoy-strict,64,5000,2,4997.000,233.00,726.00,10000,0,0,0,0,0,0.999400,1.000000,0.000000,0.349081,0.512098,0.861179,2,NA,0,1,clean,/home/jukebox/DPUmesh/integrations/linkerd/bench/report/data/linkerd-20260810/open/raw/scout-64-grpc-envoy-strict-pilot1-v1.result.attempt1.txt
scout-64-grpc-envoy-strict-pilot2-v1,pilot,2,grpc-envoy-strict,64,6750,2,6747.000,187.00,249.00,13500,0,0,0,0,0,0.999556,1.000000,0.000000,0.485911,0.420580,0.906491,2,NA,0,1,clean,/home/jukebox/DPUmesh/integrations/linkerd/bench/report/data/linkerd-20260810/open/raw/scout-64-grpc-envoy-strict-pilot2-v1.result.attempt1.txt
scout-64-grpc-envoy-strict-pilot3-v1,pilot,3,grpc-envoy-strict,64,9113,2,9110.000,229.00,810.00,18226,0,0,0,0,0,0.999671,1.000000,0.000000,0.639901,0.624081,1.263982,2,NA,0,1,clean,/home/jukebox/DPUmesh/integrations/linkerd/bench/report/data/linkerd-20260810/open/raw/scout-64-grpc-envoy-strict-pilot3-v1.result.attempt1.txt
scout-64-grpc-envoy-strict-pilot4-v1,pilot,4,grpc-envoy-strict,64,12303,2,12301.000,202.00,404.00,24606,0,0,0,0,0,0.999837,1.000000,0.000000,0.876627,0.757379,1.634006,2,NA,0,1,clean,/home/jukebox/DPUmesh/integrations/linkerd/bench/report/data/linkerd-20260810/open/raw/scout-64-grpc-envoy-strict-pilot4-v1.result.attempt1.txt
scout-64-grpc-envoy-strict-pilot5-v1,pilot,5,grpc-envoy-strict,64,16609,2,16608.000,910.00,1335.00,33212,0,0,0,0,0,0.999940,0.999819,0.000000,0.981183,0.924577,1.905760,2,NA,0,1,clean,/home/jukebox/DPUmesh/integrations/linkerd/bench/report/data/linkerd-20260810/open/raw/scout-64-grpc-envoy-strict-pilot5-v1.result.attempt1.txt
scout-64-grpc-envoy-strict-pilot6-v1,pilot,6,grpc-envoy-strict,64,22422,2,22422.000,1243.00,1668.00,44836,0,0,0,0,0,1.000000,0.999822,0.000000,0.982079,0.933895,1.915974,2,NA,0,1,clean,/home/jukebox/DPUmesh/integrations/linkerd/bench/report/data/linkerd-20260810/open/raw/scout-64-grpc-envoy-strict-pilot6-v1.result.attempt1.txt
scout-64-grpc-envoy-strict-pilot7-v1,pilot,7,grpc-envoy-strict,64,30270,2,30271.000,1809.00,2540.00,60530,0,0,0,0,0,1.000033,0.999835,0.000000,0.981667,0.910108,1.891775,2,NA,0,1,clean,/home/jukebox/DPUmesh/integrations/linkerd/bench/report/data/linkerd-20260810/open/raw/scout-64-grpc-envoy-strict-pilot7-v1.result.attempt1.txt
scout-64-grpc-envoy-strict-pilot8-v1,pilot,8,grpc-envoy-strict,64,40865,2,40860.000,3989.00,6027.00,81718,0,0,0,0,0,0.999878,0.999853,0.000000,0.983152,0.929392,1.912544,2,NA,0,1,clean,/home/jukebox/DPUmesh/integrations/linkerd/bench/report/data/linkerd-20260810/open/raw/scout-64-grpc-envoy-strict-pilot8-v1.result.attempt1.txt
scout-64-grpc-envoy-strict-pilot9-v1,pilot,9,grpc-envoy-strict,64,55168,2,46493.000,212035.00,366977.00,102763,0,0,0,0,0,0.842753,0.931364,0.000000,0.980763,0.980238,1.961001,2,NA,0,0,achieved+scheduler,/home/jukebox/DPUmesh/integrations/linkerd/bench/report/data/linkerd-20260810/open/raw/scout-64-grpc-envoy-strict-pilot9-v1.result.attempt1.txt
scout-64-grpc-envoy-strict-validate9-v1,validate,9,grpc-envoy-strict,64,55168,10,49119.000,589482.00,1256199.73,512386,0,0,0,29308,0,0.890353,0.928774,0.000000,0.996785,0.938759,1.935544,2,NA,0,0,overflow+achieved+scheduler,/home/jukebox/DPUmesh/integrations/linkerd/bench/report/data/linkerd-20260810/open/raw/scout-64-grpc-envoy-strict-validate9-v1.result.attempt1.txt
scout-64-grpc-envoy-strict-validate9-v2,validate,9,grpc-envoy-strict,64,55168,10,49333.000,560480.00,1215584.10,523977,0,0,0,19434,0,0.894232,0.949784,0.000000,0.996543,0.937410,1.933953,2,NA,0,0,overflow+achieved+scheduler,/home/jukebox/DPUmesh/integrations/linkerd/bench/report/data/linkerd-20260810/open/raw/scout-64-grpc-envoy-strict-validate9-v2.result.attempt1.txt
scout-64-grpc-envoy-strict-backtrack8-v1,backtrack,8,grpc-envoy-strict,64,40865,10,40871.000,3600.00,5009.00,408611,0,0,0,0,0,1.000147,0.999905,0.000000,0.996252,0.897334,1.893586,2,NA,0,1,clean,/home/jukebox/DPUmesh/integrations/linkerd/bench/report/data/linkerd-20260810/open/raw/scout-64-grpc-envoy-strict-backtrack8-v1.result.attempt1.txt
scout-64-grpc-envoy-strict-backtrack8-v2,backtrack,8,grpc-envoy-strict,64,40865,10,40865.000,3645.00,5091.00,408621,0,0,0,0,0,1.000000,0.999929,0.000000,0.996304,0.890149,1.886453,2,NA,0,1,clean,/home/jukebox/DPUmesh/integrations/linkerd/bench/report/data/linkerd-20260810/open/raw/scout-64-grpc-envoy-strict-backtrack8-v2.result.attempt1.txt
scout-64-grpc-envoy-strict-refine1-v1,refine,1,grpc-envoy-strict,64,47481,10,47470.000,12074.00,18657.00,474761,0,0,0,0,0,0.999768,0.999897,0.000000,0.996289,0.914934,1.911223,2,NA,0,1,clean,/home/jukebox/DPUmesh/integrations/linkerd/bench/report/data/linkerd-20260810/open/raw/scout-64-grpc-envoy-strict-refine1-v1.result.attempt1.txt
scout-64-grpc-envoy-strict-refine1-v2,refine,1,grpc-envoy-strict,64,47481,10,47479.000,12459.00,21159.00,474702,0,0,0,0,0,0.999958,0.999773,0.000000,0.996747,0.919212,1.915959,2,NA,0,1,clean,/home/jukebox/DPUmesh/integrations/linkerd/bench/report/data/linkerd-20260810/open/raw/scout-64-grpc-envoy-strict-refine1-v2.result.attempt1.txt
scout-64-grpc-envoy-strict-refine2-v1,refine,2,grpc-envoy-strict,64,51180,10,51138.000,21959.00,39063.00,511370,0,0,0,0,0,0.999179,0.999160,0.000000,0.996205,0.959099,1.955304,2,NA,0,1,clean,/home/jukebox/DPUmesh/integrations/linkerd/bench/report/data/linkerd-20260810/open/raw/scout-64-grpc-envoy-strict-refine2-v1.result.attempt1.txt
scout-64-grpc-envoy-strict-refine2-v2,refine,2,grpc-envoy-strict,64,51180,10,51157.000,21903.00,40733.00,511583,0,0,0,0,0,0.999551,0.999576,0.000000,0.996144,0.959204,1.955348,2,NA,0,1,clean,/home/jukebox/DPUmesh/integrations/linkerd/bench/report/data/linkerd-20260810/open/raw/scout-64-grpc-envoy-strict-refine2-v2.result.attempt1.txt
scout-64-grpc-envoy-strict-refine3-v1,refine,3,grpc-envoy-strict,64,53137,10,49211.000,366313.00,775751.00,516818,0,0,0,0,0,0.926116,0.972614,0.000000,0.995876,0.944540,1.940416,2,NA,0,0,achieved+scheduler,/home/jukebox/DPUmesh/integrations/linkerd/bench/report/data/linkerd-20260810/open/raw/scout-64-grpc-envoy-strict-refine3-v1.result.attempt1.txt
scout-64-grpc-envoy-strict-refine3-v2,refine,3,grpc-envoy-strict,64,53137,10,49269.000,389290.00,752566.00,515917,0,0,0,0,0,0.927207,0.970919,0.000000,0.996565,0.936762,1.933327,2,NA,0,0,achieved+scheduler,/home/jukebox/DPUmesh/integrations/linkerd/bench/report/data/linkerd-20260810/open/raw/scout-64-grpc-envoy-strict-refine3-v2.result.attempt1.txt
scout-64-grpc-envoy-strict-refine4-v1,refine,4,grpc-envoy-strict,64,52149,10,49399.000,268812.00,566051.00,510663,0,0,0,0,0,0.947266,0.979238,0.000000,0.996143,0.944173,1.940316,2,NA,0,0,achieved+scheduler,/home/jukebox/DPUmesh/integrations/linkerd/bench/report/data/linkerd-20260810/open/raw/scout-64-grpc-envoy-strict-refine4-v1.result.attempt1.txt
scout-64-grpc-envoy-strict-refine4-v2,refine,4,grpc-envoy-strict,64,52149,10,49241.000,281114.00,624441.00,507716,0,0,0,0,0,0.944237,0.973587,0.000000,0.996114,0.954002,1.950116,2,NA,0,0,achieved+scheduler,/home/jukebox/DPUmesh/integrations/linkerd/bench/report/data/linkerd-20260810/open/raw/scout-64-grpc-envoy-strict-refine4-v2.result.attempt1.txt
scout-64-grpc-linkerd-pilot1-v1,pilot,1,grpc-linkerd,64,5000,2,4997.000,403.00,441.00,10000,0,0,0,0,0,0.999400,1.000000,0.000000,0.754117,0.637166,1.391283,2,NA,0,1,clean,/home/jukebox/DPUmesh/integrations/linkerd/bench/report/data/linkerd-20260810/open/raw/scout-64-grpc-linkerd-pilot1-v1.result.attempt1.txt
scout-64-grpc-linkerd-pilot2-v1,pilot,2,grpc-linkerd,64,6750,2,6748.000,658.00,1280.00,13500,0,0,0,0,0,0.999704,1.000000,0.000000,0.945570,0.794848,1.740418,2,NA,0,1,clean,/home/jukebox/DPUmesh/integrations/linkerd/bench/report/data/linkerd-20260810/open/raw/scout-64-grpc-linkerd-pilot2-v1.result.attempt1.txt
scout-64-grpc-linkerd-pilot3-v1,pilot,3,grpc-linkerd,64,9113,2,9106.000,1666.00,2675.00,18224,0,0,0,0,0,0.999232,0.999890,0.000000,0.972496,0.719058,1.691554,2,NA,0,1,clean,/home/jukebox/DPUmesh/integrations/linkerd/bench/report/data/linkerd-20260810/open/raw/scout-64-grpc-linkerd-pilot3-v1.result.attempt1.txt
scout-64-grpc-linkerd-pilot4-v1,pilot,4,grpc-linkerd,64,12303,2,12294.000,3264.00,4369.00,24595,0,0,0,0,0,0.999268,0.999553,0.000000,0.982346,0.755659,1.738005,2,NA,0,1,clean,/home/jukebox/DPUmesh/integrations/linkerd/bench/report/data/linkerd-20260810/open/raw/scout-64-grpc-linkerd-pilot4-v1.result.attempt1.txt
scout-64-grpc-linkerd-pilot5-v1,pilot,5,grpc-linkerd,64,16609,2,12826.000,177996.00,448022.00,33170,0,0,0,0,0,0.772232,0.998555,0.000000,0.979421,0.765770,1.745191,2,NA,0,0,achieved,/home/jukebox/DPUmesh/integrations/linkerd/bench/report/data/linkerd-20260810/open/raw/scout-64-grpc-linkerd-pilot5-v1.result.attempt1.txt
scout-64-grpc-linkerd-validate5-v1,validate,5,grpc-linkerd,64,16609,10,9189.000,1603539.78,1603539.78,166075,0,0,62460,50973,0,0.553254,0.999910,0.000000,0.990790,0.482738,1.473528,2,NA,0,0,fail+overflow+achieved,/home/jukebox/DPUmesh/integrations/linkerd/bench/report/data/linkerd-20260810/open/raw/scout-64-grpc-linkerd-validate5-v1.result.attempt1.txt
scout-64-grpc-linkerd-validate5-v2,validate,5,grpc-linkerd,64,16609,10,9732.000,1477429.90,1477429.90,166074,0,0,56814,50523,0,0.585947,0.999904,0.000000,0.996059,0.516935,1.512994,2,NA,0,0,fail+overflow+achieved,/home/jukebox/DPUmesh/integrations/linkerd/bench/report/data/linkerd-20260810/open/raw/scout-64-grpc-linkerd-validate5-v2.result.attempt1.txt
scout-64-grpc-linkerd-backtrack4-v1,backtrack,4,grpc-linkerd,64,12303,10,12302.000,3237.00,4376.00,123026,0,0,0,0,0,0.999919,0.999967,0.000000,0.996334,0.766295,1.762629,2,NA,0,1,clean,/home/jukebox/DPUmesh/integrations/linkerd/bench/report/data/linkerd-20260810/open/raw/scout-64-grpc-linkerd-backtrack4-v1.result.attempt1.txt
scout-64-grpc-linkerd-backtrack4-v2,backtrack,4,grpc-linkerd,64,12303,10,12301.000,3272.00,4389.00,123018,0,0,0,0,0,0.999837,0.999902,0.000000,0.996316,0.765046,1.761362,2,NA,0,1,clean,/home/jukebox/DPUmesh/integrations/linkerd/bench/report/data/linkerd-20260810/open/raw/scout-64-grpc-linkerd-backtrack4-v2.result.attempt1.txt
scout-64-grpc-linkerd-refine1-v1,refine,1,grpc-linkerd,64,14295,10,14295.000,5683.00,8111.00,142950,0,0,0,0,0,1.000000,1.000000,0.000000,0.996292,0.823661,1.819953,2,NA,0,1,clean,/home/jukebox/DPUmesh/integrations/linkerd/bench/report/data/linkerd-20260810/open/raw/scout-64-grpc-linkerd-refine1-v1.result.attempt1.txt
scout-64-grpc-linkerd-refine1-v2,refine,1,grpc-linkerd,64,14295,10,14297.000,5718.00,8095.00,142922,0,0,0,0,0,1.000140,0.999804,0.000000,0.996355,0.822963,1.819318,2,NA,0,1,clean,/home/jukebox/DPUmesh/integrations/linkerd/bench/report/data/linkerd-20260810/open/raw/scout-64-grpc-linkerd-refine1-v2.result.attempt1.txt
scout-64-grpc-linkerd-refine2-v1,refine,2,grpc-linkerd,64,15409,10,15408.000,10038.00,16206.00,154068,0,0,0,0,0,0.999935,0.999857,0.000000,0.995917,0.851504,1.847421,2,NA,0,1,clean,/home/jukebox/DPUmesh/integrations/linkerd/bench/report/data/linkerd-20260810/open/raw/scout-64-grpc-linkerd-refine2-v1.result.attempt1.txt
scout-64-grpc-linkerd-refine2-v2,refine,2,grpc-linkerd,64,15409,10,15401.000,10094.00,16360.00,154059,0,0,0,0,0,0.999481,0.999799,0.000000,0.996563,0.849255,1.845818,2,NA,0,1,clean,/home/jukebox/DPUmesh/integrations/linkerd/bench/report/data/linkerd-20260810/open/raw/scout-64-grpc-linkerd-refine2-v2.result.attempt1.txt
scout-64-grpc-linkerd-refine3-v1,refine,3,grpc-linkerd,64,15998,10,12999.000,99404.00,1325520.53,159961,0,0,18498,17365,0,0.812539,0.999881,0.000000,0.996190,0.754085,1.750275,2,NA,0,0,fail+overflow+achieved,/home/jukebox/DPUmesh/integrations/linkerd/bench/report/data/linkerd-20260810/open/raw/scout-64-grpc-linkerd-refine3-v1.result.attempt1.txt
scout-64-grpc-linkerd-refine3-v2,refine,3,grpc-linkerd,64,15998,10,12112.000,287393.00,1326087.86,159903,0,0,27373,28207,0,0.757095,0.999519,0.000000,0.995897,0.680019,1.675916,2,NA,0,0,fail+overflow+achieved,/home/jukebox/DPUmesh/integrations/linkerd/bench/report/data/linkerd-20260810/open/raw/scout-64-grpc-linkerd-refine3-v2.result.attempt1.txt
scout-64-grpc-linkerd-refine4-v1,refine,4,grpc-linkerd,64,15701,10,15686.000,21965.00,42676.00,156963,0,0,0,0,0,0.999045,0.999701,0.000000,0.995985,0.859353,1.855338,2,NA,0,1,clean,/home/jukebox/DPUmesh/integrations/linkerd/bench/report/data/linkerd-20260810/open/raw/scout-64-grpc-linkerd-refine4-v1.result.attempt1.txt
scout-64-grpc-linkerd-refine4-v2,refine,4,grpc-linkerd,64,15701,10,15694.000,16031.00,32214.00,156950,0,0,0,0,0,0.999554,0.999618,0.000000,0.995765,0.859555,1.855320,2,NA,0,1,clean,/home/jukebox/DPUmesh/integrations/linkerd/bench/report/data/linkerd-20260810/open/raw/scout-64-grpc-linkerd-refine4-v2.result.attempt1.txt
scout-64-grpc-linkerd-opaque-pilot1-v1,pilot,1,grpc-linkerd-opaque,64,5000,2,4997.000,220.00,630.00,10000,0,0,0,0,0,0.999400,1.000000,0.000000,0.296279,0.504174,0.800453,2,NA,0,1,clean,/home/jukebox/DPUmesh/integrations/linkerd/bench/report/data/linkerd-20260810/open/raw/scout-64-grpc-linkerd-opaque-pilot1-v1.result.attempt1.txt
scout-64-grpc-linkerd-opaque-pilot2-v1,pilot,2,grpc-linkerd-opaque,64,6750,2,6747.000,176.00,201.00,13500,0,0,0,0,0,0.999556,1.000000,0.000000,0.443740,0.390745,0.834485,2,NA,0,1,clean,/home/jukebox/DPUmesh/integrations/linkerd/bench/report/data/linkerd-20260810/open/raw/scout-64-grpc-linkerd-opaque-pilot2-v1.result.attempt1.txt
scout-64-grpc-linkerd-opaque-pilot3-v1,pilot,3,grpc-linkerd-opaque,64,9113,2,9110.000,196.00,624.00,18226,0,0,0,0,0,0.999671,1.000000,0.000000,0.576488,0.554444,1.130932,2,NA,0,1,clean,/home/jukebox/DPUmesh/integrations/linkerd/bench/report/data/linkerd-20260810/open/raw/scout-64-grpc-linkerd-opaque-pilot3-v1.result.attempt1.txt
scout-64-grpc-linkerd-opaque-pilot4-v1,pilot,4,grpc-linkerd-opaque,64,12303,2,12300.000,194.00,230.00,24606,0,0,0,0,0,0.999756,1.000000,0.000000,0.783328,0.705641,1.488969,2,NA,0,1,clean,/home/jukebox/DPUmesh/integrations/linkerd/bench/report/data/linkerd-20260810/open/raw/scout-64-grpc-linkerd-opaque-pilot4-v1.result.attempt1.txt
scout-64-grpc-linkerd-opaque-pilot5-v1,pilot,5,grpc-linkerd-opaque,64,16609,2,16607.000,270.00,733.00,33217,0,0,0,0,0,0.999880,0.999970,0.000000,0.946345,0.906430,1.852775,2,NA,0,1,clean,/home/jukebox/DPUmesh/integrations/linkerd/bench/report/data/linkerd-20260810/open/raw/scout-64-grpc-linkerd-opaque-pilot5-v1.result.attempt1.txt
scout-64-grpc-linkerd-opaque-pilot6-v1,pilot,6,grpc-linkerd-opaque,64,22422,2,22420.000,916.00,1264.00,44843,0,0,0,0,0,0.999911,0.999978,0.000000,0.980704,0.904788,1.885492,2,NA,0,1,clean,/home/jukebox/DPUmesh/integrations/linkerd/bench/report/data/linkerd-20260810/open/raw/scout-64-grpc-linkerd-opaque-pilot6-v1.result.attempt1.txt
scout-64-grpc-linkerd-opaque-pilot7-v1,pilot,7,grpc-linkerd-opaque,64,30270,2,30266.000,1363.00,1835.00,60537,0,0,0,0,0,0.999868,0.999950,0.000000,0.981819,0.892900,1.874719,2,NA,0,1,clean,/home/jukebox/DPUmesh/integrations/linkerd/bench/report/data/linkerd-20260810/open/raw/scout-64-grpc-linkerd-opaque-pilot7-v1.result.attempt1.txt
scout-64-grpc-linkerd-opaque-pilot8-v1,pilot,8,grpc-linkerd-opaque,64,40865,2,40916.000,3206.00,4799.00,81718,0,0,0,0,0,1.001248,0.999853,0.000000,0.944924,0.874043,1.818967,2,NA,0,1,clean,/home/jukebox/DPUmesh/integrations/linkerd/bench/report/data/linkerd-20260810/open/raw/scout-64-grpc-linkerd-opaque-pilot8-v1.result.attempt1.txt
scout-64-grpc-linkerd-opaque-pilot9-v1,pilot,9,grpc-linkerd-opaque,64,55168,2,46544.000,205825.00,389385.00,100813,0,0,0,0,0,0.843677,0.913691,0.000000,0.981926,0.973366,1.955292,2,NA,0,0,achieved+scheduler,/home/jukebox/DPUmesh/integrations/linkerd/bench/report/data/linkerd-20260810/open/raw/scout-64-grpc-linkerd-opaque-pilot9-v1.result.attempt1.txt
scout-64-grpc-linkerd-opaque-validate9-v1,validate,9,grpc-linkerd-opaque,64,55168,10,48247.000,665520.00,1364444.81,515695,0,0,0,91731,0,0.874547,0.934772,0.000000,0.996524,0.922427,1.918951,2,NA,0,0,overflow+achieved+scheduler,/home/jukebox/DPUmesh/integrations/linkerd/bench/report/data/linkerd-20260810/open/raw/scout-64-grpc-linkerd-opaque-validate9-v1.result.attempt1.txt
scout-64-grpc-linkerd-opaque-validate9-v2,validate,9,grpc-linkerd-opaque,64,55168,10,48367.000,648906.00,1366354.79,519414,0,0,0,78892,0,0.876722,0.941513,0.000000,0.996708,0.924741,1.921449,2,NA,0,0,overflow+achieved+scheduler,/home/jukebox/DPUmesh/integrations/linkerd/bench/report/data/linkerd-20260810/open/raw/scout-64-grpc-linkerd-opaque-validate9-v2.result.attempt1.txt
scout-64-grpc-linkerd-opaque-backtrack8-v1,backtrack,8,grpc-linkerd-opaque,64,40865,10,40868.000,3120.00,4562.00,408637,0,0,0,0,0,1.000073,0.999968,0.000000,0.996334,0.884566,1.880900,2,NA,0,1,clean,/home/jukebox/DPUmesh/integrations/linkerd/bench/report/data/linkerd-20260810/open/raw/scout-64-grpc-linkerd-opaque-backtrack8-v1.result.attempt1.txt
scout-64-grpc-linkerd-opaque-backtrack8-v2,backtrack,8,grpc-linkerd-opaque,64,40865,10,40866.000,3060.00,4293.00,408621,0,0,0,0,0,1.000024,0.999929,0.000000,0.996226,0.882653,1.878879,2,NA,0,1,clean,/home/jukebox/DPUmesh/integrations/linkerd/bench/report/data/linkerd-20260810/open/raw/scout-64-grpc-linkerd-opaque-backtrack8-v2.result.attempt1.txt
scout-64-grpc-linkerd-opaque-refine1-v1,refine,1,grpc-linkerd-opaque,64,47481,10,47470.000,12401.00,20374.00,474749,0,0,0,0,0,0.999768,0.999872,0.000000,0.996152,0.905454,1.901606,2,NA,0,1,clean,/home/jukebox/DPUmesh/integrations/linkerd/bench/report/data/linkerd-20260810/open/raw/scout-64-grpc-linkerd-opaque-refine1-v1.result.attempt1.txt
scout-64-grpc-linkerd-opaque-refine1-v2,refine,1,grpc-linkerd-opaque,64,47481,10,47488.000,12493.00,23696.00,474715,0,0,0,0,0,1.000147,0.999800,0.000000,0.996229,0.910084,1.906313,2,NA,0,1,clean,/home/jukebox/DPUmesh/integrations/linkerd/bench/report/data/linkerd-20260810/open/raw/scout-64-grpc-linkerd-opaque-refine1-v2.result.attempt1.txt
scout-64-grpc-linkerd-opaque-refine2-v1,refine,2,grpc-linkerd-opaque,64,51180,10,48449.000,258314.00,601873.00,498222,0,0,0,0,0,0.946639,0.973470,0.000000,0.995965,0.926892,1.922857,2,NA,0,0,achieved+scheduler,/home/jukebox/DPUmesh/integrations/linkerd/bench/report/data/linkerd-20260810/open/raw/scout-64-grpc-linkerd-opaque-refine2-v1.result.attempt1.txt
scout-64-grpc-linkerd-opaque-refine2-v2,refine,2,grpc-linkerd-opaque,64,51180,10,48465.000,273198.00,610996.00,500085,0,0,0,0,0,0.946952,0.977110,0.000000,0.996211,0.926645,1.922856,2,NA,0,0,achieved+scheduler,/home/jukebox/DPUmesh/integrations/linkerd/bench/report/data/linkerd-20260810/open/raw/scout-64-grpc-linkerd-opaque-refine2-v2.result.attempt1.txt
scout-64-grpc-linkerd-opaque-refine3-v1,refine,3,grpc-linkerd-opaque,64,49296,10,49271.000,16591.00,29503.00,492850,0,0,0,0,0,0.999493,0.999777,0.000000,0.996325,0.929984,1.926309,2,NA,0,1,clean,/home/jukebox/DPUmesh/integrations/linkerd/bench/report/data/linkerd-20260810/open/raw/scout-64-grpc-linkerd-opaque-refine3-v1.result.attempt1.txt
scout-64-grpc-linkerd-opaque-refine3-v2,refine,3,grpc-linkerd-opaque,64,49296,10,49282.000,15784.00,24116.00,492778,0,0,0,0,0,0.999716,0.999631,0.000000,0.996141,0.930007,1.926148,2,NA,0,1,clean,/home/jukebox/DPUmesh/integrations/linkerd/bench/report/data/linkerd-20260810/open/raw/scout-64-grpc-linkerd-opaque-refine3-v2.result.attempt1.txt
scout-64-grpc-linkerd-opaque-refine4-v1,refine,4,grpc-linkerd-opaque,64,50229,10,50188.000,21852.00,55070.00,501874,0,0,0,0,0,0.999184,0.999172,0.000000,0.996085,0.943224,1.939309,2,NA,0,1,clean,/home/jukebox/DPUmesh/integrations/linkerd/bench/report/data/linkerd-20260810/open/raw/scout-64-grpc-linkerd-opaque-refine4-v1.result.attempt1.txt
scout-64-grpc-linkerd-opaque-refine4-v2,refine,4,grpc-linkerd-opaque,64,50229,10,50211.000,20325.00,38884.00,502009,0,0,0,0,0,0.999642,0.999441,0.000000,0.996181,0.939255,1.935436,2,NA,0,1,clean,/home/jukebox/DPUmesh/integrations/linkerd/bench/report/data/linkerd-20260810/open/raw/scout-64-grpc-linkerd-opaque-refine4-v2.result.attempt1.txt
scout-1024-grpc-tcp-pilot1-v1,pilot,1,grpc-tcp,1024,5000,2,4998.000,135.00,317.00,10000,0,0,0,0,0,0.999600,1.000000,0.000000,0.218521,0.224012,0.442533,2,NA,0,1,clean,/home/jukebox/DPUmesh/integrations/linkerd/bench/report/data/linkerd-20260810/open/raw/scout-1024-grpc-tcp-pilot1-v1.result.attempt1.txt
scout-1024-grpc-tcp-pilot2-v1,pilot,2,grpc-tcp,1024,6750,2,6748.000,137.00,548.00,13500,0,0,0,0,0,0.999704,1.000000,0.000000,0.301378,0.383985,0.685363,2,NA,0,1,clean,/home/jukebox/DPUmesh/integrations/linkerd/bench/report/data/linkerd-20260810/open/raw/scout-1024-grpc-tcp-pilot2-v1.result.attempt1.txt
scout-1024-grpc-tcp-pilot3-v1,pilot,3,grpc-tcp,1024,9113,2,9110.000,135.00,527.00,18226,0,0,0,0,0,0.999671,1.000000,0.000000,0.411127,0.383048,0.794175,2,NA,0,1,clean,/home/jukebox/DPUmesh/integrations/linkerd/bench/report/data/linkerd-20260810/open/raw/scout-1024-grpc-tcp-pilot3-v1.result.attempt1.txt
scout-1024-grpc-tcp-pilot4-v1,pilot,4,grpc-tcp,1024,12303,2,12301.000,159.00,216.00,24605,0,0,0,0,0,0.999837,0.999959,0.000000,0.559782,0.507877,1.067659,2,NA,0,1,clean,/home/jukebox/DPUmesh/integrations/linkerd/bench/report/data/linkerd-20260810/open/raw/scout-1024-grpc-tcp-pilot4-v1.result.attempt1.txt
scout-1024-grpc-tcp-pilot5-v1,pilot,5,grpc-tcp,1024,16609,2,16606.000,162.00,4727.00,33218,0,0,0,0,0,0.999819,1.000000,0.000000,0.753397,0.719939,1.473336,2,NA,0,1,clean,/home/jukebox/DPUmesh/integrations/linkerd/bench/report/data/linkerd-20260810/open/raw/scout-1024-grpc-tcp-pilot5-v1.result.attempt1.txt
scout-1024-grpc-tcp-pilot6-v1,pilot,6,grpc-tcp,1024,22422,2,22419.000,514.00,992.00,44841,0,0,0,0,0,0.999866,0.999933,0.000000,0.937336,0.816283,1.753619,2,NA,0,1,clean,/home/jukebox/DPUmesh/integrations/linkerd/bench/report/data/linkerd-20260810/open/raw/scout-1024-grpc-tcp-pilot6-v1.result.attempt1.txt
scout-1024-grpc-tcp-pilot7-v1,pilot,7,grpc-tcp,1024,30270,2,30095.000,34672.00,85603.00,60261,0,0,0,0,0,0.994219,0.995391,0.000000,0.982284,0.976048,1.958332,2,NA,0,1,clean,/home/jukebox/DPUmesh/integrations/linkerd/bench/report/data/linkerd-20260810/open/raw/scout-1024-grpc-tcp-pilot7-v1.result.attempt1.txt
scout-1024-grpc-tcp-pilot8-v1,pilot,8,grpc-tcp,1024,40865,2,27349.000,238933.00,740781.00,76273,0,0,0,0,0,0.669252,0.933231,0.000000,0.981301,0.984478,1.965779,2,NA,0,0,achieved+scheduler,/home/jukebox/DPUmesh/integrations/linkerd/bench/report/data/linkerd-20260810/open/raw/scout-1024-grpc-tcp-pilot8-v1.result.attempt1.txt
scout-1024-grpc-tcp-validate8-v1,validate,8,grpc-tcp,1024,40865,10,24512.000,4510212.35,4510212.35,368054,0,0,0,187326,0,0.599829,0.900658,0.000000,0.996875,0.995941,1.992816,2,NA,0,0,overflow+achieved+scheduler,/home/jukebox/DPUmesh/integrations/linkerd/bench/report/data/linkerd-20260810/open/raw/scout-1024-grpc-tcp-validate8-v1.result.attempt1.txt
scout-1024-grpc-tcp-validate8-v2,validate,8,grpc-tcp,1024,40865,10,25649.000,3798368.27,3798368.27,365537,0,0,0,187109,0,0.627652,0.894499,0.000000,0.996256,0.995346,1.991602,2,NA,0,0,overflow+achieved+scheduler,/home/jukebox/DPUmesh/integrations/linkerd/bench/report/data/linkerd-20260810/open/raw/scout-1024-grpc-tcp-validate8-v2.result.attempt1.txt
scout-1024-grpc-tcp-backtrack7-v1,backtrack,7,grpc-tcp,1024,30270,10,30250.000,26114.00,52642.00,302308,0,0,0,0,0,0.999339,0.998705,0.000000,0.996017,0.994937,1.990954,2,NA,0,1,clean,/home/jukebox/DPUmesh/integrations/linkerd/bench/report/data/linkerd-20260810/open/raw/scout-1024-grpc-tcp-backtrack7-v1.result.attempt1.txt
scout-1024-grpc-tcp-backtrack7-v2,backtrack,7,grpc-tcp,1024,30270,10,30244.000,27551.00,79269.00,302247,0,0,0,0,0,0.999141,0.998503,0.000000,0.996892,0.993860,1.990752,2,NA,0,1,clean,/home/jukebox/DPUmesh/integrations/linkerd/bench/report/data/linkerd-20260810/open/raw/scout-1024-grpc-tcp-backtrack7-v2.result.attempt1.txt
scout-1024-grpc-tcp-refine1-v1,refine,1,grpc-tcp,1024,35171,10,27204.000,3859751.02,3859751.02,342137,0,0,0,158383,0,0.773478,0.972782,0.000000,0.996274,0.959813,1.956087,2,NA,0,0,overflow+achieved+scheduler,/home/jukebox/DPUmesh/integrations/linkerd/bench/report/data/linkerd-20260810/open/raw/scout-1024-grpc-tcp-refine1-v1.result.attempt1.txt
scout-1024-grpc-tcp-refine1-v2,refine,1,grpc-tcp,1024,35171,10,27941.000,4243340.29,4243340.29,338149,0,0,0,156951,0,0.794433,0.961443,0.000000,0.996632,0.875430,1.872062,2,NA,0,0,overflow+achieved+scheduler,/home/jukebox/DPUmesh/integrations/linkerd/bench/report/data/linkerd-20260810/open/raw/scout-1024-grpc-tcp-refine1-v2.result.attempt1.txt
scout-1024-grpc-tcp-refine2-v1,refine,2,grpc-tcp,1024,32629,10,26673.000,782767.00,1926670.26,323693,0,0,0,107754,0,0.817463,0.992041,0.000000,0.996485,0.996345,1.992830,2,NA,0,0,overflow+achieved,/home/jukebox/DPUmesh/integrations/linkerd/bench/report/data/linkerd-20260810/open/raw/scout-1024-grpc-tcp-refine2-v1.result.attempt1.txt
scout-1024-grpc-tcp-refine2-v2,refine,2,grpc-tcp,1024,32629,10,25358.000,666660.00,2296329.43,325129,0,0,0,93997,0,0.777161,0.996442,0.000000,0.996768,0.995919,1.992687,2,NA,0,0,overflow+achieved,/home/jukebox/DPUmesh/integrations/linkerd/bench/report/data/linkerd-20260810/open/raw/scout-1024-grpc-tcp-refine2-v2.result.attempt1.txt
scout-1024-grpc-tcp-refine3-v1,refine,3,grpc-tcp,1024,31427,10,29021.000,585110.00,1468597.69,311781,0,0,0,5620,0,0.923442,0.992080,0.000000,0.992750,0.996152,1.988902,2,NA,0,0,overflow+achieved,/home/jukebox/DPUmesh/integrations/linkerd/bench/report/data/linkerd-20260810/open/raw/scout-1024-grpc-tcp-refine3-v1.result.attempt1.txt
scout-1024-grpc-tcp-refine3-v2,refine,3,grpc-tcp,1024,31427,10,28937.000,336626.00,888367.00,312450,0,0,0,0,0,0.920769,0.994209,0.000000,0.996298,0.995117,1.991415,2,NA,0,0,achieved,/home/jukebox/DPUmesh/integrations/linkerd/bench/report/data/linkerd-20260810/open/raw/scout-1024-grpc-tcp-refine3-v2.result.attempt1.txt
scout-1024-grpc-tcp-refine4-v1,refine,4,grpc-tcp,1024,30843,10,28723.000,414676.00,703679.00,307387,0,0,0,0,0,0.931265,0.996618,0.000000,0.991115,0.996612,1.987727,2,NA,0,0,achieved,/home/jukebox/DPUmesh/integrations/linkerd/bench/report/data/linkerd-20260810/open/raw/scout-1024-grpc-tcp-refine4-v1.result.attempt1.txt
scout-1024-grpc-tcp-refine4-v2,refine,4,grpc-tcp,1024,30843,10,29443.000,142360.00,482136.00,307233,0,0,0,0,0,0.954609,0.996119,0.000000,0.996782,0.996036,1.992818,2,NA,0,0,achieved,/home/jukebox/DPUmesh/integrations/linkerd/bench/report/data/linkerd-20260810/open/raw/scout-1024-grpc-tcp-refine4-v2.result.attempt1.txt
scout-1024-grpc-dpumesh-pilot1-v1,pilot,1,grpc-dpumesh,1024,5000,2,4997.000,244.00,353.00,10000,0,0,0,0,0,0.999400,1.000000,0.000000,0.185477,0.161525,0.347002,2,NA,0,1,clean,/home/jukebox/DPUmesh/integrations/linkerd/bench/report/data/linkerd-20260810/open/raw/scout-1024-grpc-dpumesh-pilot1-v1.result.attempt1.txt
scout-1024-grpc-dpumesh-pilot2-v1,pilot,2,grpc-dpumesh,1024,6750,2,6747.000,244.00,330.00,13500,0,0,0,0,0,0.999556,1.000000,0.000000,0.248778,0.215389,0.464167,2,NA,0,1,clean,/home/jukebox/DPUmesh/integrations/linkerd/bench/report/data/linkerd-20260810/open/raw/scout-1024-grpc-dpumesh-pilot2-v1.result.attempt1.txt
scout-1024-grpc-dpumesh-pilot3-v1,pilot,3,grpc-dpumesh,1024,9113,2,9111.000,229.00,347.00,18226,0,0,0,0,0,0.999781,1.000000,0.000000,0.311285,0.273185,0.584470,2,NA,0,1,clean,/home/jukebox/DPUmesh/integrations/linkerd/bench/report/data/linkerd-20260810/open/raw/scout-1024-grpc-dpumesh-pilot3-v1.result.attempt1.txt
scout-1024-grpc-dpumesh-pilot4-v1,pilot,4,grpc-dpumesh,1024,12303,2,12300.000,244.00,271.00,24606,0,0,0,0,0,0.999756,1.000000,0.000000,0.404090,0.338916,0.743006,2,NA,0,1,clean,/home/jukebox/DPUmesh/integrations/linkerd/bench/report/data/linkerd-20260810/open/raw/scout-1024-grpc-dpumesh-pilot4-v1.result.attempt1.txt
scout-1024-grpc-dpumesh-pilot5-v1,pilot,5,grpc-dpumesh,1024,16609,2,16606.000,214.00,5373.00,33218,0,0,0,0,0,0.999819,1.000000,0.000000,0.552447,0.473907,1.026354,2,NA,0,1,clean,/home/jukebox/DPUmesh/integrations/linkerd/bench/report/data/linkerd-20260810/open/raw/scout-1024-grpc-dpumesh-pilot5-v1.result.attempt1.txt
scout-1024-grpc-dpumesh-pilot6-v1,pilot,6,grpc-dpumesh,1024,22422,2,22419.000,245.00,13911.00,44844,0,0,0,0,0,0.999866,1.000000,0.000000,0.669626,0.655879,1.325505,2,NA,0,1,clean,/home/jukebox/DPUmesh/integrations/linkerd/bench/report/data/linkerd-20260810/open/raw/scout-1024-grpc-dpumesh-pilot6-v1.result.attempt1.txt
scout-1024-grpc-dpumesh-pilot7-v1,pilot,7,grpc-dpumesh,1024,30270,2,26709.000,22264.00,339769.00,60153,0,0,0,0,0,0.882359,0.993608,0.000000,0.953406,0.834243,1.787649,2,NA,0,0,achieved,/home/jukebox/DPUmesh/integrations/linkerd/bench/report/data/linkerd-20260810/open/raw/scout-1024-grpc-dpumesh-pilot7-v1.result.attempt1.txt
scout-1024-grpc-dpumesh-validate7-v1,validate,7,grpc-dpumesh,1024,30270,10,29129.000,191903.00,600740.00,301996,0,0,0,0,0,0.962306,0.997674,0.000000,0.962198,0.976820,1.939018,2,1.732252,0,0,achieved,/home/jukebox/DPUmesh/integrations/linkerd/bench/report/data/linkerd-20260810/open/raw/scout-1024-grpc-dpumesh-validate7-v1.result.attempt1.txt
scout-1024-grpc-dpumesh-validate7-v2,validate,7,grpc-dpumesh,1024,30270,10,30252.000,3302.00,268738.00,302699,0,0,0,0,0,0.999405,0.999997,0.000000,0.966428,0.901450,1.867878,2,2.445383,0,1,clean,/home/jukebox/DPUmesh/integrations/linkerd/bench/report/data/linkerd-20260810/open/raw/scout-1024-grpc-dpumesh-validate7-v2.result.attempt1.txt
scout-1024-grpc-dpumesh-validate7-v3,validate,7,grpc-dpumesh,1024,30270,10,27576.000,24511.00,952816.00,301839,0,0,0,29,0,0.911001,0.997156,0.000000,0.966018,0.903573,1.869591,2,1.917396,0,0,overflow+achieved,/home/jukebox/DPUmesh/integrations/linkerd/bench/report/data/linkerd-20260810/open/raw/scout-1024-grpc-dpumesh-validate7-v3.result.attempt1.txt
scout-1024-grpc-dpumesh-backtrack6-v1,backtrack,6,grpc-dpumesh,1024,22422,10,22422.000,246.00,12607.00,224219,0,0,0,0,0,1.000000,0.999996,0.000000,0.682519,0.678822,1.361341,2,1.937470,0,1,clean,/home/jukebox/DPUmesh/integrations/linkerd/bench/report/data/linkerd-20260810/open/raw/scout-1024-grpc-dpumesh-backtrack6-v1.result.attempt1.txt
scout-1024-grpc-dpumesh-backtrack6-v2,backtrack,6,grpc-dpumesh,1024,22422,10,22422.000,253.00,179087.00,224219,0,0,0,0,0,1.000000,0.999996,0.000000,0.698704,0.698234,1.396938,2,1.919242,0,1,clean,/home/jukebox/DPUmesh/integrations/linkerd/bench/report/data/linkerd-20260810/open/raw/scout-1024-grpc-dpumesh-backtrack6-v2.result.attempt1.txt
scout-1024-grpc-dpumesh-refine1-v1,refine,1,grpc-dpumesh,1024,26052,10,26052.000,257.00,557721.00,260519,0,0,0,0,0,1.000000,0.999996,0.000000,0.866022,0.833744,1.699766,2,1.947204,0,1,clean,/home/jukebox/DPUmesh/integrations/linkerd/bench/report/data/linkerd-20260810/open/raw/scout-1024-grpc-dpumesh-refine1-v1.result.attempt1.txt
scout-1024-grpc-dpumesh-refine1-v2,refine,1,grpc-dpumesh,1024,26052,10,26052.000,243.00,18707.00,260520,0,0,0,0,0,1.000000,1.000000,0.000000,0.810065,0.780022,1.590087,2,2.231406,0,1,clean,/home/jukebox/DPUmesh/integrations/linkerd/bench/report/data/linkerd-20260810/open/raw/scout-1024-grpc-dpumesh-refine1-v2.result.attempt1.txt
scout-1024-grpc-dpumesh-refine2-v1,refine,2,grpc-dpumesh,1024,28082,10,28082.000,255.00,39722.00,280819,0,0,0,0,0,1.000000,0.999996,0.000000,0.868032,0.839159,1.707191,2,2.362307,0,1,clean,/home/jukebox/DPUmesh/integrations/linkerd/bench/report/data/linkerd-20260810/open/raw/scout-1024-grpc-dpumesh-refine2-v1.result.attempt1.txt
scout-1024-grpc-dpumesh-refine2-v2,refine,2,grpc-dpumesh,1024,28082,10,26354.000,359.00,600737.00,280660,0,0,0,0,0,0.938466,0.999430,0.000000,0.879125,0.885183,1.764308,2,2.103789,0,0,achieved,/home/jukebox/DPUmesh/integrations/linkerd/bench/report/data/linkerd-20260810/open/raw/scout-1024-grpc-dpumesh-refine2-v2.result.attempt1.txt
scout-1024-grpc-dpumesh-refine2-v3,refine,2,grpc-dpumesh,1024,28082,10,26548.000,2892.00,601213.00,280064,0,0,0,0,0,0.945374,0.997308,0.000000,0.870186,0.876637,1.746823,2,1.753451,0,0,achieved,/home/jukebox/DPUmesh/integrations/linkerd/bench/report/data/linkerd-20260810/open/raw/scout-1024-grpc-dpumesh-refine2-v3.result.attempt1.txt
scout-1024-grpc-dpumesh-refine3-v1,refine,3,grpc-dpumesh,1024,27048,10,27065.000,247.00,27153.00,270480,0,0,0,0,0,1.000629,1.000000,0.000000,0.840350,0.813201,1.653551,2,2.288103,0,1,clean,/home/jukebox/DPUmesh/integrations/linkerd/bench/report/data/linkerd-20260810/open/raw/scout-1024-grpc-dpumesh-refine3-v1.result.attempt1.txt
scout-1024-grpc-dpumesh-refine3-v2,refine,3,grpc-dpumesh,1024,27048,10,27048.000,258.00,313202.00,270479,0,0,0,0,0,1.000000,0.999996,0.000000,0.864265,0.835654,1.699919,2,2.220089,0,1,clean,/home/jukebox/DPUmesh/integrations/linkerd/bench/report/data/linkerd-20260810/open/raw/scout-1024-grpc-dpumesh-refine3-v2.result.attempt1.txt
scout-1024-grpc-dpumesh-refine4-v1,refine,4,grpc-dpumesh,1024,27560,10,27560.000,252.00,31521.00,275600,0,0,0,0,0,1.000000,1.000000,0.000000,0.857018,0.826014,1.683032,2,2.334160,0,1,clean,/home/jukebox/DPUmesh/integrations/linkerd/bench/report/data/linkerd-20260810/open/raw/scout-1024-grpc-dpumesh-refine4-v1.result.attempt1.txt
scout-1024-grpc-dpumesh-refine4-v2,refine,4,grpc-dpumesh,1024,27560,10,27103.000,261.00,475992.00,275534,0,0,0,0,0,0.983418,0.999761,0.000000,0.850491,0.827074,1.677565,2,2.254751,0,1,clean,/home/jukebox/DPUmesh/integrations/linkerd/bench/report/data/linkerd-20260810/open/raw/scout-1024-grpc-dpumesh-refine4-v2.result.attempt1.txt
scout-1024-grpc-envoy-permissive-pilot1-v1,pilot,1,grpc-envoy-permissive,1024,5000,2,4998.000,185.00,645.00,10000,0,0,0,0,0,0.999600,1.000000,0.000000,0.348968,0.384405,0.733373,2,NA,0,1,clean,/home/jukebox/DPUmesh/integrations/linkerd/bench/report/data/linkerd-20260810/open/raw/scout-1024-grpc-envoy-permissive-pilot1-v1.result.attempt1.txt
scout-1024-grpc-envoy-permissive-pilot2-v1,pilot,2,grpc-envoy-permissive,1024,6750,2,6747.000,184.00,653.00,13500,0,0,0,0,0,0.999556,1.000000,0.000000,0.469454,0.478945,0.948399,2,NA,0,1,clean,/home/jukebox/DPUmesh/integrations/linkerd/bench/report/data/linkerd-20260810/open/raw/scout-1024-grpc-envoy-permissive-pilot2-v1.result.attempt1.txt
scout-1024-grpc-envoy-permissive-pilot3-v1,pilot,3,grpc-envoy-permissive,1024,9113,2,9111.000,223.00,634.00,18226,0,0,0,0,0,0.999781,1.000000,0.000000,0.615407,0.573472,1.188879,2,NA,0,1,clean,/home/jukebox/DPUmesh/integrations/linkerd/bench/report/data/linkerd-20260810/open/raw/scout-1024-grpc-envoy-permissive-pilot3-v1.result.attempt1.txt
scout-1024-grpc-envoy-permissive-pilot4-v1,pilot,4,grpc-envoy-permissive,1024,12303,2,12300.000,199.00,292.00,24606,0,0,0,0,0,0.999756,1.000000,0.000000,0.835852,0.742409,1.578261,2,NA,0,1,clean,/home/jukebox/DPUmesh/integrations/linkerd/bench/report/data/linkerd-20260810/open/raw/scout-1024-grpc-envoy-permissive-pilot4-v1.result.attempt1.txt
scout-1024-grpc-envoy-permissive-pilot5-v1,pilot,5,grpc-envoy-permissive,1024,16609,2,16606.000,855.00,1234.00,33216,0,0,0,0,0,0.999819,0.999940,0.000000,0.981375,0.911297,1.892672,2,NA,0,1,clean,/home/jukebox/DPUmesh/integrations/linkerd/bench/report/data/linkerd-20260810/open/raw/scout-1024-grpc-envoy-permissive-pilot5-v1.result.attempt1.txt
scout-1024-grpc-envoy-permissive-pilot6-v1,pilot,6,grpc-envoy-permissive,1024,22422,2,22417.000,1275.00,1654.00,44839,0,0,0,0,0,0.999777,0.999889,0.000000,0.982911,0.934883,1.917794,2,NA,0,1,clean,/home/jukebox/DPUmesh/integrations/linkerd/bench/report/data/linkerd-20260810/open/raw/scout-1024-grpc-envoy-permissive-pilot6-v1.result.attempt1.txt
scout-1024-grpc-envoy-permissive-pilot7-v1,pilot,7,grpc-envoy-permissive,1024,30270,2,30269.000,1818.00,2373.00,60530,0,0,0,0,0,0.999967,0.999835,0.000000,0.982028,0.940700,1.922728,2,NA,0,1,clean,/home/jukebox/DPUmesh/integrations/linkerd/bench/report/data/linkerd-20260810/open/raw/scout-1024-grpc-envoy-permissive-pilot7-v1.result.attempt1.txt
scout-1024-grpc-envoy-permissive-pilot8-v1,pilot,8,grpc-envoy-permissive,1024,40865,2,40856.000,4370.00,6369.00,81712,0,0,0,0,0,0.999780,0.999780,0.000000,0.981898,0.895267,1.877165,2,NA,0,1,clean,/home/jukebox/DPUmesh/integrations/linkerd/bench/report/data/linkerd-20260810/open/raw/scout-1024-grpc-envoy-permissive-pilot8-v1.result.attempt1.txt
scout-1024-grpc-envoy-permissive-pilot9-v1,pilot,9,grpc-envoy-permissive,1024,55168,2,44562.000,227879.00,417816.00,102998,0,0,0,0,0,0.807751,0.933494,0.000000,0.980637,0.874345,1.854982,2,NA,0,0,achieved+scheduler,/home/jukebox/DPUmesh/integrations/linkerd/bench/report/data/linkerd-20260810/open/raw/scout-1024-grpc-envoy-permissive-pilot9-v1.result.attempt1.txt
scout-1024-grpc-envoy-permissive-validate9-v1,validate,9,grpc-envoy-permissive,1024,55168,10,44865.000,985725.00,1931550.99,501375,0,0,0,206562,0,0.813243,0.908815,0.000000,0.996318,0.893825,1.890143,2,NA,0,0,overflow+achieved+scheduler,/home/jukebox/DPUmesh/integrations/linkerd/bench/report/data/linkerd-20260810/open/raw/scout-1024-grpc-envoy-permissive-validate9-v1.result.attempt1.txt
scout-1024-grpc-envoy-permissive-validate9-v2,validate,9,grpc-envoy-permissive,1024,55168,10,44751.000,981623.00,1975434.50,501093,0,0,0,206626,0,0.811177,0.908304,0.000000,0.996288,0.887782,1.884070,2,NA,0,0,overflow+achieved+scheduler,/home/jukebox/DPUmesh/integrations/linkerd/bench/report/data/linkerd-20260810/open/raw/scout-1024-grpc-envoy-permissive-validate9-v2.result.attempt1.txt
scout-1024-grpc-envoy-permissive-backtrack8-v1,backtrack,8,grpc-envoy-permissive,1024,40865,10,40873.000,3964.00,5883.00,408620,0,0,0,0,0,1.000196,0.999927,0.000000,0.996298,0.913085,1.909383,2,NA,0,1,clean,/home/jukebox/DPUmesh/integrations/linkerd/bench/report/data/linkerd-20260810/open/raw/scout-1024-grpc-envoy-permissive-backtrack8-v1.result.attempt1.txt
scout-1024-grpc-envoy-permissive-backtrack8-v2,backtrack,8,grpc-envoy-permissive,1024,40865,10,40871.000,3978.00,5874.00,408616,0,0,0,0,0,1.000147,0.999917,0.000000,0.996159,0.912678,1.908837,2,NA,0,1,clean,/home/jukebox/DPUmesh/integrations/linkerd/bench/report/data/linkerd-20260810/open/raw/scout-1024-grpc-envoy-permissive-backtrack8-v2.result.attempt1.txt
scout-1024-grpc-envoy-permissive-refine1-v1,refine,1,grpc-envoy-permissive,1024,47481,10,47496.000,14942.00,22897.00,474670,0,0,0,0,0,1.000316,0.999705,0.000000,0.996226,0.930655,1.926881,2,NA,0,1,clean,/home/jukebox/DPUmesh/integrations/linkerd/bench/report/data/linkerd-20260810/open/raw/scout-1024-grpc-envoy-permissive-refine1-v1.result.attempt1.txt
scout-1024-grpc-envoy-permissive-refine1-v2,refine,1,grpc-envoy-permissive,1024,47481,10,47459.000,14828.00,22828.00,474671,0,0,0,0,0,0.999537,0.999707,0.000000,0.996239,0.929100,1.925339,2,NA,0,1,clean,/home/jukebox/DPUmesh/integrations/linkerd/bench/report/data/linkerd-20260810/open/raw/scout-1024-grpc-envoy-permissive-refine1-v2.result.attempt1.txt
scout-1024-grpc-envoy-permissive-refine2-v1,refine,2,grpc-envoy-permissive,1024,51180,10,45050.000,628945.00,1354073.22,488463,0,0,0,67969,0,0.880227,0.954402,0.000000,0.996186,0.887057,1.883243,2,NA,0,0,overflow+achieved+scheduler,/home/jukebox/DPUmesh/integrations/linkerd/bench/report/data/linkerd-20260810/open/raw/scout-1024-grpc-envoy-permissive-refine2-v1.result.attempt1.txt
scout-1024-grpc-envoy-permissive-refine2-v2,refine,2,grpc-envoy-permissive,1024,51180,10,44903.000,640816.00,1324903.23,483716,0,0,0,68941,0,0.877354,0.945127,0.000000,0.996545,0.893805,1.890350,2,NA,0,0,overflow+achieved+scheduler,/home/jukebox/DPUmesh/integrations/linkerd/bench/report/data/linkerd-20260810/open/raw/scout-1024-grpc-envoy-permissive-refine2-v2.result.attempt1.txt
scout-1024-grpc-envoy-permissive-refine3-v1,refine,3,grpc-envoy-permissive,1024,49296,10,45436.000,393072.00,829548.00,474752,0,0,0,0,0,0.921698,0.963064,0.000000,0.995506,0.891841,1.887347,2,NA,0,0,achieved+scheduler,/home/jukebox/DPUmesh/integrations/linkerd/bench/report/data/linkerd-20260810/open/raw/scout-1024-grpc-envoy-permissive-refine3-v1.result.attempt1.txt
scout-1024-grpc-envoy-permissive-refine3-v2,refine,3,grpc-envoy-permissive,1024,49296,10,45167.000,409936.00,909009.00,475706,0,0,0,0,0,0.916241,0.964999,0.000000,0.995967,0.894536,1.890503,2,NA,0,0,achieved+scheduler,/home/jukebox/DPUmesh/integrations/linkerd/bench/report/data/linkerd-20260810/open/raw/scout-1024-grpc-envoy-permissive-refine3-v2.result.attempt1.txt
scout-1024-grpc-envoy-permissive-refine4-v1,refine,4,grpc-envoy-permissive,1024,48380,10,48367.000,17872.00,30859.00,483695,0,0,0,0,0,0.999731,0.999783,0.000000,0.996233,0.943105,1.939338,2,NA,0,1,clean,/home/jukebox/DPUmesh/integrations/linkerd/bench/report/data/linkerd-20260810/open/raw/scout-1024-grpc-envoy-permissive-refine4-v1.result.attempt1.txt
scout-1024-grpc-envoy-permissive-refine4-v2,refine,4,grpc-envoy-permissive,1024,48380,10,48348.000,18234.00,30329.00,483577,0,0,0,0,0,0.999339,0.999539,0.000000,0.996262,0.942610,1.938872,2,NA,0,1,clean,/home/jukebox/DPUmesh/integrations/linkerd/bench/report/data/linkerd-20260810/open/raw/scout-1024-grpc-envoy-permissive-refine4-v2.result.attempt1.txt
scout-1024-grpc-envoy-strict-pilot1-v1,pilot,1,grpc-envoy-strict,1024,5000,2,4998.000,191.00,218.00,10000,0,0,0,0,0,0.999600,1.000000,0.000000,0.369626,0.321545,0.691171,2,NA,0,1,clean,/home/jukebox/DPUmesh/integrations/linkerd/bench/report/data/linkerd-20260810/open/raw/scout-1024-grpc-envoy-strict-pilot1-v1.result.attempt1.txt
scout-1024-grpc-envoy-strict-pilot2-v1,pilot,2,grpc-envoy-strict,1024,6750,2,6747.000,189.00,237.00,13500,0,0,0,0,0,0.999556,1.000000,0.000000,0.493722,0.430644,0.924366,2,NA,0,1,clean,/home/jukebox/DPUmesh/integrations/linkerd/bench/report/data/linkerd-20260810/open/raw/scout-1024-grpc-envoy-strict-pilot2-v1.result.attempt1.txt
scout-1024-grpc-envoy-strict-pilot3-v1,pilot,3,grpc-envoy-strict,1024,9113,2,9110.000,230.00,737.00,18226,0,0,0,0,0,0.999671,1.000000,0.000000,0.659530,0.621813,1.281343,2,NA,0,1,clean,/home/jukebox/DPUmesh/integrations/linkerd/bench/report/data/linkerd-20260810/open/raw/scout-1024-grpc-envoy-strict-pilot3-v1.result.attempt1.txt
scout-1024-grpc-envoy-strict-pilot4-v1,pilot,4,grpc-envoy-strict,1024,12303,2,12300.000,203.00,308.00,24606,0,0,0,0,0,0.999756,1.000000,0.000000,0.896751,0.779022,1.675773,2,NA,0,1,clean,/home/jukebox/DPUmesh/integrations/linkerd/bench/report/data/linkerd-20260810/open/raw/scout-1024-grpc-envoy-strict-pilot4-v1.result.attempt1.txt
scout-1024-grpc-envoy-strict-pilot5-v1,pilot,5,grpc-envoy-strict,1024,16609,2,16607.000,1029.00,1323.00,33214,0,0,0,0,0,0.999880,0.999880,0.000000,0.981627,0.932360,1.913987,2,NA,0,1,clean,/home/jukebox/DPUmesh/integrations/linkerd/bench/report/data/linkerd-20260810/open/raw/scout-1024-grpc-envoy-strict-pilot5-v1.result.attempt1.txt
scout-1024-grpc-envoy-strict-pilot6-v1,pilot,6,grpc-envoy-strict,1024,22422,2,22419.000,1340.00,1719.00,44840,0,0,0,0,0,0.999866,0.999911,0.000000,0.981713,0.940772,1.922485,2,NA,0,1,clean,/home/jukebox/DPUmesh/integrations/linkerd/bench/report/data/linkerd-20260810/open/raw/scout-1024-grpc-envoy-strict-pilot6-v1.result.attempt1.txt
scout-1024-grpc-envoy-strict-pilot7-v1,pilot,7,grpc-envoy-strict,1024,30270,2,30270.000,2130.00,2710.00,60523,0,0,0,0,0,1.000000,0.999719,0.000000,0.981264,0.929223,1.910487,2,NA,0,1,clean,/home/jukebox/DPUmesh/integrations/linkerd/bench/report/data/linkerd-20260810/open/raw/scout-1024-grpc-envoy-strict-pilot7-v1.result.attempt1.txt
scout-1024-grpc-envoy-strict-pilot8-v1,pilot,8,grpc-envoy-strict,1024,40865,2,40874.000,4705.00,7262.00,81723,0,0,0,0,0,1.000220,0.999914,0.000000,0.981823,0.917343,1.899166,2,NA,0,1,clean,/home/jukebox/DPUmesh/integrations/linkerd/bench/report/data/linkerd-20260810/open/raw/scout-1024-grpc-envoy-strict-pilot8-v1.result.attempt1.txt
scout-1024-grpc-envoy-strict-pilot9-v1,pilot,9,grpc-envoy-strict,1024,55168,2,42251.000,259172.00,506482.00,100610,0,0,0,0,0,0.765861,0.911851,0.000000,0.979027,0.888436,1.867463,2,NA,0,0,achieved+scheduler,/home/jukebox/DPUmesh/integrations/linkerd/bench/report/data/linkerd-20260810/open/raw/scout-1024-grpc-envoy-strict-pilot9-v1.result.attempt1.txt
scout-1024-grpc-envoy-strict-validate9-v1,validate,9,grpc-envoy-strict,1024,55168,10,42891.000,2356990.13,2356990.13,477097,0,0,0,233602,0,0.777462,0.864807,0.000000,0.995975,0.904516,1.900491,2,NA,0,0,overflow+achieved+scheduler,/home/jukebox/DPUmesh/integrations/linkerd/bench/report/data/linkerd-20260810/open/raw/scout-1024-grpc-envoy-strict-validate9-v1.result.attempt1.txt
scout-1024-grpc-envoy-strict-validate9-v2,validate,9,grpc-envoy-strict,1024,55168,10,42905.000,2315729.35,2315729.35,486815,0,0,0,230616,0,0.777715,0.882423,0.000000,0.996220,0.897706,1.893926,2,NA,0,0,overflow+achieved+scheduler,/home/jukebox/DPUmesh/integrations/linkerd/bench/report/data/linkerd-20260810/open/raw/scout-1024-grpc-envoy-strict-validate9-v2.result.attempt1.txt
scout-1024-grpc-envoy-strict-backtrack8-v1,backtrack,8,grpc-envoy-strict,1024,40865,10,40876.000,4623.00,7201.00,408619,0,0,0,0,0,1.000269,0.999924,0.000000,0.996263,0.926186,1.922449,2,NA,0,1,clean,/home/jukebox/DPUmesh/integrations/linkerd/bench/report/data/linkerd-20260810/open/raw/scout-1024-grpc-envoy-strict-backtrack8-v1.result.attempt1.txt
scout-1024-grpc-envoy-strict-backtrack8-v2,backtrack,8,grpc-envoy-strict,1024,40865,10,40876.000,4507.00,6466.00,408641,0,0,0,0,0,1.000269,0.999978,0.000000,0.996265,0.930007,1.926272,2,NA,0,1,clean,/home/jukebox/DPUmesh/integrations/linkerd/bench/report/data/linkerd-20260810/open/raw/scout-1024-grpc-envoy-strict-backtrack8-v2.result.attempt1.txt
scout-1024-grpc-envoy-strict-refine1-v1,refine,1,grpc-envoy-strict,1024,47481,10,43003.000,467094.00,973569.00,450572,0,0,0,0,0,0.905689,0.948952,0.000000,0.996326,0.906116,1.902442,2,NA,0,0,achieved+scheduler,/home/jukebox/DPUmesh/integrations/linkerd/bench/report/data/linkerd-20260810/open/raw/scout-1024-grpc-envoy-strict-refine1-v1.result.attempt1.txt
scout-1024-grpc-envoy-strict-refine1-v2,refine,1,grpc-envoy-strict,1024,47481,10,43011.000,478330.00,976792.00,453615,0,0,0,189,0,0.905857,0.955361,0.000000,0.995907,0.900653,1.896560,2,NA,0,0,overflow+achieved+scheduler,/home/jukebox/DPUmesh/integrations/linkerd/bench/report/data/linkerd-20260810/open/raw/scout-1024-grpc-envoy-strict-refine1-v2.result.attempt1.txt
scout-1024-grpc-envoy-strict-refine2-v1,refine,2,grpc-envoy-strict,1024,44049,10,44076.000,11759.00,18810.00,440466,0,0,0,0,0,1.000613,0.999946,0.000000,0.996195,0.924408,1.920603,2,NA,0,1,clean,/home/jukebox/DPUmesh/integrations/linkerd/bench/report/data/linkerd-20260810/open/raw/scout-1024-grpc-envoy-strict-refine2-v1.result.attempt1.txt
scout-1024-grpc-envoy-strict-refine2-v2,refine,2,grpc-envoy-strict,1024,44049,10,44033.000,12191.00,18261.00,440458,0,0,0,0,0,0.999637,0.999927,0.000000,0.996235,0.924589,1.920824,2,NA,0,1,clean,/home/jukebox/DPUmesh/integrations/linkerd/bench/report/data/linkerd-20260810/open/raw/scout-1024-grpc-envoy-strict-refine2-v2.result.attempt1.txt
scout-1024-grpc-envoy-strict-refine3-v1,refine,3,grpc-envoy-strict,1024,45733,10,45746.000,16719.00,25484.00,457226,0,0,0,0,0,1.000284,0.999773,0.000000,0.996333,0.948423,1.944756,2,NA,0,1,clean,/home/jukebox/DPUmesh/integrations/linkerd/bench/report/data/linkerd-20260810/open/raw/scout-1024-grpc-envoy-strict-refine3-v1.result.attempt1.txt
scout-1024-grpc-envoy-strict-refine3-v2,refine,3,grpc-envoy-strict,1024,45733,10,45721.000,16576.00,25709.00,457118,0,0,0,0,0,0.999738,0.999536,0.000000,0.996203,0.949410,1.945613,2,NA,0,1,clean,/home/jukebox/DPUmesh/integrations/linkerd/bench/report/data/linkerd-20260810/open/raw/scout-1024-grpc-envoy-strict-refine3-v2.result.attempt1.txt
scout-1024-grpc-envoy-strict-refine4-v1,refine,4,grpc-envoy-strict,1024,46599,10,46545.000,22358.00,47100.00,465570,0,0,0,0,0,0.998841,0.999099,0.000000,0.996196,0.955038,1.951234,2,NA,0,1,clean,/home/jukebox/DPUmesh/integrations/linkerd/bench/report/data/linkerd-20260810/open/raw/scout-1024-grpc-envoy-strict-refine4-v1.result.attempt1.txt
scout-1024-grpc-envoy-strict-refine4-v2,refine,4,grpc-envoy-strict,1024,46599,10,46550.000,22976.00,39539.00,465563,0,0,0,0,0,0.998948,0.999084,0.000000,0.996605,0.954568,1.951173,2,NA,0,1,clean,/home/jukebox/DPUmesh/integrations/linkerd/bench/report/data/linkerd-20260810/open/raw/scout-1024-grpc-envoy-strict-refine4-v2.result.attempt1.txt
scout-1024-grpc-linkerd-pilot1-v1,pilot,1,grpc-linkerd,1024,5000,2,4997.000,421.00,457.00,10000,0,0,0,0,0,0.999400,1.000000,0.000000,0.849263,0.684680,1.533943,2,NA,0,1,clean,/home/jukebox/DPUmesh/integrations/linkerd/bench/report/data/linkerd-20260810/open/raw/scout-1024-grpc-linkerd-pilot1-v1.result.attempt1.txt
scout-1024-grpc-linkerd-pilot2-v1,pilot,2,grpc-linkerd,1024,6750,2,6748.000,1007.00,2166.00,13499,0,0,0,0,0,0.999704,0.999926,0.000000,0.961705,0.743491,1.705196,2,NA,0,1,clean,/home/jukebox/DPUmesh/integrations/linkerd/bench/report/data/linkerd-20260810/open/raw/scout-1024-grpc-linkerd-pilot2-v1.result.attempt1.txt
scout-1024-grpc-linkerd-pilot3-v1,pilot,3,grpc-linkerd,1024,9113,2,9109.000,2604.00,3565.00,18222,0,0,0,0,0,0.999561,0.999781,0.000000,0.983838,0.734467,1.718305,2,NA,0,1,clean,/home/jukebox/DPUmesh/integrations/linkerd/bench/report/data/linkerd-20260810/open/raw/scout-1024-grpc-linkerd-pilot3-v1.result.attempt1.txt
scout-1024-grpc-linkerd-pilot4-v1,pilot,4,grpc-linkerd,1024,12303,2,12296.000,6903.00,9114.00,24596,0,0,0,0,0,0.999431,0.999594,0.000000,0.981899,0.825295,1.807194,2,NA,0,1,clean,/home/jukebox/DPUmesh/integrations/linkerd/bench/report/data/linkerd-20260810/open/raw/scout-1024-grpc-linkerd-pilot4-v1.result.attempt1.txt
scout-1024-grpc-linkerd-pilot5-v1,pilot,5,grpc-linkerd,1024,16609,2,7879.000,475094.00,1030504.00,33216,0,0,1740,1,0,0.474381,0.999940,0.000000,0.984035,0.664005,1.648040,2,NA,0,0,fail+overflow+achieved,/home/jukebox/DPUmesh/integrations/linkerd/bench/report/data/linkerd-20260810/open/raw/scout-1024-grpc-linkerd-pilot5-v1.result.attempt1.txt
scout-1024-grpc-linkerd-validate5-v1,validate,5,grpc-linkerd,1024,16609,10,5392.000,5898673.06,5898673.06,166040,0,0,85530,38531,0,0.324643,0.999699,0.000000,0.992019,0.409971,1.401990,2,NA,0,0,fail+overflow+achieved,/home/jukebox/DPUmesh/integrations/linkerd/bench/report/data/linkerd-20260810/open/raw/scout-1024-grpc-linkerd-validate5-v1.result.attempt1.txt
scout-1024-grpc-linkerd-validate5-v2,validate,5,grpc-linkerd,1024,16609,10,5358.000,5951408.25,5951408.25,166086,0,0,86548,38725,0,0.322596,0.999976,0.000000,0.997026,0.408823,1.405849,2,NA,0,0,fail+overflow+achieved,/home/jukebox/DPUmesh/integrations/linkerd/bench/report/data/linkerd-20260810/open/raw/scout-1024-grpc-linkerd-validate5-v2.result.attempt1.txt
scout-1024-grpc-linkerd-backtrack4-v1,backtrack,4,grpc-linkerd,1024,12303,10,12307.000,7079.00,9681.00,123025,0,0,0,0,0,1.000325,0.999959,0.000000,0.996063,0.844645,1.840708,2,NA,0,1,clean,/home/jukebox/DPUmesh/integrations/linkerd/bench/report/data/linkerd-20260810/open/raw/scout-1024-grpc-linkerd-backtrack4-v1.result.attempt1.txt
scout-1024-grpc-linkerd-backtrack4-v2,backtrack,4,grpc-linkerd,1024,12303,10,12301.000,7059.00,9638.00,123015,0,0,0,0,0,0.999837,0.999878,0.000000,0.996253,0.844238,1.840491,2,NA,0,1,clean,/home/jukebox/DPUmesh/integrations/linkerd/bench/report/data/linkerd-20260810/open/raw/scout-1024-grpc-linkerd-backtrack4-v2.result.attempt1.txt
scout-1024-grpc-linkerd-refine1-v1,refine,1,grpc-linkerd,1024,14295,10,7943.000,5761060.54,5761060.54,142924,0,0,32892,46263,0,0.555649,0.999818,0.000000,0.996660,0.637098,1.633758,2,NA,0,0,fail+overflow+achieved,/home/jukebox/DPUmesh/integrations/linkerd/bench/report/data/linkerd-20260810/open/raw/scout-1024-grpc-linkerd-refine1-v1.result.attempt1.txt
scout-1024-grpc-linkerd-refine1-v2,refine,1,grpc-linkerd,1024,14295,10,7949.000,5143160.97,5143160.97,142920,0,0,32592,48275,0,0.556069,0.999790,0.000000,0.995870,0.632047,1.627917,2,NA,0,0,fail+overflow+achieved,/home/jukebox/DPUmesh/integrations/linkerd/bench/report/data/linkerd-20260810/open/raw/scout-1024-grpc-linkerd-refine1-v2.result.attempt1.txt
scout-1024-grpc-linkerd-refine2-v1,refine,2,grpc-linkerd,1024,13262,10,13259.000,13600.00,20152.00,132609,0,0,0,0,0,0.999774,0.999917,0.000000,0.996461,0.869300,1.865761,2,NA,0,1,clean,/home/jukebox/DPUmesh/integrations/linkerd/bench/report/data/linkerd-20260810/open/raw/scout-1024-grpc-linkerd-refine2-v1.result.attempt1.txt
scout-1024-grpc-linkerd-refine2-v2,refine,2,grpc-linkerd,1024,13262,10,13267.000,13615.00,22546.00,132582,0,0,0,0,0,1.000377,0.999713,0.000000,0.996388,0.869280,1.865668,2,NA,0,1,clean,/home/jukebox/DPUmesh/integrations/linkerd/bench/report/data/linkerd-20260810/open/raw/scout-1024-grpc-linkerd-refine2-v2.result.attempt1.txt
scout-1024-grpc-linkerd-refine3-v1,refine,3,grpc-linkerd,1024,13769,10,8936.000,4529402.69,4529402.69,137655,0,0,17603,44359,0,0.648994,0.999746,0.000000,0.996237,0.708426,1.704663,2,NA,0,0,fail+overflow+achieved,/home/jukebox/DPUmesh/integrations/linkerd/bench/report/data/linkerd-20260810/open/raw/scout-1024-grpc-linkerd-refine3-v1.result.attempt1.txt
scout-1024-grpc-linkerd-refine3-v2,refine,3,grpc-linkerd,1024,13769,10,9039.000,991982.00,4438198.08,137565,0,0,16475,42955,0,0.656475,0.999092,0.000000,0.996669,0.710144,1.706813,2,NA,0,0,fail+overflow+achieved,/home/jukebox/DPUmesh/integrations/linkerd/bench/report/data/linkerd-20260810/open/raw/scout-1024-grpc-linkerd-refine3-v2.result.attempt1.txt
scout-1024-grpc-linkerd-refine4-v1,refine,4,grpc-linkerd,1024,13513,10,12118.000,42742.00,992801.00,135081,0,0,0,19,0,0.896766,0.999637,0.000000,0.995950,0.867263,1.863213,2,NA,0,0,overflow+achieved,/home/jukebox/DPUmesh/integrations/linkerd/bench/report/data/linkerd-20260810/open/raw/scout-1024-grpc-linkerd-refine4-v1.result.attempt1.txt
scout-1024-grpc-linkerd-refine4-v2,refine,4,grpc-linkerd,1024,13513,10,10397.000,345734.00,3157455.79,135097,0,0,4074,27669,0,0.769407,0.999756,0.000000,0.996576,0.803014,1.799590,2,NA,0,0,fail+overflow+achieved,/home/jukebox/DPUmesh/integrations/linkerd/bench/report/data/linkerd-20260810/open/raw/scout-1024-grpc-linkerd-refine4-v2.result.attempt1.txt
scout-1024-grpc-linkerd-opaque-pilot1-v1,pilot,1,grpc-linkerd-opaque,1024,5000,2,4997.000,200.00,632.00,10000,0,0,0,0,0,0.999400,1.000000,0.000000,0.315652,0.473024,0.788676,2,NA,0,1,clean,/home/jukebox/DPUmesh/integrations/linkerd/bench/report/data/linkerd-20260810/open/raw/scout-1024-grpc-linkerd-opaque-pilot1-v1.result.attempt1.txt
scout-1024-grpc-linkerd-opaque-pilot2-v1,pilot,2,grpc-linkerd-opaque,1024,6750,2,6747.000,180.00,227.00,13500,0,0,0,0,0,0.999556,1.000000,0.000000,0.460842,0.405096,0.865938,2,NA,0,1,clean,/home/jukebox/DPUmesh/integrations/linkerd/bench/report/data/linkerd-20260810/open/raw/scout-1024-grpc-linkerd-opaque-pilot2-v1.result.attempt1.txt
scout-1024-grpc-linkerd-opaque-pilot3-v1,pilot,3,grpc-linkerd-opaque,1024,9113,2,9111.000,222.00,625.00,18226,0,0,0,0,0,0.999781,1.000000,0.000000,0.597128,0.572092,1.169220,2,NA,0,1,clean,/home/jukebox/DPUmesh/integrations/linkerd/bench/report/data/linkerd-20260810/open/raw/scout-1024-grpc-linkerd-opaque-pilot3-v1.result.attempt1.txt
scout-1024-grpc-linkerd-opaque-pilot4-v1,pilot,4,grpc-linkerd-opaque,1024,12303,2,12300.000,197.00,232.00,24606,0,0,0,0,0,0.999756,1.000000,0.000000,0.803559,0.722988,1.526547,2,NA,0,1,clean,/home/jukebox/DPUmesh/integrations/linkerd/bench/report/data/linkerd-20260810/open/raw/scout-1024-grpc-linkerd-opaque-pilot4-v1.result.attempt1.txt
scout-1024-grpc-linkerd-opaque-pilot5-v1,pilot,5,grpc-linkerd-opaque,1024,16609,2,16607.000,293.00,534.00,33217,0,0,0,0,0,0.999880,0.999970,0.000000,0.966673,0.932188,1.898861,2,NA,0,1,clean,/home/jukebox/DPUmesh/integrations/linkerd/bench/report/data/linkerd-20260810/open/raw/scout-1024-grpc-linkerd-opaque-pilot5-v1.result.attempt1.txt
scout-1024-grpc-linkerd-opaque-pilot6-v1,pilot,6,grpc-linkerd-opaque,1024,22422,2,22418.000,1068.00,1357.00,44842,0,0,0,0,0,0.999822,0.999955,0.000000,0.981868,0.904688,1.886556,2,NA,0,1,clean,/home/jukebox/DPUmesh/integrations/linkerd/bench/report/data/linkerd-20260810/open/raw/scout-1024-grpc-linkerd-opaque-pilot6-v1.result.attempt1.txt
scout-1024-grpc-linkerd-opaque-pilot7-v1,pilot,7,grpc-linkerd-opaque,1024,30270,2,30261.000,1718.00,2178.00,60532,0,0,0,0,0,0.999703,0.999868,0.000000,0.981693,0.922672,1.904365,2,NA,0,1,clean,/home/jukebox/DPUmesh/integrations/linkerd/bench/report/data/linkerd-20260810/open/raw/scout-1024-grpc-linkerd-opaque-pilot7-v1.result.attempt1.txt
scout-1024-grpc-linkerd-opaque-pilot8-v1,pilot,8,grpc-linkerd-opaque,1024,40865,2,40892.000,8166.00,12193.00,81686,0,0,0,0,0,1.000661,0.999462,0.000000,0.943040,0.861062,1.804102,2,NA,0,1,clean,/home/jukebox/DPUmesh/integrations/linkerd/bench/report/data/linkerd-20260810/open/raw/scout-1024-grpc-linkerd-opaque-pilot8-v1.result.attempt1.txt
scout-1024-grpc-linkerd-opaque-pilot9-v1,pilot,9,grpc-linkerd-opaque,1024,55168,2,40798.000,291731.00,559105.00,93816,0,0,0,0,0,0.739523,0.850276,0.000000,0.981493,0.879566,1.861059,2,NA,0,0,achieved+scheduler,/home/jukebox/DPUmesh/integrations/linkerd/bench/report/data/linkerd-20260810/open/raw/scout-1024-grpc-linkerd-opaque-pilot9-v1.result.attempt1.txt
scout-1024-grpc-linkerd-opaque-validate9-v1,validate,9,grpc-linkerd-opaque,1024,55168,10,41228.000,2602530.71,2602530.71,473892,0,0,0,250328,0,0.747317,0.858998,0.000000,0.996220,0.890699,1.886919,2,NA,0,0,overflow+achieved+scheduler,/home/jukebox/DPUmesh/integrations/linkerd/bench/report/data/linkerd-20260810/open/raw/scout-1024-grpc-linkerd-opaque-validate9-v1.result.attempt1.txt
scout-1024-grpc-linkerd-opaque-validate9-v2,validate,9,grpc-linkerd-opaque,1024,55168,10,41115.000,2615528.04,2615528.04,469118,0,0,0,246040,0,0.745269,0.850344,0.000000,0.996293,0.888673,1.884966,2,NA,0,0,overflow+achieved+scheduler,/home/jukebox/DPUmesh/integrations/linkerd/bench/report/data/linkerd-20260810/open/raw/scout-1024-grpc-linkerd-opaque-validate9-v2.result.attempt1.txt
scout-1024-grpc-linkerd-opaque-backtrack8-v1,backtrack,8,grpc-linkerd-opaque,1024,40865,10,40888.000,7857.00,11590.00,408600,0,0,0,0,0,1.000563,0.999878,0.000000,0.996263,0.895539,1.891802,2,NA,0,1,clean,/home/jukebox/DPUmesh/integrations/linkerd/bench/report/data/linkerd-20260810/open/raw/scout-1024-grpc-linkerd-opaque-backtrack8-v1.result.attempt1.txt
scout-1024-grpc-linkerd-opaque-backtrack8-v2,backtrack,8,grpc-linkerd-opaque,1024,40865,10,40871.000,7835.00,10830.00,408646,0,0,0,0,0,1.000147,0.999990,0.000000,0.996389,0.896855,1.893244,2,NA,0,1,clean,/home/jukebox/DPUmesh/integrations/linkerd/bench/report/data/linkerd-20260810/open/raw/scout-1024-grpc-linkerd-opaque-backtrack8-v2.result.attempt1.txt
scout-1024-grpc-linkerd-opaque-refine1-v1,refine,1,grpc-linkerd-opaque,1024,47481,10,41362.000,687471.00,1511490.60,452099,0,0,0,84257,0,0.871127,0.952168,0.000000,0.996141,0.887321,1.883462,2,NA,0,0,overflow+achieved+scheduler,/home/jukebox/DPUmesh/integrations/linkerd/bench/report/data/linkerd-20260810/open/raw/scout-1024-grpc-linkerd-opaque-refine1-v1.result.attempt1.txt
scout-1024-grpc-linkerd-opaque-refine1-v2,refine,1,grpc-linkerd-opaque,1024,47481,10,41285.000,682993.00,1397388.78,448906,0,0,0,82936,0,0.869506,0.945443,0.000000,0.996373,0.886317,1.882690,2,NA,0,0,overflow+achieved+scheduler,/home/jukebox/DPUmesh/integrations/linkerd/bench/report/data/linkerd-20260810/open/raw/scout-1024-grpc-linkerd-opaque-refine1-v2.result.attempt1.txt
scout-1024-grpc-linkerd-opaque-refine2-v1,refine,2,grpc-linkerd-opaque,1024,44049,10,44018.000,17140.00,31820.00,440374,0,0,0,0,0,0.999296,0.999737,0.000000,0.996170,0.937463,1.933633,2,NA,0,1,clean,/home/jukebox/DPUmesh/integrations/linkerd/bench/report/data/linkerd-20260810/open/raw/scout-1024-grpc-linkerd-opaque-refine2-v1.result.attempt1.txt
scout-1024-grpc-linkerd-opaque-refine2-v2,refine,2,grpc-linkerd-opaque,1024,44049,10,44026.000,17225.00,29339.00,440286,0,0,0,0,0,0.999478,0.999537,0.000000,0.996348,0.933696,1.930044,2,NA,0,1,clean,/home/jukebox/DPUmesh/integrations/linkerd/bench/report/data/linkerd-20260810/open/raw/scout-1024-grpc-linkerd-opaque-refine2-v2.result.attempt1.txt
scout-1024-grpc-linkerd-opaque-refine3-v1,refine,3,grpc-linkerd-opaque,1024,45733,10,41324.000,478234.00,983266.00,432455,0,0,0,322,0,0.903593,0.945608,0.000000,0.996613,0.883254,1.879867,2,NA,0,0,overflow+achieved+scheduler,/home/jukebox/DPUmesh/integrations/linkerd/bench/report/data/linkerd-20260810/open/raw/scout-1024-grpc-linkerd-opaque-refine3-v1.result.attempt1.txt
scout-1024-grpc-linkerd-opaque-refine3-v2,refine,3,grpc-linkerd-opaque,1024,45733,10,41245.000,507245.00,1033048.00,434492,0,0,0,2870,0,0.901865,0.950062,0.000000,0.996409,0.889412,1.885821,2,NA,0,0,overflow+achieved+scheduler,/home/jukebox/DPUmesh/integrations/linkerd/bench/report/data/linkerd-20260810/open/raw/scout-1024-grpc-linkerd-opaque-refine3-v2.result.attempt1.txt
scout-1024-grpc-linkerd-opaque-refine4-v1,refine,4,grpc-linkerd-opaque,1024,44883,10,41326.000,411706.00,831837.00,435438,0,0,0,0,0,0.920750,0.970162,0.000000,0.996141,0.882806,1.878947,2,NA,0,0,achieved+scheduler,/home/jukebox/DPUmesh/integrations/linkerd/bench/report/data/linkerd-20260810/open/raw/scout-1024-grpc-linkerd-opaque-refine4-v1.result.attempt1.txt
scout-1024-grpc-linkerd-opaque-refine4-v2,refine,4,grpc-linkerd-opaque,1024,44883,10,41522.000,383681.00,785940.00,435384,0,0,0,0,0,0.925116,0.970042,0.000000,0.996198,0.882357,1.878555,2,NA,0,0,achieved+scheduler,/home/jukebox/DPUmesh/integrations/linkerd/bench/report/data/linkerd-20260810/open/raw/scout-1024-grpc-linkerd-opaque-refine4-v2.result.attempt1.txt
scout-8192-grpc-linkerd-pilot1-v1,pilot,1,grpc-linkerd,8192,5000,2,4997.000,440.00,902.00,10000,0,0,0,0,0,0.999400,1.000000,0.000000,0.916346,0.764520,1.680866,2,NA,0,1,clean,/home/jukebox/DPUmesh/integrations/linkerd/bench/report/data/linkerd-20260810/open/raw/scout-8192-grpc-linkerd-pilot1-v1.result.attempt1.txt
scout-8192-grpc-linkerd-pilot2-v1,pilot,2,grpc-linkerd,8192,6750,2,6747.000,1941.00,3056.00,13500,0,0,0,0,0,0.999556,1.000000,0.000000,0.966574,0.742224,1.708798,2,NA,0,1,clean,/home/jukebox/DPUmesh/integrations/linkerd/bench/report/data/linkerd-20260810/open/raw/scout-8192-grpc-linkerd-pilot2-v1.result.attempt1.txt
scout-8192-grpc-linkerd-pilot3-v1,pilot,3,grpc-linkerd,8192,9113,2,9109.000,3919.00,5345.00,18219,0,0,0,0,0,0.999561,0.999616,0.000000,0.982312,0.776920,1.759232,2,NA,0,1,clean,/home/jukebox/DPUmesh/integrations/linkerd/bench/report/data/linkerd-20260810/open/raw/scout-8192-grpc-linkerd-pilot3-v1.result.attempt1.txt
scout-8192-grpc-linkerd-pilot4-v1,pilot,4,grpc-linkerd,8192,12303,2,6564.000,419160.00,872600.00,24520,0,0,0,13,0,0.533528,0.996505,0.000000,0.983516,0.781843,1.765359,2,NA,0,0,overflow+achieved,/home/jukebox/DPUmesh/integrations/linkerd/bench/report/data/linkerd-20260810/open/raw/scout-8192-grpc-linkerd-pilot4-v1.result.attempt1.txt
scout-8192-grpc-linkerd-validate4-v1,validate,4,grpc-linkerd,8192,12303,10,5430.000,7656791.35,7656791.35,123027,0,0,0,38653,0,0.441356,0.999976,0.000000,0.996604,0.687069,1.683673,2,NA,0,0,overflow+achieved,/home/jukebox/DPUmesh/integrations/linkerd/bench/report/data/linkerd-20260810/open/raw/scout-8192-grpc-linkerd-validate4-v1.result.attempt1.txt
scout-8192-grpc-linkerd-validate4-v2,validate,4,grpc-linkerd,8192,12303,10,4598.000,8054026.29,8054026.29,122965,0,0,9871,33852,0,0.373730,0.999472,0.000000,0.996372,0.549546,1.545918,2,NA,0,0,fail+overflow+achieved,/home/jukebox/DPUmesh/integrations/linkerd/bench/report/data/linkerd-20260810/open/raw/scout-8192-grpc-linkerd-validate4-v2.result.attempt1.txt
scout-8192-grpc-linkerd-backtrack3-v1,backtrack,3,grpc-linkerd,8192,9113,10,5931.000,4961499.13,4961499.13,91124,0,0,0,30721,0,0.650828,0.999934,0.000000,0.958700,0.997148,1.955848,2,NA,0,0,overflow+achieved,/home/jukebox/DPUmesh/integrations/linkerd/bench/report/data/linkerd-20260810/open/raw/scout-8192-grpc-linkerd-backtrack3-v1.result.attempt1.txt
scout-8192-grpc-linkerd-backtrack3-v2,backtrack,3,grpc-linkerd,8192,9113,10,9113.000,4136.00,5604.00,91125,0,0,0,0,0,1.000000,0.999945,0.000000,0.996322,0.792787,1.789109,2,NA,0,1,clean,/home/jukebox/DPUmesh/integrations/linkerd/bench/report/data/linkerd-20260810/open/raw/scout-8192-grpc-linkerd-backtrack3-v2.result.attempt1.txt
scout-8192-grpc-linkerd-backtrack3-v3,backtrack,3,grpc-linkerd,8192,9113,10,9112.000,4004.00,5469.00,91124,0,0,0,0,0,0.999890,0.999934,0.000000,0.996226,0.795657,1.791883,2,NA,0,1,clean,/home/jukebox/DPUmesh/integrations/linkerd/bench/report/data/linkerd-20260810/open/raw/scout-8192-grpc-linkerd-backtrack3-v3.result.attempt1.txt
scout-8192-grpc-linkerd-refine1-v1,refine,1,grpc-linkerd,8192,10589,10,10585.000,8205.00,11492.00,105863,0,0,0,0,0,0.999622,0.999745,0.000000,0.996185,0.852597,1.848782,2,NA,0,1,clean,/home/jukebox/DPUmesh/integrations/linkerd/bench/report/data/linkerd-20260810/open/raw/scout-8192-grpc-linkerd-refine1-v1.result.attempt1.txt
scout-8192-grpc-linkerd-refine1-v2,refine,1,grpc-linkerd,8192,10589,10,10587.000,8110.00,11258.00,105880,0,0,0,0,0,0.999811,0.999906,0.000000,0.995902,0.853022,1.848924,2,NA,0,1,clean,/home/jukebox/DPUmesh/integrations/linkerd/bench/report/data/linkerd-20260810/open/raw/scout-8192-grpc-linkerd-refine1-v2.result.attempt1.txt
scout-8192-grpc-linkerd-refine2-v1,refine,2,grpc-linkerd,8192,11414,10,6554.000,6416395.79,6416395.79,114088,0,0,0,46017,0,0.574207,0.999544,0.000000,0.997000,0.756210,1.753210,2,NA,0,0,overflow+achieved,/home/jukebox/DPUmesh/integrations/linkerd/bench/report/data/linkerd-20260810/open/raw/scout-8192-grpc-linkerd-refine2-v1.result.attempt1.txt
scout-8192-grpc-linkerd-refine2-v2,refine,2,grpc-linkerd,8192,11414,10,6447.000,7223336.67,7223336.67,114045,0,0,0,49474,0,0.564833,0.999168,0.000000,0.995950,0.779168,1.775118,2,NA,0,0,overflow+achieved,/home/jukebox/DPUmesh/integrations/linkerd/bench/report/data/linkerd-20260810/open/raw/scout-8192-grpc-linkerd-refine2-v2.result.attempt1.txt
scout-8192-grpc-linkerd-refine3-v1,refine,3,grpc-linkerd,8192,10994,10,6179.000,6196900.46,6196900.46,109915,0,0,0,44040,0,0.562034,0.999773,0.000000,0.996073,0.995748,1.991821,2,NA,0,0,overflow+achieved,/home/jukebox/DPUmesh/integrations/linkerd/bench/report/data/linkerd-20260810/open/raw/scout-8192-grpc-linkerd-refine3-v1.result.attempt1.txt
scout-8192-grpc-linkerd-refine3-v2,refine,3,grpc-linkerd,8192,10994,10,6269.000,6330205.97,6330205.97,109881,0,0,0,47752,0,0.570220,0.999463,0.000000,0.995725,0.946910,1.942635,2,NA,0,0,overflow+achieved,/home/jukebox/DPUmesh/integrations/linkerd/bench/report/data/linkerd-20260810/open/raw/scout-8192-grpc-linkerd-refine3-v2.result.attempt1.txt
scout-8192-grpc-linkerd-refine4-v1,refine,4,grpc-linkerd,8192,10790,10,10793.000,9483.00,13977.00,107891,0,0,0,0,0,1.000278,0.999917,0.000000,0.995950,0.845541,1.841491,2,NA,0,1,clean,/home/jukebox/DPUmesh/integrations/linkerd/bench/report/data/linkerd-20260810/open/raw/scout-8192-grpc-linkerd-refine4-v1.result.attempt1.txt
scout-8192-grpc-linkerd-refine4-v2,refine,4,grpc-linkerd,8192,10790,10,10786.000,9259.00,12837.00,107867,0,0,0,0,0,0.999629,0.999694,0.000000,0.996389,0.851716,1.848105,2,NA,0,1,clean,/home/jukebox/DPUmesh/integrations/linkerd/bench/report/data/linkerd-20260810/open/raw/scout-8192-grpc-linkerd-refine4-v2.result.attempt1.txt
scout-8192-grpc-linkerd-opaque-pilot1-v1,pilot,1,grpc-linkerd-opaque,8192,5000,2,4997.000,220.00,246.00,10000,0,0,0,0,0,0.999400,1.000000,0.000000,0.450221,0.404867,0.855088,2,NA,0,1,clean,/home/jukebox/DPUmesh/integrations/linkerd/bench/report/data/linkerd-20260810/open/raw/scout-8192-grpc-linkerd-opaque-pilot1-v1.result.attempt1.txt
scout-8192-grpc-linkerd-opaque-pilot2-v1,pilot,2,grpc-linkerd-opaque,8192,6750,2,6748.000,247.00,299.00,13500,0,0,0,0,0,0.999704,1.000000,0.000000,0.633321,0.580787,1.214108,2,NA,0,1,clean,/home/jukebox/DPUmesh/integrations/linkerd/bench/report/data/linkerd-20260810/open/raw/scout-8192-grpc-linkerd-opaque-pilot2-v1.result.attempt1.txt
scout-8192-grpc-linkerd-opaque-pilot3-v1,pilot,3,grpc-linkerd-opaque,8192,9113,2,9110.000,252.00,292.00,18226,0,0,0,0,0,0.999671,1.000000,0.000000,0.841794,0.772999,1.614793,2,NA,0,1,clean,/home/jukebox/DPUmesh/integrations/linkerd/bench/report/data/linkerd-20260810/open/raw/scout-8192-grpc-linkerd-opaque-pilot3-v1.result.attempt1.txt
scout-8192-grpc-linkerd-opaque-pilot4-v1,pilot,4,grpc-linkerd-opaque,8192,12303,2,12300.000,862.00,1187.00,24605,0,0,0,0,0,0.999756,0.999959,0.000000,0.981609,0.917604,1.899213,2,NA,0,1,clean,/home/jukebox/DPUmesh/integrations/linkerd/bench/report/data/linkerd-20260810/open/raw/scout-8192-grpc-linkerd-opaque-pilot4-v1.result.attempt1.txt
scout-8192-grpc-linkerd-opaque-pilot5-v1,pilot,5,grpc-linkerd-opaque,8192,16609,2,16608.000,1933.00,2514.00,33212,0,0,0,0,0,0.999940,0.999819,0.000000,0.982017,0.956954,1.938971,2,NA,0,1,clean,/home/jukebox/DPUmesh/integrations/linkerd/bench/report/data/linkerd-20260810/open/raw/scout-8192-grpc-linkerd-opaque-pilot5-v1.result.attempt1.txt
scout-8192-grpc-linkerd-opaque-pilot6-v1,pilot,6,grpc-linkerd-opaque,8192,22422,2,22444.000,4912.00,6612.00,44823,0,0,0,0,0,1.000981,0.999532,0.000000,0.981422,0.925257,1.906679,2,NA,0,1,clean,/home/jukebox/DPUmesh/integrations/linkerd/bench/report/data/linkerd-20260810/open/raw/scout-8192-grpc-linkerd-opaque-pilot6-v1.result.attempt1.txt
scout-8192-grpc-linkerd-opaque-pilot7-v1,pilot,7,grpc-linkerd-opaque,8192,30270,2,23141.000,286891.00,522904.00,56311,0,0,0,0,0,0.764486,0.930145,0.000000,0.984095,0.887682,1.871777,2,NA,0,0,achieved+scheduler,/home/jukebox/DPUmesh/integrations/linkerd/bench/report/data/linkerd-20260810/open/raw/scout-8192-grpc-linkerd-opaque-pilot7-v1.result.attempt1.txt
scout-8192-grpc-linkerd-opaque-validate7-v1,validate,7,grpc-linkerd-opaque,8192,30270,10,23862.000,2314622.08,2314622.08,277083,0,0,0,125397,0,0.788305,0.915372,0.000000,0.996720,0.918130,1.914850,2,NA,0,0,overflow+achieved+scheduler,/home/jukebox/DPUmesh/integrations/linkerd/bench/report/data/linkerd-20260810/open/raw/scout-8192-grpc-linkerd-opaque-validate7-v1.result.attempt1.txt
scout-8192-grpc-linkerd-opaque-validate7-v2,validate,7,grpc-linkerd-opaque,8192,30270,10,23759.000,2376899.98,2376899.98,265255,0,0,0,127385,0,0.784903,0.876297,0.000000,0.996567,0.913657,1.910224,2,NA,0,0,overflow+achieved+scheduler,/home/jukebox/DPUmesh/integrations/linkerd/bench/report/data/linkerd-20260810/open/raw/scout-8192-grpc-linkerd-opaque-validate7-v2.result.attempt1.txt
scout-8192-grpc-linkerd-opaque-backtrack6-v1,backtrack,6,grpc-linkerd-opaque,8192,22422,10,22424.000,4599.00,6480.00,224217,0,0,0,0,0,1.000089,0.999987,0.000000,0.996143,0.949720,1.945863,2,NA,0,1,clean,/home/jukebox/DPUmesh/integrations/linkerd/bench/report/data/linkerd-20260810/open/raw/scout-8192-grpc-linkerd-opaque-backtrack6-v1.result.attempt1.txt
scout-8192-grpc-linkerd-opaque-backtrack6-v2,backtrack,6,grpc-linkerd-opaque,8192,22422,10,22421.000,4588.00,6247.00,224192,0,0,0,0,0,0.999955,0.999875,0.000000,0.996361,0.948394,1.944755,2,NA,0,1,clean,/home/jukebox/DPUmesh/integrations/linkerd/bench/report/data/linkerd-20260810/open/raw/scout-8192-grpc-linkerd-opaque-backtrack6-v2.result.attempt1.txt
scout-8192-grpc-linkerd-opaque-refine1-v1,refine,1,grpc-linkerd-opaque,8192,26052,10,23734.000,437176.00,954884.00,250026,0,0,0,157,0,0.911024,0.959719,0.000000,0.996150,0.912886,1.909036,2,NA,0,0,overflow+achieved+scheduler,/home/jukebox/DPUmesh/integrations/linkerd/bench/report/data/linkerd-20260810/open/raw/scout-8192-grpc-linkerd-opaque-refine1-v1.result.attempt1.txt
scout-8192-grpc-linkerd-opaque-refine1-v2,refine,1,grpc-linkerd-opaque,8192,26052,10,23656.000,424180.00,965739.00,250823,0,0,0,62,0,0.908030,0.962778,0.000000,0.996519,0.914403,1.910922,2,NA,0,0,overflow+achieved+scheduler,/home/jukebox/DPUmesh/integrations/linkerd/bench/report/data/linkerd-20260810/open/raw/scout-8192-grpc-linkerd-opaque-refine1-v2.result.attempt1.txt
scout-8192-grpc-linkerd-opaque-refine2-v1,refine,2,grpc-linkerd-opaque,8192,24169,10,24181.000,7429.00,11921.00,241646,0,0,0,0,0,1.000497,0.999818,0.000000,0.996262,0.938524,1.934786,2,NA,0,1,clean,/home/jukebox/DPUmesh/integrations/linkerd/bench/report/data/linkerd-20260810/open/raw/scout-8192-grpc-linkerd-opaque-refine2-v1.result.attempt1.txt
scout-8192-grpc-linkerd-opaque-refine2-v2,refine,2,grpc-linkerd-opaque,8192,24169,10,24175.000,7496.00,10271.00,241652,0,0,0,0,0,1.000248,0.999843,0.000000,0.996328,0.935711,1.932039,2,NA,0,1,clean,/home/jukebox/DPUmesh/integrations/linkerd/bench/report/data/linkerd-20260810/open/raw/scout-8192-grpc-linkerd-opaque-refine2-v2.result.attempt1.txt
scout-8192-grpc-linkerd-opaque-refine3-v1,refine,3,grpc-linkerd-opaque,8192,25093,10,25106.000,13468.00,23879.00,250836,0,0,0,0,0,1.000518,0.999625,0.000000,0.996152,0.934001,1.930153,2,NA,0,1,clean,/home/jukebox/DPUmesh/integrations/linkerd/bench/report/data/linkerd-20260810/open/raw/scout-8192-grpc-linkerd-opaque-refine3-v1.result.attempt1.txt
scout-8192-grpc-linkerd-opaque-refine3-v2,refine,3,grpc-linkerd-opaque,8192,25093,10,25093.000,13542.00,19412.00,250823,0,0,0,0,0,1.000000,0.999574,0.000000,0.996243,0.935173,1.931416,2,NA,0,1,clean,/home/jukebox/DPUmesh/integrations/linkerd/bench/report/data/linkerd-20260810/open/raw/scout-8192-grpc-linkerd-opaque-refine3-v2.result.attempt1.txt
scout-8192-grpc-linkerd-opaque-refine4-v1,refine,4,grpc-linkerd-opaque,8192,25568,10,25566.000,19969.00,34567.00,255653,0,0,0,0,0,0.999922,0.999894,0.000000,0.996204,0.944404,1.940608,2,NA,0,1,clean,/home/jukebox/DPUmesh/integrations/linkerd/bench/report/data/linkerd-20260810/open/raw/scout-8192-grpc-linkerd-opaque-refine4-v1.result.attempt1.txt
scout-8192-grpc-linkerd-opaque-refine4-v2,refine,4,grpc-linkerd-opaque,8192,25568,10,25558.000,18619.00,30552.00,255566,0,0,0,0,0,0.999609,0.999554,0.000000,0.996258,0.945162,1.941420,2,NA,0,1,clean,/home/jukebox/DPUmesh/integrations/linkerd/bench/report/data/linkerd-20260810/open/raw/scout-8192-grpc-linkerd-opaque-refine4-v2.result.attempt1.txt
scout-8192-grpc-tcp-pilot1-v1,pilot,1,grpc-tcp,8192,5000,2,4998.000,141.00,157.00,10000,0,0,0,0,0,0.999600,1.000000,0.000000,0.249084,0.230866,0.479950,2,NA,0,1,clean,/home/jukebox/DPUmesh/integrations/linkerd/bench/report/data/linkerd-20260810/open/raw/scout-8192-grpc-tcp-pilot1-v1.result.attempt1.txt
scout-8192-grpc-tcp-pilot2-v1,pilot,2,grpc-tcp,8192,6750,2,6748.000,141.00,148.00,13500,0,0,0,0,0,0.999704,1.000000,0.000000,0.347299,0.313002,0.660301,2,NA,0,1,clean,/home/jukebox/DPUmesh/integrations/linkerd/bench/report/data/linkerd-20260810/open/raw/scout-8192-grpc-tcp-pilot2-v1.result.attempt1.txt
scout-8192-grpc-tcp-pilot3-v1,pilot,3,grpc-tcp,8192,9113,2,9110.000,141.00,151.00,18226,0,0,0,0,0,0.999671,1.000000,0.000000,0.468174,0.421092,0.889266,2,NA,0,1,clean,/home/jukebox/DPUmesh/integrations/linkerd/bench/report/data/linkerd-20260810/open/raw/scout-8192-grpc-tcp-pilot3-v1.result.attempt1.txt
scout-8192-grpc-tcp-pilot4-v1,pilot,4,grpc-tcp,8192,12303,2,12301.000,166.00,12804.00,24605,0,0,0,0,0,0.999837,0.999959,0.000000,0.634168,0.632216,1.266384,2,NA,0,1,clean,/home/jukebox/DPUmesh/integrations/linkerd/bench/report/data/linkerd-20260810/open/raw/scout-8192-grpc-tcp-pilot4-v1.result.attempt1.txt
scout-8192-grpc-tcp-pilot5-v1,pilot,5,grpc-tcp,8192,16609,2,16607.000,198.00,425.00,33218,0,0,0,0,0,0.999880,1.000000,0.000000,0.862928,0.799838,1.662766,2,NA,0,1,clean,/home/jukebox/DPUmesh/integrations/linkerd/bench/report/data/linkerd-20260810/open/raw/scout-8192-grpc-tcp-pilot5-v1.result.attempt1.txt
scout-8192-grpc-tcp-pilot6-v1,pilot,6,grpc-tcp,8192,22422,2,22484.000,1401.00,13169.00,44813,0,0,0,0,0,1.002765,0.999309,0.000000,0.981707,0.931182,1.912889,2,NA,0,1,clean,/home/jukebox/DPUmesh/integrations/linkerd/bench/report/data/linkerd-20260810/open/raw/scout-8192-grpc-tcp-pilot6-v1.result.attempt1.txt
scout-8192-grpc-tcp-pilot7-v1,pilot,7,grpc-tcp,8192,30270,2,27014.000,142833.00,378110.00,58722,0,0,0,0,0,0.892435,0.969970,0.000000,0.981997,0.976846,1.958843,2,NA,0,0,achieved+scheduler,/home/jukebox/DPUmesh/integrations/linkerd/bench/report/data/linkerd-20260810/open/raw/scout-8192-grpc-tcp-pilot7-v1.result.attempt1.txt
scout-8192-grpc-tcp-validate7-v1,validate,7,grpc-tcp,8192,30270,10,25742.000,429179.00,1832788.78,293019,0,0,0,65117,0,0.850413,0.968018,0.000000,0.996277,0.991872,1.988149,2,NA,0,0,overflow+achieved+scheduler,/home/jukebox/DPUmesh/integrations/linkerd/bench/report/data/linkerd-20260810/open/raw/scout-8192-grpc-tcp-validate7-v1.result.attempt1.txt
scout-8192-grpc-tcp-validate7-v2,validate,7,grpc-tcp,8192,30270,10,25074.000,614806.00,2135641.74,296225,0,0,0,55569,0,0.828345,0.978609,0.000000,0.996353,0.981481,1.977834,2,NA,0,0,overflow+achieved+scheduler,/home/jukebox/DPUmesh/integrations/linkerd/bench/report/data/linkerd-20260810/open/raw/scout-8192-grpc-tcp-validate7-v2.result.attempt1.txt
scout-8192-grpc-tcp-backtrack6-v1,backtrack,6,grpc-tcp,8192,22422,10,22432.000,1468.00,9741.00,224196,0,0,0,0,0,1.000446,0.999893,0.000000,0.994813,0.943504,1.938317,2,NA,0,1,clean,/home/jukebox/DPUmesh/integrations/linkerd/bench/report/data/linkerd-20260810/open/raw/scout-8192-grpc-tcp-backtrack6-v1.result.attempt1.txt
scout-8192-grpc-tcp-backtrack6-v2,backtrack,6,grpc-tcp,8192,22422,10,22430.000,1355.00,7077.00,224203,0,0,0,0,0,1.000357,0.999924,0.000000,0.993166,0.946506,1.939672,2,NA,0,1,clean,/home/jukebox/DPUmesh/integrations/linkerd/bench/report/data/linkerd-20260810/open/raw/scout-8192-grpc-tcp-backtrack6-v2.result.attempt1.txt
scout-8192-grpc-tcp-refine1-v1,refine,1,grpc-tcp,8192,26052,10,25898.000,60044.00,201781.00,260133,0,0,0,0,0,0.994089,0.998515,0.000000,0.996217,0.993794,1.990011,2,NA,0,1,clean,/home/jukebox/DPUmesh/integrations/linkerd/bench/report/data/linkerd-20260810/open/raw/scout-8192-grpc-tcp-refine1-v1.result.attempt1.txt
scout-8192-grpc-tcp-refine1-v2,refine,1,grpc-tcp,8192,26052,10,25728.000,99676.00,268058.00,258914,0,0,0,0,0,0.987563,0.993835,0.000000,0.996275,0.995955,1.992230,2,NA,0,1,clean,/home/jukebox/DPUmesh/integrations/linkerd/bench/report/data/linkerd-20260810/open/raw/scout-8192-grpc-tcp-refine1-v2.result.attempt1.txt
scout-8192-grpc-tcp-refine2-v1,refine,2,grpc-tcp,8192,28082,10,26273.000,275497.00,799349.00,277955,0,0,0,0,0,0.935582,0.989798,0.000000,0.996373,0.991435,1.987808,2,NA,0,0,achieved,/home/jukebox/DPUmesh/integrations/linkerd/bench/report/data/linkerd-20260810/open/raw/scout-8192-grpc-tcp-refine2-v1.result.attempt1.txt
scout-8192-grpc-tcp-refine2-v2,refine,2,grpc-tcp,8192,28082,10,26568.000,313615.00,859788.00,277633,0,0,0,0,0,0.946086,0.988651,0.000000,0.996491,0.994947,1.991438,2,NA,0,0,achieved,/home/jukebox/DPUmesh/integrations/linkerd/bench/report/data/linkerd-20260810/open/raw/scout-8192-grpc-tcp-refine2-v2.result.attempt1.txt
scout-8192-grpc-tcp-refine3-v1,refine,3,grpc-tcp,8192,27048,10,26009.000,222582.00,524130.00,268581,0,0,0,0,0,0.961587,0.992979,0.000000,0.995693,0.995736,1.991429,2,NA,0,0,achieved,/home/jukebox/DPUmesh/integrations/linkerd/bench/report/data/linkerd-20260810/open/raw/scout-8192-grpc-tcp-refine3-v1.result.attempt1.txt
scout-8192-grpc-tcp-refine3-v2,refine,3,grpc-tcp,8192,27048,10,24762.000,231453.00,867174.00,269542,0,0,0,0,0,0.915484,0.996532,0.000000,0.996189,0.995741,1.991930,2,NA,0,0,achieved,/home/jukebox/DPUmesh/integrations/linkerd/bench/report/data/linkerd-20260810/open/raw/scout-8192-grpc-tcp-refine3-v2.result.attempt1.txt
scout-8192-grpc-tcp-refine4-v1,refine,4,grpc-tcp,8192,26545,10,25966.000,199389.00,401322.00,263556,0,0,0,0,0,0.978188,0.992865,0.000000,0.995856,0.994642,1.990498,2,NA,0,0,achieved,/home/jukebox/DPUmesh/integrations/linkerd/bench/report/data/linkerd-20260810/open/raw/scout-8192-grpc-tcp-refine4-v1.result.attempt1.txt
scout-8192-grpc-tcp-refine4-v2,refine,4,grpc-tcp,8192,26545,10,25575.000,162603.00,448278.00,264682,0,0,0,0,0,0.963458,0.997107,0.000000,0.996392,0.994468,1.990860,2,NA,0,0,achieved,/home/jukebox/DPUmesh/integrations/linkerd/bench/report/data/linkerd-20260810/open/raw/scout-8192-grpc-tcp-refine4-v2.result.attempt1.txt
scout-8192-grpc-dpumesh-pilot1-v1,pilot,1,grpc-dpumesh,8192,5000,2,4997.000,270.00,296.00,10000,0,0,0,0,0,0.999400,1.000000,0.000000,0.240145,0.201121,0.441266,2,NA,0,1,clean,/home/jukebox/DPUmesh/integrations/linkerd/bench/report/data/linkerd-20260810/open/raw/scout-8192-grpc-dpumesh-pilot1-v1.result.attempt1.txt
scout-8192-grpc-dpumesh-pilot2-v1,pilot,2,grpc-dpumesh,8192,6750,2,6747.000,243.00,586.00,13500,0,0,0,0,0,0.999556,1.000000,0.000000,0.325207,0.266516,0.591723,2,NA,0,1,clean,/home/jukebox/DPUmesh/integrations/linkerd/bench/report/data/linkerd-20260810/open/raw/scout-8192-grpc-dpumesh-pilot2-v1.result.attempt1.txt
scout-8192-grpc-dpumesh-pilot3-v1,pilot,3,grpc-dpumesh,8192,9113,2,9110.000,243.00,292.00,18226,0,0,0,0,0,0.999671,1.000000,0.000000,0.398888,0.356215,0.755103,2,NA,0,1,clean,/home/jukebox/DPUmesh/integrations/linkerd/bench/report/data/linkerd-20260810/open/raw/scout-8192-grpc-dpumesh-pilot3-v1.result.attempt1.txt
scout-8192-grpc-dpumesh-pilot4-v1,pilot,4,grpc-dpumesh,8192,12303,2,12300.000,250.00,342.00,24606,0,0,0,0,0,0.999756,1.000000,0.000000,0.541132,0.470541,1.011673,2,NA,0,1,clean,/home/jukebox/DPUmesh/integrations/linkerd/bench/report/data/linkerd-20260810/open/raw/scout-8192-grpc-dpumesh-pilot4-v1.result.attempt1.txt
scout-8192-grpc-dpumesh-pilot5-v1,pilot,5,grpc-dpumesh,8192,16609,2,16607.000,264.00,15564.00,33218,0,0,0,0,0,0.999880,1.000000,0.000000,0.721151,0.725232,1.446383,2,NA,0,1,clean,/home/jukebox/DPUmesh/integrations/linkerd/bench/report/data/linkerd-20260810/open/raw/scout-8192-grpc-dpumesh-pilot5-v1.result.attempt1.txt
scout-8192-grpc-dpumesh-pilot6-v1,pilot,6,grpc-dpumesh,8192,22422,2,22279.000,304.00,107156.00,44843,0,0,0,0,0,0.993622,0.999978,0.000000,0.913959,0.887343,1.801302,2,NA,1,1,clean,/home/jukebox/DPUmesh/integrations/linkerd/bench/report/data/linkerd-20260810/open/raw/scout-8192-grpc-dpumesh-pilot6-v1.result.attempt1.txt
scout-8192-grpc-dpumesh-pilot7-v1,pilot,7,grpc-dpumesh,8192,30270,2,26175.000,125357.00,378195.00,58944,0,0,0,0,0,0.864718,0.973637,0.000000,0.982180,0.911446,1.893626,2,NA,2,0,achieved+scheduler,/home/jukebox/DPUmesh/integrations/linkerd/bench/report/data/linkerd-20260810/open/raw/scout-8192-grpc-dpumesh-pilot7-v1.result.attempt1.txt
scout-8192-grpc-dpumesh-validate7-v1,validate,7,grpc-dpumesh,8192,30270,10,25976.000,499120.00,5569738.27,298793,0,0,0,36214,0,0.858143,0.987093,0.000000,0.996337,0.986627,1.982964,2,1.009196,76,0,overflow+achieved,/home/jukebox/DPUmesh/integrations/linkerd/bench/report/data/linkerd-20260810/open/raw/scout-8192-grpc-dpumesh-validate7-v1.result.attempt1.txt
scout-8192-grpc-dpumesh-validate7-v2,validate,7,grpc-dpumesh,8192,30270,10,23088.000,4878746.55,4878746.55,296029,0,0,0,166861,0,0.762735,0.977962,0.000000,0.996391,0.996227,1.992618,2,1.045656,152,0,overflow+achieved+scheduler,/home/jukebox/DPUmesh/integrations/linkerd/bench/report/data/linkerd-20260810/open/raw/scout-8192-grpc-dpumesh-validate7-v2.result.attempt1.txt
scout-8192-grpc-dpumesh-backtrack6-v1,backtrack,6,grpc-dpumesh,8192,22422,10,22422.000,9998.00,2398244.66,224219,0,0,0,7320,0,1.000000,0.999996,0.000000,0.914689,0.941953,1.856642,2,2.150683,26,0,overflow,/home/jukebox/DPUmesh/integrations/linkerd/bench/report/data/linkerd-20260810/open/raw/scout-8192-grpc-dpumesh-backtrack6-v1.result.attempt1.txt
scout-8192-grpc-dpumesh-backtrack6-v2,backtrack,6,grpc-dpumesh,8192,22422,10,22703.000,4337.00,2150457.58,224220,0,0,0,4622,0,1.012532,1.000000,0.000000,0.921546,0.919007,1.840553,2,2.689076,14,0,overflow,/home/jukebox/DPUmesh/integrations/linkerd/bench/report/data/linkerd-20260810/open/raw/scout-8192-grpc-dpumesh-backtrack6-v2.result.attempt1.txt
scout-8192-grpc-dpumesh-backtrack5-v1,backtrack,5,grpc-dpumesh,8192,16609,10,16609.000,264.00,15636.00,166090,0,0,0,0,0,1.000000,1.000000,0.000000,0.720924,0.732893,1.453817,2,2.100050,0,1,clean,/home/jukebox/DPUmesh/integrations/linkerd/bench/report/data/linkerd-20260810/open/raw/scout-8192-grpc-dpumesh-backtrack5-v1.result.attempt1.txt
scout-8192-grpc-dpumesh-backtrack5-v2,backtrack,5,grpc-dpumesh,8192,16609,10,16609.000,265.00,92948.00,166090,0,0,0,0,0,1.000000,1.000000,0.000000,0.723867,0.736945,1.460812,2,2.098042,0,1,clean,/home/jukebox/DPUmesh/integrations/linkerd/bench/report/data/linkerd-20260810/open/raw/scout-8192-grpc-dpumesh-backtrack5-v2.result.attempt1.txt
scout-8192-grpc-dpumesh-refine1-v1,refine,1,grpc-dpumesh,8192,19298,10,19309.000,363.00,440674.00,192979,0,0,0,0,0,1.000570,0.999995,0.000000,0.802270,0.861075,1.663345,2,2.162286,11,1,clean,/home/jukebox/DPUmesh/integrations/linkerd/bench/report/data/linkerd-20260810/open/raw/scout-8192-grpc-dpumesh-refine1-v1.result.attempt1.txt
scout-8192-grpc-dpumesh-refine1-v2,refine,1,grpc-dpumesh,8192,19298,10,19298.000,293.00,340592.00,192979,0,0,0,0,0,1.000000,0.999995,0.000000,0.804837,0.840616,1.645453,2,2.271324,3,1,clean,/home/jukebox/DPUmesh/integrations/linkerd/bench/report/data/linkerd-20260810/open/raw/scout-8192-grpc-dpumesh-refine1-v2.result.attempt1.txt
scout-8192-grpc-dpumesh-refine2-v1,refine,2,grpc-dpumesh,8192,20801,10,20328.000,301.00,556348.00,208009,0,0,0,160,0,0.977261,0.999995,0.000000,0.854122,0.852571,1.706693,2,2.612367,9,0,overflow+achieved,/home/jukebox/DPUmesh/integrations/linkerd/bench/report/data/linkerd-20260810/open/raw/scout-8192-grpc-dpumesh-refine2-v1.result.attempt1.txt
scout-8192-grpc-dpumesh-refine2-v2,refine,2,grpc-dpumesh,8192,20801,10,20801.000,283.00,17914.00,208009,0,0,0,0,0,1.000000,0.999995,0.000000,0.828946,0.836169,1.665115,2,2.402203,0,1,clean,/home/jukebox/DPUmesh/integrations/linkerd/bench/report/data/linkerd-20260810/open/raw/scout-8192-grpc-dpumesh-refine2-v2.result.attempt1.txt
scout-8192-grpc-dpumesh-refine2-v3,refine,2,grpc-dpumesh,8192,20801,10,20770.000,289.00,19035.00,208010,0,0,0,0,0,0.998510,1.000000,0.000000,0.829316,0.841208,1.670524,2,2.430307,0,1,clean,/home/jukebox/DPUmesh/integrations/linkerd/bench/report/data/linkerd-20260810/open/raw/scout-8192-grpc-dpumesh-refine2-v3.result.attempt1.txt
scout-8192-grpc-dpumesh-refine3-v1,refine,3,grpc-dpumesh,8192,21596,10,21821.000,359.00,888892.00,215959,0,0,0,1245,0,1.010419,0.999995,0.000000,0.878664,0.874410,1.753074,2,2.431658,10,0,overflow,/home/jukebox/DPUmesh/integrations/linkerd/bench/report/data/linkerd-20260810/open/raw/scout-8192-grpc-dpumesh-refine3-v1.result.attempt1.txt
scout-8192-grpc-dpumesh-refine3-v2,refine,3,grpc-dpumesh,8192,21596,10,21596.000,311.00,349182.00,215960,0,0,0,0,0,1.000000,1.000000,0.000000,0.872000,0.897011,1.769011,2,2.392142,10,1,clean,/home/jukebox/DPUmesh/integrations/linkerd/bench/report/data/linkerd-20260810/open/raw/scout-8192-grpc-dpumesh-refine3-v2.result.attempt1.txt
scout-8192-grpc-dpumesh-refine3-v3,refine,3,grpc-dpumesh,8192,21596,10,21596.000,291.00,140034.00,215959,0,0,0,0,0,1.000000,0.999995,0.000000,0.869549,0.884208,1.753757,2,2.432522,5,1,clean,/home/jukebox/DPUmesh/integrations/linkerd/bench/report/data/linkerd-20260810/open/raw/scout-8192-grpc-dpumesh-refine3-v3.result.attempt1.txt
scout-8192-grpc-dpumesh-refine4-v1,refine,4,grpc-dpumesh,8192,22005,10,21814.000,310.00,324946.00,220049,0,0,0,0,0,0.991320,0.999995,0.000000,0.896457,0.907514,1.803971,2,2.438415,6,1,clean,/home/jukebox/DPUmesh/integrations/linkerd/bench/report/data/linkerd-20260810/open/raw/scout-8192-grpc-dpumesh-refine4-v1.result.attempt1.txt
scout-8192-grpc-dpumesh-refine4-v2,refine,4,grpc-dpumesh,8192,22005,10,22005.000,292.00,35635.00,220050,0,0,0,0,0,1.000000,1.000000,0.000000,0.882953,0.891425,1.774378,2,2.555717,0,1,clean,/home/jukebox/DPUmesh/integrations/linkerd/bench/report/data/linkerd-20260810/open/raw/scout-8192-grpc-dpumesh-refine4-v2.result.attempt1.txt
scout-8192-grpc-envoy-permissive-pilot1-v1,pilot,1,grpc-envoy-permissive,8192,5000,2,4998.000,193.00,227.00,10000,0,0,0,0,0,0.999600,1.000000,0.000000,0.398123,0.343973,0.742096,2,NA,0,1,clean,/home/jukebox/DPUmesh/integrations/linkerd/bench/report/data/linkerd-20260810/open/raw/scout-8192-grpc-envoy-permissive-pilot1-v1.result.attempt1.txt
scout-8192-grpc-envoy-permissive-pilot2-v1,pilot,2,grpc-envoy-permissive,8192,6750,2,6747.000,191.00,262.00,13500,0,0,0,0,0,0.999556,1.000000,0.000000,0.523515,0.461922,0.985437,2,NA,0,1,clean,/home/jukebox/DPUmesh/integrations/linkerd/bench/report/data/linkerd-20260810/open/raw/scout-8192-grpc-envoy-permissive-pilot2-v1.result.attempt1.txt
scout-8192-grpc-envoy-permissive-pilot3-v1,pilot,3,grpc-envoy-permissive,8192,9113,2,9110.000,234.00,279.00,18226,0,0,0,0,0,0.999671,1.000000,0.000000,0.719248,0.625397,1.344645,2,NA,0,1,clean,/home/jukebox/DPUmesh/integrations/linkerd/bench/report/data/linkerd-20260810/open/raw/scout-8192-grpc-envoy-permissive-pilot3-v1.result.attempt1.txt
scout-8192-grpc-envoy-permissive-pilot4-v1,pilot,4,grpc-envoy-permissive,8192,12303,2,12301.000,206.00,575.00,24606,0,0,0,0,0,0.999837,1.000000,0.000000,0.944136,0.839446,1.783582,2,NA,0,1,clean,/home/jukebox/DPUmesh/integrations/linkerd/bench/report/data/linkerd-20260810/open/raw/scout-8192-grpc-envoy-permissive-pilot4-v1.result.attempt1.txt
scout-8192-grpc-envoy-permissive-pilot5-v1,pilot,5,grpc-envoy-permissive,8192,16609,2,16606.000,1371.00,1780.00,33216,0,0,0,0,0,0.999819,0.999940,0.000000,0.981662,0.916362,1.898024,2,NA,0,1,clean,/home/jukebox/DPUmesh/integrations/linkerd/bench/report/data/linkerd-20260810/open/raw/scout-8192-grpc-envoy-permissive-pilot5-v1.result.attempt1.txt
scout-8192-grpc-envoy-permissive-pilot6-v1,pilot,6,grpc-envoy-permissive,8192,22422,2,22415.000,1824.00,2499.00,44834,0,0,0,0,0,0.999688,0.999777,0.000000,0.981900,0.923408,1.905308,2,NA,0,1,clean,/home/jukebox/DPUmesh/integrations/linkerd/bench/report/data/linkerd-20260810/open/raw/scout-8192-grpc-envoy-permissive-pilot6-v1.result.attempt1.txt
scout-8192-grpc-envoy-permissive-pilot7-v1,pilot,7,grpc-envoy-permissive,8192,30270,2,30270.000,3151.00,4486.00,60530,0,0,0,0,0,1.000000,0.999835,0.000000,0.982876,0.925130,1.908006,2,NA,0,1,clean,/home/jukebox/DPUmesh/integrations/linkerd/bench/report/data/linkerd-20260810/open/raw/scout-8192-grpc-envoy-permissive-pilot7-v1.result.attempt1.txt
scout-8192-grpc-envoy-permissive-pilot8-v1,pilot,8,grpc-envoy-permissive,8192,40865,2,30672.000,288316.00,539611.00,74405,0,0,0,0,0,0.750569,0.910376,0.000000,0.980799,0.842070,1.822869,2,NA,0,0,achieved+scheduler,/home/jukebox/DPUmesh/integrations/linkerd/bench/report/data/linkerd-20260810/open/raw/scout-8192-grpc-envoy-permissive-pilot8-v1.result.attempt1.txt
scout-8192-grpc-envoy-permissive-validate8-v1,validate,8,grpc-envoy-permissive,8192,40865,10,31578.000,2439146.62,2439146.62,356887,0,0,0,175115,0,0.772740,0.873332,0.000000,0.996125,0.877958,1.874083,2,NA,0,0,overflow+achieved+scheduler,/home/jukebox/DPUmesh/integrations/linkerd/bench/report/data/linkerd-20260810/open/raw/scout-8192-grpc-envoy-permissive-validate8-v1.result.attempt1.txt
scout-8192-grpc-envoy-permissive-validate8-v2,validate,8,grpc-envoy-permissive,8192,40865,10,31522.000,2460166.38,2460166.38,354571,0,0,0,175473,0,0.771369,0.867664,0.000000,0.996552,0.878338,1.874890,2,NA,0,0,overflow+achieved+scheduler,/home/jukebox/DPUmesh/integrations/linkerd/bench/report/data/linkerd-20260810/open/raw/scout-8192-grpc-envoy-permissive-validate8-v2.result.attempt1.txt
scout-8192-grpc-envoy-permissive-backtrack7-v1,backtrack,7,grpc-envoy-permissive,8192,30270,10,30276.000,3179.00,4909.00,302674,0,0,0,0,0,1.000198,0.999914,0.000000,0.996247,0.927737,1.923984,2,NA,0,1,clean,/home/jukebox/DPUmesh/integrations/linkerd/bench/report/data/linkerd-20260810/open/raw/scout-8192-grpc-envoy-permissive-backtrack7-v1.result.attempt1.txt
scout-8192-grpc-envoy-permissive-backtrack7-v2,backtrack,7,grpc-envoy-permissive,8192,30270,10,30270.000,3080.00,4492.00,302682,0,0,0,0,0,1.000000,0.999941,0.000000,0.996178,0.941301,1.937479,2,NA,0,1,clean,/home/jukebox/DPUmesh/integrations/linkerd/bench/report/data/linkerd-20260810/open/raw/scout-8192-grpc-envoy-permissive-backtrack7-v2.result.attempt1.txt
scout-8192-grpc-envoy-permissive-refine1-v1,refine,1,grpc-envoy-permissive,8192,35171,10,35166.000,13513.00,39127.00,351679,0,0,0,0,0,0.999858,0.999912,0.000000,0.996295,0.918716,1.915011,2,NA,0,1,clean,/home/jukebox/DPUmesh/integrations/linkerd/bench/report/data/linkerd-20260810/open/raw/scout-8192-grpc-envoy-permissive-refine1-v1.result.attempt1.txt
scout-8192-grpc-envoy-permissive-refine1-v2,refine,1,grpc-envoy-permissive,8192,35171,10,35170.000,9699.00,16370.00,351638,0,0,0,0,0,0.999972,0.999795,0.000000,0.996246,0.917693,1.913939,2,NA,0,1,clean,/home/jukebox/DPUmesh/integrations/linkerd/bench/report/data/linkerd-20260810/open/raw/scout-8192-grpc-envoy-permissive-refine1-v2.result.attempt1.txt
scout-8192-grpc-envoy-permissive-refine2-v1,refine,2,grpc-envoy-permissive,8192,37911,10,31589.000,871844.00,1842609.42,359224,0,0,0,128013,0,0.833241,0.947546,0.000000,0.995636,0.870778,1.866414,2,NA,0,0,overflow+achieved+scheduler,/home/jukebox/DPUmesh/integrations/linkerd/bench/report/data/linkerd-20260810/open/raw/scout-8192-grpc-envoy-permissive-refine2-v1.result.attempt1.txt
scout-8192-grpc-envoy-permissive-refine2-v2,refine,2,grpc-envoy-permissive,8192,37911,10,31589.000,854314.00,1759332.26,347198,0,0,0,117174,0,0.833241,0.915824,0.000000,0.996235,0.869772,1.866007,2,NA,0,0,overflow+achieved+scheduler,/home/jukebox/DPUmesh/integrations/linkerd/bench/report/data/linkerd-20260810/open/raw/scout-8192-grpc-envoy-permissive-refine2-v2.result.attempt1.txt
scout-8192-grpc-envoy-permissive-refine3-v1,refine,3,grpc-envoy-permissive,8192,36515,10,31516.000,729844.00,1510488.41,343700,0,0,0,83057,0,0.863097,0.941257,0.000000,0.996490,0.877842,1.874332,2,NA,0,0,overflow+achieved+scheduler,/home/jukebox/DPUmesh/integrations/linkerd/bench/report/data/linkerd-20260810/open/raw/scout-8192-grpc-envoy-permissive-refine3-v1.result.attempt1.txt
scout-8192-grpc-envoy-permissive-refine3-v2,refine,3,grpc-envoy-permissive,8192,36515,10,31613.000,695464.00,1485099.10,336614,0,0,0,72068,0,0.865754,0.921851,0.000000,0.996307,0.876291,1.872598,2,NA,0,0,overflow+achieved+scheduler,/home/jukebox/DPUmesh/integrations/linkerd/bench/report/data/linkerd-20260810/open/raw/scout-8192-grpc-envoy-permissive-refine3-v2.result.attempt1.txt
scout-8192-grpc-envoy-permissive-refine4-v1,refine,4,grpc-envoy-permissive,8192,35837,10,31809.000,582751.00,1270003.35,330970,0,0,0,28345,0,0.887602,0.923543,0.000000,0.996136,0.881950,1.878086,2,NA,0,0,overflow+achieved+scheduler,/home/jukebox/DPUmesh/integrations/linkerd/bench/report/data/linkerd-20260810/open/raw/scout-8192-grpc-envoy-permissive-refine4-v1.result.attempt1.txt
scout-8192-grpc-envoy-permissive-refine4-v2,refine,4,grpc-envoy-permissive,8192,35837,10,31616.000,632218.00,1321048.15,340087,0,0,0,41907,0,0.882217,0.948983,0.000000,0.996491,0.876021,1.872512,2,NA,0,0,overflow+achieved+scheduler,/home/jukebox/DPUmesh/integrations/linkerd/bench/report/data/linkerd-20260810/open/raw/scout-8192-grpc-envoy-permissive-refine4-v2.result.attempt1.txt
scout-8192-grpc-envoy-strict-pilot1-v1,pilot,1,grpc-envoy-strict,8192,5000,2,4997.000,212.00,241.00,10000,0,0,0,0,0,0.999400,1.000000,0.000000,0.436462,0.389906,0.826368,2,NA,0,1,clean,/home/jukebox/DPUmesh/integrations/linkerd/bench/report/data/linkerd-20260810/open/raw/scout-8192-grpc-envoy-strict-pilot1-v1.result.attempt1.txt
scout-8192-grpc-envoy-strict-pilot2-v1,pilot,2,grpc-envoy-strict,8192,6750,2,6748.000,238.00,293.00,13500,0,0,0,0,0,0.999704,1.000000,0.000000,0.598702,0.509740,1.108442,2,NA,0,1,clean,/home/jukebox/DPUmesh/integrations/linkerd/bench/report/data/linkerd-20260810/open/raw/scout-8192-grpc-envoy-strict-pilot2-v1.result.attempt1.txt
scout-8192-grpc-envoy-strict-pilot3-v1,pilot,3,grpc-envoy-strict,8192,9113,2,9110.000,247.00,288.00,18226,0,0,0,0,0,0.999671,1.000000,0.000000,0.793788,0.687362,1.481150,2,NA,0,1,clean,/home/jukebox/DPUmesh/integrations/linkerd/bench/report/data/linkerd-20260810/open/raw/scout-8192-grpc-envoy-strict-pilot3-v1.result.attempt1.txt
scout-8192-grpc-envoy-strict-pilot4-v1,pilot,4,grpc-envoy-strict,8192,12303,2,12302.000,850.00,1225.00,24602,0,0,0,0,0,0.999919,0.999837,0.000000,0.981779,0.915659,1.897438,2,NA,0,1,clean,/home/jukebox/DPUmesh/integrations/linkerd/bench/report/data/linkerd-20260810/open/raw/scout-8192-grpc-envoy-strict-pilot4-v1.result.attempt1.txt
scout-8192-grpc-envoy-strict-pilot5-v1,pilot,5,grpc-envoy-strict,8192,16609,2,16603.000,1862.00,2408.00,33211,0,0,0,0,0,0.999639,0.999789,0.000000,0.981764,0.952995,1.934759,2,NA,0,1,clean,/home/jukebox/DPUmesh/integrations/linkerd/bench/report/data/linkerd-20260810/open/raw/scout-8192-grpc-envoy-strict-pilot5-v1.result.attempt1.txt
scout-8192-grpc-envoy-strict-pilot6-v1,pilot,6,grpc-envoy-strict,8192,22422,2,22432.000,3225.00,4174.00,44841,0,0,0,0,0,1.000446,0.999933,0.000000,0.982388,0.953764,1.936152,2,NA,0,1,clean,/home/jukebox/DPUmesh/integrations/linkerd/bench/report/data/linkerd-20260810/open/raw/scout-8192-grpc-envoy-strict-pilot6-v1.result.attempt1.txt
scout-8192-grpc-envoy-strict-pilot7-v1,pilot,7,grpc-envoy-strict,8192,30270,2,25038.000,160523.00,397504.00,56541,0,0,0,0,0,0.827156,0.933944,0.000000,0.981731,0.901482,1.883213,2,NA,0,0,achieved+scheduler,/home/jukebox/DPUmesh/integrations/linkerd/bench/report/data/linkerd-20260810/open/raw/scout-8192-grpc-envoy-strict-pilot7-v1.result.attempt1.txt
scout-8192-grpc-envoy-strict-validate7-v1,validate,7,grpc-envoy-strict,8192,30270,10,26133.000,725845.00,1551714.01,278627,0,0,0,64158,0,0.863330,0.920472,0.000000,0.995887,0.907686,1.903573,2,NA,0,0,overflow+achieved+scheduler,/home/jukebox/DPUmesh/integrations/linkerd/bench/report/data/linkerd-20260810/open/raw/scout-8192-grpc-envoy-strict-validate7-v1.result.attempt1.txt
scout-8192-grpc-envoy-strict-validate7-v2,validate,7,grpc-envoy-strict,8192,30270,10,26023.000,748616.00,1548839.95,285762,0,0,0,68956,0,0.859696,0.944044,0.000000,0.996234,0.910136,1.906370,2,NA,0,0,overflow+achieved+scheduler,/home/jukebox/DPUmesh/integrations/linkerd/bench/report/data/linkerd-20260810/open/raw/scout-8192-grpc-envoy-strict-validate7-v2.result.attempt1.txt
scout-8192-grpc-envoy-strict-backtrack6-v1,backtrack,6,grpc-envoy-strict,8192,22422,10,22422.000,3186.00,4091.00,224208,0,0,0,0,0,1.000000,0.999946,0.000000,0.996285,0.981657,1.977942,2,NA,0,1,clean,/home/jukebox/DPUmesh/integrations/linkerd/bench/report/data/linkerd-20260810/open/raw/scout-8192-grpc-envoy-strict-backtrack6-v1.result.attempt1.txt
scout-8192-grpc-envoy-strict-backtrack6-v2,backtrack,6,grpc-envoy-strict,8192,22422,10,22422.000,3179.00,4109.00,224211,0,0,0,0,0,1.000000,0.999960,0.000000,0.996183,0.963176,1.959359,2,NA,0,1,clean,/home/jukebox/DPUmesh/integrations/linkerd/bench/report/data/linkerd-20260810/open/raw/scout-8192-grpc-envoy-strict-backtrack6-v2.result.attempt1.txt
scout-8192-grpc-envoy-strict-refine1-v1,refine,1,grpc-envoy-strict,8192,26052,10,26054.000,5659.00,7537.00,260508,0,0,0,0,0,1.000077,0.999954,0.000000,0.996163,0.964664,1.960827,2,NA,0,1,clean,/home/jukebox/DPUmesh/integrations/linkerd/bench/report/data/linkerd-20260810/open/raw/scout-8192-grpc-envoy-strict-refine1-v1.result.attempt1.txt
scout-8192-grpc-envoy-strict-refine1-v2,refine,1,grpc-envoy-strict,8192,26052,10,26062.000,5625.00,7422.00,260508,0,0,0,0,0,1.000384,0.999954,0.000000,0.996204,0.963955,1.960159,2,NA,0,1,clean,/home/jukebox/DPUmesh/integrations/linkerd/bench/report/data/linkerd-20260810/open/raw/scout-8192-grpc-envoy-strict-refine1-v2.result.attempt1.txt
scout-8192-grpc-envoy-strict-refine2-v1,refine,2,grpc-envoy-strict,8192,28082,10,28078.000,12145.00,25112.00,280815,0,0,0,0,0,0.999858,0.999982,0.000000,0.996212,0.944899,1.941111,2,NA,0,1,clean,/home/jukebox/DPUmesh/integrations/linkerd/bench/report/data/linkerd-20260810/open/raw/scout-8192-grpc-envoy-strict-refine2-v1.result.attempt1.txt
scout-8192-grpc-envoy-strict-refine2-v2,refine,2,grpc-envoy-strict,8192,28082,10,28080.000,11480.00,15115.00,280758,0,0,0,0,0,0.999929,0.999779,0.000000,0.996219,0.944028,1.940247,2,NA,0,1,clean,/home/jukebox/DPUmesh/integrations/linkerd/bench/report/data/linkerd-20260810/open/raw/scout-8192-grpc-envoy-strict-refine2-v2.result.attempt1.txt
scout-8192-grpc-envoy-strict-refine3-v1,refine,3,grpc-envoy-strict,8192,29155,10,26050.000,502244.00,1182959.67,274754,0,0,0,4646,0,0.893500,0.942391,0.000000,0.996002,0.902051,1.898053,2,NA,0,0,overflow+achieved+scheduler,/home/jukebox/DPUmesh/integrations/linkerd/bench/report/data/linkerd-20260810/open/raw/scout-8192-grpc-envoy-strict-refine3-v1.result.attempt1.txt
scout-8192-grpc-envoy-strict-refine3-v2,refine,3,grpc-envoy-strict,8192,29155,10,26091.000,536964.00,1219675.14,281319,0,0,0,8526,0,0.894907,0.964908,0.000000,0.996145,0.910454,1.906599,2,NA,0,0,overflow+achieved+scheduler,/home/jukebox/DPUmesh/integrations/linkerd/bench/report/data/linkerd-20260810/open/raw/scout-8192-grpc-envoy-strict-refine3-v2.result.attempt1.txt
scout-8192-grpc-envoy-strict-refine4-v1,refine,4,grpc-envoy-strict,8192,28613,10,26180.000,423352.00,916551.00,275502,0,0,0,0,0,0.914969,0.962856,0.000000,0.996144,0.910691,1.906835,2,NA,0,0,achieved+scheduler,/home/jukebox/DPUmesh/integrations/linkerd/bench/report/data/linkerd-20260810/open/raw/scout-8192-grpc-envoy-strict-refine4-v1.result.attempt1.txt
scout-8192-grpc-envoy-strict-refine4-v2,refine,4,grpc-envoy-strict,8192,28613,10,28617.000,15432.00,38308.00,286127,0,0,0,0,0,1.000140,0.999990,0.000000,0.996285,0.948874,1.945159,2,NA,0,1,clean,/home/jukebox/DPUmesh/integrations/linkerd/bench/report/data/linkerd-20260810/open/raw/scout-8192-grpc-envoy-strict-refine4-v2.result.attempt1.txt
scout-8192-grpc-envoy-strict-refine4-v3,refine,4,grpc-envoy-strict,8192,28613,10,28598.000,15245.00,24089.00,286056,0,0,0,0,0,0.999476,0.999741,0.000000,0.996183,0.952024,1.948207,2,NA,0,1,clean,/home/jukebox/DPUmesh/integrations/linkerd/bench/report/data/linkerd-20260810/open/raw/scout-8192-grpc-envoy-strict-refine4-v3.result.attempt1.txt
