Linux 5.15.0-186-generic (rapids4) 	07/28/2026 	_x86_64_	(36 CPU)

01:35:24 PM  CPU    %usr   %nice    %sys %iowait    %irq   %soft  %steal  %guest  %gnice   %idle
01:35:25 PM  all    1.40    0.00    0.45    0.06    0.00    0.03    0.00    0.00    0.00   98.07
01:35:25 PM    0    2.02    0.00    1.01    0.00    0.00    0.00    0.00    0.00    0.00   96.97
01:35:25 PM    1    1.01    0.00    0.00    0.00    0.00    0.00    0.00    0.00    0.00   98.99
01:35:25 PM    2    1.01    0.00    0.00    0.00    0.00    0.00    0.00    0.00    0.00   98.99
01:35:25 PM    3    0.00    0.00    0.00    0.00    0.00    0.00    0.00    0.00    0.00  100.00
01:35:25 PM    4    1.00    0.00    1.00    0.00    0.00    0.00    0.00    0.00    0.00   98.00
01:35:25 PM    5    4.95    0.00    0.00    0.00    0.00    0.00    0.00    0.00    0.00   95.05
01:35:25 PM    6    2.00    0.00    0.00    0.00    0.00    0.00    0.00    0.00    0.00   98.00
01:35:25 PM    7    1.01    0.00    0.00    0.00    0.00    0.00    0.00    0.00    0.00   98.99
01:35:25 PM    8    2.97    0.00    1.98    0.00    0.00    0.00    0.00    0.00    0.00   95.05
01:35:25 PM    9    1.02    0.00    0.00    0.00    0.00    0.00    0.00    0.00    0.00   98.98
01:35:25 PM   10    2.02    0.00    0.00    0.00    0.00    0.00    0.00    0.00    0.00   97.98
01:35:25 PM   11    0.00    0.00    0.00    0.00    0.00    0.00    0.00    0.00    0.00  100.00
01:35:25 PM   12    0.00    0.00    0.00    0.00    0.00    0.00    0.00    0.00    0.00  100.00
01:35:25 PM   13    2.00    0.00    0.00    0.00    0.00    0.00    0.00    0.00    0.00   98.00
01:35:25 PM   14    1.01    0.00    0.00    0.00    0.00    0.00    0.00    0.00    0.00   98.99
01:35:25 PM   15    2.00    0.00    0.00    0.00    0.00    0.00    0.00    0.00    0.00   98.00
01:35:25 PM   16    0.00    0.00    0.00    0.00    0.00    0.00    0.00    0.00    0.00  100.00
01:35:25 PM   17    1.01    0.00    0.00    0.00    0.00    0.00    0.00    0.00    0.00   98.99
01:35:25 PM   18    2.00    0.00    0.00    0.00    0.00    0.00    0.00    0.00    0.00   98.00
01:35:25 PM   19    2.97    0.00    0.99    0.00    0.00    0.00    0.00    0.00    0.00   96.04
01:35:25 PM   20    2.02    0.00    0.00    0.00    0.00    0.00    0.00    0.00    0.00   97.98
01:35:25 PM   21    1.01    0.00    1.01    0.00    0.00    0.00    0.00    0.00    0.00   97.98
01:35:25 PM   22    2.04    0.00    1.02    0.00    0.00    0.00    0.00    0.00    0.00   96.94
01:35:25 PM   23    0.00    0.00    1.00    1.00    0.00    0.00    0.00    0.00    0.00   98.00
01:35:25 PM   24    0.00    0.00    0.00    0.00    0.00    0.00    0.00    0.00    0.00  100.00
01:35:25 PM   25    1.00    0.00    0.00    0.00    0.00    0.00    0.00    0.00    0.00   99.00
01:35:25 PM   26    2.00    0.00    0.00    0.00    0.00    0.00    0.00    0.00    0.00   98.00
01:35:25 PM   27    0.00    0.00    1.02    0.00    0.00    0.00    0.00    0.00    0.00   98.98
01:35:25 PM   28    2.00    0.00    0.00    0.00    0.00    0.00    0.00    0.00    0.00   98.00
01:35:25 PM   29    1.00    0.00    1.00    0.00    0.00    0.00    0.00    0.00    0.00   98.00
01:35:25 PM   30    1.98    0.00    0.99    0.00    0.00    0.00    0.00    0.00    0.00   97.03
01:35:25 PM   31    2.00    0.00    1.00    0.00    0.00    0.00    0.00    0.00    0.00   97.00
01:35:25 PM   32    0.99    0.00    1.98    0.00    0.00    0.99    0.00    0.00    0.00   96.04
01:35:25 PM   33    2.00    0.00    1.00    0.00    0.00    0.00    0.00    0.00    0.00   97.00
01:35:25 PM   34    1.01    0.00    0.00    1.01    0.00    0.00    0.00    0.00    0.00   97.98
01:35:25 PM   35    1.00    0.00    1.00    0.00    0.00    0.00    0.00    0.00    0.00   98.00

01:35:25 PM  CPU    %usr   %nice    %sys %iowait    %irq   %soft  %steal  %guest  %gnice   %idle
01:35:26 PM  all    1.34    0.00    1.31    0.03    0.00    0.06    0.00    0.00    0.00   97.27
01:35:26 PM    0    1.00    0.00    1.00    0.00    0.00    1.00    0.00    0.00    0.00   97.00
01:35:26 PM    1    0.99    0.00    1.98    0.00    0.00    0.99    0.00    0.00    0.00   96.04
01:35:26 PM    2    4.90    0.00    1.96    0.00    0.00    0.00    0.00    0.00    0.00   93.14
01:35:26 PM    3    4.00    0.00    5.00    0.00    0.00    0.00    0.00    0.00    0.00   91.00
01:35:26 PM    4    2.00    0.00    0.00    0.00    0.00    0.00    0.00    0.00    0.00   98.00
01:35:26 PM    5    0.00    0.00    1.00    0.00    0.00    0.00    0.00    0.00    0.00   99.00
01:35:26 PM    6    1.01    0.00    0.00    0.00    0.00    0.00    0.00    0.00    0.00   98.99
01:35:26 PM    7    1.98    0.00    0.00    0.00    0.00    0.00    0.00    0.00    0.00   98.02
01:35:26 PM    8    1.01    0.00    0.00    0.00    0.00    0.00    0.00    0.00    0.00   98.99
01:35:26 PM    9    0.00    0.00    1.00    0.00    0.00    0.00    0.00    0.00    0.00   99.00
01:35:26 PM   10    0.00    0.00    1.00    0.00    0.00    0.00    0.00    0.00    0.00   99.00
01:35:26 PM   11    1.01    0.00    0.00    0.00    0.00    0.00    0.00    0.00    0.00   98.99
01:35:26 PM   12    0.99    0.00    0.99    0.00    0.00    0.00    0.00    0.00    0.00   98.02
01:35:26 PM   13    3.00    0.00    1.00    0.00    0.00    0.00    0.00    0.00    0.00   96.00
01:35:26 PM   14    1.01    0.00    0.00    0.00    0.00    0.00    0.00    0.00    0.00   98.99
01:35:26 PM   15    0.00    0.00    1.02    0.00    0.00    0.00    0.00    0.00    0.00   98.98
01:35:26 PM   16    0.00    0.00    1.01    0.00    0.00    0.00    0.00    0.00    0.00   98.99
01:35:26 PM   17    2.97    0.00    3.96    0.00    0.00    0.00    0.00    0.00    0.00   93.07
01:35:26 PM   18    4.08    0.00    8.16    0.00    0.00    0.00    0.00    0.00    0.00   87.76
01:35:26 PM   19    5.00    0.00   11.00    0.00    0.00    0.00    0.00    0.00    0.00   84.00
01:35:26 PM   20    1.00    0.00    0.00    0.00    0.00    0.00    0.00    0.00    0.00   99.00
01:35:26 PM   21    1.96    0.00    0.98    0.00    0.00    0.00    0.00    0.00    0.00   97.06
01:35:26 PM   22    1.00    0.00    0.00    0.00    0.00    0.00    0.00    0.00    0.00   99.00
01:35:26 PM   23    0.00    0.00    0.00    0.00    0.00    0.00    0.00    0.00    0.00  100.00
01:35:26 PM   24    1.96    0.00    0.98    0.00    0.00    0.00    0.00    0.00    0.00   97.06
01:35:26 PM   25    0.00    0.00    1.00    0.00    0.00    0.00    0.00    0.00    0.00   99.00
01:35:26 PM   26    0.00    0.00    0.00    0.00    0.00    0.00    0.00    0.00    0.00  100.00
01:35:26 PM   27    1.00    0.00    0.00    0.00    0.00    0.00    0.00    0.00    0.00   99.00
01:35:26 PM   28    1.98    0.00    0.99    0.00    0.00    0.00    0.00    0.00    0.00   97.03
01:35:26 PM   29    0.00    0.00    1.00    0.00    0.00    0.00    0.00    0.00    0.00   99.00
01:35:26 PM   30    0.99    0.00    1.98    0.99    0.00    0.00    0.00    0.00    0.00   96.04
01:35:26 PM   31    1.01    0.00    0.00    0.00    0.00    0.00    0.00    0.00    0.00   98.99
01:35:26 PM   32    1.01    0.00    0.00    0.00    0.00    0.00    0.00    0.00    0.00   98.99
01:35:26 PM   33    0.00    0.00    0.00    0.00    0.00    0.00    0.00    0.00    0.00  100.00
01:35:26 PM   34    1.01    0.00    0.00    0.00    0.00    0.00    0.00    0.00    0.00   98.99
01:35:26 PM   35    0.00    0.00    0.00    0.00    0.00    0.00    0.00    0.00    0.00  100.00

01:35:26 PM  CPU    %usr   %nice    %sys %iowait    %irq   %soft  %steal  %guest  %gnice   %idle
01:35:27 PM  all    1.91    0.00    3.31    0.11    0.00    0.06    0.00    0.00    0.00   94.62
01:35:27 PM    0    1.01    0.00    0.00    0.00    0.00    2.02    0.00    0.00    0.00   96.97
01:35:27 PM    1    0.00    0.00    0.00    0.00    0.00    0.00    0.00    0.00    0.00  100.00
01:35:27 PM    2    0.00    0.00    0.00    0.00    0.00    0.00    0.00    0.00    0.00  100.00
01:35:27 PM    3    2.00    0.00    7.00    0.00    0.00    0.00    0.00    0.00    0.00   91.00
01:35:27 PM    4    0.00    0.00    0.00    0.00    0.00    0.00    0.00    0.00    0.00  100.00
01:35:27 PM    5    0.00    0.00    0.00    0.00    0.00    0.00    0.00    0.00    0.00  100.00
01:35:27 PM    6    0.00    0.00    0.00    0.00    0.00    0.00    0.00    0.00    0.00  100.00
01:35:27 PM    7    1.00    0.00    1.00    0.00    0.00    0.00    0.00    0.00    0.00   98.00
01:35:27 PM    8    1.01    0.00    0.00    0.00    0.00    0.00    0.00    0.00    0.00   98.99
01:35:27 PM    9    1.01    0.00    0.00    0.00    0.00    0.00    0.00    0.00    0.00   98.99
01:35:27 PM   10    1.00    0.00    1.00    0.00    0.00    0.00    0.00    0.00    0.00   98.00
01:35:27 PM   11    0.00    0.00    0.00    1.02    0.00    0.00    0.00    0.00    0.00   98.98
01:35:27 PM   12    1.00    0.00    0.00    0.00    0.00    0.00    0.00    0.00    0.00   99.00
01:35:27 PM   13    1.98    0.00    0.00    0.00    0.00    0.00    0.00    0.00    0.00   98.02
01:35:27 PM   14    0.00    0.00    0.00    0.00    0.00    0.00    0.00    0.00    0.00  100.00
01:35:27 PM   15    1.00    0.00    0.00    0.00    0.00    0.00    0.00    0.00    0.00   99.00
01:35:27 PM   16    0.00    0.00    0.00    0.00    0.00    0.00    0.00    0.00    0.00  100.00
01:35:27 PM   17    0.00    0.00    0.00    0.00    0.00    0.00    0.00    0.00    0.00  100.00
01:35:27 PM   18   25.00    0.00   41.30    0.00    0.00    0.00    0.00    0.00    0.00   33.70
01:35:27 PM   19   20.41    0.00   64.29    0.00    0.00    0.00    0.00    0.00    0.00   15.31
01:35:27 PM   20    0.00    0.00    0.00    1.01    0.00    0.00    0.00    0.00    0.00   98.99
01:35:27 PM   21    1.01    0.00    0.00    0.00    0.00    0.00    0.00    0.00    0.00   98.99
01:35:27 PM   22    1.00    0.00    2.00    0.00    0.00    0.00    0.00    0.00    0.00   97.00
01:35:27 PM   23    1.01    0.00    0.00    0.00    0.00    0.00    0.00    0.00    0.00   98.99
01:35:27 PM   24    1.00    0.00    0.00    0.00    0.00    0.00    0.00    0.00    0.00   99.00
01:35:27 PM   25    1.01    0.00    0.00    0.00    0.00    0.00    0.00    0.00    0.00   98.99
01:35:27 PM   26    0.99    0.00    0.99    0.00    0.00    0.00    0.00    0.00    0.00   98.02
01:35:27 PM   27    0.99    0.00    0.99    0.00    0.00    0.00    0.00    0.00    0.00   98.02
01:35:27 PM   28    2.00    0.00    1.00    1.00    0.00    0.00    0.00    0.00    0.00   96.00
01:35:27 PM   29    2.02    0.00    0.00    0.00    0.00    0.00    0.00    0.00    0.00   97.98
01:35:27 PM   30    1.01    0.00    0.00    0.00    0.00    0.00    0.00    0.00    0.00   98.99
01:35:27 PM   31    1.01    0.00    1.01    0.00    0.00    0.00    0.00    0.00    0.00   97.98
01:35:27 PM   32    0.00    0.00    1.01    0.00    0.00    0.00    0.00    0.00    0.00   98.99
01:35:27 PM   33    0.00    0.00    0.00    1.01    0.00    0.00    0.00    0.00    0.00   98.99
01:35:27 PM   34    0.00    0.00    1.01    0.00    0.00    0.00    0.00    0.00    0.00   98.99
01:35:27 PM   35    1.01    0.00    0.00    0.00    0.00    0.00    0.00    0.00    0.00   98.99

01:35:27 PM  CPU    %usr   %nice    %sys %iowait    %irq   %soft  %steal  %guest  %gnice   %idle
01:35:28 PM  all    1.65    0.00    3.55    0.00    0.00    0.14    0.00    0.00    0.00   94.66
01:35:28 PM    0    0.99    0.00    0.00    0.00    0.00    3.96    0.00    0.00    0.00   95.05
01:35:28 PM    1    1.02    0.00    0.00    0.00    0.00    0.00    0.00    0.00    0.00   98.98
01:35:28 PM    2    0.00    0.00    0.00    0.00    0.00    0.00    0.00    0.00    0.00  100.00
01:35:28 PM    3    0.00    0.00    1.00    0.00    0.00    0.00    0.00    0.00    0.00   99.00
01:35:28 PM    4    0.00    0.00    0.00    0.00    0.00    0.00    0.00    0.00    0.00  100.00
01:35:28 PM    5    0.00    0.00    0.00    0.00    0.00    0.00    0.00    0.00    0.00  100.00
01:35:28 PM    6    0.00    0.00    1.00    0.00    0.00    0.00    0.00    0.00    0.00   99.00
01:35:28 PM    7    0.00    0.00    1.98    0.00    0.00    0.00    0.00    0.00    0.00   98.02
01:35:28 PM    8    3.96    0.00    0.00    0.00    0.00    0.00    0.00    0.00    0.00   96.04
01:35:28 PM    9    0.00    0.00    0.00    0.00    0.00    0.00    0.00    0.00    0.00  100.00
01:35:28 PM   10    1.00    0.00    0.00    0.00    0.00    0.00    0.00    0.00    0.00   99.00
01:35:28 PM   11    0.00    0.00    1.98    0.00    0.00    0.00    0.00    0.00    0.00   98.02
01:35:28 PM   12    0.00    0.00    0.00    0.00    0.00    0.00    0.00    0.00    0.00  100.00
01:35:28 PM   13    1.00    0.00    1.00    0.00    0.00    0.00    0.00    0.00    0.00   98.00
01:35:28 PM   14    1.00    0.00    0.00    0.00    0.00    0.00    0.00    0.00    0.00   99.00
01:35:28 PM   15    1.00    0.00    0.00    0.00    0.00    0.00    0.00    0.00    0.00   99.00
01:35:28 PM   16    0.00    0.00    1.00    0.00    0.00    0.00    0.00    0.00    0.00   99.00
01:35:28 PM   17    0.00    0.00    0.00    0.00    0.00    0.00    0.00    0.00    0.00  100.00
01:35:28 PM   18   18.75    0.00   47.92    0.00    0.00    0.00    0.00    0.00    0.00   33.33
01:35:28 PM   19   19.80    0.00   65.35    0.00    0.00    0.00    0.00    0.00    0.00   14.85
01:35:28 PM   20    0.00    0.00    0.00    0.00    0.00    0.00    0.00    0.00    0.00  100.00
01:35:28 PM   21    1.01    0.00    0.00    0.00    0.00    0.00    0.00    0.00    0.00   98.99
01:35:28 PM   22    1.00    0.00    1.00    0.00    0.00    0.00    0.00    0.00    0.00   98.00
01:35:28 PM   23    0.99    0.00    1.98    0.00    0.00    0.00    0.00    0.00    0.00   97.03
01:35:28 PM   24    0.00    0.00    0.00    0.00    0.00    0.00    0.00    0.00    0.00  100.00
01:35:28 PM   25    0.00    0.00    0.00    0.00    0.00    0.00    0.00    0.00    0.00  100.00
01:35:28 PM   26    0.00    0.00    0.00    0.00    0.00    0.00    0.00    0.00    0.00  100.00
01:35:28 PM   27    0.00    0.00    0.00    0.00    0.00    1.01    0.00    0.00    0.00   98.99
01:35:28 PM   28    0.00    0.00    0.00    0.00    0.00    0.00    0.00    0.00    0.00  100.00
01:35:28 PM   29    1.98    0.00    0.00    0.00    0.00    0.00    0.00    0.00    0.00   98.02
01:35:28 PM   30    3.00    0.00    0.00    0.00    0.00    0.00    0.00    0.00    0.00   97.00
01:35:28 PM   31    1.02    0.00    0.00    0.00    0.00    0.00    0.00    0.00    0.00   98.98
01:35:28 PM   32    0.00    0.00    1.01    0.00    0.00    0.00    0.00    0.00    0.00   98.99
01:35:28 PM   33    0.00    0.00    2.02    0.00    0.00    0.00    0.00    0.00    0.00   97.98
01:35:28 PM   34    1.00    0.00    1.00    0.00    0.00    0.00    0.00    0.00    0.00   98.00
01:35:28 PM   35    1.01    0.00    0.00    0.00    0.00    0.00    0.00    0.00    0.00   98.99

01:35:28 PM  CPU    %usr   %nice    %sys %iowait    %irq   %soft  %steal  %guest  %gnice   %idle
01:35:29 PM  all    1.63    0.00    3.42    0.08    0.00    0.11    0.00    0.00    0.00   94.76
01:35:29 PM    0    0.00    0.00    0.00    0.00    0.00    3.03    0.00    0.00    0.00   96.97
01:35:29 PM    1    1.01    0.00    0.00    1.01    0.00    0.00    0.00    0.00    0.00   97.98
01:35:29 PM    2    1.01    0.00    0.00    0.00    0.00    0.00    0.00    0.00    0.00   98.99
01:35:29 PM    3    1.00    0.00    0.00    0.00    0.00    0.00    0.00    0.00    0.00   99.00
01:35:29 PM    4    1.00    0.00    0.00    0.00    0.00    0.00    0.00    0.00    0.00   99.00
01:35:29 PM    5    0.00    0.00    0.00    0.00    0.00    0.00    0.00    0.00    0.00  100.00
01:35:29 PM    6    0.00    0.00    0.00    0.00    0.00    0.00    0.00    0.00    0.00  100.00
01:35:29 PM    7    0.00    0.00    0.00    0.00    0.00    0.00    0.00    0.00    0.00  100.00
01:35:29 PM    8    0.00    0.00    0.00    0.00    0.00    0.00    0.00    0.00    0.00  100.00
01:35:29 PM    9    1.01    0.00    0.00    0.00    0.00    0.00    0.00    0.00    0.00   98.99
01:35:29 PM   10    0.00    0.00    0.00    0.00    0.00    0.00    0.00    0.00    0.00  100.00
01:35:29 PM   11    1.01    0.00    7.07    0.00    0.00    1.01    0.00    0.00    0.00   90.91
01:35:29 PM   12    0.00    0.00    1.01    0.00    0.00    0.00    0.00    0.00    0.00   98.99
01:35:29 PM   13    1.02    0.00    0.00    0.00    0.00    0.00    0.00    0.00    0.00   98.98
01:35:29 PM   14    0.00    0.00    1.00    0.00    0.00    0.00    0.00    0.00    0.00   99.00
01:35:29 PM   15    0.00    0.00    0.00    0.00    0.00    0.00    0.00    0.00    0.00  100.00
01:35:29 PM   16    1.00    0.00    0.00    0.00    0.00    0.00    0.00    0.00    0.00   99.00
01:35:29 PM   17    0.00    0.00    0.00    0.00    0.00    0.00    0.00    0.00    0.00  100.00
01:35:29 PM   18   19.57    0.00   46.74    0.00    0.00    0.00    0.00    0.00    0.00   33.70
01:35:29 PM   19   17.71    0.00   66.67    0.00    0.00    0.00    0.00    0.00    0.00   15.62
01:35:29 PM   20    1.96    0.00    0.98    0.00    0.00    0.00    0.00    0.00    0.00   97.06
01:35:29 PM   21    0.00    0.00    0.00    0.00    0.00    0.00    0.00    0.00    0.00  100.00
01:35:29 PM   22    0.00    0.00    0.00    0.00    0.00    0.00    0.00    0.00    0.00  100.00
01:35:29 PM   23    0.00    0.00    0.00    0.00    0.00    0.00    0.00    0.00    0.00  100.00
01:35:29 PM   24    1.01    0.00    0.00    0.00    0.00    0.00    0.00    0.00    0.00   98.99
01:35:29 PM   25    1.00    0.00    0.00    0.00    0.00    0.00    0.00    0.00    0.00   99.00
01:35:29 PM   26    0.00    0.00    0.00    0.00    0.00    0.00    0.00    0.00    0.00  100.00
01:35:29 PM   27    0.00    0.00    0.00    0.00    0.00    0.00    0.00    0.00    0.00  100.00
01:35:29 PM   28    1.02    0.00    0.00    0.00    0.00    0.00    0.00    0.00    0.00   98.98
01:35:29 PM   29    1.98    0.00    0.99    0.00    0.00    0.00    0.00    0.00    0.00   97.03
01:35:29 PM   30    1.00    0.00    0.00    1.00    0.00    0.00    0.00    0.00    0.00   98.00
01:35:29 PM   31    1.01    0.00    0.00    0.00    0.00    0.00    0.00    0.00    0.00   98.99
01:35:29 PM   32    1.00    0.00    1.00    0.00    0.00    0.00    0.00    0.00    0.00   98.00
01:35:29 PM   33    2.94    0.00    1.96    0.98    0.00    0.00    0.00    0.00    0.00   94.12
01:35:29 PM   34    1.01    0.00    0.00    0.00    0.00    0.00    0.00    0.00    0.00   98.99
01:35:29 PM   35    1.01    0.00    1.01    0.00    0.00    0.00    0.00    0.00    0.00   97.98

01:35:29 PM  CPU    %usr   %nice    %sys %iowait    %irq   %soft  %steal  %guest  %gnice   %idle
01:35:30 PM  all    2.09    0.00    3.38    0.00    0.00    0.11    0.00    0.00    0.00   94.42
01:35:30 PM    0    1.96    0.00    0.98    0.00    0.00    2.94    0.00    0.00    0.00   94.12
01:35:30 PM    1    1.01    0.00    0.00    0.00    0.00    0.00    0.00    0.00    0.00   98.99
01:35:30 PM    2    1.00    0.00    1.00    0.00    0.00    0.00    0.00    0.00    0.00   98.00
01:35:30 PM    3    1.00    0.00    0.00    0.00    0.00    0.00    0.00    0.00    0.00   99.00
01:35:30 PM    4    1.00    0.00    0.00    0.00    0.00    0.00    0.00    0.00    0.00   99.00
01:35:30 PM    5    0.00    0.00    1.00    0.00    0.00    1.00    0.00    0.00    0.00   98.00
01:35:30 PM    6    0.00    0.00    0.00    0.00    0.00    0.00    0.00    0.00    0.00  100.00
01:35:30 PM    7    1.98    0.00    0.00    0.00    0.00    0.00    0.00    0.00    0.00   98.02
01:35:30 PM    8    3.96    0.00    0.00    0.00    0.00    0.00    0.00    0.00    0.00   96.04
01:35:30 PM    9    1.96    0.00    0.98    0.00    0.00    0.00    0.00    0.00    0.00   97.06
01:35:30 PM   10    1.98    0.00    0.99    0.00    0.00    0.00    0.00    0.00    0.00   97.03
01:35:30 PM   11    0.00    0.00    0.00    0.00    0.00    0.00    0.00    0.00    0.00  100.00
01:35:30 PM   12    1.00    0.00    0.00    0.00    0.00    0.00    0.00    0.00    0.00   99.00
01:35:30 PM   13    5.00    0.00    0.00    0.00    0.00    0.00    0.00    0.00    0.00   95.00
01:35:30 PM   14    1.98    0.00    0.99    0.00    0.00    0.00    0.00    0.00    0.00   97.03
01:35:30 PM   15    2.00    0.00    1.00    0.00    0.00    0.00    0.00    0.00    0.00   97.00
01:35:30 PM   16    2.00    0.00    0.00    0.00    0.00    0.00    0.00    0.00    0.00   98.00
01:35:30 PM   17    1.00    0.00    0.00    0.00    0.00    0.00    0.00    0.00    0.00   99.00
01:35:30 PM   18   17.20    0.00   49.46    0.00    0.00    0.00    0.00    0.00    0.00   33.33
01:35:30 PM   19   16.16    0.00   66.67    0.00    0.00    0.00    0.00    0.00    0.00   17.17
01:35:30 PM   20    1.01    0.00    0.00    0.00    0.00    0.00    0.00    0.00    0.00   98.99
01:35:30 PM   21    0.00    0.00    0.00    0.00    0.00    0.00    0.00    0.00    0.00  100.00
01:35:30 PM   22    2.97    0.00    0.00    0.00    0.00    0.00    0.00    0.00    0.00   97.03
01:35:30 PM   23    0.00    0.00    0.00    0.00    0.00    0.00    0.00    0.00    0.00  100.00
01:35:30 PM   24    0.00    0.00    0.00    0.00    0.00    0.00    0.00    0.00    0.00  100.00
01:35:30 PM   25    1.01    0.00    0.00    0.00    0.00    0.00    0.00    0.00    0.00   98.99
01:35:30 PM   26    0.00    0.00    1.00    0.00    0.00    0.00    0.00    0.00    0.00   99.00
01:35:30 PM   27    1.01    0.00    0.00    0.00    0.00    0.00    0.00    0.00    0.00   98.99
01:35:30 PM   28    1.01    0.00    0.00    0.00    0.00    0.00    0.00    0.00    0.00   98.99
01:35:30 PM   29    1.01    0.00    0.00    0.00    0.00    0.00    0.00    0.00    0.00   98.99
01:35:30 PM   30    2.04    0.00    0.00    0.00    0.00    0.00    0.00    0.00    0.00   97.96
01:35:30 PM   31    1.00    0.00    0.00    0.00    0.00    0.00    0.00    0.00    0.00   99.00
01:35:30 PM   32    0.00    0.00    0.00    0.00    0.00    0.00    0.00    0.00    0.00  100.00
01:35:30 PM   33    1.01    0.00    0.00    0.00    0.00    0.00    0.00    0.00    0.00   98.99
01:35:30 PM   34    1.01    0.00    0.00    0.00    0.00    0.00    0.00    0.00    0.00   98.99
01:35:30 PM   35    0.99    0.00    0.99    0.00    0.00    0.00    0.00    0.00    0.00   98.02

01:35:30 PM  CPU    %usr   %nice    %sys %iowait    %irq   %soft  %steal  %guest  %gnice   %idle
01:35:31 PM  all    1.96    0.00    3.30    0.08    0.00    0.11    0.00    0.00    0.00   94.54
01:35:31 PM    0    2.02    0.00    0.00    0.00    0.00    2.02    0.00    0.00    0.00   95.96
01:35:31 PM    1    1.96    0.00    0.98    0.00    0.00    0.98    0.00    0.00    0.00   96.08
01:35:31 PM    2    2.00    0.00    0.00    0.00    0.00    0.00    0.00    0.00    0.00   98.00
01:35:31 PM    3    1.01    0.00    0.00    1.01    0.00    0.00    0.00    0.00    0.00   97.98
01:35:31 PM    4    1.00    0.00    0.00    0.00    0.00    0.00    0.00    0.00    0.00   99.00
01:35:31 PM    5    1.01    0.00    0.00    0.00    0.00    0.00    0.00    0.00    0.00   98.99
01:35:31 PM    6    1.98    0.00    0.99    0.00    0.00    0.00    0.00    0.00    0.00   97.03
01:35:31 PM    7    0.00    0.00    1.01    0.00    0.00    0.00    0.00    0.00    0.00   98.99
01:35:31 PM    8    1.00    0.00    0.00    0.00    0.00    0.00    0.00    0.00    0.00   99.00
01:35:31 PM    9    0.00    0.00    1.00    0.00    0.00    0.00    0.00    0.00    0.00   99.00
01:35:31 PM   10    1.01    0.00    0.00    0.00    0.00    0.00    0.00    0.00    0.00   98.99
01:35:31 PM   11    2.00    0.00    7.00    0.00    0.00    0.00    0.00    0.00    0.00   91.00
01:35:31 PM   12    1.00    0.00    0.00    0.00    0.00    0.00    0.00    0.00    0.00   99.00
01:35:31 PM   13    5.05    0.00    0.00    0.00    0.00    0.00    0.00    0.00    0.00   94.95
01:35:31 PM   14    0.00    0.00    0.00    0.00    0.00    0.00    0.00    0.00    0.00  100.00
01:35:31 PM   15    1.01    0.00    0.00    0.00    0.00    0.00    0.00    0.00    0.00   98.99
01:35:31 PM   16    1.01    0.00    0.00    0.00    0.00    0.00    0.00    0.00    0.00   98.99
01:35:31 PM   17    1.01    0.00    1.01    0.00    0.00    0.00    0.00    0.00    0.00   97.98
01:35:31 PM   18   21.74    0.00   43.48    0.00    0.00    0.00    0.00    0.00    0.00   34.78
01:35:31 PM   19   17.02    0.00   63.83    0.00    0.00    0.00    0.00    0.00    0.00   19.15
01:35:31 PM   20    1.01    0.00    0.00    0.00    0.00    0.00    0.00    0.00    0.00   98.99
01:35:31 PM   21    0.99    0.00    0.99    0.00    0.00    0.00    0.00    0.00    0.00   98.02
01:35:31 PM   22    0.00    0.00    0.00    0.00    0.00    0.00    0.00    0.00    0.00  100.00
01:35:31 PM   23    2.00    0.00    0.00    0.00    0.00    0.00    0.00    0.00    0.00   98.00
01:35:31 PM   24    1.00    0.00    1.00    0.00    0.00    0.00    0.00    0.00    0.00   98.00
01:35:31 PM   25    0.00    0.00    1.00    0.00    0.00    0.00    0.00    0.00    0.00   99.00
01:35:31 PM   26    0.00    0.00    0.00    0.00    0.00    0.00    0.00    0.00    0.00  100.00
01:35:31 PM   27    0.00    0.00    0.00    1.00    0.00    0.00    0.00    0.00    0.00   99.00
01:35:31 PM   28    0.00    0.00    1.00    0.00    0.00    0.00    0.00    0.00    0.00   99.00
01:35:31 PM   29    1.01    0.00    1.01    0.00    0.00    0.00    0.00    0.00    0.00   97.98
01:35:31 PM   30    1.98    0.00    0.00    0.00    0.00    0.00    0.00    0.00    0.00   98.02
01:35:31 PM   31    0.00    0.00    0.00    0.00    0.00    0.00    0.00    0.00    0.00  100.00
01:35:31 PM   32    1.00    0.00    0.00    0.00    0.00    0.00    0.00    0.00    0.00   99.00
01:35:31 PM   33    0.00    0.00    1.00    0.00    0.00    0.00    0.00    0.00    0.00   99.00
01:35:31 PM   34    0.99    0.00    0.00    0.99    0.00    0.99    0.00    0.00    0.00   97.03
01:35:31 PM   35    0.00    0.00    0.00    0.00    0.00    0.00    0.00    0.00    0.00  100.00

01:35:31 PM  CPU    %usr   %nice    %sys %iowait    %irq   %soft  %steal  %guest  %gnice   %idle
01:35:32 PM  all    1.82    0.00    3.14    0.03    0.00    0.00    0.00    0.00    0.00   95.01
01:35:32 PM    0    1.03    0.00    0.00    0.00    0.00    0.00    0.00    0.00    0.00   98.97
01:35:32 PM    1    1.01    0.00    0.00    0.00    0.00    0.00    0.00    0.00    0.00   98.99
01:35:32 PM    2    1.01    0.00    0.00    1.01    0.00    0.00    0.00    0.00    0.00   97.98
01:35:32 PM    3    6.00    0.00    0.00    0.00    0.00    0.00    0.00    0.00    0.00   94.00
01:35:32 PM    4    0.00    0.00    0.00    0.00    0.00    0.00    0.00    0.00    0.00  100.00
01:35:32 PM    5    1.01    0.00    0.00    0.00    0.00    0.00    0.00    0.00    0.00   98.99
01:35:32 PM    6    1.00    0.00    0.00    0.00    0.00    0.00    0.00    0.00    0.00   99.00
01:35:32 PM    7    1.00    0.00    1.00    0.00    0.00    0.00    0.00    0.00    0.00   98.00
01:35:32 PM    8    0.00    0.00    0.00    0.00    0.00    0.00    0.00    0.00    0.00  100.00
01:35:32 PM    9    0.00    0.00    0.00    0.00    0.00    0.00    0.00    0.00    0.00  100.00
01:35:32 PM   10    1.00    0.00    0.00    0.00    0.00    0.00    0.00    0.00    0.00   99.00
01:35:32 PM   11    1.03    0.00    6.19    0.00    0.00    0.00    0.00    0.00    0.00   92.78
01:35:32 PM   12    1.00    0.00    1.00    0.00    0.00    0.00    0.00    0.00    0.00   98.00
01:35:32 PM   13    3.00    0.00    0.00    0.00    0.00    0.00    0.00    0.00    0.00   97.00
01:35:32 PM   14    0.00    0.00    1.00    0.00    0.00    0.00    0.00    0.00    0.00   99.00
01:35:32 PM   15    1.98    0.00    0.00    0.00    0.00    0.00    0.00    0.00    0.00   98.02
01:35:32 PM   16    2.02    0.00    0.00    0.00    0.00    0.00    0.00    0.00    0.00   97.98
01:35:32 PM   17    0.00    0.00    1.01    0.00    0.00    0.00    0.00    0.00    0.00   98.99
01:35:32 PM   18   22.58    0.00   43.01    0.00    0.00    0.00    0.00    0.00    0.00   34.41
01:35:32 PM   19   19.57    0.00   60.87    0.00    0.00    0.00    0.00    0.00    0.00   19.57
01:35:32 PM   20    0.00    0.00    0.00    0.00    0.00    0.00    0.00    0.00    0.00  100.00
01:35:32 PM   21    0.00    0.00    0.00    0.00    0.00    0.00    0.00    0.00    0.00  100.00
01:35:32 PM   22    1.98    0.00    0.00    0.00    0.00    0.00    0.00    0.00    0.00   98.02
01:35:32 PM   23    0.00    0.00    0.99    0.00    0.00    0.00    0.00    0.00    0.00   99.01
01:35:32 PM   24    0.00    0.00    0.00    0.00    0.00    0.00    0.00    0.00    0.00  100.00
01:35:32 PM   25    0.00    0.00    0.00    0.00    0.00    0.00    0.00    0.00    0.00  100.00
01:35:32 PM   26    0.00    0.00    0.00    0.00    0.00    0.00    0.00    0.00    0.00  100.00
01:35:32 PM   27    0.00    0.00    0.99    0.00    0.00    0.00    0.00    0.00    0.00   99.01
01:35:32 PM   28    0.00    0.00    0.00    0.00    0.00    0.00    0.00    0.00    0.00  100.00
01:35:32 PM   29    0.00    0.00    1.00    0.00    0.00    0.00    0.00    0.00    0.00   99.00
01:35:32 PM   30    0.00    0.00    0.00    0.00    0.00    0.00    0.00    0.00    0.00  100.00
01:35:32 PM   31    0.99    0.00    0.99    0.00    0.00    0.00    0.00    0.00    0.00   98.02
01:35:32 PM   32    0.00    0.00    0.00    0.00    0.00    0.00    0.00    0.00    0.00  100.00
01:35:32 PM   33    1.00    0.00    0.00    0.00    0.00    0.00    0.00    0.00    0.00   99.00
01:35:32 PM   34    0.00    0.00    1.00    0.00    0.00    0.00    0.00    0.00    0.00   99.00
01:35:32 PM   35    0.00    0.00    1.01    0.00    0.00    0.00    0.00    0.00    0.00   98.99

01:35:32 PM  CPU    %usr   %nice    %sys %iowait    %irq   %soft  %steal  %guest  %gnice   %idle
01:35:33 PM  all    2.47    0.00    3.42    0.08    0.00    0.11    0.00    0.00    0.00   93.92
01:35:33 PM    0    2.00    0.00    0.00    0.00    0.00    3.00    0.00    0.00    0.00   95.00
01:35:33 PM    1    2.00    0.00    1.00    0.00    0.00    0.00    0.00    0.00    0.00   97.00
01:35:33 PM    2    2.02    0.00    1.01    0.00    0.00    0.00    0.00    0.00    0.00   96.97
01:35:33 PM    3    2.97    0.00    1.98    0.00    0.00    0.99    0.00    0.00    0.00   94.06
01:35:33 PM    4    3.00    0.00    0.00    0.00    0.00    0.00    0.00    0.00    0.00   97.00
01:35:33 PM    5    1.98    0.00    0.99    0.99    0.00    0.00    0.00    0.00    0.00   96.04
01:35:33 PM    6    2.97    0.00    0.99    0.99    0.00    0.00    0.00    0.00    0.00   95.05
01:35:33 PM    7    4.90    0.00    0.98    0.00    0.00    0.00    0.00    0.00    0.00   94.12
01:35:33 PM    8    2.00    0.00    1.00    0.00    0.00    0.00    0.00    0.00    0.00   97.00
01:35:33 PM    9    2.02    0.00    1.01    0.00    0.00    0.00    0.00    0.00    0.00   96.97
01:35:33 PM   10    2.00    0.00    1.00    0.00    0.00    0.00    0.00    0.00    0.00   97.00
01:35:33 PM   11    1.00    0.00    1.00    0.00    0.00    0.00    0.00    0.00    0.00   98.00
01:35:33 PM   12    1.01    0.00    0.00    0.00    0.00    0.00    0.00    0.00    0.00   98.99
01:35:33 PM   13    3.03    0.00    1.01    0.00    0.00    0.00    0.00    0.00    0.00   95.96
01:35:33 PM   14    1.01    0.00    0.00    0.00    0.00    0.00    0.00    0.00    0.00   98.99
01:35:33 PM   15    3.00    0.00    1.00    0.00    0.00    0.00    0.00    0.00    0.00   96.00
01:35:33 PM   16    4.00    0.00    1.00    0.00    0.00    0.00    0.00    0.00    0.00   95.00
01:35:33 PM   17    2.04    0.00    0.00    0.00    0.00    0.00    0.00    0.00    0.00   97.96
01:35:33 PM   18   18.89    0.00   45.56    0.00    0.00    0.00    0.00    0.00    0.00   35.56
01:35:33 PM   19   17.71    0.00   63.54    0.00    0.00    0.00    0.00    0.00    0.00   18.75
01:35:33 PM   20    2.97    0.00    0.99    0.00    0.00    0.00    0.00    0.00    0.00   96.04
01:35:33 PM   21    0.99    0.00    2.97    0.00    0.00    0.00    0.00    0.00    0.00   96.04
01:35:33 PM   22    0.00    0.00    1.02    0.00    0.00    0.00    0.00    0.00    0.00   98.98
01:35:33 PM   23    1.01    0.00    0.00    0.00    0.00    0.00    0.00    0.00    0.00   98.99
01:35:33 PM   24    1.01    0.00    0.00    0.00    0.00    0.00    0.00    0.00    0.00   98.99
01:35:33 PM   25    1.01    0.00    0.00    0.00    0.00    0.00    0.00    0.00    0.00   98.99
01:35:33 PM   26    0.00    0.00    0.00    0.00    0.00    0.00    0.00    0.00    0.00  100.00
01:35:33 PM   27    1.01    0.00    0.00    0.00    0.00    0.00    0.00    0.00    0.00   98.99
01:35:33 PM   28    0.00    0.00    0.00    0.00    0.00    0.00    0.00    0.00    0.00  100.00
01:35:33 PM   29    0.00    0.00    0.00    0.00    0.00    0.00    0.00    0.00    0.00  100.00
01:35:33 PM   30    0.00    0.00    0.00    0.00    0.00    0.00    0.00    0.00    0.00  100.00
01:35:33 PM   31    2.00    0.00    0.00    1.00    0.00    0.00    0.00    0.00    0.00   97.00
01:35:33 PM   32    0.00    0.00    1.01    0.00    0.00    0.00    0.00    0.00    0.00   98.99
01:35:33 PM   33    0.00    0.00    0.00    0.00    0.00    0.00    0.00    0.00    0.00  100.00
01:35:33 PM   34    0.00    0.00    0.00    0.00    0.00    0.00    0.00    0.00    0.00  100.00
01:35:33 PM   35    1.01    0.00    0.00    0.00    0.00    0.00    0.00    0.00    0.00   98.99

01:35:33 PM  CPU    %usr   %nice    %sys %iowait    %irq   %soft  %steal  %guest  %gnice   %idle
01:35:34 PM  all    1.80    0.00    3.14    0.03    0.00    0.17    0.00    0.00    0.00   94.86
01:35:34 PM    0    0.99    0.00    0.99    0.00    0.00    3.96    0.00    0.00    0.00   94.06
01:35:34 PM    1    0.00    0.00    0.00    0.00    0.00    2.02    0.00    0.00    0.00   97.98
01:35:34 PM    2    0.00    0.00    0.00    0.00    0.00    0.00    0.00    0.00    0.00  100.00
01:35:34 PM    3    0.00    0.00    0.00    0.00    0.00    0.00    0.00    0.00    0.00  100.00
01:35:34 PM    4    1.01    0.00    0.00    0.00    0.00    0.00    0.00    0.00    0.00   98.99
01:35:34 PM    5    0.00    0.00    0.00    0.00    0.00    0.00    0.00    0.00    0.00  100.00
01:35:34 PM    6    0.00    0.00    0.00    0.00    0.00    0.00    0.00    0.00    0.00  100.00
01:35:34 PM    7    0.00    0.00    0.00    0.00    0.00    0.00    0.00    0.00    0.00  100.00
01:35:34 PM    8    2.00    0.00    0.00    0.00    0.00    0.00    0.00    0.00    0.00   98.00
01:35:34 PM    9    2.02    0.00    0.00    0.00    0.00    0.00    0.00    0.00    0.00   97.98
01:35:34 PM   10    2.00    0.00    1.00    0.00    0.00    0.00    0.00    0.00    0.00   97.00
01:35:34 PM   11    2.00    0.00    7.00    0.00    0.00    0.00    0.00    0.00    0.00   91.00
01:35:34 PM   12    0.00    0.00    0.00    0.00    0.00    0.00    0.00    0.00    0.00  100.00
01:35:34 PM   13    4.00    0.00    0.00    0.00    0.00    0.00    0.00    0.00    0.00   96.00
01:35:34 PM   14    0.00    0.00    0.00    0.00    0.00    0.00    0.00    0.00    0.00  100.00
01:35:34 PM   15    1.98    0.00    0.00    0.00    0.00    0.00    0.00    0.00    0.00   98.02
01:35:34 PM   16    1.01    0.00    0.00    1.01    0.00    0.00    0.00    0.00    0.00   97.98
01:35:34 PM   17    0.00    0.00    1.00    0.00    0.00    0.00    0.00    0.00    0.00   99.00
01:35:34 PM   18   17.78    0.00   46.67    0.00    0.00    0.00    0.00    0.00    0.00   35.56
01:35:34 PM   19   23.47    0.00   58.16    0.00    0.00    0.00    0.00    0.00    0.00   18.37
01:35:34 PM   20    0.00    0.00    0.00    0.00    0.00    0.00    0.00    0.00    0.00  100.00
01:35:34 PM   21    0.00    0.00    0.00    0.00    0.00    0.00    0.00    0.00    0.00  100.00
01:35:34 PM   22    0.00    0.00    1.00    0.00    0.00    0.00    0.00    0.00    0.00   99.00
01:35:34 PM   23    0.00    0.00    0.00    0.00    0.00    0.00    0.00    0.00    0.00  100.00
01:35:34 PM   24    1.00    0.00    0.00    0.00    0.00    0.00    0.00    0.00    0.00   99.00
01:35:34 PM   25    1.00    0.00    1.00    0.00    0.00    0.00    0.00    0.00    0.00   98.00
01:35:34 PM   26    1.00    0.00    0.00    0.00    0.00    0.00    0.00    0.00    0.00   99.00
01:35:34 PM   27    0.00    0.00    0.00    0.00    0.00    0.00    0.00    0.00    0.00  100.00
01:35:34 PM   28    1.00    0.00    0.00    0.00    0.00    0.00    0.00    0.00    0.00   99.00
01:35:34 PM   29    0.00    0.00    0.00    0.00    0.00    0.00    0.00    0.00    0.00  100.00
01:35:34 PM   30    1.96    0.00    0.98    0.00    0.00    0.00    0.00    0.00    0.00   97.06
01:35:34 PM   31    0.00    0.00    0.00    0.00    0.00    0.00    0.00    0.00    0.00  100.00
01:35:34 PM   32    1.00    0.00    0.00    0.00    0.00    0.00    0.00    0.00    0.00   99.00
01:35:34 PM   33    0.00    0.00    0.00    0.00    0.00    0.00    0.00    0.00    0.00  100.00
01:35:34 PM   34    0.00    0.00    0.00    0.00    0.00    0.00    0.00    0.00    0.00  100.00
01:35:34 PM   35    1.00    0.00    0.00    0.00    0.00    0.00    0.00    0.00    0.00   99.00

01:35:34 PM  CPU    %usr   %nice    %sys %iowait    %irq   %soft  %steal  %guest  %gnice   %idle
01:35:35 PM  all    1.79    0.00    3.73    0.00    0.00    0.11    0.00    0.00    0.00   94.37
01:35:35 PM    0    1.96    0.00    0.98    0.00    0.00    2.94    0.00    0.00    0.00   94.12
01:35:35 PM    1    2.00    0.00    1.00    0.00    0.00    0.00    0.00    0.00    0.00   97.00
01:35:35 PM    2    1.98    0.00    0.99    0.00    0.00    0.00    0.00    0.00    0.00   97.03
01:35:35 PM    3    1.01    0.00    0.00    0.00    0.00    0.00    0.00    0.00    0.00   98.99
01:35:35 PM    4    0.00    0.00    2.04    0.00    0.00    0.00    0.00    0.00    0.00   97.96
01:35:35 PM    5    1.98    0.00    2.97    0.00    0.00    0.00    0.00    0.00    0.00   95.05
01:35:35 PM    6    1.00    0.00    1.00    0.00    0.00    0.00    0.00    0.00    0.00   98.00
01:35:35 PM    7    1.00    0.00    1.00    0.00    0.00    0.00    0.00    0.00    0.00   98.00
01:35:35 PM    8    1.01    0.00    0.00    0.00    0.00    0.00    0.00    0.00    0.00   98.99
01:35:35 PM    9    0.00    0.00    1.01    0.00    0.00    0.00    0.00    0.00    0.00   98.99
01:35:35 PM   10    1.96    0.00    0.98    0.00    0.00    0.98    0.00    0.00    0.00   96.08
01:35:35 PM   11    4.00    0.00    7.00    0.00    0.00    0.00    0.00    0.00    0.00   89.00
01:35:35 PM   12    1.01    0.00    0.00    0.00    0.00    0.00    0.00    0.00    0.00   98.99
01:35:35 PM   13    3.06    0.00    0.00    0.00    0.00    0.00    0.00    0.00    0.00   96.94
01:35:35 PM   14    0.00    0.00    1.01    0.00    0.00    0.00    0.00    0.00    0.00   98.99
01:35:35 PM   15    0.00    0.00    1.01    0.00    0.00    0.00    0.00    0.00    0.00   98.99
01:35:35 PM   16    1.02    0.00    0.00    0.00    0.00    0.00    0.00    0.00    0.00   98.98
01:35:35 PM   17    2.00    0.00    0.00    0.00    0.00    0.00    0.00    0.00    0.00   98.00
01:35:35 PM   18   17.20    0.00   49.46    0.00    0.00    0.00    0.00    0.00    0.00   33.33
01:35:35 PM   19   17.35    0.00   64.29    0.00    0.00    0.00    0.00    0.00    0.00   18.37
01:35:35 PM   20    0.00    0.00    0.00    0.00    0.00    0.00    0.00    0.00    0.00  100.00
01:35:35 PM   21    1.01    0.00    0.00    0.00    0.00    0.00    0.00    0.00    0.00   98.99
01:35:35 PM   22    1.02    0.00    0.00    0.00    0.00    0.00    0.00    0.00    0.00   98.98
01:35:35 PM   23    0.00    0.00    0.00    0.00    0.00    0.00    0.00    0.00    0.00  100.00
01:35:35 PM   24    0.00    0.00    0.00    0.00    0.00    0.00    0.00    0.00    0.00  100.00
01:35:35 PM   25    0.00    0.00    0.00    0.00    0.00    0.00    0.00    0.00    0.00  100.00
01:35:35 PM   26    0.00    0.00    0.00    0.00    0.00    0.00    0.00    0.00    0.00  100.00
01:35:35 PM   27    1.00    0.00    0.00    0.00    0.00    0.00    0.00    0.00    0.00   99.00
01:35:35 PM   28    0.00    0.00    0.00    0.00    0.00    0.00    0.00    0.00    0.00  100.00
01:35:35 PM   29    1.01    0.00    0.00    0.00    0.00    0.00    0.00    0.00    0.00   98.99
01:35:35 PM   30    0.00    0.00    0.00    0.00    0.00    0.00    0.00    0.00    0.00  100.00
01:35:35 PM   31    0.99    0.00    0.99    0.00    0.00    0.00    0.00    0.00    0.00   98.02
01:35:35 PM   32    0.00    0.00    0.00    0.00    0.00    0.00    0.00    0.00    0.00  100.00
01:35:35 PM   33    1.00    0.00    1.00    0.00    0.00    0.00    0.00    0.00    0.00   98.00
01:35:35 PM   34    0.00    0.00    1.00    0.00    0.00    0.00    0.00    0.00    0.00   99.00
01:35:35 PM   35    0.00    0.00    0.00    0.00    0.00    0.00    0.00    0.00    0.00  100.00

01:35:35 PM  CPU    %usr   %nice    %sys %iowait    %irq   %soft  %steal  %guest  %gnice   %idle
01:35:36 PM  all    1.40    0.00    2.80    0.03    0.00    0.03    0.00    0.00    0.00   95.74
01:35:36 PM    0    0.00    0.00    1.03    0.00    0.00    0.00    0.00    0.00    0.00   98.97
01:35:36 PM    1    1.02    0.00    0.00    0.00    0.00    0.00    0.00    0.00    0.00   98.98
01:35:36 PM    2    0.00    0.00    0.00    0.00    0.00    0.00    0.00    0.00    0.00  100.00
01:35:36 PM    3    1.00    0.00    0.00    1.00    0.00    0.00    0.00    0.00    0.00   98.00
01:35:36 PM    4    0.00    0.00    1.01    0.00    0.00    0.00    0.00    0.00    0.00   98.99
01:35:36 PM    5    0.00    0.00    0.00    0.00    0.00    0.00    0.00    0.00    0.00  100.00
01:35:36 PM    6    0.98    0.00    0.98    0.00    0.00    0.98    0.00    0.00    0.00   97.06
01:35:36 PM    7    1.01    0.00    0.00    0.00    0.00    0.00    0.00    0.00    0.00   98.99
01:35:36 PM    8    1.00    0.00    1.00    0.00    0.00    0.00    0.00    0.00    0.00   98.00
01:35:36 PM    9    2.04    0.00    4.08    0.00    0.00    0.00    0.00    0.00    0.00   93.88
01:35:36 PM   10    0.00    0.00    1.03    0.00    0.00    0.00    0.00    0.00    0.00   98.97
01:35:36 PM   11    1.01    0.00    0.00    0.00    0.00    0.00    0.00    0.00    0.00   98.99
01:35:36 PM   12    1.00    0.00    2.00    0.00    0.00    0.00    0.00    0.00    0.00   97.00
01:35:36 PM   13    4.04    0.00    0.00    0.00    0.00    0.00    0.00    0.00    0.00   95.96
01:35:36 PM   14    1.02    0.00    0.00    0.00    0.00    0.00    0.00    0.00    0.00   98.98
01:35:36 PM   15    0.00    0.00    1.00    0.00    0.00    0.00    0.00    0.00    0.00   99.00
01:35:36 PM   16    0.00    0.00    1.01    0.00    0.00    0.00    0.00    0.00    0.00   98.99
01:35:36 PM   17    0.00    0.00    0.00    0.00    0.00    0.00    0.00    0.00    0.00  100.00
01:35:36 PM   18   15.62    0.00   33.33    0.00    0.00    0.00    0.00    0.00    0.00   51.04
01:35:36 PM   19   11.65    0.00   50.49    0.00    0.00    0.00    0.00    0.00    0.00   37.86
01:35:36 PM   20    1.00    0.00    0.00    0.00    0.00    0.00    0.00    0.00    0.00   99.00
01:35:36 PM   21    0.00    0.00    0.00    0.00    0.00    0.00    0.00    0.00    0.00  100.00
01:35:36 PM   22    1.00    0.00    0.00    0.00    0.00    0.00    0.00    0.00    0.00   99.00
01:35:36 PM   23    0.00    0.00    0.00    0.00    0.00    0.00    0.00    0.00    0.00  100.00
01:35:36 PM   24    0.00    0.00    0.00    0.00    0.00    0.00    0.00    0.00    0.00  100.00
01:35:36 PM   25    0.00    0.00    0.00    0.00    0.00    0.00    0.00    0.00    0.00  100.00
01:35:36 PM   26    1.00    0.00    0.00    0.00    0.00    0.00    0.00    0.00    0.00   99.00
01:35:36 PM   27    1.00    0.00    0.00    0.00    0.00    0.00    0.00    0.00    0.00   99.00
01:35:36 PM   28    0.00    0.00    0.00    0.00    0.00    0.00    0.00    0.00    0.00  100.00
01:35:36 PM   29    1.00    0.00    0.00    0.00    0.00    0.00    0.00    0.00    0.00   99.00
01:35:36 PM   30    0.00    0.00    0.00    0.00    0.00    0.00    0.00    0.00    0.00  100.00
01:35:36 PM   31    1.01    0.00    1.01    0.00    0.00    0.00    0.00    0.00    0.00   97.98
01:35:36 PM   32    1.00    0.00    1.00    0.00    0.00    0.00    0.00    0.00    0.00   98.00
01:35:36 PM   33    1.00    0.00    0.00    0.00    0.00    0.00    0.00    0.00    0.00   99.00
01:35:36 PM   34    1.00    0.00    0.00    0.00    0.00    0.00    0.00    0.00    0.00   99.00
01:35:36 PM   35    0.00    0.00    1.01    0.00    0.00    0.00    0.00    0.00    0.00   98.99

01:35:36 PM  CPU    %usr   %nice    %sys %iowait    %irq   %soft  %steal  %guest  %gnice   %idle
01:35:37 PM  all    1.11    0.00    0.56    0.06    0.00    0.03    0.00    0.00    0.00   98.25
01:35:37 PM    0    3.06    0.00    0.00    1.02    0.00    0.00    0.00    0.00    0.00   95.92
01:35:37 PM    1    1.00    0.00    0.00    0.00    0.00    0.00    0.00    0.00    0.00   99.00
01:35:37 PM    2    2.00    0.00    0.00    0.00    0.00    0.00    0.00    0.00    0.00   98.00
01:35:37 PM    3    0.00    0.00    0.00    0.00    0.00    0.00    0.00    0.00    0.00  100.00
01:35:37 PM    4    0.99    0.00    0.99    0.00    0.00    0.00    0.00    0.00    0.00   98.02
01:35:37 PM    5    1.98    0.00    0.00    0.00    0.00    0.00    0.00    0.00    0.00   98.02
01:35:37 PM    6    1.01    0.00    0.00    0.00    0.00    0.00    0.00    0.00    0.00   98.99
01:35:37 PM    7    1.00    0.00    0.00    0.00    0.00    0.00    0.00    0.00    0.00   99.00
01:35:37 PM    8    1.00    0.00    1.00    0.00    0.00    0.00    0.00    0.00    0.00   98.00
01:35:37 PM    9    2.00    0.00    0.00    0.00    0.00    0.00    0.00    0.00    0.00   98.00
01:35:37 PM   10    1.98    0.00    0.99    0.00    0.00    0.00    0.00    0.00    0.00   97.03
01:35:37 PM   11    3.88    0.00    6.80    0.00    0.00    0.97    0.00    0.00    0.00   88.35
01:35:37 PM   12    0.00    0.00    1.00    0.00    0.00    0.00    0.00    0.00    0.00   99.00
01:35:37 PM   13    3.92    0.00    0.00    0.00    0.00    0.00    0.00    0.00    0.00   96.08
01:35:37 PM   14    0.00    0.00    1.00    0.00    0.00    0.00    0.00    0.00    0.00   99.00
01:35:37 PM   15    1.01    0.00    0.00    0.00    0.00    0.00    0.00    0.00    0.00   98.99
01:35:37 PM   16    1.01    0.00    0.00    0.00    0.00    0.00    0.00    0.00    0.00   98.99
01:35:37 PM   17    1.00    0.00    0.00    0.00    0.00    0.00    0.00    0.00    0.00   99.00
01:35:37 PM   18    1.00    0.00    0.00    0.00    0.00    0.00    0.00    0.00    0.00   99.00
01:35:37 PM   19    0.00    0.00    0.00    0.00    0.00    0.00    0.00    0.00    0.00  100.00
01:35:37 PM   20    1.01    0.00    0.00    0.00    0.00    0.00    0.00    0.00    0.00   98.99
01:35:37 PM   21    0.99    0.00    0.99    0.99    0.00    0.00    0.00    0.00    0.00   97.03
01:35:37 PM   22    0.00    0.00    1.98    0.00    0.00    0.00    0.00    0.00    0.00   98.02
01:35:37 PM   23    0.99    0.00    0.99    0.00    0.00    0.00    0.00    0.00    0.00   98.02
01:35:37 PM   24    1.98    0.00    0.00    0.00    0.00    0.00    0.00    0.00    0.00   98.02
01:35:37 PM   25    0.99    0.00    0.99    0.00    0.00    0.00    0.00    0.00    0.00   98.02
01:35:37 PM   26    0.00    0.00    1.00    0.00    0.00    0.00    0.00    0.00    0.00   99.00
01:35:37 PM   27    0.00    0.00    0.00    0.00    0.00    0.00    0.00    0.00    0.00  100.00
01:35:37 PM   28    0.00    0.00    0.00    0.00    0.00    0.00    0.00    0.00    0.00  100.00
01:35:37 PM   29    1.01    0.00    0.00    0.00    0.00    0.00    0.00    0.00    0.00   98.99
01:35:37 PM   30    1.98    0.00    0.00    0.00    0.00    0.00    0.00    0.00    0.00   98.02
01:35:37 PM   31    1.96    0.00    0.98    0.00    0.00    0.00    0.00    0.00    0.00   97.06
01:35:37 PM   32    0.00    0.00    0.00    0.00    0.00    0.00    0.00    0.00    0.00  100.00
01:35:37 PM   33    1.01    0.00    0.00    0.00    0.00    0.00    0.00    0.00    0.00   98.99
01:35:37 PM   34    0.00    0.00    0.00    0.00    0.00    0.00    0.00    0.00    0.00  100.00
01:35:37 PM   35    0.00    0.00    1.00    0.00    0.00    0.00    0.00    0.00    0.00   99.00

01:35:37 PM  CPU    %usr   %nice    %sys %iowait    %irq   %soft  %steal  %guest  %gnice   %idle
01:35:38 PM  all    0.84    0.00    0.67    0.03    0.00    0.03    0.00    0.00    0.00   98.44
01:35:38 PM    0    5.05    0.00    1.01    0.00    0.00    0.00    0.00    0.00    0.00   93.94
01:35:38 PM    1    2.00    0.00    2.00    0.00    0.00    0.00    0.00    0.00    0.00   96.00
01:35:38 PM    2    1.00    0.00    1.00    0.00    0.00    0.00    0.00    0.00    0.00   98.00
01:35:38 PM    3    0.99    0.00    0.99    0.00    0.00    0.00    0.00    0.00    0.00   98.02
01:35:38 PM    4    1.00    0.00    1.00    0.00    0.00    0.00    0.00    0.00    0.00   98.00
01:35:38 PM    5    1.01    0.00    1.01    0.00    0.00    0.00    0.00    0.00    0.00   97.98
01:35:38 PM    6    1.00    0.00    1.00    0.00    0.00    0.00    0.00    0.00    0.00   98.00
01:35:38 PM    7    1.00    0.00    1.00    1.00    0.00    0.00    0.00    0.00    0.00   97.00
01:35:38 PM    8    0.99    0.00    0.99    0.00    0.00    0.99    0.00    0.00    0.00   97.03
01:35:38 PM    9    1.01    0.00    0.00    0.00    0.00    0.00    0.00    0.00    0.00   98.99
01:35:38 PM   10    0.00    0.00    0.00    0.00    0.00    0.00    0.00    0.00    0.00  100.00
01:35:38 PM   11    1.00    0.00    4.00    0.00    0.00    0.00    0.00    0.00    0.00   95.00
01:35:38 PM   12    6.00    0.00    0.00    0.00    0.00    0.00    0.00    0.00    0.00   94.00
01:35:38 PM   13    0.99    0.00    0.99    0.00    0.00    0.00    0.00    0.00    0.00   98.02
01:35:38 PM   14    0.00    0.00    1.00    0.00    0.00    0.00    0.00    0.00    0.00   99.00
01:35:38 PM   15    0.00    0.00    1.01    0.00    0.00    0.00    0.00    0.00    0.00   98.99
01:35:38 PM   16    0.00    0.00    2.00    0.00    0.00    0.00    0.00    0.00    0.00   98.00
01:35:38 PM   17    0.00    0.00    1.01    0.00    0.00    0.00    0.00    0.00    0.00   98.99
01:35:38 PM   18    1.00    0.00    0.00    0.00    0.00    0.00    0.00    0.00    0.00   99.00
01:35:38 PM   19    1.00    0.00    0.00    0.00    0.00    0.00    0.00    0.00    0.00   99.00
01:35:38 PM   20    0.00    0.00    0.00    0.00    0.00    0.00    0.00    0.00    0.00  100.00
01:35:38 PM   21    0.00    0.00    0.00    0.00    0.00    0.00    0.00    0.00    0.00  100.00
01:35:38 PM   22    1.01    0.00    0.00    0.00    0.00    0.00    0.00    0.00    0.00   98.99
01:35:38 PM   23    0.00    0.00    1.01    0.00    0.00    0.00    0.00    0.00    0.00   98.99
01:35:38 PM   24    0.00    0.00    0.00    0.00    0.00    0.00    0.00    0.00    0.00  100.00
01:35:38 PM   25    0.00    0.00    0.00    0.00    0.00    0.00    0.00    0.00    0.00  100.00
01:35:38 PM   26    0.00    0.00    0.00    0.00    0.00    0.00    0.00    0.00    0.00  100.00
01:35:38 PM   27    0.00    0.00    1.00    0.00    0.00    0.00    0.00    0.00    0.00   99.00
01:35:38 PM   28    0.99    0.00    0.00    0.00    0.00    0.00    0.00    0.00    0.00   99.01
01:35:38 PM   29    0.00    0.00    1.00    0.00    0.00    0.00    0.00    0.00    0.00   99.00
01:35:38 PM   30    0.00    0.00    0.00    0.00    0.00    0.00    0.00    0.00    0.00  100.00
01:35:38 PM   31    0.00    0.00    0.00    0.00    0.00    0.00    0.00    0.00    0.00  100.00
01:35:38 PM   32    1.98    0.00    0.00    0.00    0.00    0.00    0.00    0.00    0.00   98.02
01:35:38 PM   33    1.00    0.00    0.00    0.00    0.00    0.00    0.00    0.00    0.00   99.00
01:35:38 PM   34    0.00    0.00    1.00    0.00    0.00    0.00    0.00    0.00    0.00   99.00
01:35:38 PM   35    0.00    0.00    0.00    0.00    0.00    0.00    0.00    0.00    0.00  100.00

01:35:38 PM  CPU    %usr   %nice    %sys %iowait    %irq   %soft  %steal  %guest  %gnice   %idle
01:35:39 PM  all    0.75    0.00    0.31    0.08    0.00    0.03    0.00    0.00    0.00   98.83
01:35:39 PM    0    3.00    0.00    0.00    0.00    0.00    1.00    0.00    0.00    0.00   96.00
01:35:39 PM    1    0.00    0.00    1.01    0.00    0.00    0.00    0.00    0.00    0.00   98.99
01:35:39 PM    2    0.00    0.00    0.00    1.02    0.00    0.00    0.00    0.00    0.00   98.98
01:35:39 PM    3    2.00    0.00    0.00    0.00    0.00    0.00    0.00    0.00    0.00   98.00
01:35:39 PM    4    1.00    0.00    1.00    0.00    0.00    0.00    0.00    0.00    0.00   98.00
01:35:39 PM    5    1.00    0.00    1.00    0.00    0.00    0.00    0.00    0.00    0.00   98.00
01:35:39 PM    6    3.00    0.00    0.00    0.00    0.00    0.00    0.00    0.00    0.00   97.00
01:35:39 PM    7    0.00    0.00    0.00    0.00    0.00    0.00    0.00    0.00    0.00  100.00
01:35:39 PM    8    1.98    0.00    0.00    0.00    0.00    0.00    0.00    0.00    0.00   98.02
01:35:39 PM    9    1.00    0.00    0.00    0.00    0.00    0.00    0.00    0.00    0.00   99.00
01:35:39 PM   10    1.00    0.00    0.00    0.00    0.00    0.00    0.00    0.00    0.00   99.00
01:35:39 PM   11    2.02    0.00    4.04    0.00    0.00    0.00    0.00    0.00    0.00   93.94
01:35:39 PM   12    0.00    0.00    0.00    0.00    0.00    0.00    0.00    0.00    0.00  100.00
01:35:39 PM   13    1.00    0.00    0.00    0.00    0.00    0.00    0.00    0.00    0.00   99.00
01:35:39 PM   14    0.00    0.00    1.00    1.00    0.00    0.00    0.00    0.00    0.00   98.00
01:35:39 PM   15    1.00    0.00    0.00    0.00    0.00    0.00    0.00    0.00    0.00   99.00
01:35:39 PM   16    1.01    0.00    0.00    0.00    0.00    0.00    0.00    0.00    0.00   98.99
01:35:39 PM   17    0.99    0.00    0.99    0.00    0.00    0.00    0.00    0.00    0.00   98.02
01:35:39 PM   18    0.00    0.00    0.00    0.00    0.00    0.00    0.00    0.00    0.00  100.00
01:35:39 PM   19    0.00    0.00    0.00    0.00    0.00    0.00    0.00    0.00    0.00  100.00
01:35:39 PM   20    1.01    0.00    0.00    0.00    0.00    0.00    0.00    0.00    0.00   98.99
01:35:39 PM   21    0.00    0.00    0.00    0.00    0.00    0.00    0.00    0.00    0.00  100.00
01:35:39 PM   22    0.00    0.00    1.00    0.00    0.00    0.00    0.00    0.00    0.00   99.00
01:35:39 PM   23    0.99    0.00    0.00    0.00    0.00    0.00    0.00    0.00    0.00   99.01
01:35:39 PM   24    0.00    0.00    0.00    0.00    0.00    0.00    0.00    0.00    0.00  100.00
01:35:39 PM   25    1.00    0.00    0.00    0.00    0.00    0.00    0.00    0.00    0.00   99.00
01:35:39 PM   26    1.00    0.00    0.00    1.00    0.00    0.00    0.00    0.00    0.00   98.00
01:35:39 PM   27    0.00    0.00    0.00    0.00    0.00    0.00    0.00    0.00    0.00  100.00
01:35:39 PM   28    0.00    0.00    1.00    0.00    0.00    0.00    0.00    0.00    0.00   99.00
01:35:39 PM   29    0.00    0.00    0.00    0.00    0.00    0.00    0.00    0.00    0.00  100.00
01:35:39 PM   30    0.00    0.00    0.00    0.00    0.00    0.00    0.00    0.00    0.00  100.00
01:35:39 PM   31    1.00    0.00    0.00    0.00    0.00    0.00    0.00    0.00    0.00   99.00
01:35:39 PM   32    0.00    0.00    0.00    0.00    0.00    0.00    0.00    0.00    0.00  100.00
01:35:39 PM   33    1.01    0.00    0.00    0.00    0.00    0.00    0.00    0.00    0.00   98.99
01:35:39 PM   34    1.00    0.00    0.00    0.00    0.00    0.00    0.00    0.00    0.00   99.00
01:35:39 PM   35    0.00    0.00    0.00    0.00    0.00    0.00    0.00    0.00    0.00  100.00

01:35:39 PM  CPU    %usr   %nice    %sys %iowait    %irq   %soft  %steal  %guest  %gnice   %idle
01:35:40 PM  all    0.78    0.00    0.56    0.03    0.00    0.00    0.00    0.00    0.00   98.63
01:35:40 PM    0    1.01    0.00    0.00    0.00    0.00    0.00    0.00    0.00    0.00   98.99
01:35:40 PM    1    1.02    0.00    0.00    0.00    0.00    0.00    0.00    0.00    0.00   98.98
01:35:40 PM    2    1.00    0.00    1.00    0.00    0.00    0.00    0.00    0.00    0.00   98.00
01:35:40 PM    3    2.00    0.00    1.00    0.00    0.00    0.00    0.00    0.00    0.00   97.00
01:35:40 PM    4    1.01    0.00    0.00    0.00    0.00    0.00    0.00    0.00    0.00   98.99
01:35:40 PM    5    0.00    0.00    0.00    0.00    0.00    0.00    0.00    0.00    0.00  100.00
01:35:40 PM    6    2.04    0.00    0.00    1.02    0.00    0.00    0.00    0.00    0.00   96.94
01:35:40 PM    7    1.01    0.00    0.00    0.00    0.00    0.00    0.00    0.00    0.00   98.99
01:35:40 PM    8    2.00    0.00    2.00    0.00    0.00    0.00    0.00    0.00    0.00   96.00
01:35:40 PM    9    1.02    0.00    0.00    0.00    0.00    0.00    0.00    0.00    0.00   98.98
01:35:40 PM   10    1.01    0.00    0.00    0.00    0.00    0.00    0.00    0.00    0.00   98.99
01:35:40 PM   11    2.00    0.00    8.00    0.00    0.00    0.00    0.00    0.00    0.00   90.00
01:35:40 PM   12    1.01    0.00    0.00    0.00    0.00    0.00    0.00    0.00    0.00   98.99
01:35:40 PM   13    0.00    0.00    0.00    0.00    0.00    0.00    0.00    0.00    0.00  100.00
01:35:40 PM   14    1.00    0.00    0.00    0.00    0.00    0.00    0.00    0.00    0.00   99.00
01:35:40 PM   15    0.00    0.00    0.00    0.00    0.00    0.00    0.00    0.00    0.00  100.00
01:35:40 PM   16    2.02    0.00    0.00    0.00    0.00    0.00    0.00    0.00    0.00   97.98
01:35:40 PM   17    0.00    0.00    0.00    0.00    0.00    0.00    0.00    0.00    0.00  100.00
01:35:40 PM   18    0.00    0.00    0.00    0.00    0.00    0.00    0.00    0.00    0.00  100.00
01:35:40 PM   19    0.00    0.00    1.01    0.00    0.00    0.00    0.00    0.00    0.00   98.99
01:35:40 PM   20    0.00    0.00    1.01    0.00    0.00    0.00    0.00    0.00    0.00   98.99
01:35:40 PM   21    1.00    0.00    0.00    0.00    0.00    0.00    0.00    0.00    0.00   99.00
01:35:40 PM   22    0.00    0.00    0.00    0.00    0.00    0.00    0.00    0.00    0.00  100.00
01:35:40 PM   23    0.00    0.00    0.00    0.00    0.00    0.00    0.00    0.00    0.00  100.00
01:35:40 PM   24    1.00    0.00    1.00    0.00    0.00    0.00    0.00    0.00    0.00   98.00
01:35:40 PM   25    0.00    0.00    1.01    0.00    0.00    0.00    0.00    0.00    0.00   98.99
01:35:40 PM   26    1.00    0.00    1.00    0.00    0.00    0.00    0.00    0.00    0.00   98.00
01:35:40 PM   27    0.99    0.00    0.99    0.00    0.00    0.00    0.00    0.00    0.00   98.02
01:35:40 PM   28    0.00    0.00    0.00    0.00    0.00    0.00    0.00    0.00    0.00  100.00
01:35:40 PM   29    1.01    0.00    0.00    0.00    0.00    0.00    0.00    0.00    0.00   98.99
01:35:40 PM   30    1.00    0.00    0.00    0.00    0.00    0.00    0.00    0.00    0.00   99.00
01:35:40 PM   31    0.99    0.00    0.99    0.00    0.00    0.00    0.00    0.00    0.00   98.02
01:35:40 PM   32    0.00    0.00    0.00    0.00    0.00    0.00    0.00    0.00    0.00  100.00
01:35:40 PM   33    0.99    0.00    0.99    0.00    0.00    0.00    0.00    0.00    0.00   98.02
01:35:40 PM   34    0.00    0.00    0.00    0.00    0.00    0.00    0.00    0.00    0.00  100.00
01:35:40 PM   35    1.00    0.00    0.00    0.00    0.00    0.00    0.00    0.00    0.00   99.00

01:35:40 PM  CPU    %usr   %nice    %sys %iowait    %irq   %soft  %steal  %guest  %gnice   %idle
01:35:41 PM  all    0.84    0.00    0.31    0.08    0.00    0.00    0.00    0.00    0.00   98.77
01:35:41 PM    0    1.01    0.00    1.01    0.00    0.00    0.00    0.00    0.00    0.00   97.98
01:35:41 PM    1    3.03    0.00    0.00    0.00    0.00    0.00    0.00    0.00    0.00   96.97
01:35:41 PM    2    1.01    0.00    0.00    0.00    0.00    0.00    0.00    0.00    0.00   98.99
01:35:41 PM    3    0.00    0.00    0.00    0.00    0.00    0.00    0.00    0.00    0.00  100.00
01:35:41 PM    4    1.01    0.00    0.00    0.00    0.00    0.00    0.00    0.00    0.00   98.99
01:35:41 PM    5    0.00    0.00    1.00    1.00    0.00    0.00    0.00    0.00    0.00   98.00
01:35:41 PM    6    4.90    0.00    0.98    0.00    0.00    0.00    0.00    0.00    0.00   94.12
01:35:41 PM    7    0.99    0.00    0.99    0.00    0.00    0.00    0.00    0.00    0.00   98.02
01:35:41 PM    8    1.00    0.00    1.00    0.00    0.00    0.00    0.00    0.00    0.00   98.00
01:35:41 PM    9    1.98    0.00    0.99    0.00    0.00    0.00    0.00    0.00    0.00   97.03
01:35:41 PM   10    1.01    0.00    0.00    0.00    0.00    0.00    0.00    0.00    0.00   98.99
01:35:41 PM   11    1.00    0.00    1.00    0.00    0.00    0.00    0.00    0.00    0.00   98.00
01:35:41 PM   12    0.00    0.00    0.00    1.01    0.00    0.00    0.00    0.00    0.00   98.99
01:35:41 PM   13    0.00    0.00    0.00    0.00    0.00    0.00    0.00    0.00    0.00  100.00
01:35:41 PM   14    0.00    0.00    0.00    0.00    0.00    0.00    0.00    0.00    0.00  100.00
01:35:41 PM   15    1.00    0.00    0.00    0.00    0.00    0.00    0.00    0.00    0.00   99.00
01:35:41 PM   16    1.00    0.00    0.00    0.00    0.00    0.00    0.00    0.00    0.00   99.00
01:35:41 PM   17    1.01    0.00    0.00    0.00    0.00    0.00    0.00    0.00    0.00   98.99
01:35:41 PM   18    2.00    0.00    0.00    0.00    0.00    0.00    0.00    0.00    0.00   98.00
01:35:41 PM   19    1.00    0.00    0.00    0.00    0.00    0.00    0.00    0.00    0.00   99.00
01:35:41 PM   20    0.99    0.00    0.00    0.00    0.00    0.00    0.00    0.00    0.00   99.01
01:35:41 PM   21    0.00    0.00    0.00    0.00    0.00    0.00    0.00    0.00    0.00  100.00
01:35:41 PM   22    1.00    0.00    1.00    0.00    0.00    0.00    0.00    0.00    0.00   98.00
01:35:41 PM   23    0.00    0.00    0.00    1.00    0.00    0.00    0.00    0.00    0.00   99.00
01:35:41 PM   24    0.00    0.00    1.00    0.00    0.00    0.00    0.00    0.00    0.00   99.00
01:35:41 PM   25    0.00    0.00    0.00    0.00    0.00    0.00    0.00    0.00    0.00  100.00
01:35:41 PM   26    0.00    0.00    0.00    0.00    0.00    0.00    0.00    0.00    0.00  100.00
01:35:41 PM   27    0.00    0.00    0.00    0.00    0.00    0.00    0.00    0.00    0.00  100.00
01:35:41 PM   28    1.00    0.00    0.00    0.00    0.00    0.00    0.00    0.00    0.00   99.00
01:35:41 PM   29    1.00    0.00    0.00    0.00    0.00    0.00    0.00    0.00    0.00   99.00
01:35:41 PM   30    1.00    0.00    0.00    0.00    0.00    0.00    0.00    0.00    0.00   99.00
01:35:41 PM   31    0.00    0.00    1.01    0.00    0.00    0.00    0.00    0.00    0.00   98.99
01:35:41 PM   32    1.00    0.00    0.00    0.00    0.00    0.00    0.00    0.00    0.00   99.00
01:35:41 PM   33    1.00    0.00    0.00    0.00    0.00    0.00    0.00    0.00    0.00   99.00
01:35:41 PM   34    0.00    0.00    1.01    0.00    0.00    0.00    0.00    0.00    0.00   98.99
01:35:41 PM   35    0.00    0.00    0.00    0.00    0.00    0.00    0.00    0.00    0.00  100.00

01:35:41 PM  CPU    %usr   %nice    %sys %iowait    %irq   %soft  %steal  %guest  %gnice   %idle
01:35:42 PM  all    0.72    0.00    0.56    0.03    0.00    0.00    0.00    0.00    0.00   98.69
01:35:42 PM    0    1.01    0.00    0.00    0.00    0.00    0.00    0.00    0.00    0.00   98.99
01:35:42 PM    1    5.88    0.00    0.98    0.00    0.00    0.00    0.00    0.00    0.00   93.14
01:35:42 PM    2    0.00    0.00    1.01    0.00    0.00    0.00    0.00    0.00    0.00   98.99
01:35:42 PM    3    0.00    0.00    0.00    0.00    0.00    0.00    0.00    0.00    0.00  100.00
01:35:42 PM    4    0.99    0.00    1.98    0.00    0.00    0.00    0.00    0.00    0.00   97.03
01:35:42 PM    5    0.00    0.00    0.00    0.00    0.00    0.00    0.00    0.00    0.00  100.00
01:35:42 PM    6    0.00    0.00    0.00    0.00    0.00    0.00    0.00    0.00    0.00  100.00
01:35:42 PM    7    0.00    0.00    1.01    0.00    0.00    0.00    0.00    0.00    0.00   98.99
01:35:42 PM    8    0.99    0.00    0.99    0.00    0.00    0.00    0.00    0.00    0.00   98.02
01:35:42 PM    9    1.98    0.00    0.99    0.00    0.00    0.00    0.00    0.00    0.00   97.03
01:35:42 PM   10    1.00    0.00    1.00    0.00    0.00    0.00    0.00    0.00    0.00   98.00
01:35:42 PM   11    3.00    0.00    6.00    0.00    0.00    0.00    0.00    0.00    0.00   91.00
01:35:42 PM   12    0.99    0.00    0.99    0.00    0.00    0.00    0.00    0.00    0.00   98.02
01:35:42 PM   13    1.01    0.00    0.00    0.00    0.00    0.00    0.00    0.00    0.00   98.99
01:35:42 PM   14    1.00    0.00    0.00    0.00    0.00    0.00    0.00    0.00    0.00   99.00
01:35:42 PM   15    0.00    0.00    0.00    0.00    0.00    0.00    0.00    0.00    0.00  100.00
01:35:42 PM   16    1.00    0.00    0.00    0.00    0.00    0.00    0.00    0.00    0.00   99.00
01:35:42 PM   17    0.00    0.00    0.99    0.99    0.00    0.00    0.00    0.00    0.00   98.02
01:35:42 PM   18    0.00    0.00    0.00    0.00    0.00    0.00    0.00    0.00    0.00  100.00
01:35:42 PM   19    1.01    0.00    0.00    0.00    0.00    0.00    0.00    0.00    0.00   98.99
01:35:42 PM   20    1.00    0.00    0.00    0.00    0.00    0.00    0.00    0.00    0.00   99.00
01:35:42 PM   21    1.01    0.00    0.00    0.00    0.00    0.00    0.00    0.00    0.00   98.99
01:35:42 PM   22    0.00    0.00    0.00    0.00    0.00    0.00    0.00    0.00    0.00  100.00
01:35:42 PM   23    0.00    0.00    1.00    0.00    0.00    0.00    0.00    0.00    0.00   99.00
01:35:42 PM   24    0.00    0.00    1.01    0.00    0.00    0.00    0.00    0.00    0.00   98.99
01:35:42 PM   25    0.00    0.00    1.00    0.00    0.00    0.00    0.00    0.00    0.00   99.00
01:35:42 PM   26    0.00    0.00    0.00    0.00    0.00    0.00    0.00    0.00    0.00  100.00
01:35:42 PM   27    0.99    0.00    0.99    0.00    0.00    0.00    0.00    0.00    0.00   98.02
01:35:42 PM   28    0.00    0.00    0.00    0.00    0.00    0.00    0.00    0.00    0.00  100.00
01:35:42 PM   29    0.00    0.00    0.00    0.00    0.00    0.00    0.00    0.00    0.00  100.00
01:35:42 PM   30    1.00    0.00    0.00    0.00    0.00    0.00    0.00    0.00    0.00   99.00
01:35:42 PM   31    1.00    0.00    0.00    0.00    0.00    0.00    0.00    0.00    0.00   99.00
01:35:42 PM   32    0.00    0.00    0.00    0.00    0.00    0.00    0.00    0.00    0.00  100.00
01:35:42 PM   33    0.00    0.00    0.00    0.00    0.00    0.00    0.00    0.00    0.00  100.00
01:35:42 PM   34    0.00    0.00    0.00    0.00    0.00    0.00    0.00    0.00    0.00  100.00
01:35:42 PM   35    1.00    0.00    0.00    0.00    0.00    0.00    0.00    0.00    0.00   99.00

01:35:42 PM  CPU    %usr   %nice    %sys %iowait    %irq   %soft  %steal  %guest  %gnice   %idle
01:35:43 PM  all    2.42    0.00    0.61    0.08    0.00    0.00    0.00    0.00    0.00   96.88
01:35:43 PM    0    2.02    0.00    0.00    0.00    0.00    0.00    0.00    0.00    0.00   97.98
01:35:43 PM    1    3.03    0.00    0.00    0.00    0.00    0.00    0.00    0.00    0.00   96.97
01:35:43 PM    2    2.97    0.00    0.00    0.00    0.00    0.00    0.00    0.00    0.00   97.03
01:35:43 PM    3    2.00    0.00    0.00    0.00    0.00    0.00    0.00    0.00    0.00   98.00
01:35:43 PM    4    1.01    0.00    0.00    0.00    0.00    0.00    0.00    0.00    0.00   98.99
01:35:43 PM    5    2.97    0.00    0.99    0.00    0.00    0.00    0.00    0.00    0.00   96.04
01:35:43 PM    6    3.06    0.00    0.00    0.00    0.00    0.00    0.00    0.00    0.00   96.94
01:35:43 PM    7    4.00    0.00    0.00    0.00    0.00    0.00    0.00    0.00    0.00   96.00
01:35:43 PM    8    1.02    0.00    0.00    0.00    0.00    0.00    0.00    0.00    0.00   98.98
01:35:43 PM    9    3.92    0.00    0.98    0.00    0.00    0.00    0.00    0.00    0.00   95.10
01:35:43 PM   10    2.97    0.00    0.99    0.00    0.00    0.00    0.00    0.00    0.00   96.04
01:35:43 PM   11    6.06    0.00    6.06    0.00    0.00    0.00    0.00    0.00    0.00   87.88
01:35:43 PM   12    2.00    0.00    1.00    0.00    0.00    0.00    0.00    0.00    0.00   97.00
01:35:43 PM   13    2.00    0.00    0.00    0.00    0.00    0.00    0.00    0.00    0.00   98.00
01:35:43 PM   14    2.00    0.00    0.00    0.00    0.00    0.00    0.00    0.00    0.00   98.00
01:35:43 PM   15    3.00    0.00    0.00    0.00    0.00    0.00    0.00    0.00    0.00   97.00
01:35:43 PM   16    3.92    0.00    0.98    0.00    0.00    0.00    0.00    0.00    0.00   95.10
01:35:43 PM   17    2.00    0.00    0.00    0.00    0.00    0.00    0.00    0.00    0.00   98.00
01:35:43 PM   18    1.98    0.00    0.99    0.00    0.00    0.00    0.00    0.00    0.00   97.03
01:35:43 PM   19    0.99    0.00    0.00    0.00    0.00    0.00    0.00    0.00    0.00   99.01
01:35:43 PM   20    2.00    0.00    1.00    1.00    0.00    0.00    0.00    0.00    0.00   96.00
01:35:43 PM   21    2.02    0.00    1.01    0.00    0.00    0.00    0.00    0.00    0.00   96.97
01:35:43 PM   22    5.88    0.00    0.98    0.00    0.00    0.00    0.00    0.00    0.00   93.14
01:35:43 PM   23    1.02    0.00    0.00    0.00    0.00    0.00    0.00    0.00    0.00   98.98
01:35:43 PM   24    3.00    0.00    1.00    1.00    0.00    0.00    0.00    0.00    0.00   95.00
01:35:43 PM   25    2.02    0.00    0.00    0.00    0.00    0.00    0.00    0.00    0.00   97.98
01:35:43 PM   26    2.00    0.00    0.00    0.00    0.00    0.00    0.00    0.00    0.00   98.00
01:35:43 PM   27    1.01    0.00    0.00    0.00    0.00    0.00    0.00    0.00    0.00   98.99
01:35:43 PM   28    3.03    0.00    1.01    0.00    0.00    0.00    0.00    0.00    0.00   95.96
01:35:43 PM   29    1.01    0.00    1.01    0.00    0.00    0.00    0.00    0.00    0.00   97.98
01:35:43 PM   30    2.00    0.00    1.00    0.00    0.00    0.00    0.00    0.00    0.00   97.00
01:35:43 PM   31    1.01    0.00    0.00    0.00    0.00    0.00    0.00    0.00    0.00   98.99
01:35:43 PM   32    1.01    0.00    1.01    1.01    0.00    0.00    0.00    0.00    0.00   96.97
01:35:43 PM   33    3.03    0.00    1.01    0.00    0.00    0.00    0.00    0.00    0.00   95.96
01:35:43 PM   34    2.02    0.00    0.00    0.00    0.00    0.00    0.00    0.00    0.00   97.98
01:35:43 PM   35    2.00    0.00    1.00    0.00    0.00    0.00    0.00    0.00    0.00   97.00

01:35:43 PM  CPU    %usr   %nice    %sys %iowait    %irq   %soft  %steal  %guest  %gnice   %idle
01:35:44 PM  all    0.98    0.00    0.28    0.03    0.00    0.03    0.00    0.00    0.00   98.69
01:35:44 PM    0    1.00    0.00    1.00    0.00    0.00    0.00    0.00    0.00    0.00   98.00
01:35:44 PM    1    1.00    0.00    0.00    0.00    0.00    0.00    0.00    0.00    0.00   99.00
01:35:44 PM    2    1.00    0.00    0.00    0.00    0.00    0.00    0.00    0.00    0.00   99.00
01:35:44 PM    3    1.01    0.00    0.00    0.00    0.00    0.00    0.00    0.00    0.00   98.99
01:35:44 PM    4    3.00    0.00    0.00    0.00    0.00    0.00    0.00    0.00    0.00   97.00
01:35:44 PM    5    0.99    0.00    0.99    0.00    0.00    0.00    0.00    0.00    0.00   98.02
01:35:44 PM    6    7.00    0.00    1.00    0.00    0.00    0.00    0.00    0.00    0.00   92.00
01:35:44 PM    7    1.00    0.00    0.00    0.00    0.00    0.00    0.00    0.00    0.00   99.00
01:35:44 PM    8    1.00    0.00    0.00    0.00    0.00    0.00    0.00    0.00    0.00   99.00
01:35:44 PM    9    0.00    0.00    1.01    0.00    0.00    0.00    0.00    0.00    0.00   98.99
01:35:44 PM   10    1.00    0.00    0.00    0.00    0.00    0.00    0.00    0.00    0.00   99.00
01:35:44 PM   11    3.00    0.00    1.00    0.00    0.00    0.00    0.00    0.00    0.00   96.00
01:35:44 PM   12    1.00    0.00    0.00    0.00    0.00    0.00    0.00    0.00    0.00   99.00
01:35:44 PM   13    1.00    0.00    0.00    0.00    0.00    0.00    0.00    0.00    0.00   99.00
01:35:44 PM   14    0.00    0.00    1.00    0.00    0.00    0.00    0.00    0.00    0.00   99.00
01:35:44 PM   15    1.00    0.00    0.00    0.00    0.00    0.00    0.00    0.00    0.00   99.00
01:35:44 PM   16    1.00    0.00    1.00    0.00    0.00    0.00    0.00    0.00    0.00   98.00
01:35:44 PM   17    1.00    0.00    1.00    0.00    0.00    0.00    0.00    0.00    0.00   98.00
01:35:44 PM   18    0.00    0.00    0.00    1.01    0.00    0.00    0.00    0.00    0.00   98.99
01:35:44 PM   19    0.00    0.00    0.00    0.00    0.00    0.00    0.00    0.00    0.00  100.00
01:35:44 PM   20    0.00    0.00    0.00    0.00    0.00    0.00    0.00    0.00    0.00  100.00
01:35:44 PM   21    1.00    0.00    0.00    0.00    0.00    0.00    0.00    0.00    0.00   99.00
01:35:44 PM   22    0.00    0.00    0.00    0.00    0.00    0.00    0.00    0.00    0.00  100.00
01:35:44 PM   23    2.00    0.00    1.00    0.00    0.00    0.00    0.00    0.00    0.00   97.00
01:35:44 PM   24    0.99    0.00    0.99    0.00    0.00    0.00    0.00    0.00    0.00   98.02
01:35:44 PM   25    0.00    0.00    0.00    0.00    0.00    1.00    0.00    0.00    0.00   99.00
01:35:44 PM   26    1.00    0.00    0.00    0.00    0.00    0.00    0.00    0.00    0.00   99.00
01:35:44 PM   27    0.00    0.00    0.00    0.00    0.00    0.00    0.00    0.00    0.00  100.00
01:35:44 PM   28    0.00    0.00    0.00    0.00    0.00    0.00    0.00    0.00    0.00  100.00
01:35:44 PM   29    1.00    0.00    0.00    0.00    0.00    0.00    0.00    0.00    0.00   99.00
01:35:44 PM   30    0.00    0.00    0.00    0.00    0.00    0.00    0.00    0.00    0.00  100.00
01:35:44 PM   31    1.00    0.00    0.00    0.00    0.00    0.00    0.00    0.00    0.00   99.00
01:35:44 PM   32    0.00    0.00    0.00    0.00    0.00    0.00    0.00    0.00    0.00  100.00
01:35:44 PM   33    0.00    0.00    0.00    0.00    0.00    0.00    0.00    0.00    0.00  100.00
01:35:44 PM   34    1.01    0.00    0.00    0.00    0.00    0.00    0.00    0.00    0.00   98.99
01:35:44 PM   35    1.00    0.00    0.00    0.00    0.00    0.00    0.00    0.00    0.00   99.00

01:35:44 PM  CPU    %usr   %nice    %sys %iowait    %irq   %soft  %steal  %guest  %gnice   %idle
01:35:45 PM  all    0.78    0.00    0.78    0.14    0.00    0.00    0.00    0.00    0.00   98.30
01:35:45 PM    0    1.02    0.00    0.00    0.00    0.00    0.00    0.00    0.00    0.00   98.98
01:35:45 PM    1    0.00    0.00    0.00    0.00    0.00    0.00    0.00    0.00    0.00  100.00
01:35:45 PM    2    0.00    0.00    1.01    0.00    0.00    0.00    0.00    0.00    0.00   98.99
01:35:45 PM    3    1.96    0.00    1.96    0.00    0.00    0.00    0.00    0.00    0.00   96.08
01:35:45 PM    4    0.99    0.00    0.99    0.99    0.00    0.00    0.00    0.00    0.00   97.03
01:35:45 PM    5    1.00    0.00    1.00    0.00    0.00    0.00    0.00    0.00    0.00   98.00
01:35:45 PM    6    3.00    0.00    1.00    0.00    0.00    0.00    0.00    0.00    0.00   96.00
01:35:45 PM    7    0.99    0.00    0.99    0.99    0.00    0.00    0.00    0.00    0.00   97.03
01:35:45 PM    8    0.00    0.00    0.00    0.00    0.00    0.00    0.00    0.00    0.00  100.00
01:35:45 PM    9    0.00    0.00    0.00    0.00    0.00    0.00    0.00    0.00    0.00  100.00
01:35:45 PM   10    1.01    0.00    0.00    0.00    0.00    0.00    0.00    0.00    0.00   98.99
01:35:45 PM   11    3.00    0.00    6.00    0.00    0.00    0.00    0.00    0.00    0.00   91.00
01:35:45 PM   12    0.00    0.00    1.00    1.00    0.00    0.00    0.00    0.00    0.00   98.00
01:35:45 PM   13    1.01    0.00    0.00    0.00    0.00    0.00    0.00    0.00    0.00   98.99
01:35:45 PM   14    1.01    0.00    0.00    0.00    0.00    0.00    0.00    0.00    0.00   98.99
01:35:45 PM   15    1.00    0.00    1.00    0.00    0.00    0.00    0.00    0.00    0.00   98.00
01:35:45 PM   16    0.00    0.00    0.00    0.00    0.00    0.00    0.00    0.00    0.00  100.00
01:35:45 PM   17    1.00    0.00    0.00    0.00    0.00    0.00    0.00    0.00    0.00   99.00
01:35:45 PM   18    0.00    0.00    0.00    0.00    0.00    0.00    0.00    0.00    0.00  100.00
01:35:45 PM   19    1.94    0.00    0.97    0.00    0.00    0.00    0.00    0.00    0.00   97.09
01:35:45 PM   20    0.99    0.00    0.99    0.00    0.00    0.00    0.00    0.00    0.00   98.02
01:35:45 PM   21    0.00    0.00    0.00    0.00    0.00    0.00    0.00    0.00    0.00  100.00
01:35:45 PM   22    0.99    0.00    1.98    0.00    0.00    0.00    0.00    0.00    0.00   97.03
01:35:45 PM   23    0.99    0.00    0.99    0.99    0.00    0.00    0.00    0.00    0.00   97.03
01:35:45 PM   24    1.00    0.00    1.00    1.00    0.00    0.00    0.00    0.00    0.00   97.00
01:35:45 PM   25    1.01    0.00    0.00    0.00    0.00    0.00    0.00    0.00    0.00   98.99
01:35:45 PM   26    1.00    0.00    1.00    0.00    0.00    0.00    0.00    0.00    0.00   98.00
01:35:45 PM   27    0.00    0.00    1.00    0.00    0.00    0.00    0.00    0.00    0.00   99.00
01:35:45 PM   28    0.00    0.00    1.01    0.00    0.00    0.00    0.00    0.00    0.00   98.99
01:35:45 PM   29    0.99    0.00    0.99    0.00    0.00    0.00    0.00    0.00    0.00   98.02
01:35:45 PM   30    0.00    0.00    0.00    0.00    0.00    0.00    0.00    0.00    0.00  100.00
01:35:45 PM   31    1.01    0.00    0.00    0.00    0.00    0.00    0.00    0.00    0.00   98.99
01:35:45 PM   32    1.00    0.00    0.00    0.00    0.00    0.00    0.00    0.00    0.00   99.00
01:35:45 PM   33    0.00    0.00    1.01    0.00    0.00    0.00    0.00    0.00    0.00   98.99
01:35:45 PM   34    0.00    0.00    1.00    0.00    0.00    0.00    0.00    0.00    0.00   99.00
01:35:45 PM   35    0.00    0.00    1.00    0.00    0.00    0.00    0.00    0.00    0.00   99.00

01:35:45 PM  CPU    %usr   %nice    %sys %iowait    %irq   %soft  %steal  %guest  %gnice   %idle
01:35:46 PM  all    1.11    0.00    0.47    0.00    0.00    0.03    0.00    0.00    0.00   98.39
01:35:46 PM    0    0.99    0.00    0.99    0.00    0.00    0.99    0.00    0.00    0.00   97.03
01:35:46 PM    1    1.98    0.00    0.99    0.00    0.00    0.00    0.00    0.00    0.00   97.03
01:35:46 PM    2    5.05    0.00    0.00    0.00    0.00    0.00    0.00    0.00    0.00   94.95
01:35:46 PM    3    0.00    0.00    0.00    0.00    0.00    0.00    0.00    0.00    0.00  100.00
01:35:46 PM    4    1.98    0.00    0.00    0.00    0.00    0.00    0.00    0.00    0.00   98.02
01:35:46 PM    5    1.96    0.00    0.98    0.00    0.00    0.00    0.00    0.00    0.00   97.06
01:35:46 PM    6    1.00    0.00    1.00    0.00    0.00    0.00    0.00    0.00    0.00   98.00
01:35:46 PM    7    0.00    0.00    0.00    0.00    0.00    0.00    0.00    0.00    0.00  100.00
01:35:46 PM    8    1.00    0.00    0.00    0.00    0.00    0.00    0.00    0.00    0.00   99.00
01:35:46 PM    9    2.02    0.00    0.00    0.00    0.00    0.00    0.00    0.00    0.00   97.98
01:35:46 PM   10    1.01    0.00    0.00    0.00    0.00    0.00    0.00    0.00    0.00   98.99
01:35:46 PM   11    2.00    0.00    6.00    0.00    0.00    0.00    0.00    0.00    0.00   92.00
01:35:46 PM   12    1.01    0.00    0.00    0.00    0.00    0.00    0.00    0.00    0.00   98.99
01:35:46 PM   13    1.00    0.00    0.00    0.00    0.00    0.00    0.00    0.00    0.00   99.00
01:35:46 PM   14    1.00    0.00    0.00    0.00    0.00    0.00    0.00    0.00    0.00   99.00
01:35:46 PM   15    0.00    0.00    0.00    0.00    0.00    0.00    0.00    0.00    0.00  100.00
01:35:46 PM   16    0.99    0.00    0.99    0.00    0.00    0.00    0.00    0.00    0.00   98.02
01:35:46 PM   17    4.04    0.00    3.03    0.00    0.00    0.00    0.00    0.00    0.00   92.93
01:35:46 PM   18    1.01    0.00    0.00    0.00    0.00    0.00    0.00    0.00    0.00   98.99
01:35:46 PM   19    0.00    0.00    0.00    0.00    0.00    0.00    0.00    0.00    0.00  100.00
01:35:46 PM   20    1.01    0.00    0.00    0.00    0.00    0.00    0.00    0.00    0.00   98.99
01:35:46 PM   21    0.99    0.00    0.00    0.00    0.00    0.00    0.00    0.00    0.00   99.01
01:35:46 PM   22    0.99    0.00    0.99    0.00    0.00    0.00    0.00    0.00    0.00   98.02
01:35:46 PM   23    0.00    0.00    1.00    0.00    0.00    0.00    0.00    0.00    0.00   99.00
01:35:46 PM   24    1.00    0.00    0.00    0.00    0.00    0.00    0.00    0.00    0.00   99.00
01:35:46 PM   25    0.99    0.00    0.00    0.00    0.00    0.00    0.00    0.00    0.00   99.01
01:35:46 PM   26    0.00    0.00    0.00    0.00    0.00    0.00    0.00    0.00    0.00  100.00
01:35:46 PM   27    1.00    0.00    0.00    0.00    0.00    0.00    0.00    0.00    0.00   99.00
01:35:46 PM   28    1.98    0.00    0.00    0.00    0.00    0.00    0.00    0.00    0.00   98.02
01:35:46 PM   29    0.00    0.00    0.00    0.00    0.00    0.00    0.00    0.00    0.00  100.00
01:35:46 PM   30    1.00    0.00    0.00    0.00    0.00    0.00    0.00    0.00    0.00   99.00
01:35:46 PM   31    0.00    0.00    0.00    0.00    0.00    0.00    0.00    0.00    0.00  100.00
01:35:46 PM   32    1.00    0.00    0.00    0.00    0.00    0.00    0.00    0.00    0.00   99.00
01:35:46 PM   33    1.00    0.00    0.00    0.00    0.00    0.00    0.00    0.00    0.00   99.00
01:35:46 PM   34    1.00    0.00    1.00    0.00    0.00    0.00    0.00    0.00    0.00   98.00
01:35:46 PM   35    0.00    0.00    0.00    0.00    0.00    0.00    0.00    0.00    0.00  100.00

01:35:46 PM  CPU    %usr   %nice    %sys %iowait    %irq   %soft  %steal  %guest  %gnice   %idle
01:35:47 PM  all    0.89    0.00    0.17    0.11    0.00    0.00    0.00    0.00    0.00   98.83
01:35:47 PM    0    1.01    0.00    1.01    0.00    0.00    0.00    0.00    0.00    0.00   97.98
01:35:47 PM    1    1.02    0.00    0.00    0.00    0.00    0.00    0.00    0.00    0.00   98.98
01:35:47 PM    2    3.00    0.00    0.00    0.00    0.00    0.00    0.00    0.00    0.00   97.00
01:35:47 PM    3    2.00    0.00    0.00    0.00    0.00    0.00    0.00    0.00    0.00   98.00
01:35:47 PM    4    0.00    0.00    1.01    0.00    0.00    0.00    0.00    0.00    0.00   98.99
01:35:47 PM    5    1.01    0.00    0.00    0.00    0.00    0.00    0.00    0.00    0.00   98.99
01:35:47 PM    6    1.01    0.00    0.00    0.00    0.00    0.00    0.00    0.00    0.00   98.99
01:35:47 PM    7    1.00    0.00    0.00    0.00    0.00    0.00    0.00    0.00    0.00   99.00
01:35:47 PM    8    1.98    0.00    0.00    0.99    0.00    0.00    0.00    0.00    0.00   97.03
01:35:47 PM    9    2.00    0.00    0.00    0.00    0.00    0.00    0.00    0.00    0.00   98.00
01:35:47 PM   10    2.00    0.00    0.00    0.00    0.00    0.00    0.00    0.00    0.00   98.00
01:35:47 PM   11    1.00    0.00    0.00    1.00    0.00    0.00    0.00    0.00    0.00   98.00
01:35:47 PM   12    1.98    0.00    0.00    0.00    0.00    0.00    0.00    0.00    0.00   98.02
01:35:47 PM   13    0.00    0.00    0.00    0.00    0.00    0.00    0.00    0.00    0.00  100.00
01:35:47 PM   14    0.00    0.00    0.00    0.00    0.00    0.00    0.00    0.00    0.00  100.00
01:35:47 PM   15    1.01    0.00    0.00    0.00    0.00    0.00    0.00    0.00    0.00   98.99
01:35:47 PM   16    1.00    0.00    1.00    0.00    0.00    0.00    0.00    0.00    0.00   98.00
01:35:47 PM   17    1.96    0.00    0.00    0.00    0.00    0.00    0.00    0.00    0.00   98.04
01:35:47 PM   18    0.00    0.00    0.00    0.00    0.00    0.00    0.00    0.00    0.00  100.00
01:35:47 PM   19    0.00    0.00    0.00    0.00    0.00    0.00    0.00    0.00    0.00  100.00
01:35:47 PM   20    1.00    0.00    0.00    0.00    0.00    0.00    0.00    0.00    0.00   99.00
01:35:47 PM   21    0.00    0.00    0.00    0.00    0.00    0.00    0.00    0.00    0.00  100.00
01:35:47 PM   22    0.00    0.00    0.00    0.00    0.00    0.00    0.00    0.00    0.00  100.00
01:35:47 PM   23    1.00    0.00    1.00    0.00    0.00    0.00    0.00    0.00    0.00   98.00
01:35:47 PM   24    0.00    0.00    1.01    0.00    0.00    0.00    0.00    0.00    0.00   98.99
01:35:47 PM   25    0.00    0.00    0.00    0.00    0.00    0.00    0.00    0.00    0.00  100.00
01:35:47 PM   26    1.98    0.00    0.00    0.00    0.00    0.00    0.00    0.00    0.00   98.02
01:35:47 PM   27    0.00    0.00    1.01    0.00    0.00    0.00    0.00    0.00    0.00   98.99
01:35:47 PM   28    1.01    0.00    0.00    0.00    0.00    0.00    0.00    0.00    0.00   98.99
01:35:47 PM   29    1.98    0.00    0.00    0.99    0.00    0.00    0.00    0.00    0.00   97.03
01:35:47 PM   30    1.01    0.00    0.00    1.01    0.00    0.00    0.00    0.00    0.00   97.98
01:35:47 PM   31    0.00    0.00    0.00    0.00    0.00    0.00    0.00    0.00    0.00  100.00
01:35:47 PM   32    0.00    0.00    0.00    0.00    0.00    0.00    0.00    0.00    0.00  100.00
01:35:47 PM   33    1.00    0.00    0.00    0.00    0.00    0.00    0.00    0.00    0.00   99.00
01:35:47 PM   34    0.00    0.00    0.00    0.00    0.00    0.00    0.00    0.00    0.00  100.00
01:35:47 PM   35    0.00    0.00    0.00    0.00    0.00    0.00    0.00    0.00    0.00  100.00

01:35:47 PM  CPU    %usr   %nice    %sys %iowait    %irq   %soft  %steal  %guest  %gnice   %idle
01:35:48 PM  all    1.33    0.00    0.64    0.00    0.00    0.00    0.00    0.00    0.00   98.03
01:35:48 PM    0    1.00    0.00    1.00    0.00    0.00    0.00    0.00    0.00    0.00   98.00
01:35:48 PM    1    1.00    0.00    0.00    0.00    0.00    0.00    0.00    0.00    0.00   99.00
01:35:48 PM    2    0.00    0.00    1.00    0.00    0.00    0.00    0.00    0.00    0.00   99.00
01:35:48 PM    3    3.96    0.00    5.94    0.00    0.00    0.00    0.00    0.00    0.00   90.10
01:35:48 PM    4    1.96    0.00    0.98    0.00    0.00    0.00    0.00    0.00    0.00   97.06
01:35:48 PM    5    1.98    0.00    0.99    0.00    0.00    0.00    0.00    0.00    0.00   97.03
01:35:48 PM    6    5.00    0.00    1.00    0.00    0.00    0.00    0.00    0.00    0.00   94.00
01:35:48 PM    7    1.00    0.00    0.00    0.00    0.00    0.00    0.00    0.00    0.00   99.00
01:35:48 PM    8    1.98    0.00    0.99    0.00    0.00    0.00    0.00    0.00    0.00   97.03
01:35:48 PM    9    0.99    0.00    1.98    0.00    0.00    0.00    0.00    0.00    0.00   97.03
01:35:48 PM   10    1.98    0.00    0.00    0.00    0.00    0.00    0.00    0.00    0.00   98.02
01:35:48 PM   11    0.00    0.00    0.00    0.00    0.00    0.00    0.00    0.00    0.00  100.00
01:35:48 PM   12    0.99    0.00    0.99    0.00    0.00    0.00    0.00    0.00    0.00   98.02
01:35:48 PM   13    0.00    0.00    1.01    0.00    0.00    0.00    0.00    0.00    0.00   98.99
01:35:48 PM   14    0.00    0.00    0.00    0.00    0.00    0.00    0.00    0.00    0.00  100.00
01:35:48 PM   15    1.00    0.00    0.00    0.00    0.00    0.00    0.00    0.00    0.00   99.00
01:35:48 PM   16    1.00    0.00    0.00    0.00    0.00    0.00    0.00    0.00    0.00   99.00
01:35:48 PM   17    1.98    0.00    0.99    0.00    0.00    0.00    0.00    0.00    0.00   97.03
01:35:48 PM   18    1.00    0.00    0.00    0.00    0.00    0.00    0.00    0.00    0.00   99.00
01:35:48 PM   19    0.00    0.00    0.00    0.00    0.00    0.00    0.00    0.00    0.00  100.00
01:35:48 PM   20    2.00    0.00    0.00    0.00    0.00    0.00    0.00    0.00    0.00   98.00
01:35:48 PM   21    1.00    0.00    1.00    0.00    0.00    0.00    0.00    0.00    0.00   98.00
01:35:48 PM   22    1.96    0.00    1.96    0.00    0.00    0.00    0.00    0.00    0.00   96.08
01:35:48 PM   23    1.01    0.00    0.00    0.00    0.00    0.00    0.00    0.00    0.00   98.99
01:35:48 PM   24    2.00    0.00    1.00    0.00    0.00    0.00    0.00    0.00    0.00   97.00
01:35:48 PM   25    0.00    0.00    0.00    0.00    0.00    0.00    0.00    0.00    0.00  100.00
01:35:48 PM   26    0.00    0.00    0.00    0.00    0.00    0.00    0.00    0.00    0.00  100.00
01:35:48 PM   27    0.00    0.00    0.00    0.00    0.00    0.00    0.00    0.00    0.00  100.00
01:35:48 PM   28    1.01    0.00    0.00    0.00    0.00    0.00    0.00    0.00    0.00   98.99
01:35:48 PM   29    2.00    0.00    0.00    0.00    0.00    0.00    0.00    0.00    0.00   98.00
01:35:48 PM   30    1.00    0.00    0.00    0.00    0.00    0.00    0.00    0.00    0.00   99.00
01:35:48 PM   31    1.98    0.00    0.99    0.00    0.00    0.00    0.00    0.00    0.00   97.03
01:35:48 PM   32    2.94    0.00    0.00    0.00    0.00    0.00    0.00    0.00    0.00   97.06
01:35:48 PM   33    1.00    0.00    1.00    0.00    0.00    0.00    0.00    0.00    0.00   98.00
01:35:48 PM   34    2.00    0.00    0.00    0.00    0.00    0.00    0.00    0.00    0.00   98.00
01:35:48 PM   35    1.00    0.00    0.00    0.00    0.00    0.00    0.00    0.00    0.00   99.00

01:35:48 PM  CPU    %usr   %nice    %sys %iowait    %irq   %soft  %steal  %guest  %gnice   %idle
01:35:49 PM  all    1.06    0.00    0.31    0.08    0.00    0.00    0.00    0.00    0.00   98.55
01:35:49 PM    0    3.03    0.00    0.00    0.00    0.00    0.00    0.00    0.00    0.00   96.97
01:35:49 PM    1    0.00    0.00    0.00    0.00    0.00    0.00    0.00    0.00    0.00  100.00
01:35:49 PM    2    9.90    0.00    0.00    0.99    0.00    0.00    0.00    0.00    0.00   89.11
01:35:49 PM    3    2.02    0.00    1.01    0.00    0.00    0.00    0.00    0.00    0.00   96.97
01:35:49 PM    4    1.01    0.00    0.00    0.00    0.00    0.00    0.00    0.00    0.00   98.99
01:35:49 PM    5    1.01    0.00    0.00    0.00    0.00    0.00    0.00    0.00    0.00   98.99
01:35:49 PM    6    2.91    0.00    1.94    0.97    0.00    0.00    0.00    0.00    0.00   94.17
01:35:49 PM    7    0.00    0.00    1.01    0.00    0.00    0.00    0.00    0.00    0.00   98.99
01:35:49 PM    8    1.01    0.00    0.00    0.00    0.00    0.00    0.00    0.00    0.00   98.99
01:35:49 PM    9    2.00    0.00    0.00    0.00    0.00    0.00    0.00    0.00    0.00   98.00
01:35:49 PM   10    0.00    0.00    0.00    0.00    0.00    0.00    0.00    0.00    0.00  100.00
01:35:49 PM   11    0.00    0.00    1.01    0.00    0.00    0.00    0.00    0.00    0.00   98.99
01:35:49 PM   12    2.04    0.00    0.00    0.00    0.00    0.00    0.00    0.00    0.00   97.96
01:35:49 PM   13    1.00    0.00    0.00    0.00    0.00    0.00    0.00    0.00    0.00   99.00
01:35:49 PM   14    2.00    0.00    1.00    0.00    0.00    0.00    0.00    0.00    0.00   97.00
01:35:49 PM   15    1.00    0.00    0.00    0.00    0.00    0.00    0.00    0.00    0.00   99.00
01:35:49 PM   16    0.00    0.00    1.00    0.00    0.00    0.00    0.00    0.00    0.00   99.00
01:35:49 PM   17    2.02    0.00    0.00    0.00    0.00    0.00    0.00    0.00    0.00   97.98
01:35:49 PM   18    0.00    0.00    0.00    0.00    0.00    0.00    0.00    0.00    0.00  100.00
01:35:49 PM   19    1.01    0.00    0.00    0.00    0.00    0.00    0.00    0.00    0.00   98.99
01:35:49 PM   20    1.00    0.00    0.00    0.00    0.00    0.00    0.00    0.00    0.00   99.00
01:35:49 PM   21    0.00    0.00    0.00    0.00    0.00    0.00    0.00    0.00    0.00  100.00
01:35:49 PM   22    0.99    0.00    0.99    0.00    0.00    0.00    0.00    0.00    0.00   98.02
01:35:49 PM   23    0.00    0.00    0.00    0.00    0.00    0.00    0.00    0.00    0.00  100.00
01:35:49 PM   24    0.00    0.00    0.00    0.00    0.00    0.00    0.00    0.00    0.00  100.00
01:35:49 PM   25    0.99    0.00    0.99    0.00    0.00    0.00    0.00    0.00    0.00   98.02
01:35:49 PM   26    1.00    0.00    0.00    0.00    0.00    0.00    0.00    0.00    0.00   99.00
01:35:49 PM   27    0.00    0.00    0.00    1.00    0.00    0.00    0.00    0.00    0.00   99.00
01:35:49 PM   28    0.00    0.00    0.00    0.00    0.00    0.00    0.00    0.00    0.00  100.00
01:35:49 PM   29    0.00    0.00    1.00    0.00    0.00    0.00    0.00    0.00    0.00   99.00
01:35:49 PM   30    0.00    0.00    1.01    0.00    0.00    0.00    0.00    0.00    0.00   98.99
01:35:49 PM   31    1.00    0.00    0.00    0.00    0.00    0.00    0.00    0.00    0.00   99.00
01:35:49 PM   32    0.00    0.00    0.00    0.00    0.00    0.00    0.00    0.00    0.00  100.00
01:35:49 PM   33    1.00    0.00    0.00    0.00    0.00    0.00    0.00    0.00    0.00   99.00
01:35:49 PM   34    0.00    0.00    0.00    0.00    0.00    0.00    0.00    0.00    0.00  100.00
01:35:49 PM   35    0.00    0.00    0.00    0.00    0.00    0.00    0.00    0.00    0.00  100.00

01:35:49 PM  CPU    %usr   %nice    %sys %iowait    %irq   %soft  %steal  %guest  %gnice   %idle
01:35:50 PM  all    1.12    0.00    0.39    0.03    0.00    0.03    0.00    0.00    0.00   98.44
01:35:50 PM    0    1.00    0.00    1.00    0.00    0.00    0.00    0.00    0.00    0.00   98.00
01:35:50 PM    1    1.00    0.00    1.00    0.00    0.00    0.00    0.00    0.00    0.00   98.00
01:35:50 PM    2    6.00    0.00    1.00    0.00    0.00    0.00    0.00    0.00    0.00   93.00
01:35:50 PM    3    5.00    0.00    5.00    0.00    0.00    0.00    0.00    0.00    0.00   90.00
01:35:50 PM    4    1.00    0.00    0.00    0.00    0.00    0.00    0.00    0.00    0.00   99.00
01:35:50 PM    5    1.00    0.00    1.00    0.00    0.00    0.00    0.00    0.00    0.00   98.00
01:35:50 PM    6    1.01    0.00    0.00    0.00    0.00    0.00    0.00    0.00    0.00   98.99
01:35:50 PM    7    1.00    0.00    0.00    0.00    0.00    0.00    0.00    0.00    0.00   99.00
01:35:50 PM    8    1.00    0.00    1.00    0.00    0.00    0.00    0.00    0.00    0.00   98.00
01:35:50 PM    9    3.96    0.00    0.99    0.00    0.00    0.00    0.00    0.00    0.00   95.05
01:35:50 PM   10    2.00    0.00    0.00    1.00    0.00    0.00    0.00    0.00    0.00   97.00
01:35:50 PM   11    0.99    0.00    0.00    0.00    0.00    0.99    0.00    0.00    0.00   98.02
01:35:50 PM   12    0.00    0.00    0.00    0.00    0.00    0.00    0.00    0.00    0.00  100.00
01:35:50 PM   13    1.98    0.00    0.00    0.00    0.00    0.00    0.00    0.00    0.00   98.02
01:35:50 PM   14    1.98    0.00    0.00    0.00    0.00    0.00    0.00    0.00    0.00   98.02
01:35:50 PM   15    0.00    0.00    0.00    0.00    0.00    0.00    0.00    0.00    0.00  100.00
01:35:50 PM   16    1.00    0.00    0.00    0.00    0.00    0.00    0.00    0.00    0.00   99.00
01:35:50 PM   17    0.00    0.00    1.00    0.00    0.00    0.00    0.00    0.00    0.00   99.00
01:35:50 PM   18    1.01    0.00    0.00    0.00    0.00    0.00    0.00    0.00    0.00   98.99
01:35:50 PM   19    1.00    0.00    0.00    0.00    0.00    0.00    0.00    0.00    0.00   99.00
01:35:50 PM   20    0.00    0.00    0.00    0.00    0.00    0.00    0.00    0.00    0.00  100.00
01:35:50 PM   21    1.01    0.00    0.00    0.00    0.00    0.00    0.00    0.00    0.00   98.99
01:35:50 PM   22    1.00    0.00    1.00    0.00    0.00    0.00    0.00    0.00    0.00   98.00
01:35:50 PM   23    0.00    0.00    0.00    0.00    0.00    0.00    0.00    0.00    0.00  100.00
01:35:50 PM   24    0.00    0.00    0.00    0.00    0.00    0.00    0.00    0.00    0.00  100.00
01:35:50 PM   25    1.01    0.00    0.00    0.00    0.00    0.00    0.00    0.00    0.00   98.99
01:35:50 PM   26    1.01    0.00    0.00    0.00    0.00    0.00    0.00    0.00    0.00   98.99
01:35:50 PM   27    0.00    0.00    0.00    0.00    0.00    0.00    0.00    0.00    0.00  100.00
01:35:50 PM   28    0.00    0.00    0.00    0.00    0.00    0.00    0.00    0.00    0.00  100.00
01:35:50 PM   29    0.00    0.00    0.00    0.00    0.00    0.00    0.00    0.00    0.00  100.00
01:35:50 PM   30    0.00    0.00    1.00    0.00    0.00    0.00    0.00    0.00    0.00   99.00
01:35:50 PM   31    0.00    0.00    0.00    0.00    0.00    0.00    0.00    0.00    0.00  100.00
01:35:50 PM   32    2.02    0.00    0.00    0.00    0.00    0.00    0.00    0.00    0.00   97.98
01:35:50 PM   33    0.00    0.00    0.00    0.00    0.00    0.00    0.00    0.00    0.00  100.00
01:35:50 PM   34    1.00    0.00    0.00    0.00    0.00    0.00    0.00    0.00    0.00   99.00
01:35:50 PM   35    1.01    0.00    0.00    0.00    0.00    0.00    0.00    0.00    0.00   98.99

01:35:50 PM  CPU    %usr   %nice    %sys %iowait    %irq   %soft  %steal  %guest  %gnice   %idle
01:35:51 PM  all    0.75    0.00    0.53    0.11    0.00    0.00    0.00    0.00    0.00   98.61
01:35:51 PM    0    0.00    0.00    0.00    0.00    0.00    0.00    0.00    0.00    0.00  100.00
01:35:51 PM    1    0.99    0.00    0.99    0.99    0.00    0.00    0.00    0.00    0.00   97.03
01:35:51 PM    2    6.93    0.00    0.00    0.00    0.00    0.00    0.00    0.00    0.00   93.07
01:35:51 PM    3    2.02    0.00    6.06    0.00    0.00    0.00    0.00    0.00    0.00   91.92
01:35:51 PM    4    0.00    0.00    0.00    0.00    0.00    0.00    0.00    0.00    0.00  100.00
01:35:51 PM    5    0.00    0.00    0.00    0.00    0.00    0.00    0.00    0.00    0.00  100.00
01:35:51 PM    6    0.00    0.00    1.01    0.00    0.00    0.00    0.00    0.00    0.00   98.99
01:35:51 PM    7    1.00    0.00    0.00    0.00    0.00    0.00    0.00    0.00    0.00   99.00
01:35:51 PM    8    0.00    0.00    0.00    0.00    0.00    0.00    0.00    0.00    0.00  100.00
01:35:51 PM    9    1.00    0.00    1.00    0.00    0.00    0.00    0.00    0.00    0.00   98.00
01:35:51 PM   10    0.00    0.00    0.00    0.00    0.00    0.00    0.00    0.00    0.00  100.00
01:35:51 PM   11    0.00    0.00    0.00    0.00    0.00    0.00    0.00    0.00    0.00  100.00
01:35:51 PM   12    0.98    0.00    0.98    0.00    0.00    0.00    0.00    0.00    0.00   98.04
01:35:51 PM   13    1.00    0.00    0.00    0.00    0.00    0.00    0.00    0.00    0.00   99.00
01:35:51 PM   14    0.00    0.00    0.00    0.00    0.00    0.00    0.00    0.00    0.00  100.00
01:35:51 PM   15    0.00    0.00    0.00    0.00    0.00    0.00    0.00    0.00    0.00  100.00
01:35:51 PM   16    0.00    0.00    0.00    0.00    0.00    0.00    0.00    0.00    0.00  100.00
01:35:51 PM   17    0.00    0.00    0.00    0.00    0.00    0.00    0.00    0.00    0.00  100.00
01:35:51 PM   18    1.01    0.00    0.00    0.00    0.00    0.00    0.00    0.00    0.00   98.99
01:35:51 PM   19    2.00    0.00    1.00    0.00    0.00    0.00    0.00    0.00    0.00   97.00
01:35:51 PM   20    1.96    0.00    0.98    0.98    0.00    0.00    0.00    0.00    0.00   96.08
01:35:51 PM   21    1.00    0.00    0.00    0.00    0.00    0.00    0.00    0.00    0.00   99.00
01:35:51 PM   22    0.00    0.00    0.00    0.00    0.00    0.00    0.00    0.00    0.00  100.00
01:35:51 PM   23    0.99    0.00    0.99    0.00    0.00    0.00    0.00    0.00    0.00   98.02
01:35:51 PM   24    2.94    0.00    0.98    0.98    0.00    0.00    0.00    0.00    0.00   95.10
01:35:51 PM   25    0.00    0.00    1.00    0.00    0.00    0.00    0.00    0.00    0.00   99.00
01:35:51 PM   26    0.00    0.00    0.00    0.00    0.00    0.00    0.00    0.00    0.00  100.00
01:35:51 PM   27    1.00    0.00    0.00    1.00    0.00    0.00    0.00    0.00    0.00   98.00
01:35:51 PM   28    0.00    0.00    0.00    0.00    0.00    0.00    0.00    0.00    0.00  100.00
01:35:51 PM   29    0.00    0.00    1.98    0.00    0.00    0.00    0.00    0.00    0.00   98.02
01:35:51 PM   30    0.00    0.00    0.00    0.00    0.00    0.00    0.00    0.00    0.00  100.00
01:35:51 PM   31    1.00    0.00    1.00    0.00    0.00    0.00    0.00    0.00    0.00   98.00
01:35:51 PM   32    0.00    0.00    0.00    0.00    0.00    0.00    0.00    0.00    0.00  100.00
01:35:51 PM   33    0.00    0.00    0.00    0.00    0.00    0.00    0.00    0.00    0.00  100.00
01:35:51 PM   34    0.00    0.00    1.01    0.00    0.00    0.00    0.00    0.00    0.00   98.99
01:35:51 PM   35    1.00    0.00    0.00    0.00    0.00    0.00    0.00    0.00    0.00   99.00

01:35:51 PM  CPU    %usr   %nice    %sys %iowait    %irq   %soft  %steal  %guest  %gnice   %idle
01:35:52 PM  all    0.56    0.00    0.33    0.03    0.00    0.03    0.00    0.00    0.00   99.05
01:35:52 PM    0    1.00    0.00    0.00    0.00    0.00    0.00    0.00    0.00    0.00   99.00
01:35:52 PM    1    0.00    0.00    0.00    0.00    0.00    0.00    0.00    0.00    0.00  100.00
01:35:52 PM    2    0.00    0.00    0.00    0.00    0.00    0.00    0.00    0.00    0.00  100.00
01:35:52 PM    3    5.94    0.00    0.99    0.00    0.00    0.00    0.00    0.00    0.00   93.07
01:35:52 PM    4    0.00    0.00    0.00    0.00    0.00    0.00    0.00    0.00    0.00  100.00
01:35:52 PM    5    0.00    0.00    0.00    0.00    0.00    0.00    0.00    0.00    0.00  100.00
01:35:52 PM    6    0.00    0.00    0.00    0.00    0.00    0.00    0.00    0.00    0.00  100.00
01:35:52 PM    7    0.00    0.00    1.00    0.00    0.00    0.00    0.00    0.00    0.00   99.00
01:35:52 PM    8    0.00    0.00    0.00    0.00    0.00    0.00    0.00    0.00    0.00  100.00
01:35:52 PM    9    0.00    0.00    1.01    0.00    0.00    0.00    0.00    0.00    0.00   98.99
01:35:52 PM   10    0.00    0.00    1.00    0.00    0.00    0.00    0.00    0.00    0.00   99.00
01:35:52 PM   11    1.00    0.00    0.00    0.00    0.00    0.00    0.00    0.00    0.00   99.00
01:35:52 PM   12    0.00    0.00    0.00    0.00    0.00    0.00    0.00    0.00    0.00  100.00
01:35:52 PM   13    1.00    0.00    0.00    0.00    0.00    0.00    0.00    0.00    0.00   99.00
01:35:52 PM   14    1.00    0.00    0.00    0.00    0.00    0.00    0.00    0.00    0.00   99.00
01:35:52 PM   15    0.00    0.00    0.00    0.00    0.00    0.00    0.00    0.00    0.00  100.00
01:35:52 PM   16    1.00    0.00    0.00    0.00    0.00    0.00    0.00    0.00    0.00   99.00
01:35:52 PM   17    1.00    0.00    1.00    0.00    0.00    0.00    0.00    0.00    0.00   98.00
01:35:52 PM   18    1.94    0.00    0.97    0.00    0.00    0.97    0.00    0.00    0.00   96.12
01:35:52 PM   19    0.00    0.00    0.00    0.00    0.00    0.00    0.00    0.00    0.00  100.00
01:35:52 PM   20    0.00    0.00    0.00    0.00    0.00    0.00    0.00    0.00    0.00  100.00
01:35:52 PM   21    1.00    0.00    0.00    0.00    0.00    0.00    0.00    0.00    0.00   99.00
01:35:52 PM   22    1.00    0.00    1.00    0.00    0.00    0.00    0.00    0.00    0.00   98.00
01:35:52 PM   23    1.00    0.00    1.00    0.00    0.00    0.00    0.00    0.00    0.00   98.00
01:35:52 PM   24    0.00    0.00    0.00    0.00    0.00    0.00    0.00    0.00    0.00  100.00
01:35:52 PM   25    0.00    0.00    1.00    0.00    0.00    0.00    0.00    0.00    0.00   99.00
01:35:52 PM   26    1.00    0.00    0.00    0.00    0.00    0.00    0.00    0.00    0.00   99.00
01:35:52 PM   27    0.00    0.00    0.00    0.00    0.00    0.00    0.00    0.00    0.00  100.00
01:35:52 PM   28    0.00    0.00    0.00    0.00    0.00    0.00    0.00    0.00    0.00  100.00
01:35:52 PM   29    1.00    0.00    0.00    1.00    0.00    0.00    0.00    0.00    0.00   98.00
01:35:52 PM   30    0.00    0.00    0.00    0.00    0.00    0.00    0.00    0.00    0.00  100.00
01:35:52 PM   31    0.00    0.00    0.00    0.00    0.00    0.00    0.00    0.00    0.00  100.00
01:35:52 PM   32    0.99    0.00    0.99    0.00    0.00    0.00    0.00    0.00    0.00   98.02
01:35:52 PM   33    0.00    0.00    1.00    0.00    0.00    0.00    0.00    0.00    0.00   99.00
01:35:52 PM   34    0.00    0.00    1.00    0.00    0.00    0.00    0.00    0.00    0.00   99.00
01:35:52 PM   35    0.00    0.00    0.00    0.00    0.00    0.00    0.00    0.00    0.00  100.00

01:35:52 PM  CPU    %usr   %nice    %sys %iowait    %irq   %soft  %steal  %guest  %gnice   %idle
01:35:53 PM  all    1.53    0.00    0.72    0.03    0.00    0.11    0.00    0.00    0.00   97.61
01:35:53 PM    0    3.03    0.00    1.01    0.00    0.00    0.00    0.00    0.00    0.00   95.96
01:35:53 PM    1    0.00    0.00    0.00    0.00    0.00    1.01    0.00    0.00    0.00   98.99
01:35:53 PM    2    4.95    0.00    0.00    0.00    0.00    0.99    0.00    0.00    0.00   94.06
01:35:53 PM    3    3.03    0.00    7.07    0.00    0.00    0.00    0.00    0.00    0.00   89.90
01:35:53 PM    4    1.96    0.00    0.98    0.00    0.00    0.00    0.00    0.00    0.00   97.06
01:35:53 PM    5    3.00    0.00    0.00    0.00    0.00    0.00    0.00    0.00    0.00   97.00
01:35:53 PM    6    1.98    0.00    1.98    0.00    0.00    0.00    0.00    0.00    0.00   96.04
01:35:53 PM    7    0.00    0.00    1.01    0.00    0.00    0.00    0.00    0.00    0.00   98.99
01:35:53 PM    8    1.01    0.00    0.00    0.00    0.00    0.00    0.00    0.00    0.00   98.99
01:35:53 PM    9    2.00    0.00    0.00    0.00    0.00    0.00    0.00    0.00    0.00   98.00
01:35:53 PM   10    0.00    0.00    1.00    0.00    0.00    0.00    0.00    0.00    0.00   99.00
01:35:53 PM   11    2.02    0.00    0.00    0.00    0.00    1.01    0.00    0.00    0.00   96.97
01:35:53 PM   12    2.97    0.00    0.00    0.00    0.00    0.00    0.00    0.00    0.00   97.03
01:35:53 PM   13    3.96    0.00    1.98    0.00    0.00    0.00    0.00    0.00    0.00   94.06
01:35:53 PM   14    3.00    0.00    1.00    0.00    0.00    0.00    0.00    0.00    0.00   96.00
01:35:53 PM   15    1.98    0.00    0.99    0.00    0.00    0.99    0.00    0.00    0.00   96.04
01:35:53 PM   16    2.00    0.00    1.00    0.00    0.00    0.00    0.00    0.00    0.00   97.00
01:35:53 PM   17    1.02    0.00    0.00    0.00    0.00    0.00    0.00    0.00    0.00   98.98
01:35:53 PM   18    2.00    0.00    0.00    0.00    0.00    0.00    0.00    0.00    0.00   98.00
01:35:53 PM   19    1.00    0.00    0.00    0.00    0.00    0.00    0.00    0.00    0.00   99.00
01:35:53 PM   20    1.98    0.00    0.99    0.00    0.00    0.00    0.00    0.00    0.00   97.03
01:35:53 PM   21    0.00    0.00    1.01    0.00    0.00    0.00    0.00    0.00    0.00   98.99
01:35:53 PM   22    0.99    0.00    0.99    0.00    0.00    0.00    0.00    0.00    0.00   98.02
01:35:53 PM   23    1.98    0.00    0.00    0.00    0.00    0.00    0.00    0.00    0.00   98.02
01:35:53 PM   24    0.00    0.00    0.00    0.00    0.00    0.00    0.00    0.00    0.00  100.00
01:35:53 PM   25    1.01    0.00    0.00    0.00    0.00    0.00    0.00    0.00    0.00   98.99
01:35:53 PM   26    1.00    0.00    0.00    0.00    0.00    0.00    0.00    0.00    0.00   99.00
01:35:53 PM   27    1.00    0.00    2.00    0.00    0.00    0.00    0.00    0.00    0.00   97.00
01:35:53 PM   28    0.99    0.00    0.99    0.00    0.00    0.00    0.00    0.00    0.00   98.02
01:35:53 PM   29    0.00    0.00    1.01    0.00    0.00    0.00    0.00    0.00    0.00   98.99
01:35:53 PM   30    2.00    0.00    0.00    0.00    0.00    0.00    0.00    0.00    0.00   98.00
01:35:53 PM   31    1.01    0.00    0.00    0.00    0.00    0.00    0.00    0.00    0.00   98.99
01:35:53 PM   32    0.00    0.00    0.00    0.00    0.00    0.00    0.00    0.00    0.00  100.00
01:35:53 PM   33    0.00    0.00    0.00    0.00    0.00    0.00    0.00    0.00    0.00  100.00
01:35:53 PM   34    1.00    0.00    0.00    0.00    0.00    0.00    0.00    0.00    0.00   99.00
01:35:53 PM   35    0.98    0.00    0.98    0.98    0.00    0.00    0.00    0.00    0.00   97.06

01:35:53 PM  CPU    %usr   %nice    %sys %iowait    %irq   %soft  %steal  %guest  %gnice   %idle
01:35:54 PM  all    0.81    0.00    0.61    0.06    0.00    0.00    0.00    0.00    0.00   98.52
01:35:54 PM    0    1.01    0.00    1.01    0.00    0.00    0.00    0.00    0.00    0.00   97.98
01:35:54 PM    1    0.99    0.00    1.98    0.00    0.00    0.00    0.00    0.00    0.00   97.03
01:35:54 PM    2    4.00    0.00    1.00    0.00    0.00    0.00    0.00    0.00    0.00   95.00
01:35:54 PM    3    3.00    0.00    5.00    1.00    0.00    0.00    0.00    0.00    0.00   91.00
01:35:54 PM    4    0.00    0.00    0.00    0.00    0.00    0.00    0.00    0.00    0.00  100.00
01:35:54 PM    5    1.00    0.00    0.00    0.00    0.00    0.00    0.00    0.00    0.00   99.00
01:35:54 PM    6    0.00    0.00    0.00    0.00    0.00    0.00    0.00    0.00    0.00  100.00
01:35:54 PM    7    1.98    0.00    0.00    0.00    0.00    0.00    0.00    0.00    0.00   98.02
01:35:54 PM    8    0.00    0.00    0.00    0.00    0.00    0.00    0.00    0.00    0.00  100.00
01:35:54 PM    9    0.99    0.00    0.99    0.00    0.00    0.00    0.00    0.00    0.00   98.02
01:35:54 PM   10    0.00    0.00    0.00    0.00    0.00    0.00    0.00    0.00    0.00  100.00
01:35:54 PM   11    0.99    0.00    0.99    0.00    0.00    0.00    0.00    0.00    0.00   98.02
01:35:54 PM   12    0.00    0.00    1.00    0.00    0.00    0.00    0.00    0.00    0.00   99.00
01:35:54 PM   13    1.01    0.00    1.01    0.00    0.00    0.00    0.00    0.00    0.00   97.98
01:35:54 PM   14    0.00    0.00    1.00    0.00    0.00    0.00    0.00    0.00    0.00   99.00
01:35:54 PM   15    1.00    0.00    0.00    0.00    0.00    0.00    0.00    0.00    0.00   99.00
01:35:54 PM   16    0.00    0.00    1.98    0.00    0.00    0.00    0.00    0.00    0.00   98.02
01:35:54 PM   17    2.97    0.00    0.00    0.00    0.00    0.00    0.00    0.00    0.00   97.03
01:35:54 PM   18    0.00    0.00    0.00    0.00    0.00    0.00    0.00    0.00    0.00  100.00
01:35:54 PM   19    0.99    0.00    0.99    0.00    0.00    0.00    0.00    0.00    0.00   98.02
01:35:54 PM   20    1.00    0.00    0.00    0.00    0.00    0.00    0.00    0.00    0.00   99.00
01:35:54 PM   21    1.00    0.00    1.00    0.00    0.00    0.00    0.00    0.00    0.00   98.00
01:35:54 PM   22    1.01    0.00    0.00    0.00    0.00    0.00    0.00    0.00    0.00   98.99
01:35:54 PM   23    1.96    0.00    0.98    0.98    0.00    0.00    0.00    0.00    0.00   96.08
01:35:54 PM   24    1.98    0.00    0.99    0.00    0.00    0.00    0.00    0.00    0.00   97.03
01:35:54 PM   25    0.00    0.00    0.00    0.00    0.00    0.00    0.00    0.00    0.00  100.00
01:35:54 PM   26    0.00    0.00    0.00    0.00    0.00    0.00    0.00    0.00    0.00  100.00
01:35:54 PM   27    0.00    0.00    0.00    0.00    0.00    0.00    0.00    0.00    0.00  100.00
01:35:54 PM   28    1.01    0.00    0.00    0.00    0.00    0.00    0.00    0.00    0.00   98.99
01:35:54 PM   29    1.00    0.00    0.00    0.00    0.00    0.00    0.00    0.00    0.00   99.00
01:35:54 PM   30    0.00    0.00    1.98    0.00    0.00    0.00    0.00    0.00    0.00   98.02
01:35:54 PM   31    0.00    0.00    0.00    0.00    0.00    0.00    0.00    0.00    0.00  100.00
01:35:54 PM   32    0.00    0.00    0.00    0.00    0.00    0.00    0.00    0.00    0.00  100.00
01:35:54 PM   33    0.00    0.00    0.00    0.00    0.00    0.00    0.00    0.00    0.00  100.00
01:35:54 PM   34    0.00    0.00    0.00    0.00    0.00    0.00    0.00    0.00    0.00  100.00
01:35:54 PM   35    0.00    0.00    0.00    0.00    0.00    0.00    0.00    0.00    0.00  100.00

01:35:54 PM  CPU    %usr   %nice    %sys %iowait    %irq   %soft  %steal  %guest  %gnice   %idle
01:35:55 PM  all    1.61    0.00    0.83    0.03    0.00    0.08    0.00    0.00    0.00   97.45
01:35:55 PM    0    1.98    0.00    1.98    0.00    0.00    0.00    0.00    0.00    0.00   96.04
01:35:55 PM    1    2.04    0.00    0.00    0.00    0.00    0.00    0.00    0.00    0.00   97.96
01:35:55 PM    2    3.03    0.00    0.00    0.00    0.00    0.00    0.00    0.00    0.00   96.97
01:35:55 PM    3    2.02    0.00    1.01    1.01    0.00    0.00    0.00    0.00    0.00   95.96
01:35:55 PM    4    1.98    0.00    0.99    0.00    0.00    0.00    0.00    0.00    0.00   97.03
01:35:55 PM    5    2.00    0.00    0.00    0.00    0.00    0.00    0.00    0.00    0.00   98.00
01:35:55 PM    6    2.00    0.00    0.00    0.00    0.00    0.00    0.00    0.00    0.00   98.00
01:35:55 PM    7    1.01    0.00    0.00    0.00    0.00    0.00    0.00    0.00    0.00   98.99
01:35:55 PM    8    1.96    0.00    0.98    0.00    0.00    0.00    0.00    0.00    0.00   97.06
01:35:55 PM    9    2.00    0.00    0.00    0.00    0.00    0.00    0.00    0.00    0.00   98.00
01:35:55 PM   10    1.96    0.00    0.98    0.00    0.00    0.00    0.00    0.00    0.00   97.06
01:35:55 PM   11    1.01    0.00    0.00    0.00    0.00    0.00    0.00    0.00    0.00   98.99
01:35:55 PM   12    1.00    0.00    1.00    0.00    0.00    0.00    0.00    0.00    0.00   98.00
01:35:55 PM   13    1.01    0.00    0.00    0.00    0.00    0.00    0.00    0.00    0.00   98.99
01:35:55 PM   14    1.98    0.00    0.99    0.00    0.00    0.00    0.00    0.00    0.00   97.03
01:35:55 PM   15    1.01    0.00    1.01    0.00    0.00    0.00    0.00    0.00    0.00   97.98
01:35:55 PM   16    1.96    0.00    0.98    0.00    0.00    0.98    0.00    0.00    0.00   96.08
01:35:55 PM   17    1.98    0.00    0.99    0.00    0.00    0.00    0.00    0.00    0.00   97.03
01:35:55 PM   18    2.00    0.00    1.00    0.00    0.00    0.00    0.00    0.00    0.00   97.00
01:35:55 PM   19    1.01    0.00    0.00    0.00    0.00    0.00    0.00    0.00    0.00   98.99
01:35:55 PM   20    2.94    0.00    0.98    0.00    0.00    0.00    0.00    0.00    0.00   96.08
01:35:55 PM   21    1.98    0.00    0.99    0.00    0.00    0.99    0.00    0.00    0.00   96.04
01:35:55 PM   22    0.99    0.00    1.98    0.00    0.00    0.00    0.00    0.00    0.00   97.03
01:35:55 PM   23    1.00    0.00    1.00    0.00    0.00    0.00    0.00    0.00    0.00   98.00
01:35:55 PM   24    2.00    0.00    0.00    0.00    0.00    0.00    0.00    0.00    0.00   98.00
01:35:55 PM   25    1.98    0.00    0.99    0.00    0.00    0.00    0.00    0.00    0.00   97.03
01:35:55 PM   26    1.00    0.00    1.00    0.00    0.00    0.00    0.00    0.00    0.00   98.00
01:35:55 PM   27    1.96    0.00    0.00    0.00    0.00    0.98    0.00    0.00    0.00   97.06
01:35:55 PM   28    0.99    0.00    1.98    0.00    0.00    0.00    0.00    0.00    0.00   97.03
01:35:55 PM   29    0.00    0.00    1.01    0.00    0.00    0.00    0.00    0.00    0.00   98.99
01:35:55 PM   30    1.96    0.00    3.92    0.00    0.00    0.00    0.00    0.00    0.00   94.12
01:35:55 PM   31    0.00    0.00    1.01    0.00    0.00    0.00    0.00    0.00    0.00   98.99
01:35:55 PM   32    0.99    0.00    0.99    0.00    0.00    0.00    0.00    0.00    0.00   98.02
01:35:55 PM   33    1.98    0.00    0.99    0.00    0.00    0.00    0.00    0.00    0.00   97.03
01:35:55 PM   34    1.01    0.00    0.00    0.00    0.00    0.00    0.00    0.00    0.00   98.99
01:35:55 PM   35    1.98    0.00    0.99    0.00    0.00    0.00    0.00    0.00    0.00   97.03

01:35:55 PM  CPU    %usr   %nice    %sys %iowait    %irq   %soft  %steal  %guest  %gnice   %idle
01:35:56 PM  all    0.78    0.00    0.53    0.06    0.00    0.00    0.00    0.00    0.00   98.63
01:35:56 PM    0    0.00    0.00    0.00    0.00    0.00    0.00    0.00    0.00    0.00  100.00
01:35:56 PM    1    0.00    0.00    1.00    0.00    0.00    0.00    0.00    0.00    0.00   99.00
01:35:56 PM    2    3.00    0.00    0.00    1.00    0.00    0.00    0.00    0.00    0.00   96.00
01:35:56 PM    3    0.00    0.00    0.00    0.00    0.00    0.00    0.00    0.00    0.00  100.00
01:35:56 PM    4    0.00    0.00    0.00    0.00    0.00    0.00    0.00    0.00    0.00  100.00
01:35:56 PM    5    0.99    0.00    0.99    0.00    0.00    0.00    0.00    0.00    0.00   98.02
01:35:56 PM    6    1.01    0.00    0.00    0.00    0.00    0.00    0.00    0.00    0.00   98.99
01:35:56 PM    7    0.00    0.00    0.00    0.00    0.00    0.00    0.00    0.00    0.00  100.00
01:35:56 PM    8    0.00    0.00    1.00    0.00    0.00    0.00    0.00    0.00    0.00   99.00
01:35:56 PM    9    1.01    0.00    1.01    0.00    0.00    0.00    0.00    0.00    0.00   97.98
01:35:56 PM   10    0.00    0.00    0.00    0.00    0.00    0.00    0.00    0.00    0.00  100.00
01:35:56 PM   11    1.00    0.00    0.00    0.00    0.00    0.00    0.00    0.00    0.00   99.00
01:35:56 PM   12    0.00    0.00    0.00    0.00    0.00    0.00    0.00    0.00    0.00  100.00
01:35:56 PM   13    2.00    0.00    6.00    0.00    0.00    0.00    0.00    0.00    0.00   92.00
01:35:56 PM   14    1.01    0.00    0.00    0.00    0.00    0.00    0.00    0.00    0.00   98.99
01:35:56 PM   15    1.00    0.00    0.00    0.00    0.00    0.00    0.00    0.00    0.00   99.00
01:35:56 PM   16    0.00    0.00    0.00    0.00    0.00    0.00    0.00    0.00    0.00  100.00
01:35:56 PM   17    1.00    0.00    0.00    0.00    0.00    0.00    0.00    0.00    0.00   99.00
01:35:56 PM   18    0.00    0.00    1.00    0.00    0.00    0.00    0.00    0.00    0.00   99.00
01:35:56 PM   19    2.00    0.00    0.00    0.00    0.00    0.00    0.00    0.00    0.00   98.00
01:35:56 PM   20    0.00    0.00    1.00    0.00    0.00    0.00    0.00    0.00    0.00   99.00
01:35:56 PM   21    0.00    0.00    0.00    0.00    0.00    0.00    0.00    0.00    0.00  100.00
01:35:56 PM   22    1.00    0.00    1.00    0.00    0.00    0.00    0.00    0.00    0.00   98.00
01:35:56 PM   23    1.01    0.00    0.00    0.00    0.00    0.00    0.00    0.00    0.00   98.99
01:35:56 PM   24    4.00    0.00    4.00    0.00    0.00    0.00    0.00    0.00    0.00   92.00
01:35:56 PM   25    0.00    0.00    1.00    0.00    0.00    0.00    0.00    0.00    0.00   99.00
01:35:56 PM   26    1.00    0.00    0.00    0.00    0.00    0.00    0.00    0.00    0.00   99.00
01:35:56 PM   27    0.00    0.00    0.00    0.00    0.00    0.00    0.00    0.00    0.00  100.00
01:35:56 PM   28    1.01    0.00    0.00    0.00    0.00    0.00    0.00    0.00    0.00   98.99
01:35:56 PM   29    1.98    0.00    0.00    0.00    0.00    0.00    0.00    0.00    0.00   98.02
01:35:56 PM   30    0.00    0.00    0.00    0.00    0.00    0.00    0.00    0.00    0.00  100.00
01:35:56 PM   31    1.00    0.00    0.00    0.00    0.00    0.00    0.00    0.00    0.00   99.00
01:35:56 PM   32    0.00    0.00    0.00    0.00    0.00    0.00    0.00    0.00    0.00  100.00
01:35:56 PM   33    1.00    0.00    0.00    0.00    0.00    0.00    0.00    0.00    0.00   99.00
01:35:56 PM   34    1.98    0.00    0.99    0.00    0.00    0.00    0.00    0.00    0.00   97.03
01:35:56 PM   35    0.00    0.00    0.00    1.02    0.00    0.00    0.00    0.00    0.00   98.98

01:35:56 PM  CPU    %usr   %nice    %sys %iowait    %irq   %soft  %steal  %guest  %gnice   %idle
01:35:57 PM  all    1.39    0.00    0.56    0.03    0.00    0.00    0.00    0.00    0.00   98.02
01:35:57 PM    0    2.04    0.00    1.02    0.00    0.00    0.00    0.00    0.00    0.00   96.94
01:35:57 PM    1    0.00    0.00    1.02    0.00    0.00    0.00    0.00    0.00    0.00   98.98
01:35:57 PM    2    6.06    0.00    1.01    0.00    0.00    0.00    0.00    0.00    0.00   92.93
01:35:57 PM    3    0.00    0.00    1.01    0.00    0.00    0.00    0.00    0.00    0.00   98.99
01:35:57 PM    4    2.00    0.00    1.00    0.00    0.00    0.00    0.00    0.00    0.00   97.00
01:35:57 PM    5    1.00    0.00    1.00    0.00    0.00    0.00    0.00    0.00    0.00   98.00
01:35:57 PM    6    1.98    0.00    0.99    0.00    0.00    0.00    0.00    0.00    0.00   97.03
01:35:57 PM    7    1.00    0.00    0.00    0.00    0.00    0.00    0.00    0.00    0.00   99.00
01:35:57 PM    8    1.00    0.00    0.00    0.00    0.00    0.00    0.00    0.00    0.00   99.00
01:35:57 PM    9    2.00    0.00    0.00    0.00    0.00    0.00    0.00    0.00    0.00   98.00
01:35:57 PM   10    1.00    0.00    1.00    0.00    0.00    0.00    0.00    0.00    0.00   98.00
01:35:57 PM   11    2.02    0.00    0.00    0.00    0.00    0.00    0.00    0.00    0.00   97.98
01:35:57 PM   12    5.00    0.00    1.00    0.00    0.00    0.00    0.00    0.00    0.00   94.00
01:35:57 PM   13    3.03    0.00    5.05    0.00    0.00    0.00    0.00    0.00    0.00   91.92
01:35:57 PM   14    1.01    0.00    1.01    0.00    0.00    0.00    0.00    0.00    0.00   97.98
01:35:57 PM   15    0.00    0.00    0.00    0.00    0.00    0.00    0.00    0.00    0.00  100.00
01:35:57 PM   16    1.01    0.00    0.00    0.00    0.00    0.00    0.00    0.00    0.00   98.99
01:35:57 PM   17    1.01    0.00    0.00    0.00    0.00    0.00    0.00    0.00    0.00   98.99
01:35:57 PM   18    0.00    0.00    0.00    0.00    0.00    0.00    0.00    0.00    0.00  100.00
01:35:57 PM   19    2.00    0.00    0.00    0.00    0.00    0.00    0.00    0.00    0.00   98.00
01:35:57 PM   20    1.00    0.00    0.00    0.00    0.00    0.00    0.00    0.00    0.00   99.00
01:35:57 PM   21    1.98    0.00    0.99    0.00    0.00    0.00    0.00    0.00    0.00   97.03
01:35:57 PM   22    1.00    0.00    0.00    0.00    0.00    0.00    0.00    0.00    0.00   99.00
01:35:57 PM   23    0.98    0.00    1.96    0.00    0.00    0.00    0.00    0.00    0.00   97.06
01:35:57 PM   24    2.00    0.00    0.00    0.00    0.00    0.00    0.00    0.00    0.00   98.00
01:35:57 PM   25    2.97    0.00    0.99    0.00    0.00    0.00    0.00    0.00    0.00   96.04
01:35:57 PM   26    0.00    0.00    0.00    1.01    0.00    0.00    0.00    0.00    0.00   98.99
01:35:57 PM   27    1.98    0.00    0.99    0.00    0.00    0.00    0.00    0.00    0.00   97.03
01:35:57 PM   28    1.00    0.00    0.00    0.00    0.00    0.00    0.00    0.00    0.00   99.00
01:35:57 PM   29    1.98    0.00    0.00    0.00    0.00    0.00    0.00    0.00    0.00   98.02
01:35:57 PM   30    1.00    0.00    0.00    0.00    0.00    0.00    0.00    0.00    0.00   99.00
01:35:57 PM   31    0.00    0.00    0.00    0.00    0.00    0.00    0.00    0.00    0.00  100.00
01:35:57 PM   32    0.00    0.00    0.00    0.00    0.00    0.00    0.00    0.00    0.00  100.00
01:35:57 PM   33    0.00    0.00    0.00    0.00    0.00    0.00    0.00    0.00    0.00  100.00
01:35:57 PM   34    0.00    0.00    0.00    0.00    0.00    0.00    0.00    0.00    0.00  100.00
01:35:57 PM   35    1.00    0.00    0.00    0.00    0.00    0.00    0.00    0.00    0.00   99.00

01:35:57 PM  CPU    %usr   %nice    %sys %iowait    %irq   %soft  %steal  %guest  %gnice   %idle
01:35:58 PM  all    0.72    0.00    0.33    0.06    0.00    0.00    0.00    0.00    0.00   98.89
01:35:58 PM    0    1.01    0.00    0.00    0.00    0.00    0.00    0.00    0.00    0.00   98.99
01:35:58 PM    1    1.01    0.00    0.00    0.00    0.00    0.00    0.00    0.00    0.00   98.99
01:35:58 PM    2    5.05    0.00    0.00    0.00    0.00    0.00    0.00    0.00    0.00   94.95
01:35:58 PM    3    1.00    0.00    0.00    0.00    0.00    0.00    0.00    0.00    0.00   99.00
01:35:58 PM    4    1.98    0.00    0.99    0.00    0.00    0.00    0.00    0.00    0.00   97.03
01:35:58 PM    5    1.96    0.00    1.96    0.00    0.00    0.00    0.00    0.00    0.00   96.08
01:35:58 PM    6    2.00    0.00    0.00    1.00    0.00    0.00    0.00    0.00    0.00   97.00
01:35:58 PM    7    0.00    0.00    1.01    0.00    0.00    0.00    0.00    0.00    0.00   98.99
01:35:58 PM    8    1.01    0.00    0.00    0.00    0.00    0.00    0.00    0.00    0.00   98.99
01:35:58 PM    9    0.00    0.00    0.00    1.01    0.00    0.00    0.00    0.00    0.00   98.99
01:35:58 PM   10    1.00    0.00    0.00    0.00    0.00    0.00    0.00    0.00    0.00   99.00
01:35:58 PM   11    0.00    0.00    1.00    0.00    0.00    0.00    0.00    0.00    0.00   99.00
01:35:58 PM   12    1.00    0.00    0.00    0.00    0.00    0.00    0.00    0.00    0.00   99.00
01:35:58 PM   13    0.98    0.00    0.98    0.00    0.00    0.00    0.00    0.00    0.00   98.04
01:35:58 PM   14    0.00    0.00    0.00    0.00    0.00    0.00    0.00    0.00    0.00  100.00
01:35:58 PM   15    1.01    0.00    0.00    0.00    0.00    0.00    0.00    0.00    0.00   98.99
01:35:58 PM   16    1.00    0.00    1.00    0.00    0.00    0.00    0.00    0.00    0.00   98.00
01:35:58 PM   17    0.00    0.00    0.00    0.00    0.00    0.00    0.00    0.00    0.00  100.00
01:35:58 PM   18    1.00    0.00    0.00    0.00    0.00    0.00    0.00    0.00    0.00   99.00
01:35:58 PM   19    0.00    0.00    0.00    0.00    0.00    0.00    0.00    0.00    0.00  100.00
01:35:58 PM   20    0.00    0.00    0.00    0.00    0.00    0.00    0.00    0.00    0.00  100.00
01:35:58 PM   21    0.00    0.00    0.00    0.00    0.00    0.00    0.00    0.00    0.00  100.00
01:35:58 PM   22    0.00    0.00    1.00    0.00    0.00    0.00    0.00    0.00    0.00   99.00
01:35:58 PM   23    1.01    0.00    0.00    0.00    0.00    0.00    0.00    0.00    0.00   98.99
01:35:58 PM   24    0.00    0.00    1.00    0.00    0.00    0.00    0.00    0.00    0.00   99.00
01:35:58 PM   25    1.01    0.00    0.00    0.00    0.00    0.00    0.00    0.00    0.00   98.99
01:35:58 PM   26    0.00    0.00    0.00    0.00    0.00    0.00    0.00    0.00    0.00  100.00
01:35:58 PM   27    0.00    0.00    1.00    0.00    0.00    0.00    0.00    0.00    0.00   99.00
01:35:58 PM   28    0.00    0.00    0.00    0.00    0.00    0.00    0.00    0.00    0.00  100.00
01:35:58 PM   29    1.00    0.00    0.00    0.00    0.00    0.00    0.00    0.00    0.00   99.00
01:35:58 PM   30    1.00    0.00    0.00    0.00    0.00    0.00    0.00    0.00    0.00   99.00
01:35:58 PM   31    0.00    0.00    0.00    0.00    0.00    0.00    0.00    0.00    0.00  100.00
01:35:58 PM   32    0.99    0.00    0.99    0.00    0.00    0.00    0.00    0.00    0.00   98.02
01:35:58 PM   33    0.00    0.00    1.00    0.00    0.00    0.00    0.00    0.00    0.00   99.00
01:35:58 PM   34    0.00    0.00    0.00    0.00    0.00    0.00    0.00    0.00    0.00  100.00
01:35:58 PM   35    0.00    0.00    0.00    0.00    0.00    0.00    0.00    0.00    0.00  100.00

01:35:58 PM  CPU    %usr   %nice    %sys %iowait    %irq   %soft  %steal  %guest  %gnice   %idle
01:35:59 PM  all    0.75    0.00    0.47    0.06    0.00    0.06    0.00    0.00    0.00   98.66
01:35:59 PM    0    1.01    0.00    7.07    0.00    0.00    1.01    0.00    0.00    0.00   90.91
01:35:59 PM    1    2.02    0.00    0.00    0.00    0.00    0.00    0.00    0.00    0.00   97.98
01:35:59 PM    2    2.00    0.00    0.00    0.00    0.00    0.00    0.00    0.00    0.00   98.00
01:35:59 PM    3    2.04    0.00    0.00    0.00    0.00    0.00    0.00    0.00    0.00   97.96
01:35:59 PM    4    1.01    0.00    0.00    0.00    0.00    0.00    0.00    0.00    0.00   98.99
01:35:59 PM    5    1.01    0.00    0.00    0.00    0.00    0.00    0.00    0.00    0.00   98.99
01:35:59 PM    6    1.00    0.00    0.00    0.00    0.00    0.00    0.00    0.00    0.00   99.00
01:35:59 PM    7    1.00    0.00    1.00    0.00    0.00    0.00    0.00    0.00    0.00   98.00
01:35:59 PM    8    2.94    0.00    0.98    0.00    0.00    0.00    0.00    0.00    0.00   96.08
01:35:59 PM    9    1.00    0.00    0.00    0.00    0.00    0.00    0.00    0.00    0.00   99.00
01:35:59 PM   10    0.00    0.00    0.00    0.00    0.00    0.00    0.00    0.00    0.00  100.00
01:35:59 PM   11    0.00    0.00    1.01    0.00    0.00    0.00    0.00    0.00    0.00   98.99
01:35:59 PM   12    2.00    0.00    0.00    0.00    0.00    0.00    0.00    0.00    0.00   98.00
01:35:59 PM   13    2.00    0.00    0.00    0.00    0.00    0.00    0.00    0.00    0.00   98.00
01:35:59 PM   14    0.99    0.00    0.00    0.00    0.00    0.99    0.00    0.00    0.00   98.02
01:35:59 PM   15    0.00    0.00    1.01    0.00    0.00    0.00    0.00    0.00    0.00   98.99
01:35:59 PM   16    0.00    0.00    0.00    0.00    0.00    0.00    0.00    0.00    0.00  100.00
01:35:59 PM   17    0.00    0.00    1.00    1.00    0.00    0.00    0.00    0.00    0.00   98.00
01:35:59 PM   18    0.00    0.00    0.00    0.00    0.00    0.00    0.00    0.00    0.00  100.00
01:35:59 PM   19    0.00    0.00    0.99    0.00    0.00    0.00    0.00    0.00    0.00   99.01
01:35:59 PM   20    0.00    0.00    0.00    0.00    0.00    0.00    0.00    0.00    0.00  100.00
01:35:59 PM   21    0.00    0.00    0.00    0.00    0.00    0.00    0.00    0.00    0.00  100.00
01:35:59 PM   22    1.00    0.00    0.00    0.00    0.00    0.00    0.00    0.00    0.00   99.00
01:35:59 PM   23    1.01    0.00    0.00    0.00    0.00    0.00    0.00    0.00    0.00   98.99
01:35:59 PM   24    0.99    0.00    0.99    0.00    0.00    0.00    0.00    0.00    0.00   98.02
01:35:59 PM   25    0.99    0.00    0.99    0.00    0.00    0.00    0.00    0.00    0.00   98.02
01:35:59 PM   26    0.00    0.00    0.00    0.00    0.00    0.00    0.00    0.00    0.00  100.00
01:35:59 PM   27    1.00    0.00    0.00    1.00    0.00    0.00    0.00    0.00    0.00   98.00
01:35:59 PM   28    0.00    0.00    0.00    0.00    0.00    0.00    0.00    0.00    0.00  100.00
01:35:59 PM   29    1.00    0.00    0.00    0.00    0.00    0.00    0.00    0.00    0.00   99.00
01:35:59 PM   30    0.00    0.00    0.00    0.00    0.00    0.00    0.00    0.00    0.00  100.00
01:35:59 PM   31    0.00    0.00    1.00    0.00    0.00    0.00    0.00    0.00    0.00   99.00
01:35:59 PM   32    0.00    0.00    0.00    0.00    0.00    0.00    0.00    0.00    0.00  100.00
01:35:59 PM   33    0.00    0.00    0.00    0.00    0.00    0.00    0.00    0.00    0.00  100.00
01:35:59 PM   34    0.00    0.00    0.00    0.00    0.00    0.00    0.00    0.00    0.00  100.00
01:35:59 PM   35    0.98    0.00    0.98    0.00    0.00    0.00    0.00    0.00    0.00   98.04

01:35:59 PM  CPU    %usr   %nice    %sys %iowait    %irq   %soft  %steal  %guest  %gnice   %idle
01:36:00 PM  all    0.97    0.00    0.44    0.03    0.00    0.00    0.00    0.00    0.00   98.56
01:36:00 PM    0    2.00    0.00    1.00    0.00    0.00    0.00    0.00    0.00    0.00   97.00
01:36:00 PM    1    0.99    0.00    1.98    0.00    0.00    0.00    0.00    0.00    0.00   97.03
01:36:00 PM    2    1.01    0.00    1.01    0.00    0.00    0.00    0.00    0.00    0.00   97.98
01:36:00 PM    3    7.84    0.00    0.98    0.00    0.00    0.00    0.00    0.00    0.00   91.18
01:36:00 PM    4    0.99    0.00    0.99    0.00    0.00    0.00    0.00    0.00    0.00   98.02
01:36:00 PM    5    1.00    0.00    0.00    1.00    0.00    0.00    0.00    0.00    0.00   98.00
01:36:00 PM    6    3.96    0.00    0.99    0.00    0.00    0.00    0.00    0.00    0.00   95.05
01:36:00 PM    7    1.00    0.00    0.00    0.00    0.00    0.00    0.00    0.00    0.00   99.00
01:36:00 PM    8    1.00    0.00    0.00    0.00    0.00    0.00    0.00    0.00    0.00   99.00
01:36:00 PM    9    2.00    0.00    0.00    0.00    0.00    0.00    0.00    0.00    0.00   98.00
01:36:00 PM   10    0.99    0.00    0.99    0.00    0.00    0.00    0.00    0.00    0.00   98.02
01:36:00 PM   11    1.00    0.00    0.00    0.00    0.00    0.00    0.00    0.00    0.00   99.00
01:36:00 PM   12    0.99    0.00    0.99    0.00    0.00    0.00    0.00    0.00    0.00   98.02
01:36:00 PM   13    0.00    0.00    1.01    0.00    0.00    0.00    0.00    0.00    0.00   98.99
01:36:00 PM   14    1.00    0.00    0.00    0.00    0.00    0.00    0.00    0.00    0.00   99.00
01:36:00 PM   15    0.99    0.00    0.99    0.00    0.00    0.00    0.00    0.00    0.00   98.02
01:36:00 PM   16    0.99    0.00    0.99    0.00    0.00    0.00    0.00    0.00    0.00   98.02
01:36:00 PM   17    2.00    0.00    1.00    0.00    0.00    0.00    0.00    0.00    0.00   97.00
01:36:00 PM   18    0.00    0.00    0.00    0.00    0.00    0.00    0.00    0.00    0.00  100.00
01:36:00 PM   19    0.99    0.00    0.00    0.00    0.00    0.00    0.00    0.00    0.00   99.01
01:36:00 PM   20    0.00    0.00    0.00    0.00    0.00    0.00    0.00    0.00    0.00  100.00
01:36:00 PM   21    0.00    0.00    0.99    0.00    0.00    0.00    0.00    0.00    0.00   99.01
01:36:00 PM   22    0.00    0.00    0.00    0.00    0.00    0.00    0.00    0.00    0.00  100.00
01:36:00 PM   23    0.00    0.00    0.00    0.00    0.00    0.00    0.00    0.00    0.00  100.00
01:36:00 PM   24    0.00    0.00    0.00    0.00    0.00    0.00    0.00    0.00    0.00  100.00
01:36:00 PM   25    0.00    0.00    1.01    0.00    0.00    0.00    0.00    0.00    0.00   98.99
01:36:00 PM   26    1.00    0.00    0.00    0.00    0.00    0.00    0.00    0.00    0.00   99.00
01:36:00 PM   27    1.00    0.00    0.00    0.00    0.00    0.00    0.00    0.00    0.00   99.00
01:36:00 PM   28    0.00    0.00    0.00    0.00    0.00    0.00    0.00    0.00    0.00  100.00
01:36:00 PM   29    0.00    0.00    0.00    0.00    0.00    0.00    0.00    0.00    0.00  100.00
01:36:00 PM   30    1.96    0.00    0.98    0.00    0.00    0.00    0.00    0.00    0.00   97.06
01:36:00 PM   31    0.00    0.00    0.00    0.00    0.00    0.00    0.00    0.00    0.00  100.00
01:36:00 PM   32    0.00    0.00    0.00    0.00    0.00    0.00    0.00    0.00    0.00  100.00
01:36:00 PM   33    0.00    0.00    0.00    0.00    0.00    0.00    0.00    0.00    0.00  100.00
01:36:00 PM   34    0.00    0.00    0.00    0.00    0.00    0.00    0.00    0.00    0.00  100.00
01:36:00 PM   35    0.00    0.00    0.00    0.00    0.00    0.00    0.00    0.00    0.00  100.00

01:36:00 PM  CPU    %usr   %nice    %sys %iowait    %irq   %soft  %steal  %guest  %gnice   %idle
01:36:01 PM  all    0.75    0.00    0.56    0.06    0.00    0.00    0.00    0.00    0.00   98.63
01:36:01 PM    0    1.01    0.00    7.07    0.00    0.00    0.00    0.00    0.00    0.00   91.92
01:36:01 PM    1    2.02    0.00    0.00    0.00    0.00    0.00    0.00    0.00    0.00   97.98
01:36:01 PM    2    0.99    0.00    1.98    0.00    0.00    0.00    0.00    0.00    0.00   97.03
01:36:01 PM    3    7.00    0.00    1.00    0.00    0.00    0.00    0.00    0.00    0.00   92.00
01:36:01 PM    4    1.00    0.00    1.00    0.00    0.00    0.00    0.00    0.00    0.00   98.00
01:36:01 PM    5    0.00    0.00    0.00    0.00    0.00    0.00    0.00    0.00    0.00  100.00
01:36:01 PM    6    1.01    0.00    0.00    0.00    0.00    0.00    0.00    0.00    0.00   98.99
01:36:01 PM    7    0.00    0.00    0.00    0.00    0.00    0.00    0.00    0.00    0.00  100.00
01:36:01 PM    8    1.98    0.00    0.99    0.00    0.00    0.00    0.00    0.00    0.00   97.03
01:36:01 PM    9    0.00    0.00    0.00    0.00    0.00    0.00    0.00    0.00    0.00  100.00
01:36:01 PM   10    0.00    0.00    0.00    0.00    0.00    0.00    0.00    0.00    0.00  100.00
01:36:01 PM   11    1.00    0.00    1.00    0.00    0.00    0.00    0.00    0.00    0.00   98.00
01:36:01 PM   12    1.00    0.00    0.00    1.00    0.00    0.00    0.00    0.00    0.00   98.00
01:36:01 PM   13    0.00    0.00    0.00    0.00    0.00    0.00    0.00    0.00    0.00  100.00
01:36:01 PM   14    0.00    0.00    1.00    0.00    0.00    0.00    0.00    0.00    0.00   99.00
01:36:01 PM   15    0.00    0.00    0.00    0.00    0.00    0.00    0.00    0.00    0.00  100.00
01:36:01 PM   16    1.00    0.00    0.00    0.00    0.00    0.00    0.00    0.00    0.00   99.00
01:36:01 PM   17    0.00    0.00    0.00    0.00    0.00    0.00    0.00    0.00    0.00  100.00
01:36:01 PM   18    1.00    0.00    0.00    0.00    0.00    0.00    0.00    0.00    0.00   99.00
01:36:01 PM   19    0.00    0.00    0.00    0.00    0.00    0.00    0.00    0.00    0.00  100.00
01:36:01 PM   20    0.00    0.00    0.00    0.00    0.00    0.00    0.00    0.00    0.00  100.00
01:36:01 PM   21    1.00    0.00    0.00    0.00    0.00    0.00    0.00    0.00    0.00   99.00
01:36:01 PM   22    1.01    0.00    0.00    0.00    0.00    0.00    0.00    0.00    0.00   98.99
01:36:01 PM   23    0.00    0.00    0.00    0.00    0.00    0.00    0.00    0.00    0.00  100.00
01:36:01 PM   24    2.00    0.00    1.00    0.00    0.00    0.00    0.00    0.00    0.00   97.00
01:36:01 PM   25    0.00    0.00    0.00    0.00    0.00    0.00    0.00    0.00    0.00  100.00
01:36:01 PM   26    0.00    0.00    1.98    0.00    0.00    0.00    0.00    0.00    0.00   98.02
01:36:01 PM   27    0.00    0.00    0.00    1.00    0.00    0.00    0.00    0.00    0.00   99.00
01:36:01 PM   28    0.00    0.00    0.00    0.00    0.00    0.00    0.00    0.00    0.00  100.00
01:36:01 PM   29    0.00    0.00    0.00    0.00    0.00    0.00    0.00    0.00    0.00  100.00
01:36:01 PM   30    1.00    0.00    1.00    0.00    0.00    0.00    0.00    0.00    0.00   98.00
01:36:01 PM   31    0.00    0.00    0.00    0.00    0.00    0.00    0.00    0.00    0.00  100.00
01:36:01 PM   32    1.98    0.00    0.00    0.00    0.00    0.00    0.00    0.00    0.00   98.02
01:36:01 PM   33    0.00    0.00    1.00    0.00    0.00    0.00    0.00    0.00    0.00   99.00
01:36:01 PM   34    1.00    0.00    0.00    0.00    0.00    0.00    0.00    0.00    0.00   99.00
01:36:01 PM   35    0.00    0.00    0.99    0.00    0.00    0.00    0.00    0.00    0.00   99.01

01:36:01 PM  CPU    %usr   %nice    %sys %iowait    %irq   %soft  %steal  %guest  %gnice   %idle
01:36:02 PM  all    0.89    0.00    0.44    0.00    0.00    0.06    0.00    0.00    0.00   98.61
01:36:02 PM    0    4.04    0.00    5.05    0.00    0.00    0.00    0.00    0.00    0.00   90.91
01:36:02 PM    1    1.00    0.00    1.00    0.00    0.00    0.00    0.00    0.00    0.00   98.00
01:36:02 PM    2    2.00    0.00    0.00    0.00    0.00    1.00    0.00    0.00    0.00   97.00
01:36:02 PM    3    6.86    0.00    0.00    0.00    0.00    0.00    0.00    0.00    0.00   93.14
01:36:02 PM    4    1.00    0.00    0.00    0.00    0.00    0.00    0.00    0.00    0.00   99.00
01:36:02 PM    5    1.00    0.00    0.00    0.00    0.00    0.00    0.00    0.00    0.00   99.00
01:36:02 PM    6    1.00    0.00    0.00    0.00    0.00    0.00    0.00    0.00    0.00   99.00
01:36:02 PM    7    2.94    0.00    0.00    0.00    0.00    0.00    0.00    0.00    0.00   97.06
01:36:02 PM    8    2.02    0.00    0.00    0.00    0.00    0.00    0.00    0.00    0.00   97.98
01:36:02 PM    9    0.98    0.00    0.98    0.00    0.00    0.00    0.00    0.00    0.00   98.04
01:36:02 PM   10    0.99    0.00    0.99    0.00    0.00    0.00    0.00    0.00    0.00   98.02
01:36:02 PM   11    0.00    0.00    1.00    0.00    0.00    0.00    0.00    0.00    0.00   99.00
01:36:02 PM   12    0.00    0.00    1.01    0.00    0.00    0.00    0.00    0.00    0.00   98.99
01:36:02 PM   13    0.99    0.00    0.99    0.00    0.00    0.00    0.00    0.00    0.00   98.02
01:36:02 PM   14    1.00    0.00    0.00    0.00    0.00    0.00    0.00    0.00    0.00   99.00
01:36:02 PM   15    0.00    0.00    0.00    0.00    0.00    0.00    0.00    0.00    0.00  100.00
01:36:02 PM   16    0.00    0.00    0.00    0.00    0.00    0.00    0.00    0.00    0.00  100.00
01:36:02 PM   17    1.01    0.00    0.00    0.00    0.00    0.00    0.00    0.00    0.00   98.99
01:36:02 PM   18    0.00    0.00    0.00    0.00    0.00    0.00    0.00    0.00    0.00  100.00
01:36:02 PM   19    0.00    0.00    0.00    0.00    0.00    0.00    0.00    0.00    0.00  100.00
01:36:02 PM   20    0.99    0.00    0.00    0.00    0.00    0.00    0.00    0.00    0.00   99.01
01:36:02 PM   21    0.00    0.00    0.00    0.00    0.00    0.00    0.00    0.00    0.00  100.00
01:36:02 PM   22    0.99    0.00    0.99    0.00    0.00    0.00    0.00    0.00    0.00   98.02
01:36:02 PM   23    0.00    0.00    1.00    0.00    0.00    0.00    0.00    0.00    0.00   99.00
01:36:02 PM   24    0.00    0.00    0.00    0.00    0.00    0.00    0.00    0.00    0.00  100.00
01:36:02 PM   25    1.00    0.00    0.00    0.00    0.00    0.00    0.00    0.00    0.00   99.00
01:36:02 PM   26    0.00    0.00    0.00    0.00    0.00    0.99    0.00    0.00    0.00   99.01
01:36:02 PM   27    0.00    0.00    0.00    0.00    0.00    0.00    0.00    0.00    0.00  100.00
01:36:02 PM   28    1.00    0.00    0.00    0.00    0.00    0.00    0.00    0.00    0.00   99.00
01:36:02 PM   29    0.00    0.00    0.00    0.00    0.00    0.00    0.00    0.00    0.00  100.00
01:36:02 PM   30    0.00    0.00    0.00    0.00    0.00    0.00    0.00    0.00    0.00  100.00
01:36:02 PM   31    0.98    0.00    1.96    0.00    0.00    0.00    0.00    0.00    0.00   97.06
01:36:02 PM   32    0.00    0.00    0.00    0.00    0.00    0.00    0.00    0.00    0.00  100.00
01:36:02 PM   33    0.00    0.00    0.00    0.00    0.00    0.00    0.00    0.00    0.00  100.00
01:36:02 PM   34    0.00    0.00    0.00    0.00    0.00    0.00    0.00    0.00    0.00  100.00
01:36:02 PM   35    0.00    0.00    1.00    0.00    0.00    0.00    0.00    0.00    0.00   99.00

01:36:02 PM  CPU    %usr   %nice    %sys %iowait    %irq   %soft  %steal  %guest  %gnice   %idle
01:36:03 PM  all    1.45    0.00    0.47    0.06    0.00    0.08    0.00    0.00    0.00   97.94
01:36:03 PM    0    1.00    0.00    1.00    0.00    0.00    1.00    0.00    0.00    0.00   97.00
01:36:03 PM    1    1.98    0.00    0.99    0.99    0.00    0.00    0.00    0.00    0.00   96.04
01:36:03 PM    2    5.00    0.00    0.00    0.00    0.00    0.00    0.00    0.00    0.00   95.00
01:36:03 PM    3    3.00    0.00    1.00    0.00    0.00    0.00    0.00    0.00    0.00   96.00
01:36:03 PM    4    2.02    0.00    0.00    0.00    0.00    0.00    0.00    0.00    0.00   97.98
01:36:03 PM    5    0.99    0.00    0.99    0.99    0.00    0.99    0.00    0.00    0.00   96.04
01:36:03 PM    6    0.00    0.00    0.00    0.00    0.00    0.00    0.00    0.00    0.00  100.00
01:36:03 PM    7    1.01    0.00    0.00    0.00    0.00    0.00    0.00    0.00    0.00   98.99
01:36:03 PM    8    2.00    0.00    0.00    0.00    0.00    0.00    0.00    0.00    0.00   98.00
01:36:03 PM    9    3.03    0.00    1.01    0.00    0.00    0.00    0.00    0.00    0.00   95.96
01:36:03 PM   10    4.00    0.00    0.00    0.00    0.00    0.00    0.00    0.00    0.00   96.00
01:36:03 PM   11    2.00    0.00    1.00    0.00    0.00    0.00    0.00    0.00    0.00   97.00
01:36:03 PM   12    3.00    0.00    0.00    0.00    0.00    0.00    0.00    0.00    0.00   97.00
01:36:03 PM   13    1.02    0.00    0.00    0.00    0.00    0.00    0.00    0.00    0.00   98.98
01:36:03 PM   14    0.99    0.00    0.99    0.00    0.00    0.00    0.00    0.00    0.00   98.02
01:36:03 PM   15    2.02    0.00    0.00    0.00    0.00    0.00    0.00    0.00    0.00   97.98
01:36:03 PM   16    1.98    0.00    0.99    0.00    0.00    0.00    0.00    0.00    0.00   97.03
01:36:03 PM   17    1.98    0.00    1.98    0.00    0.00    0.00    0.00    0.00    0.00   96.04
01:36:03 PM   18    1.01    0.00    0.00    0.00    0.00    0.00    0.00    0.00    0.00   98.99
01:36:03 PM   19    0.00    0.00    0.00    0.00    0.00    0.00    0.00    0.00    0.00  100.00
01:36:03 PM   20    0.00    0.00    0.00    0.00    0.00    0.00    0.00    0.00    0.00  100.00
01:36:03 PM   21    1.00    0.00    0.00    0.00    0.00    0.00    0.00    0.00    0.00   99.00
01:36:03 PM   22    0.99    0.00    0.99    0.00    0.00    0.00    0.00    0.00    0.00   98.02
01:36:03 PM   23    1.00    0.00    1.00    0.00    0.00    0.00    0.00    0.00    0.00   98.00
01:36:03 PM   24    0.99    0.00    0.99    0.00    0.00    0.99    0.00    0.00    0.00   97.03
01:36:03 PM   25    1.00    0.00    1.00    0.00    0.00    0.00    0.00    0.00    0.00   98.00
01:36:03 PM   26    0.00    0.00    0.00    0.00    0.00    0.00    0.00    0.00    0.00  100.00
01:36:03 PM   27    1.01    0.00    0.00    0.00    0.00    0.00    0.00    0.00    0.00   98.99
01:36:03 PM   28    1.00    0.00    0.00    0.00    0.00    0.00    0.00    0.00    0.00   99.00
01:36:03 PM   29    1.00    0.00    1.00    0.00    0.00    0.00    0.00    0.00    0.00   98.00
01:36:03 PM   30    0.00    0.00    0.00    0.00    0.00    0.00    0.00    0.00    0.00  100.00
01:36:03 PM   31    1.01    0.00    0.00    0.00    0.00    0.00    0.00    0.00    0.00   98.99
01:36:03 PM   32    1.00    0.00    1.00    0.00    0.00    0.00    0.00    0.00    0.00   98.00
01:36:03 PM   33    1.01    0.00    0.00    0.00    0.00    0.00    0.00    0.00    0.00   98.99
01:36:03 PM   34    1.01    0.00    0.00    0.00    0.00    0.00    0.00    0.00    0.00   98.99
01:36:03 PM   35    1.98    0.00    0.99    0.00    0.00    0.00    0.00    0.00    0.00   97.03

01:36:03 PM  CPU    %usr   %nice    %sys %iowait    %irq   %soft  %steal  %guest  %gnice   %idle
01:36:04 PM  all    0.73    0.00    0.45    0.00    0.00    0.00    0.00    0.00    0.00   98.83
01:36:04 PM    0    2.00    0.00    7.00    0.00    0.00    0.00    0.00    0.00    0.00   91.00
01:36:04 PM    1    2.00    0.00    0.00    0.00    0.00    0.00    0.00    0.00    0.00   98.00
01:36:04 PM    2    0.00    0.00    1.01    0.00    0.00    0.00    0.00    0.00    0.00   98.99
01:36:04 PM    3    0.00    0.00    0.00    0.00    0.00    0.00    0.00    0.00    0.00  100.00
01:36:04 PM    4    1.00    0.00    0.00    0.00    0.00    0.00    0.00    0.00    0.00   99.00
01:36:04 PM    5    0.00    0.00    1.00    0.00    0.00    0.00    0.00    0.00    0.00   99.00
01:36:04 PM    6    0.00    0.00    0.00    0.00    0.00    0.00    0.00    0.00    0.00  100.00
01:36:04 PM    7    0.00    0.00    0.00    0.00    0.00    0.00    0.00    0.00    0.00  100.00
01:36:04 PM    8    1.00    0.00    1.00    0.00    0.00    0.00    0.00    0.00    0.00   98.00
01:36:04 PM    9    1.01    0.00    0.00    0.00    0.00    0.00    0.00    0.00    0.00   98.99
01:36:04 PM   10    1.01    0.00    0.00    0.00    0.00    0.00    0.00    0.00    0.00   98.99
01:36:04 PM   11    1.00    0.00    1.00    0.00    0.00    0.00    0.00    0.00    0.00   98.00
01:36:04 PM   12    4.00    0.00    1.00    0.00    0.00    0.00    0.00    0.00    0.00   95.00
01:36:04 PM   13    1.00    0.00    0.00    0.00    0.00    0.00    0.00    0.00    0.00   99.00
01:36:04 PM   14    0.00    0.00    0.00    0.00    0.00    0.00    0.00    0.00    0.00  100.00
01:36:04 PM   15    0.00    0.00    0.00    0.00    0.00    0.00    0.00    0.00    0.00  100.00
01:36:04 PM   16    0.00    0.00    0.00    0.00    0.00    0.00    0.00    0.00    0.00  100.00
01:36:04 PM   17    0.00    0.00    0.00    0.00    0.00    0.00    0.00    0.00    0.00  100.00
01:36:04 PM   18    1.00    0.00    0.00    0.00    0.00    0.00    0.00    0.00    0.00   99.00
01:36:04 PM   19    0.00    0.00    1.00    0.00    0.00    0.00    0.00    0.00    0.00   99.00
01:36:04 PM   20    1.00    0.00    0.00    0.00    0.00    0.00    0.00    0.00    0.00   99.00
01:36:04 PM   21    1.00    0.00    0.00    0.00    0.00    0.00    0.00    0.00    0.00   99.00
01:36:04 PM   22    0.00    0.00    1.00    0.00    0.00    0.00    0.00    0.00    0.00   99.00
01:36:04 PM   23    1.00    0.00    0.00    0.00    0.00    0.00    0.00    0.00    0.00   99.00
01:36:04 PM   24    0.00    0.00    0.00    0.00    0.00    0.00    0.00    0.00    0.00  100.00
01:36:04 PM   25    1.00    0.00    1.00    0.00    0.00    0.00    0.00    0.00    0.00   98.00
01:36:04 PM   26    0.00    0.00    0.00    0.00    0.00    0.00    0.00    0.00    0.00  100.00
01:36:04 PM   27    0.00    0.00    0.00    0.00    0.00    0.00    0.00    0.00    0.00  100.00
01:36:04 PM   28    0.99    0.00    0.99    0.00    0.00    0.00    0.00    0.00    0.00   98.02
01:36:04 PM   29    1.00    0.00    0.00    0.00    0.00    0.00    0.00    0.00    0.00   99.00
01:36:04 PM   30    1.00    0.00    0.00    0.00    0.00    0.00    0.00    0.00    0.00   99.00
01:36:04 PM   31    1.00    0.00    0.00    0.00    0.00    0.00    0.00    0.00    0.00   99.00
01:36:04 PM   32    0.00    0.00    0.00    0.00    0.00    0.00    0.00    0.00    0.00  100.00
01:36:04 PM   33    0.99    0.00    0.00    0.00    0.00    0.00    0.00    0.00    0.00   99.01
01:36:04 PM   34    1.00    0.00    0.00    0.00    0.00    0.00    0.00    0.00    0.00   99.00
01:36:04 PM   35    1.00    0.00    0.00    0.00    0.00    0.00    0.00    0.00    0.00   99.00

01:36:04 PM  CPU    %usr   %nice    %sys %iowait    %irq   %soft  %steal  %guest  %gnice   %idle
01:36:05 PM  all    1.45    0.00    0.75    0.06    0.00    0.00    0.00    0.00    0.00   97.74
01:36:05 PM    0    1.01    0.00    0.00    0.00    0.00    0.00    0.00    0.00    0.00   98.99
01:36:05 PM    1    0.00    0.00    0.00    0.00    0.00    0.00    0.00    0.00    0.00  100.00
01:36:05 PM    2    3.92    0.00    0.98    0.00    0.00    0.00    0.00    0.00    0.00   95.10
01:36:05 PM    3    4.90    0.00    1.96    0.98    0.00    0.00    0.00    0.00    0.00   92.16
01:36:05 PM    4    1.00    0.00    0.00    0.00    0.00    0.00    0.00    0.00    0.00   99.00
01:36:05 PM    5    3.00    0.00    1.00    0.00    0.00    0.00    0.00    0.00    0.00   96.00
01:36:05 PM    6    0.00    0.00    1.00    0.00    0.00    0.00    0.00    0.00    0.00   99.00
01:36:05 PM    7    3.88    0.00    0.97    0.00    0.00    0.00    0.00    0.00    0.00   95.15
01:36:05 PM    8    2.97    0.00    0.99    0.00    0.00    0.00    0.00    0.00    0.00   96.04
01:36:05 PM    9    1.96    0.00    1.96    0.00    0.00    0.00    0.00    0.00    0.00   96.08
01:36:05 PM   10    1.96    0.00    0.98    0.00    0.00    0.00    0.00    0.00    0.00   97.06
01:36:05 PM   11    3.03    0.00    5.05    0.00    0.00    0.00    0.00    0.00    0.00   91.92
01:36:05 PM   12    3.06    0.00    0.00    0.00    0.00    0.00    0.00    0.00    0.00   96.94
01:36:05 PM   13    3.96    0.00    0.00    0.00    0.00    0.00    0.00    0.00    0.00   96.04
01:36:05 PM   14    2.97    0.00    0.00    0.00    0.00    0.00    0.00    0.00    0.00   97.03
01:36:05 PM   15    1.98    0.00    0.00    0.00    0.00    0.00    0.00    0.00    0.00   98.02
01:36:05 PM   16    3.00    0.00    0.00    0.00    0.00    0.00    0.00    0.00    0.00   97.00
01:36:05 PM   17    0.00    0.00    0.00    0.00    0.00    0.00    0.00    0.00    0.00  100.00
01:36:05 PM   18    0.00    0.00    1.01    0.00    0.00    0.00    0.00    0.00    0.00   98.99
01:36:05 PM   19    1.00    0.00    2.00    0.00    0.00    0.00    0.00    0.00    0.00   97.00
01:36:05 PM   20    1.00    0.00    0.00    0.00    0.00    0.00    0.00    0.00    0.00   99.00
01:36:05 PM   21    0.00    0.00    0.00    0.00    0.00    0.00    0.00    0.00    0.00  100.00
01:36:05 PM   22    0.00    0.00    0.00    1.02    0.00    0.00    0.00    0.00    0.00   98.98
01:36:05 PM   23    0.00    0.00    0.00    0.00    0.00    0.00    0.00    0.00    0.00  100.00
01:36:05 PM   24    1.00    0.00    1.00    0.00    0.00    0.00    0.00    0.00    0.00   98.00
01:36:05 PM   25    0.99    0.00    0.99    0.00    0.00    0.00    0.00    0.00    0.00   98.02
01:36:05 PM   26    0.00    0.00    0.00    0.00    0.00    0.00    0.00    0.00    0.00  100.00
01:36:05 PM   27    1.00    0.00    2.00    0.00    0.00    0.00    0.00    0.00    0.00   97.00
01:36:05 PM   28    0.00    0.00    0.00    0.00    0.00    0.00    0.00    0.00    0.00  100.00
01:36:05 PM   29    0.00    0.00    1.02    0.00    0.00    0.00    0.00    0.00    0.00   98.98
01:36:05 PM   30    1.01    0.00    2.02    0.00    0.00    0.00    0.00    0.00    0.00   96.97
01:36:05 PM   31    1.01    0.00    0.00    0.00    0.00    0.00    0.00    0.00    0.00   98.99
01:36:05 PM   32    0.00    0.00    0.00    0.00    0.00    0.00    0.00    0.00    0.00  100.00
01:36:05 PM   33    0.00    0.00    1.01    0.00    0.00    0.00    0.00    0.00    0.00   98.99
01:36:05 PM   34    1.98    0.00    0.99    0.00    0.00    0.00    0.00    0.00    0.00   97.03
01:36:05 PM   35    0.00    0.00    0.00    0.00    0.00    0.00    0.00    0.00    0.00  100.00

01:36:05 PM  CPU    %usr   %nice    %sys %iowait    %irq   %soft  %steal  %guest  %gnice   %idle
01:36:06 PM  all    0.86    0.00    0.53    0.03    0.00    0.06    0.00    0.00    0.00   98.52
01:36:06 PM    0    1.01    0.00    0.00    0.00    0.00    0.00    0.00    0.00    0.00   98.99
01:36:06 PM    1    0.00    0.00    0.00    0.00    0.00    0.00    0.00    0.00    0.00  100.00
01:36:06 PM    2    1.00    0.00    0.00    0.00    0.00    0.00    0.00    0.00    0.00   99.00
01:36:06 PM    3    4.04    0.00    1.01    0.00    0.00    0.00    0.00    0.00    0.00   94.95
01:36:06 PM    4    0.00    0.00    1.00    0.00    0.00    0.00    0.00    0.00    0.00   99.00
01:36:06 PM    5    1.00    0.00    0.00    0.00    0.00    0.00    0.00    0.00    0.00   99.00
01:36:06 PM    6    2.00    0.00    0.00    0.00    0.00    0.00    0.00    0.00    0.00   98.00
01:36:06 PM    7    0.00    0.00    1.00    0.00    0.00    0.00    0.00    0.00    0.00   99.00
01:36:06 PM    8    1.00    0.00    1.00    0.00    0.00    0.00    0.00    0.00    0.00   98.00
01:36:06 PM    9    1.01    0.00    2.02    0.00    0.00    0.00    0.00    0.00    0.00   96.97
01:36:06 PM   10    1.01    0.00    0.00    0.00    0.00    0.00    0.00    0.00    0.00   98.99
01:36:06 PM   11    0.00    0.00    0.00    0.00    0.00    0.00    0.00    0.00    0.00  100.00
01:36:06 PM   12    0.00    0.00    1.00    0.00    0.00    0.00    0.00    0.00    0.00   99.00
01:36:06 PM   13    2.00    0.00    3.00    0.00    0.00    0.00    0.00    0.00    0.00   95.00
01:36:06 PM   14    1.00    0.00    0.00    0.00    0.00    0.00    0.00    0.00    0.00   99.00
01:36:06 PM   15    1.01    0.00    0.00    0.00    0.00    0.00    0.00    0.00    0.00   98.99
01:36:06 PM   16    0.00    0.00    0.00    0.00    0.00    0.00    0.00    0.00    0.00  100.00
01:36:06 PM   17    1.00    0.00    0.00    0.00    0.00    0.00    0.00    0.00    0.00   99.00
01:36:06 PM   18    1.98    0.00    0.00    0.00    0.00    0.00    0.00    0.00    0.00   98.02
01:36:06 PM   19    0.99    0.00    0.00    0.00    0.00    0.99    0.00    0.00    0.00   98.02
01:36:06 PM   20    0.00    0.00    1.01    0.00    0.00    0.00    0.00    0.00    0.00   98.99
01:36:06 PM   21    0.00    0.00    1.00    0.00    0.00    0.00    0.00    0.00    0.00   99.00
01:36:06 PM   22    0.00    0.00    0.00    0.00    0.00    0.00    0.00    0.00    0.00  100.00
01:36:06 PM   23    0.99    0.00    1.98    0.00    0.00    0.00    0.00    0.00    0.00   97.03
01:36:06 PM   24    0.00    0.00    1.01    0.00    0.00    0.00    0.00    0.00    0.00   98.99
01:36:06 PM   25    0.00    0.00    0.00    0.00    0.00    0.00    0.00    0.00    0.00  100.00
01:36:06 PM   26    1.00    0.00    1.00    0.00    0.00    0.00    0.00    0.00    0.00   98.00
01:36:06 PM   27    0.00    0.00    0.00    0.00    0.00    0.00    0.00    0.00    0.00  100.00
01:36:06 PM   28    2.00    0.00    0.00    0.00    0.00    0.00    0.00    0.00    0.00   98.00
01:36:06 PM   29    0.97    0.00    0.97    0.97    0.00    0.97    0.00    0.00    0.00   96.12
01:36:06 PM   30    1.00    0.00    1.00    0.00    0.00    0.00    0.00    0.00    0.00   98.00
01:36:06 PM   31    1.01    0.00    0.00    0.00    0.00    0.00    0.00    0.00    0.00   98.99
01:36:06 PM   32    1.00    0.00    0.00    0.00    0.00    0.00    0.00    0.00    0.00   99.00
01:36:06 PM   33    1.00    0.00    0.00    0.00    0.00    0.00    0.00    0.00    0.00   99.00
01:36:06 PM   34    0.99    0.00    0.99    0.00    0.00    0.00    0.00    0.00    0.00   98.02
01:36:06 PM   35    1.00    0.00    0.00    0.00    0.00    0.00    0.00    0.00    0.00   99.00

01:36:06 PM  CPU    %usr   %nice    %sys %iowait    %irq   %soft  %steal  %guest  %gnice   %idle
01:36:07 PM  all    0.86    0.00    0.53    0.08    0.00    0.00    0.00    0.00    0.00   98.52
01:36:07 PM    0    1.01    0.00    0.00    1.01    0.00    0.00    0.00    0.00    0.00   97.98
01:36:07 PM    1    1.01    0.00    0.00    0.00    0.00    0.00    0.00    0.00    0.00   98.99
01:36:07 PM    2    1.00    0.00    1.00    0.00    0.00    0.00    0.00    0.00    0.00   98.00
01:36:07 PM    3    9.80    0.00    0.00    0.00    0.00    0.00    0.00    0.00    0.00   90.20
01:36:07 PM    4    0.00    0.00    0.00    0.00    0.00    0.00    0.00    0.00    0.00  100.00
01:36:07 PM    5    0.00    0.00    1.98    0.00    0.00    0.00    0.00    0.00    0.00   98.02
01:36:07 PM    6    0.00    0.00    0.00    1.01    0.00    0.00    0.00    0.00    0.00   98.99
01:36:07 PM    7    0.00    0.00    0.00    0.00    0.00    0.00    0.00    0.00    0.00  100.00
01:36:07 PM    8    2.00    0.00    0.00    0.00    0.00    0.00    0.00    0.00    0.00   98.00
01:36:07 PM    9    0.00    0.00    0.00    0.00    0.00    0.00    0.00    0.00    0.00  100.00
01:36:07 PM   10    0.00    0.00    0.00    0.00    0.00    0.00    0.00    0.00    0.00  100.00
01:36:07 PM   11    3.00    0.00    6.00    0.00    0.00    0.00    0.00    0.00    0.00   91.00
01:36:07 PM   12    1.96    0.00    0.98    0.00    0.00    0.00    0.00    0.00    0.00   97.06
01:36:07 PM   13    1.98    0.00    0.00    0.00    0.00    0.00    0.00    0.00    0.00   98.02
01:36:07 PM   14    0.00    0.00    1.01    0.00    0.00    0.00    0.00    0.00    0.00   98.99
01:36:07 PM   15    1.00    0.00    0.00    0.00    0.00    0.00    0.00    0.00    0.00   99.00
01:36:07 PM   16    1.01    0.00    0.00    0.00    0.00    0.00    0.00    0.00    0.00   98.99
01:36:07 PM   17    0.00    0.00    1.01    0.00    0.00    0.00    0.00    0.00    0.00   98.99
01:36:07 PM   18    0.00    0.00    0.00    0.00    0.00    0.00    0.00    0.00    0.00  100.00
01:36:07 PM   19    0.00    0.00    1.02    0.00    0.00    0.00    0.00    0.00    0.00   98.98
01:36:07 PM   20    1.00    0.00    1.00    0.00    0.00    0.00    0.00    0.00    0.00   98.00
01:36:07 PM   21    1.00    0.00    1.00    0.00    0.00    0.00    0.00    0.00    0.00   98.00
01:36:07 PM   22    0.00    0.00    1.00    0.00    0.00    0.00    0.00    0.00    0.00   99.00
01:36:07 PM   23    0.00    0.00    0.00    0.00    0.00    0.00    0.00    0.00    0.00  100.00
01:36:07 PM   24    0.00    0.00    0.00    0.00    0.00    0.00    0.00    0.00    0.00  100.00
01:36:07 PM   25    1.00    0.00    1.00    0.00    0.00    0.00    0.00    0.00    0.00   98.00
01:36:07 PM   26    0.00    0.00    1.00    0.00    0.00    0.00    0.00    0.00    0.00   99.00
01:36:07 PM   27    1.98    0.00    0.00    0.00    0.00    0.00    0.00    0.00    0.00   98.02
01:36:07 PM   28    0.00    0.00    0.00    0.00    0.00    0.00    0.00    0.00    0.00  100.00
01:36:07 PM   29    1.00    0.00    0.00    0.00    0.00    0.00    0.00    0.00    0.00   99.00
01:36:07 PM   30    0.00    0.00    0.00    1.01    0.00    0.00    0.00    0.00    0.00   98.99
01:36:07 PM   31    1.00    0.00    0.00    0.00    0.00    0.00    0.00    0.00    0.00   99.00
01:36:07 PM   32    0.00    0.00    0.00    0.00    0.00    0.00    0.00    0.00    0.00  100.00
01:36:07 PM   33    0.00    0.00    0.00    0.00    0.00    0.00    0.00    0.00    0.00  100.00
01:36:07 PM   34    0.00    0.00    0.00    0.00    0.00    0.00    0.00    0.00    0.00  100.00
01:36:07 PM   35    0.00    0.00    1.00    0.00    0.00    0.00    0.00    0.00    0.00   99.00

01:36:07 PM  CPU    %usr   %nice    %sys %iowait    %irq   %soft  %steal  %guest  %gnice   %idle
01:36:08 PM  all    1.47    0.00    0.72    0.00    0.00    0.03    0.00    0.00    0.00   97.78
01:36:08 PM    0    2.00    0.00    1.00    0.00    0.00    0.00    0.00    0.00    0.00   97.00
01:36:08 PM    1    2.00    0.00    1.00    0.00    0.00    0.00    0.00    0.00    0.00   97.00
01:36:08 PM    2    2.00    0.00    4.00    0.00    0.00    0.00    0.00    0.00    0.00   94.00
01:36:08 PM    3    9.90    0.00    0.99    0.00    0.00    0.00    0.00    0.00    0.00   89.11
01:36:08 PM    4    0.00    0.00    0.00    0.00    0.00    0.00    0.00    0.00    0.00  100.00
01:36:08 PM    5    3.92    0.00    0.00    0.00    0.00    0.00    0.00    0.00    0.00   96.08
01:36:08 PM    6    1.00    0.00    1.00    0.00    0.00    0.00    0.00    0.00    0.00   98.00
01:36:08 PM    7    0.00    0.00    1.01    0.00    0.00    0.00    0.00    0.00    0.00   98.99
01:36:08 PM    8    1.00    0.00    1.00    0.00    0.00    0.00    0.00    0.00    0.00   98.00
01:36:08 PM    9    1.01    0.00    1.01    0.00    0.00    0.00    0.00    0.00    0.00   97.98
01:36:08 PM   10    0.00    0.00    1.01    0.00    0.00    0.00    0.00    0.00    0.00   98.99
01:36:08 PM   11    1.00    0.00    0.00    0.00    0.00    1.00    0.00    0.00    0.00   98.00
01:36:08 PM   12    4.95    0.00    0.99    0.00    0.00    0.00    0.00    0.00    0.00   94.06
01:36:08 PM   13    0.00    0.00    1.01    0.00    0.00    0.00    0.00    0.00    0.00   98.99
01:36:08 PM   14    5.94    0.00    1.98    0.00    0.00    0.00    0.00    0.00    0.00   92.08
01:36:08 PM   15    1.00    0.00    1.00    0.00    0.00    0.00    0.00    0.00    0.00   98.00
01:36:08 PM   16    0.00    0.00    1.00    0.00    0.00    0.00    0.00    0.00    0.00   99.00
01:36:08 PM   17    1.00    0.00    1.00    0.00    0.00    0.00    0.00    0.00    0.00   98.00
01:36:08 PM   18    0.00    0.00    0.00    0.00    0.00    0.00    0.00    0.00    0.00  100.00
01:36:08 PM   19    1.00    0.00    0.00    0.00    0.00    0.00    0.00    0.00    0.00   99.00
01:36:08 PM   20    0.99    0.00    0.99    0.00    0.00    0.00    0.00    0.00    0.00   98.02
01:36:08 PM   21    1.00    0.00    0.00    0.00    0.00    0.00    0.00    0.00    0.00   99.00
01:36:08 PM   22    0.99    0.00    0.99    0.00    0.00    0.00    0.00    0.00    0.00   98.02
01:36:08 PM   23    2.00    0.00    0.00    0.00    0.00    0.00    0.00    0.00    0.00   98.00
01:36:08 PM   24    0.99    0.00    0.99    0.00    0.00    0.00    0.00    0.00    0.00   98.02
01:36:08 PM   25    0.00    0.00    0.99    0.00    0.00    0.00    0.00    0.00    0.00   99.01
01:36:08 PM   26    1.98    0.00    0.00    0.00    0.00    0.00    0.00    0.00    0.00   98.02
01:36:08 PM   27    0.00    0.00    1.00    0.00    0.00    0.00    0.00    0.00    0.00   99.00
01:36:08 PM   28    0.00    0.00    0.00    0.00    0.00    0.00    0.00    0.00    0.00  100.00
01:36:08 PM   29    0.00    0.00    0.00    0.00    0.00    0.00    0.00    0.00    0.00  100.00
01:36:08 PM   30    1.00    0.00    0.00    0.00    0.00    0.00    0.00    0.00    0.00   99.00
01:36:08 PM   31    0.99    0.00    0.99    0.00    0.00    0.00    0.00    0.00    0.00   98.02
01:36:08 PM   32    1.98    0.00    0.00    0.00    0.00    0.00    0.00    0.00    0.00   98.02
01:36:08 PM   33    1.00    0.00    0.00    0.00    0.00    0.00    0.00    0.00    0.00   99.00
01:36:08 PM   34    0.99    0.00    0.99    0.00    0.00    0.00    0.00    0.00    0.00   98.02
01:36:08 PM   35    1.00    0.00    0.00    0.00    0.00    0.00    0.00    0.00    0.00   99.00

01:36:08 PM  CPU    %usr   %nice    %sys %iowait    %irq   %soft  %steal  %guest  %gnice   %idle
01:36:09 PM  all    0.50    0.00    0.28    0.06    0.00    0.03    0.00    0.00    0.00   99.13
01:36:09 PM    0    0.00    0.00    0.00    0.00    0.00    0.00    0.00    0.00    0.00  100.00
01:36:09 PM    1    0.00    0.00    1.00    0.00    0.00    0.00    0.00    0.00    0.00   99.00
01:36:09 PM    2    1.02    0.00    2.04    0.00    0.00    0.00    0.00    0.00    0.00   96.94
01:36:09 PM    3    0.00    0.00    1.01    0.00    0.00    0.00    0.00    0.00    0.00   98.99
01:36:09 PM    4    1.00    0.00    0.00    0.00    0.00    0.00    0.00    0.00    0.00   99.00
01:36:09 PM    5    0.00    0.00    0.00    0.00    0.00    0.00    0.00    0.00    0.00  100.00
01:36:09 PM    6    0.00    0.00    0.00    0.00    0.00    0.00    0.00    0.00    0.00  100.00
01:36:09 PM    7    0.00    0.00    0.00    0.00    0.00    0.00    0.00    0.00    0.00  100.00
01:36:09 PM    8    1.01    0.00    0.00    0.00    0.00    0.00    0.00    0.00    0.00   98.99
01:36:09 PM    9    0.00    0.00    1.00    0.00    0.00    0.00    0.00    0.00    0.00   99.00
01:36:09 PM   10    1.00    0.00    0.00    0.00    0.00    0.00    0.00    0.00    0.00   99.00
01:36:09 PM   11    0.99    0.00    0.99    0.00    0.00    0.00    0.00    0.00    0.00   98.02
01:36:09 PM   12    3.03    0.00    0.00    0.00    0.00    0.00    0.00    0.00    0.00   96.97
01:36:09 PM   13    1.00    0.00    0.00    0.00    0.00    0.00    0.00    0.00    0.00   99.00
01:36:09 PM   14    1.98    0.00    0.00    0.00    0.00    0.00    0.00    0.00    0.00   98.02
01:36:09 PM   15    1.00    0.00    0.00    0.00    0.00    0.00    0.00    0.00    0.00   99.00
01:36:09 PM   16    0.99    0.00    0.99    0.00    0.00    0.00    0.00    0.00    0.00   98.02
01:36:09 PM   17    0.00    0.00    0.00    1.01    0.00    0.00    0.00    0.00    0.00   98.99
01:36:09 PM   18    0.00    0.00    0.00    0.00    0.00    0.00    0.00    0.00    0.00  100.00
01:36:09 PM   19    0.98    0.00    0.98    0.00    0.00    0.00    0.00    0.00    0.00   98.04
01:36:09 PM   20    0.00    0.00    0.00    0.00    0.00    0.00    0.00    0.00    0.00  100.00
01:36:09 PM   21    0.00    0.00    0.00    0.00    0.00    0.00    0.00    0.00    0.00  100.00
01:36:09 PM   22    0.00    0.00    0.00    0.00    0.00    0.00    0.00    0.00    0.00  100.00
01:36:09 PM   23    0.00    0.00    1.00    0.00    0.00    0.00    0.00    0.00    0.00   99.00
01:36:09 PM   24    1.01    0.00    0.00    0.00    0.00    0.00    0.00    0.00    0.00   98.99
01:36:09 PM   25    1.00    0.00    0.00    0.00    0.00    0.00    0.00    0.00    0.00   99.00
01:36:09 PM   26    0.00    0.00    0.00    0.00    0.00    0.00    0.00    0.00    0.00  100.00
01:36:09 PM   27    1.00    0.00    0.00    0.00    0.00    0.00    0.00    0.00    0.00   99.00
01:36:09 PM   28    1.00    0.00    0.00    0.00    0.00    0.00    0.00    0.00    0.00   99.00
01:36:09 PM   29    0.00    0.00    0.00    0.00    0.00    0.00    0.00    0.00    0.00  100.00
01:36:09 PM   30    0.00    0.00    0.00    0.00    0.00    0.00    0.00    0.00    0.00  100.00
01:36:09 PM   31    0.00    0.00    0.00    0.00    0.00    1.00    0.00    0.00    0.00   99.00
01:36:09 PM   32    0.00    0.00    0.00    0.00    0.00    0.00    0.00    0.00    0.00  100.00
01:36:09 PM   33    0.00    0.00    0.00    1.02    0.00    0.00    0.00    0.00    0.00   98.98
01:36:09 PM   34    0.00    0.00    0.00    0.00    0.00    0.00    0.00    0.00    0.00  100.00
01:36:09 PM   35    0.00    0.00    1.00    0.00    0.00    0.00    0.00    0.00    0.00   99.00

01:36:09 PM  CPU    %usr   %nice    %sys %iowait    %irq   %soft  %steal  %guest  %gnice   %idle
01:36:10 PM  all    1.00    0.00    0.70    0.03    0.00    0.06    0.00    0.00    0.00   98.22
01:36:10 PM    0    1.98    0.00    0.99    0.00    0.00    0.00    0.00    0.00    0.00   97.03
01:36:10 PM    1    1.00    0.00    0.00    0.00    0.00    0.00    0.00    0.00    0.00   99.00
01:36:10 PM    2    3.03    0.00    5.05    0.00    0.00    0.00    0.00    0.00    0.00   91.92
01:36:10 PM    3    3.00    0.00    0.00    0.00    0.00    0.00    0.00    0.00    0.00   97.00
01:36:10 PM    4    1.00    0.00    1.00    0.00    0.00    0.00    0.00    0.00    0.00   98.00
01:36:10 PM    5    1.00    0.00    0.00    0.00    0.00    0.00    0.00    0.00    0.00   99.00
01:36:10 PM    6    0.99    0.00    0.99    0.00    0.00    0.00    0.00    0.00    0.00   98.02
01:36:10 PM    7    1.00    0.00    1.00    0.00    0.00    0.00    0.00    0.00    0.00   98.00
01:36:10 PM    8    1.01    0.00    0.00    0.00    0.00    0.00    0.00    0.00    0.00   98.99
01:36:10 PM    9    1.00    0.00    1.00    0.00    0.00    0.00    0.00    0.00    0.00   98.00
01:36:10 PM   10    1.00    0.00    1.00    0.00    0.00    0.00    0.00    0.00    0.00   98.00
01:36:10 PM   11    1.00    0.00    0.00    0.00    0.00    1.00    0.00    0.00    0.00   98.00
01:36:10 PM   12    4.00    0.00    1.00    0.00    0.00    0.00    0.00    0.00    0.00   95.00
01:36:10 PM   13    1.01    0.00    0.00    0.00    0.00    0.00    0.00    0.00    0.00   98.99
01:36:10 PM   14    0.00    0.00    1.00    0.00    0.00    0.00    0.00    0.00    0.00   99.00
01:36:10 PM   15    0.99    0.00    0.99    0.00    0.00    0.99    0.00    0.00    0.00   97.03
01:36:10 PM   16    0.00    0.00    0.00    0.00    0.00    0.00    0.00    0.00    0.00  100.00
01:36:10 PM   17    1.00    0.00    0.00    1.00    0.00    0.00    0.00    0.00    0.00   98.00
01:36:10 PM   18    0.99    0.00    0.99    0.00    0.00    0.00    0.00    0.00    0.00   98.02
01:36:10 PM   19    0.00    0.00    0.00    0.00    0.00    0.00    0.00    0.00    0.00  100.00
01:36:10 PM   20    0.00    0.00    1.00    0.00    0.00    0.00    0.00    0.00    0.00   99.00
01:36:10 PM   21    1.01    0.00    1.01    0.00    0.00    0.00    0.00    0.00    0.00   97.98
01:36:10 PM   22    1.01    0.00    0.00    0.00    0.00    0.00    0.00    0.00    0.00   98.99
01:36:10 PM   23    1.00    0.00    0.00    0.00    0.00    0.00    0.00    0.00    0.00   99.00
01:36:10 PM   24    1.00    0.00    1.00    0.00    0.00    0.00    0.00    0.00    0.00   98.00
01:36:10 PM   25    0.00    0.00    1.00    0.00    0.00    0.00    0.00    0.00    0.00   99.00
01:36:10 PM   26    1.00    0.00    0.00    0.00    0.00    0.00    0.00    0.00    0.00   99.00
01:36:10 PM   27    0.00    0.00    0.00    0.00    0.00    0.00    0.00    0.00    0.00  100.00
01:36:10 PM   28    0.99    0.00    0.99    0.00    0.00    0.00    0.00    0.00    0.00   98.02
01:36:10 PM   29    0.00    0.00    0.00    0.00    0.00    0.00    0.00    0.00    0.00  100.00
01:36:10 PM   30    1.00    0.00    1.00    0.00    0.00    0.00    0.00    0.00    0.00   98.00
01:36:10 PM   31    1.00    0.00    1.00    0.00    0.00    0.00    0.00    0.00    0.00   98.00
01:36:10 PM   32    1.98    0.00    0.99    0.00    0.00    0.00    0.00    0.00    0.00   97.03
01:36:10 PM   33    0.00    0.00    1.00    0.00    0.00    0.00    0.00    0.00    0.00   99.00
01:36:10 PM   34    0.00    0.00    1.00    0.00    0.00    0.00    0.00    0.00    0.00   99.00
01:36:10 PM   35    1.00    0.00    0.00    0.00    0.00    0.00    0.00    0.00    0.00   99.00

01:36:10 PM  CPU    %usr   %nice    %sys %iowait    %irq   %soft  %steal  %guest  %gnice   %idle
01:36:11 PM  all    0.64    0.00    0.25    0.11    0.00    0.03    0.00    0.00    0.00   98.97
01:36:11 PM    0    1.02    0.00    0.00    0.00    0.00    0.00    0.00    0.00    0.00   98.98
01:36:11 PM    1    2.00    0.00    0.00    0.00    0.00    0.00    0.00    0.00    0.00   98.00
01:36:11 PM    2    0.00    0.00    0.00    0.00    0.00    0.00    0.00    0.00    0.00  100.00
01:36:11 PM    3    0.00    0.00    0.00    0.00    0.00    0.00    0.00    0.00    0.00  100.00
01:36:11 PM    4    0.00    0.00    1.00    0.00    0.00    0.00    0.00    0.00    0.00   99.00
01:36:11 PM    5    0.99    0.00    0.00    0.00    0.00    0.00    0.00    0.00    0.00   99.01
01:36:11 PM    6    0.00    0.00    0.00    1.02    0.00    0.00    0.00    0.00    0.00   98.98
01:36:11 PM    7    0.00    0.00    0.00    0.00    0.00    1.00    0.00    0.00    0.00   99.00
01:36:11 PM    8    0.00    0.00    0.00    1.00    0.00    0.00    0.00    0.00    0.00   99.00
01:36:11 PM    9    1.02    0.00    0.00    0.00    0.00    0.00    0.00    0.00    0.00   98.98
01:36:11 PM   10    0.00    0.00    0.00    0.00    0.00    0.00    0.00    0.00    0.00  100.00
01:36:11 PM   11    0.00    0.00    2.00    0.00    0.00    0.00    0.00    0.00    0.00   98.00
01:36:11 PM   12    2.00    0.00    0.00    0.00    0.00    0.00    0.00    0.00    0.00   98.00
01:36:11 PM   13    1.96    0.00    0.98    0.00    0.00    0.00    0.00    0.00    0.00   97.06
01:36:11 PM   14    1.00    0.00    0.00    0.00    0.00    0.00    0.00    0.00    0.00   99.00
01:36:11 PM   15    1.98    0.00    0.00    0.00    0.00    0.00    0.00    0.00    0.00   98.02
01:36:11 PM   16    0.00    0.00    0.00    0.00    0.00    0.00    0.00    0.00    0.00  100.00
01:36:11 PM   17    0.00    0.00    0.00    0.00    0.00    0.00    0.00    0.00    0.00  100.00
01:36:11 PM   18    0.00    0.00    0.00    0.00    0.00    0.00    0.00    0.00    0.00  100.00
01:36:11 PM   19    1.00    0.00    0.00    0.00    0.00    0.00    0.00    0.00    0.00   99.00
01:36:11 PM   20    0.00    0.00    1.00    0.00    0.00    0.00    0.00    0.00    0.00   99.00
01:36:11 PM   21    0.99    0.00    0.99    0.00    0.00    0.00    0.00    0.00    0.00   98.02
01:36:11 PM   22    0.00    0.00    0.00    0.00    0.00    0.00    0.00    0.00    0.00  100.00
01:36:11 PM   23    1.01    0.00    0.00    0.00    0.00    0.00    0.00    0.00    0.00   98.99
01:36:11 PM   24    1.00    0.00    0.00    0.00    0.00    0.00    0.00    0.00    0.00   99.00
01:36:11 PM   25    2.00    0.00    0.00    0.00    0.00    0.00    0.00    0.00    0.00   98.00
01:36:11 PM   26    1.00    0.00    0.00    0.00    0.00    0.00    0.00    0.00    0.00   99.00
01:36:11 PM   27    0.98    0.00    0.98    0.00    0.00    0.00    0.00    0.00    0.00   98.04
01:36:11 PM   28    0.00    0.00    1.00    0.00    0.00    0.00    0.00    0.00    0.00   99.00
01:36:11 PM   29    1.00    0.00    0.00    0.00    0.00    0.00    0.00    0.00    0.00   99.00
01:36:11 PM   30    0.00    0.00    0.00    0.00    0.00    0.00    0.00    0.00    0.00  100.00
01:36:11 PM   31    0.00    0.00    0.00    1.00    0.00    0.00    0.00    0.00    0.00   99.00
01:36:11 PM   32    1.00    0.00    0.00    0.00    0.00    0.00    0.00    0.00    0.00   99.00
01:36:11 PM   33    0.99    0.00    0.00    0.00    0.00    0.00    0.00    0.00    0.00   99.01
01:36:11 PM   34    0.00    0.00    1.00    0.00    0.00    0.00    0.00    0.00    0.00   99.00
01:36:11 PM   35    0.00    0.00    0.00    1.00    0.00    0.00    0.00    0.00    0.00   99.00

01:36:11 PM  CPU    %usr   %nice    %sys %iowait    %irq   %soft  %steal  %guest  %gnice   %idle
01:36:12 PM  all    0.72    0.00    0.42    0.03    0.00    0.00    0.00    0.00    0.00   98.83
01:36:12 PM    0    1.01    0.00    0.00    0.00    0.00    0.00    0.00    0.00    0.00   98.99
01:36:12 PM    1    0.00    0.00    1.00    0.00    0.00    0.00    0.00    0.00    0.00   99.00
01:36:12 PM    2    1.98    0.00    6.93    0.00    0.00    0.00    0.00    0.00    0.00   91.09
01:36:12 PM    3    0.00    0.00    0.00    0.00    0.00    0.00    0.00    0.00    0.00  100.00
01:36:12 PM    4    1.00    0.00    0.00    0.00    0.00    0.00    0.00    0.00    0.00   99.00
01:36:12 PM    5    0.00    0.00    0.00    0.00    0.00    0.00    0.00    0.00    0.00  100.00
01:36:12 PM    6    1.00    0.00    0.00    0.00    0.00    0.00    0.00    0.00    0.00   99.00
01:36:12 PM    7    1.01    0.00    0.00    0.00    0.00    0.00    0.00    0.00    0.00   98.99
01:36:12 PM    8    0.99    0.00    0.99    0.00    0.00    0.00    0.00    0.00    0.00   98.02
01:36:12 PM    9    1.98    0.00    0.99    0.00    0.00    0.00    0.00    0.00    0.00   97.03
01:36:12 PM   10    1.00    0.00    0.00    0.00    0.00    0.00    0.00    0.00    0.00   99.00
01:36:12 PM   11    2.00    0.00    0.00    0.00    0.00    0.00    0.00    0.00    0.00   98.00
01:36:12 PM   12    2.00    0.00    0.00    0.00    0.00    0.00    0.00    0.00    0.00   98.00
01:36:12 PM   13    0.00    0.00    0.00    0.00    0.00    0.00    0.00    0.00    0.00  100.00
01:36:12 PM   14    1.01    0.00    0.00    0.00    0.00    0.00    0.00    0.00    0.00   98.99
01:36:12 PM   15    2.00    0.00    0.00    0.00    0.00    0.00    0.00    0.00    0.00   98.00
01:36:12 PM   16    1.00    0.00    1.00    0.00    0.00    0.00    0.00    0.00    0.00   98.00
01:36:12 PM   17    1.00    0.00    0.00    0.00    0.00    0.00    0.00    0.00    0.00   99.00
01:36:12 PM   18    1.00    0.00    0.00    0.00    0.00    0.00    0.00    0.00    0.00   99.00
01:36:12 PM   19    1.00    0.00    0.00    0.00    0.00    0.00    0.00    0.00    0.00   99.00
01:36:12 PM   20    0.00    0.00    0.00    0.00    0.00    0.00    0.00    0.00    0.00  100.00
01:36:12 PM   21    0.00    0.00    0.00    0.00    0.00    0.00    0.00    0.00    0.00  100.00
01:36:12 PM   22    1.01    0.00    0.00    0.00    0.00    0.00    0.00    0.00    0.00   98.99
01:36:12 PM   23    0.00    0.00    1.00    0.00    0.00    0.00    0.00    0.00    0.00   99.00
01:36:12 PM   24    0.00    0.00    1.00    0.00    0.00    0.00    0.00    0.00    0.00   99.00
01:36:12 PM   25    0.00    0.00    1.00    1.00    0.00    0.00    0.00    0.00    0.00   98.00
01:36:12 PM   26    1.96    0.00    0.98    0.00    0.00    0.00    0.00    0.00    0.00   97.06
01:36:12 PM   27    0.00    0.00    0.00    0.00    0.00    0.00    0.00    0.00    0.00  100.00
01:36:12 PM   28    0.00    0.00    0.00    0.00    0.00    0.00    0.00    0.00    0.00  100.00
01:36:12 PM   29    0.00    0.00    0.00    0.00    0.00    0.00    0.00    0.00    0.00  100.00
01:36:12 PM   30    0.00    0.00    0.00    0.00    0.00    0.00    0.00    0.00    0.00  100.00
01:36:12 PM   31    0.00    0.00    0.00    0.00    0.00    0.00    0.00    0.00    0.00  100.00
01:36:12 PM   32    1.00    0.00    0.00    0.00    0.00    0.00    0.00    0.00    0.00   99.00
01:36:12 PM   33    0.00    0.00    0.00    0.00    0.00    0.00    0.00    0.00    0.00  100.00
01:36:12 PM   34    1.01    0.00    0.00    0.00    0.00    0.00    0.00    0.00    0.00   98.99
01:36:12 PM   35    0.00    0.00    0.00    0.00    0.00    0.00    0.00    0.00    0.00  100.00

01:36:12 PM  CPU    %usr   %nice    %sys %iowait    %irq   %soft  %steal  %guest  %gnice   %idle
01:36:13 PM  all    1.14    0.00    0.42    0.06    0.00    0.00    0.00    0.00    0.00   98.38
01:36:13 PM    0    3.03    0.00    0.00    0.00    0.00    0.00    0.00    0.00    0.00   96.97
01:36:13 PM    1    3.00    0.00    0.00    0.00    0.00    0.00    0.00    0.00    0.00   97.00
01:36:13 PM    2    3.06    0.00    5.10    0.00    0.00    0.00    0.00    0.00    0.00   91.84
01:36:13 PM    3    3.96    0.00    0.99    0.00    0.00    0.00    0.00    0.00    0.00   95.05
01:36:13 PM    4    1.01    0.00    0.00    0.00    0.00    0.00    0.00    0.00    0.00   98.99
01:36:13 PM    5    1.01    0.00    1.01    0.00    0.00    0.00    0.00    0.00    0.00   97.98
01:36:13 PM    6    1.00    0.00    1.00    0.00    0.00    0.00    0.00    0.00    0.00   98.00
01:36:13 PM    7    3.00    0.00    0.00    0.00    0.00    0.00    0.00    0.00    0.00   97.00
01:36:13 PM    8    1.01    0.00    0.00    1.01    0.00    0.00    0.00    0.00    0.00   97.98
01:36:13 PM    9    2.00    0.00    0.00    0.00    0.00    0.00    0.00    0.00    0.00   98.00
01:36:13 PM   10    1.98    0.00    0.99    0.00    0.00    0.00    0.00    0.00    0.00   97.03
01:36:13 PM   11    2.00    0.00    1.00    0.00    0.00    0.00    0.00    0.00    0.00   97.00
01:36:13 PM   12    1.01    0.00    0.00    0.00    0.00    0.00    0.00    0.00    0.00   98.99
01:36:13 PM   13    2.04    0.00    0.00    0.00    0.00    0.00    0.00    0.00    0.00   97.96
01:36:13 PM   14    0.00    0.00    1.01    0.00    0.00    0.00    0.00    0.00    0.00   98.99
01:36:13 PM   15    2.97    0.00    0.99    0.00    0.00    0.00    0.00    0.00    0.00   96.04
01:36:13 PM   16    0.00    0.00    0.00    0.00    0.00    0.00    0.00    0.00    0.00  100.00
01:36:13 PM   17    1.01    0.00    0.00    0.00    0.00    0.00    0.00    0.00    0.00   98.99
01:36:13 PM   18    0.00    0.00    0.00    0.00    0.00    0.00    0.00    0.00    0.00  100.00
01:36:13 PM   19    0.00    0.00    0.00    0.00    0.00    0.00    0.00    0.00    0.00  100.00
01:36:13 PM   20    1.01    0.00    0.00    0.00    0.00    0.00    0.00    0.00    0.00   98.99
01:36:13 PM   21    0.99    0.00    0.99    0.00    0.00    0.00    0.00    0.00    0.00   98.02
01:36:13 PM   22    0.00    0.00    1.00    0.00    0.00    0.00    0.00    0.00    0.00   99.00
01:36:13 PM   23    0.00    0.00    0.00    0.00    0.00    0.00    0.00    0.00    0.00  100.00
01:36:13 PM   24    1.01    0.00    0.00    0.00    0.00    0.00    0.00    0.00    0.00   98.99
01:36:13 PM   25    0.00    0.00    0.00    0.00    0.00    0.00    0.00    0.00    0.00  100.00
01:36:13 PM   26    0.00    0.00    0.00    0.00    0.00    0.00    0.00    0.00    0.00  100.00
01:36:13 PM   27    1.00    0.00    0.00    0.00    0.00    0.00    0.00    0.00    0.00   99.00
01:36:13 PM   28    0.00    0.00    0.00    0.00    0.00    0.00    0.00    0.00    0.00  100.00
01:36:13 PM   29    1.00    0.00    0.00    0.00    0.00    0.00    0.00    0.00    0.00   99.00
01:36:13 PM   30    0.00    0.00    0.00    0.00    0.00    0.00    0.00    0.00    0.00  100.00
01:36:13 PM   31    1.00    0.00    0.00    0.00    0.00    0.00    0.00    0.00    0.00   99.00
01:36:13 PM   32    0.00    0.00    1.00    1.00    0.00    0.00    0.00    0.00    0.00   98.00
01:36:13 PM   33    0.00    0.00    0.00    0.00    0.00    0.00    0.00    0.00    0.00  100.00
01:36:13 PM   34    1.00    0.00    0.00    0.00    0.00    0.00    0.00    0.00    0.00   99.00
01:36:13 PM   35    1.00    0.00    0.00    0.00    0.00    0.00    0.00    0.00    0.00   99.00

01:36:13 PM  CPU    %usr   %nice    %sys %iowait    %irq   %soft  %steal  %guest  %gnice   %idle
01:36:14 PM  all    0.42    0.00    0.25    0.06    0.00    0.00    0.00    0.00    0.00   99.28
01:36:14 PM    0    0.00    0.00    0.00    0.00    0.00    0.00    0.00    0.00    0.00  100.00
01:36:14 PM    1    0.99    0.00    0.99    0.00    0.00    0.00    0.00    0.00    0.00   98.02
01:36:14 PM    2    0.00    0.00    0.99    0.00    0.00    0.00    0.00    0.00    0.00   99.01
01:36:14 PM    3    0.00    0.00    0.00    0.00    0.00    0.00    0.00    0.00    0.00  100.00
01:36:14 PM    4    1.00    0.00    0.00    0.00    0.00    0.00    0.00    0.00    0.00   99.00
01:36:14 PM    5    1.00    0.00    0.00    0.00    0.00    0.00    0.00    0.00    0.00   99.00
01:36:14 PM    6    0.00    0.00    1.00    0.00    0.00    0.00    0.00    0.00    0.00   99.00
01:36:14 PM    7    0.00    0.00    0.00    0.00    0.00    0.00    0.00    0.00    0.00  100.00
01:36:14 PM    8    1.00    0.00    0.00    1.00    0.00    0.00    0.00    0.00    0.00   98.00
01:36:14 PM    9    1.01    0.00    0.00    0.00    0.00    0.00    0.00    0.00    0.00   98.99
01:36:14 PM   10    1.00    0.00    0.00    0.00    0.00    0.00    0.00    0.00    0.00   99.00
01:36:14 PM   11    0.00    0.00    0.00    0.00    0.00    0.00    0.00    0.00    0.00  100.00
01:36:14 PM   12    1.00    0.00    0.00    0.00    0.00    0.00    0.00    0.00    0.00   99.00
01:36:14 PM   13    0.99    0.00    0.99    0.00    0.00    0.00    0.00    0.00    0.00   98.02
01:36:14 PM   14    1.01    0.00    0.00    0.00    0.00    0.00    0.00    0.00    0.00   98.99
01:36:14 PM   15    1.01    0.00    0.00    0.00    0.00    0.00    0.00    0.00    0.00   98.99
01:36:14 PM   16    0.00    0.00    0.00    0.00    0.00    0.00    0.00    0.00    0.00  100.00
01:36:14 PM   17    0.00    0.00    0.00    0.00    0.00    0.00    0.00    0.00    0.00  100.00
01:36:14 PM   18    0.00    0.00    1.00    1.00    0.00    0.00    0.00    0.00    0.00   98.00
01:36:14 PM   19    0.00    0.00    0.00    0.00    0.00    0.00    0.00    0.00    0.00  100.00
01:36:14 PM   20    0.99    0.00    0.99    0.00    0.00    0.00    0.00    0.00    0.00   98.02
01:36:14 PM   21    0.00    0.00    0.00    0.00    0.00    0.00    0.00    0.00    0.00  100.00
01:36:14 PM   22    0.00    0.00    0.00    0.00    0.00    0.00    0.00    0.00    0.00  100.00
01:36:14 PM   23    1.98    0.00    0.00    0.00    0.00    0.00    0.00    0.00    0.00   98.02
01:36:14 PM   24    0.00    0.00    0.00    0.00    0.00    0.00    0.00    0.00    0.00  100.00
01:36:14 PM   25    0.00    0.00    1.00    0.00    0.00    0.00    0.00    0.00    0.00   99.00
01:36:14 PM   26    0.00    0.00    0.00    0.00    0.00    0.00    0.00    0.00    0.00  100.00
01:36:14 PM   27    0.00    0.00    1.00    0.00    0.00    0.00    0.00    0.00    0.00   99.00
01:36:14 PM   28    0.00    0.00    0.00    0.00    0.00    0.00    0.00    0.00    0.00  100.00
01:36:14 PM   29    0.00    0.00    0.99    0.00    0.00    0.00    0.00    0.00    0.00   99.01
01:36:14 PM   30    0.00    0.00    0.00    0.00    0.00    0.00    0.00    0.00    0.00  100.00
01:36:14 PM   31    1.00    0.00    0.00    0.00    0.00    0.00    0.00    0.00    0.00   99.00
01:36:14 PM   32    0.00    0.00    0.00    0.00    0.00    0.00    0.00    0.00    0.00  100.00
01:36:14 PM   33    0.99    0.00    0.00    0.00    0.00    0.00    0.00    0.00    0.00   99.01
01:36:14 PM   34    0.00    0.00    0.00    0.00    0.00    0.00    0.00    0.00    0.00  100.00
01:36:14 PM   35    0.00    0.00    0.00    0.00    0.00    0.00    0.00    0.00    0.00  100.00

01:36:14 PM  CPU    %usr   %nice    %sys %iowait    %irq   %soft  %steal  %guest  %gnice   %idle
01:36:15 PM  all    0.72    0.00    0.56    0.06    0.00    0.06    0.00    0.00    0.00   98.61
01:36:15 PM    0    5.00    0.00    5.00    0.00    0.00    0.00    0.00    0.00    0.00   90.00
01:36:15 PM    1    0.00    0.00    1.01    0.00    0.00    1.01    0.00    0.00    0.00   97.98
01:36:15 PM    2    1.01    0.00    0.00    0.00    0.00    0.00    0.00    0.00    0.00   98.99
01:36:15 PM    3    1.01    0.00    0.00    0.00    0.00    0.00    0.00    0.00    0.00   98.99
01:36:15 PM    4    1.00    0.00    1.00    0.00    0.00    0.00    0.00    0.00    0.00   98.00
01:36:15 PM    5    1.00    0.00    0.00    0.00    0.00    0.00    0.00    0.00    0.00   99.00
01:36:15 PM    6    1.98    0.00    0.00    0.00    0.00    0.00    0.00    0.00    0.00   98.02
01:36:15 PM    7    0.00    0.00    0.00    0.00    0.00    0.00    0.00    0.00    0.00  100.00
01:36:15 PM    8    0.99    0.00    0.99    0.00    0.00    0.00    0.00    0.00    0.00   98.02
01:36:15 PM    9    1.01    0.00    0.00    0.00    0.00    0.00    0.00    0.00    0.00   98.99
01:36:15 PM   10    1.00    0.00    1.00    0.00    0.00    1.00    0.00    0.00    0.00   97.00
01:36:15 PM   11    0.99    0.00    0.99    0.00    0.00    0.00    0.00    0.00    0.00   98.02
01:36:15 PM   12    0.00    0.00    0.00    0.00    0.00    0.00    0.00    0.00    0.00  100.00
01:36:15 PM   13    0.99    0.00    1.98    0.99    0.00    0.00    0.00    0.00    0.00   96.04
01:36:15 PM   14    0.00    0.00    1.01    0.00    0.00    0.00    0.00    0.00    0.00   98.99
01:36:15 PM   15    1.00    0.00    1.00    1.00    0.00    0.00    0.00    0.00    0.00   97.00
01:36:15 PM   16    1.00    0.00    1.00    0.00    0.00    0.00    0.00    0.00    0.00   98.00
01:36:15 PM   17    0.98    0.00    1.96    0.00    0.00    0.00    0.00    0.00    0.00   97.06
01:36:15 PM   18    1.98    0.00    1.98    0.00    0.00    0.00    0.00    0.00    0.00   96.04
01:36:15 PM   19    0.00    0.00    0.00    0.00    0.00    0.00    0.00    0.00    0.00  100.00
01:36:15 PM   20    0.00    0.00    0.00    0.00    0.00    0.00    0.00    0.00    0.00  100.00
01:36:15 PM   21    0.00    0.00    0.00    0.00    0.00    0.00    0.00    0.00    0.00  100.00
01:36:15 PM   22    0.00    0.00    0.00    0.00    0.00    0.00    0.00    0.00    0.00  100.00
01:36:15 PM   23    0.00    0.00    0.00    0.00    0.00    0.00    0.00    0.00    0.00  100.00
01:36:15 PM   24    1.00    0.00    0.00    0.00    0.00    0.00    0.00    0.00    0.00   99.00
01:36:15 PM   25    0.00    0.00    0.00    0.00    0.00    0.00    0.00    0.00    0.00  100.00
01:36:15 PM   26    1.00    0.00    0.00    0.00    0.00    0.00    0.00    0.00    0.00   99.00
01:36:15 PM   27    0.99    0.00    0.00    0.00    0.00    0.00    0.00    0.00    0.00   99.01
01:36:15 PM   28    0.99    0.00    0.99    0.00    0.00    0.00    0.00    0.00    0.00   98.02
01:36:15 PM   29    0.00    0.00    0.00    0.00    0.00    0.00    0.00    0.00    0.00  100.00
01:36:15 PM   30    1.00    0.00    0.00    0.00    0.00    0.00    0.00    0.00    0.00   99.00
01:36:15 PM   31    0.00    0.00    0.00    0.00    0.00    0.00    0.00    0.00    0.00  100.00
01:36:15 PM   32    0.00    0.00    0.00    0.00    0.00    0.00    0.00    0.00    0.00  100.00
01:36:15 PM   33    0.00    0.00    0.00    0.00    0.00    0.00    0.00    0.00    0.00  100.00
01:36:15 PM   34    0.00    0.00    0.00    0.00    0.00    0.00    0.00    0.00    0.00  100.00
01:36:15 PM   35    0.00    0.00    0.00    0.00    0.00    0.00    0.00    0.00    0.00  100.00

01:36:15 PM  CPU    %usr   %nice    %sys %iowait    %irq   %soft  %steal  %guest  %gnice   %idle
01:36:16 PM  all    0.56    0.00    0.45    0.06    0.00    0.00    0.00    0.00    0.00   98.94
01:36:16 PM    0    0.00    0.00    0.00    0.00    0.00    0.00    0.00    0.00    0.00  100.00
01:36:16 PM    1    0.00    0.00    0.00    0.00    0.00    0.00    0.00    0.00    0.00  100.00
01:36:16 PM    2    3.03    0.00    6.06    0.00    0.00    0.00    0.00    0.00    0.00   90.91
01:36:16 PM    3    2.02    0.00    0.00    0.00    0.00    0.00    0.00    0.00    0.00   97.98
01:36:16 PM    4    0.00    0.00    0.00    0.00    0.00    0.00    0.00    0.00    0.00  100.00
01:36:16 PM    5    0.00    0.00    1.01    0.00    0.00    0.00    0.00    0.00    0.00   98.99
01:36:16 PM    6    0.00    0.00    0.00    0.00    0.00    0.00    0.00    0.00    0.00  100.00
01:36:16 PM    7    1.00    0.00    0.00    1.00    0.00    0.00    0.00    0.00    0.00   98.00
01:36:16 PM    8    1.01    0.00    0.00    0.00    0.00    0.00    0.00    0.00    0.00   98.99
01:36:16 PM    9    0.00    0.00    1.00    0.00    0.00    0.00    0.00    0.00    0.00   99.00
01:36:16 PM   10    0.00    0.00    0.00    0.00    0.00    0.00    0.00    0.00    0.00  100.00
01:36:16 PM   11    0.00    0.00    0.00    1.01    0.00    0.00    0.00    0.00    0.00   98.99
01:36:16 PM   12    0.00    0.00    0.00    0.00    0.00    0.00    0.00    0.00    0.00  100.00
01:36:16 PM   13    0.00    0.00    0.00    0.00    0.00    0.00    0.00    0.00    0.00  100.00
01:36:16 PM   14    1.01    0.00    0.00    0.00    0.00    0.00    0.00    0.00    0.00   98.99
01:36:16 PM   15    3.03    0.00    3.03    0.00    0.00    0.00    0.00    0.00    0.00   93.94
01:36:16 PM   16    1.00    0.00    0.00    0.00    0.00    0.00    0.00    0.00    0.00   99.00
01:36:16 PM   17    0.00    0.00    0.00    0.00    0.00    0.00    0.00    0.00    0.00  100.00
01:36:16 PM   18    1.02    0.00    0.00    0.00    0.00    0.00    0.00    0.00    0.00   98.98
01:36:16 PM   19    0.00    0.00    0.00    0.00    0.00    0.00    0.00    0.00    0.00  100.00
01:36:16 PM   20    0.00    0.00    1.01    0.00    0.00    0.00    0.00    0.00    0.00   98.99
01:36:16 PM   21    1.00    0.00    0.00    0.00    0.00    0.00    0.00    0.00    0.00   99.00
01:36:16 PM   22    0.99    0.00    0.99    0.00    0.00    0.00    0.00    0.00    0.00   98.02
01:36:16 PM   23    0.00    0.00    0.00    0.00    0.00    0.00    0.00    0.00    0.00  100.00
01:36:16 PM   24    0.00    0.00    0.00    0.00    0.00    0.00    0.00    0.00    0.00  100.00
01:36:16 PM   25    1.00    0.00    0.00    0.00    0.00    0.00    0.00    0.00    0.00   99.00
01:36:16 PM   26    1.00    0.00    0.00    0.00    0.00    0.00    0.00    0.00    0.00   99.00
01:36:16 PM   27    0.00    0.00    1.00    0.00    0.00    0.00    0.00    0.00    0.00   99.00
01:36:16 PM   28    1.01    0.00    0.00    0.00    0.00    0.00    0.00    0.00    0.00   98.99
01:36:16 PM   29    0.00    0.00    0.00    0.00    0.00    0.00    0.00    0.00    0.00  100.00
01:36:16 PM   30    0.00    0.00    0.00    0.00    0.00    0.00    0.00    0.00    0.00  100.00
01:36:16 PM   31    1.01    0.00    0.00    0.00    0.00    0.00    0.00    0.00    0.00   98.99
01:36:16 PM   32    0.00    0.00    0.00    0.00    0.00    0.00    0.00    0.00    0.00  100.00
01:36:16 PM   33    0.00    0.00    1.00    0.00    0.00    0.00    0.00    0.00    0.00   99.00
01:36:16 PM   34    0.00    0.00    0.00    0.00    0.00    0.00    0.00    0.00    0.00  100.00
01:36:16 PM   35    1.00    0.00    1.00    0.00    0.00    0.00    0.00    0.00    0.00   98.00

01:36:16 PM  CPU    %usr   %nice    %sys %iowait    %irq   %soft  %steal  %guest  %gnice   %idle
01:36:17 PM  all    0.95    0.00    0.45    0.11    0.00    0.08    0.00    0.00    0.00   98.41
01:36:17 PM    0    1.00    0.00    1.00    0.00    0.00    1.00    0.00    0.00    0.00   97.00
01:36:17 PM    1    1.00    0.00    0.00    0.00    0.00    0.00    0.00    0.00    0.00   99.00
01:36:17 PM    2    0.99    0.00    0.99    0.00    0.00    0.00    0.00    0.00    0.00   98.02
01:36:17 PM    3    0.00    0.00    0.00    0.00    0.00    0.00    0.00    0.00    0.00  100.00
01:36:17 PM    4    1.00    0.00    1.00    0.00    0.00    0.00    0.00    0.00    0.00   98.00
01:36:17 PM    5    1.00    0.00    0.00    0.00    0.00    0.00    0.00    0.00    0.00   99.00
01:36:17 PM    6    1.98    0.00    0.00    0.00    0.00    0.00    0.00    0.00    0.00   98.02
01:36:17 PM    7    0.00    0.00    0.00    0.00    0.00    0.00    0.00    0.00    0.00  100.00
01:36:17 PM    8    1.00    0.00    0.00    0.00    0.00    0.00    0.00    0.00    0.00   99.00
01:36:17 PM    9    1.00    0.00    0.00    0.00    0.00    0.00    0.00    0.00    0.00   99.00
01:36:17 PM   10    0.00    0.00    0.00    0.00    0.00    0.00    0.00    0.00    0.00  100.00
01:36:17 PM   11    1.98    0.00    0.99    0.00    0.00    1.98    0.00    0.00    0.00   95.05
01:36:17 PM   12    1.00    0.00    1.00    0.00    0.00    0.00    0.00    0.00    0.00   98.00
01:36:17 PM   13    0.98    0.00    1.96    0.00    0.00    0.00    0.00    0.00    0.00   97.06
01:36:17 PM   14    0.00    0.00    1.00    0.00    0.00    0.00    0.00    0.00    0.00   99.00
01:36:17 PM   15    0.99    0.00    0.99    0.00    0.00    0.00    0.00    0.00    0.00   98.02
01:36:17 PM   16    1.01    0.00    0.00    0.00    0.00    0.00    0.00    0.00    0.00   98.99
01:36:17 PM   17    1.98    0.00    0.99    0.99    0.00    0.00    0.00    0.00    0.00   96.04
01:36:17 PM   18    0.00    0.00    0.00    1.00    0.00    0.00    0.00    0.00    0.00   99.00
01:36:17 PM   19    0.00    0.00    0.00    0.00    0.00    0.00    0.00    0.00    0.00  100.00
01:36:17 PM   20    0.99    0.00    0.99    0.00    0.00    0.00    0.00    0.00    0.00   98.02
01:36:17 PM   21    1.98    0.00    0.99    0.00    0.00    0.00    0.00    0.00    0.00   97.03
01:36:17 PM   22    0.00    0.00    0.00    0.00    0.00    0.00    0.00    0.00    0.00  100.00
01:36:17 PM   23    1.00    0.00    0.00    0.00    0.00    0.00    0.00    0.00    0.00   99.00
01:36:17 PM   24    0.00    0.00    1.01    1.01    0.00    0.00    0.00    0.00    0.00   97.98
01:36:17 PM   25    2.02    0.00    0.00    0.00    0.00    0.00    0.00    0.00    0.00   97.98
01:36:17 PM   26    0.00    0.00    0.00    0.00    0.00    0.00    0.00    0.00    0.00  100.00
01:36:17 PM   27    2.02    0.00    0.00    0.00    0.00    0.00    0.00    0.00    0.00   97.98
01:36:17 PM   28    1.00    0.00    1.00    0.00    0.00    0.00    0.00    0.00    0.00   98.00
01:36:17 PM   29    0.00    0.00    1.01    0.00    0.00    0.00    0.00    0.00    0.00   98.99
01:36:17 PM   30    2.97    0.00    0.99    0.00    0.00    0.00    0.00    0.00    0.00   96.04
01:36:17 PM   31    1.00    0.00    0.00    0.00    0.00    0.00    0.00    0.00    0.00   99.00
01:36:17 PM   32    0.00    0.00    0.00    0.00    0.00    0.00    0.00    0.00    0.00  100.00
01:36:17 PM   33    0.00    0.00    0.00    1.01    0.00    0.00    0.00    0.00    0.00   98.99
01:36:17 PM   34    2.00    0.00    0.00    0.00    0.00    0.00    0.00    0.00    0.00   98.00
01:36:17 PM   35    2.02    0.00    0.00    0.00    0.00    0.00    0.00    0.00    0.00   97.98

01:36:17 PM  CPU    %usr   %nice    %sys %iowait    %irq   %soft  %steal  %guest  %gnice   %idle
01:36:18 PM  all    0.61    0.00    0.53    0.00    0.00    0.00    0.00    0.00    0.00   98.86
01:36:18 PM    0    2.00    0.00    2.00    0.00    0.00    0.00    0.00    0.00    0.00   96.00
01:36:18 PM    1    1.01    0.00    0.00    0.00    0.00    0.00    0.00    0.00    0.00   98.99
01:36:18 PM    2    3.00    0.00    6.00    0.00    0.00    0.00    0.00    0.00    0.00   91.00
01:36:18 PM    3    2.00    0.00    0.00    0.00    0.00    0.00    0.00    0.00    0.00   98.00
01:36:18 PM    4    1.00    0.00    0.00    0.00    0.00    0.00    0.00    0.00    0.00   99.00
01:36:18 PM    5    1.01    0.00    0.00    0.00    0.00    0.00    0.00    0.00    0.00   98.99
01:36:18 PM    6    1.01    0.00    0.00    0.00    0.00    0.00    0.00    0.00    0.00   98.99
01:36:18 PM    7    0.00    0.00    0.00    0.00    0.00    0.00    0.00    0.00    0.00  100.00
01:36:18 PM    8    0.00    0.00    0.00    0.00    0.00    0.00    0.00    0.00    0.00  100.00
01:36:18 PM    9    1.01    0.00    0.00    0.00    0.00    0.00    0.00    0.00    0.00   98.99
01:36:18 PM   10    1.00    0.00    0.00    0.00    0.00    0.00    0.00    0.00    0.00   99.00
01:36:18 PM   11    1.00    0.00    0.00    0.00    0.00    0.00    0.00    0.00    0.00   99.00
01:36:18 PM   12    1.01    0.00    0.00    0.00    0.00    0.00    0.00    0.00    0.00   98.99
01:36:18 PM   13    0.00    0.00    0.00    0.00    0.00    0.00    0.00    0.00    0.00  100.00
01:36:18 PM   14    1.02    0.00    0.00    0.00    0.00    0.00    0.00    0.00    0.00   98.98
01:36:18 PM   15    0.00    0.00    0.00    0.00    0.00    0.00    0.00    0.00    0.00  100.00
01:36:18 PM   16    0.00    0.00    2.00    0.00    0.00    0.00    0.00    0.00    0.00   98.00
01:36:18 PM   17    0.00    0.00    0.00    0.00    0.00    0.00    0.00    0.00    0.00  100.00
01:36:18 PM   18    0.00    0.00    1.00    0.00    0.00    0.00    0.00    0.00    0.00   99.00
01:36:18 PM   19    1.00    0.00    0.00    0.00    0.00    0.00    0.00    0.00    0.00   99.00
01:36:18 PM   20    0.00    0.00    2.97    0.00    0.00    0.00    0.00    0.00    0.00   97.03
01:36:18 PM   21    1.01    0.00    0.00    0.00    0.00    0.00    0.00    0.00    0.00   98.99
01:36:18 PM   22    1.98    0.00    0.00    0.00    0.00    0.00    0.00    0.00    0.00   98.02
01:36:18 PM   23    0.00    0.00    1.00    0.00    0.00    0.00    0.00    0.00    0.00   99.00
01:36:18 PM   24    1.00    0.00    0.00    0.00    0.00    0.00    0.00    0.00    0.00   99.00
01:36:18 PM   25    0.00    0.00    1.00    0.00    0.00    0.00    0.00    0.00    0.00   99.00
01:36:18 PM   26    0.00    0.00    0.00    0.00    0.00    0.00    0.00    0.00    0.00  100.00
01:36:18 PM   27    1.00    0.00    0.00    0.00    0.00    0.00    0.00    0.00    0.00   99.00
01:36:18 PM   28    0.00    0.00    0.00    0.00    0.00    0.00    0.00    0.00    0.00  100.00
01:36:18 PM   29    0.00    0.00    1.00    0.00    0.00    0.00    0.00    0.00    0.00   99.00
01:36:18 PM   30    0.00    0.00    0.00    0.00    0.00    0.00    0.00    0.00    0.00  100.00
01:36:18 PM   31    0.00    0.00    0.00    0.00    0.00    0.00    0.00    0.00    0.00  100.00
01:36:18 PM   32    0.00    0.00    0.00    0.00    0.00    0.00    0.00    0.00    0.00  100.00
01:36:18 PM   33    0.00    0.00    1.00    0.00    0.00    0.00    0.00    0.00    0.00   99.00
01:36:18 PM   34    0.00    0.00    1.00    0.00    0.00    0.00    0.00    0.00    0.00   99.00
01:36:18 PM   35    0.00    0.00    0.00    0.00    0.00    0.00    0.00    0.00    0.00  100.00

01:36:18 PM  CPU    %usr   %nice    %sys %iowait    %irq   %soft  %steal  %guest  %gnice   %idle
01:36:19 PM  all    0.67    0.00    0.36    0.11    0.00    0.00    0.00    0.00    0.00   98.86
01:36:19 PM    0    1.02    0.00    0.00    0.00    0.00    0.00    0.00    0.00    0.00   98.98
01:36:19 PM    1    0.00    0.00    1.01    0.00    0.00    0.00    0.00    0.00    0.00   98.99
01:36:19 PM    2    0.00    0.00    0.00    0.00    0.00    0.00    0.00    0.00    0.00  100.00
01:36:19 PM    3    1.00    0.00    0.00    0.00    0.00    0.00    0.00    0.00    0.00   99.00
01:36:19 PM    4    0.00    0.00    0.00    0.00    0.00    0.00    0.00    0.00    0.00  100.00
01:36:19 PM    5    0.00    0.00    0.00    1.01    0.00    0.00    0.00    0.00    0.00   98.99
01:36:19 PM    6    7.92    0.00    0.99    0.00    0.00    0.00    0.00    0.00    0.00   91.09
01:36:19 PM    7    0.00    0.00    1.01    0.00    0.00    0.00    0.00    0.00    0.00   98.99
01:36:19 PM    8    0.00    0.00    1.01    0.00    0.00    0.00    0.00    0.00    0.00   98.99
01:36:19 PM    9    0.00    0.00    1.01    0.00    0.00    0.00    0.00    0.00    0.00   98.99
01:36:19 PM   10    0.00    0.00    0.00    0.00    0.00    0.00    0.00    0.00    0.00  100.00
01:36:19 PM   11    0.00    0.00    0.00    0.00    0.00    0.00    0.00    0.00    0.00  100.00
01:36:19 PM   12    2.00    0.00    1.00    0.00    0.00    0.00    0.00    0.00    0.00   97.00
01:36:19 PM   13    1.00    0.00    0.00    0.00    0.00    0.00    0.00    0.00    0.00   99.00
01:36:19 PM   14    1.00    0.00    1.00    0.00    0.00    0.00    0.00    0.00    0.00   98.00
01:36:19 PM   15    1.96    0.00    0.98    0.00    0.00    0.00    0.00    0.00    0.00   97.06
01:36:19 PM   16    1.00    0.00    0.00    0.00    0.00    0.00    0.00    0.00    0.00   99.00
01:36:19 PM   17    0.00    0.00    0.00    0.00    0.00    0.00    0.00    0.00    0.00  100.00
01:36:19 PM   18    1.00    0.00    0.00    0.00    0.00    0.00    0.00    0.00    0.00   99.00
01:36:19 PM   19    0.00    0.00    0.99    0.99    0.00    0.00    0.00    0.00    0.00   98.02
01:36:19 PM   20    0.00    0.00    0.00    0.00    0.00    0.00    0.00    0.00    0.00  100.00
01:36:19 PM   21    0.00    0.00    0.00    0.00    0.00    0.00    0.00    0.00    0.00  100.00
01:36:19 PM   22    0.00    0.00    0.00    0.00    0.00    0.00    0.00    0.00    0.00  100.00
01:36:19 PM   23    1.00    0.00    0.00    0.00    0.00    0.00    0.00    0.00    0.00   99.00
01:36:19 PM   24    0.00    0.00    0.00    0.00    0.00    0.00    0.00    0.00    0.00  100.00
01:36:19 PM   25    1.98    0.00    0.00    0.00    0.00    0.00    0.00    0.00    0.00   98.02
01:36:19 PM   26    0.00    0.00    0.00    0.00    0.00    0.00    0.00    0.00    0.00  100.00
01:36:19 PM   27    0.00    0.00    0.00    0.00    0.00    0.00    0.00    0.00    0.00  100.00
01:36:19 PM   28    0.99    0.00    1.98    0.00    0.00    0.00    0.00    0.00    0.00   97.03
01:36:19 PM   29    1.98    0.00    0.00    0.00    0.00    0.00    0.00    0.00    0.00   98.02
01:36:19 PM   30    0.00    0.00    0.00    0.00    0.00    0.00    0.00    0.00    0.00  100.00
01:36:19 PM   31    0.00    0.00    1.00    1.00    0.00    0.00    0.00    0.00    0.00   98.00
01:36:19 PM   32    0.00    0.00    0.00    0.00    0.00    0.00    0.00    0.00    0.00  100.00
01:36:19 PM   33    0.00    0.00    0.00    0.00    0.00    0.00    0.00    0.00    0.00  100.00
01:36:19 PM   34    0.00    0.00    0.00    0.00    0.00    0.00    0.00    0.00    0.00  100.00
01:36:19 PM   35    0.00    0.00    1.00    1.00    0.00    0.00    0.00    0.00    0.00   98.00

01:36:19 PM  CPU    %usr   %nice    %sys %iowait    %irq   %soft  %steal  %guest  %gnice   %idle
01:36:20 PM  all    0.92    0.00    0.53    0.11    0.00    0.00    0.00    0.00    0.00   98.44
01:36:20 PM    0    2.00    0.00    1.00    0.00    0.00    0.00    0.00    0.00    0.00   97.00
01:36:20 PM    1    1.02    0.00    0.00    0.00    0.00    0.00    0.00    0.00    0.00   98.98
01:36:20 PM    2    4.00    0.00    5.00    0.00    0.00    0.00    0.00    0.00    0.00   91.00
01:36:20 PM    3    0.99    0.00    0.99    0.00    0.00    0.00    0.00    0.00    0.00   98.02
01:36:20 PM    4    2.00    0.00    0.00    0.00    0.00    0.00    0.00    0.00    0.00   98.00
01:36:20 PM    5    0.99    0.00    0.99    0.00    0.00    0.00    0.00    0.00    0.00   98.02
01:36:20 PM    6    1.00    0.00    1.00    0.00    0.00    0.00    0.00    0.00    0.00   98.00
01:36:20 PM    7    2.00    0.00    0.00    0.00    0.00    0.00    0.00    0.00    0.00   98.00
01:36:20 PM    8    1.01    0.00    0.00    0.00    0.00    0.00    0.00    0.00    0.00   98.99
01:36:20 PM    9    2.00    0.00    0.00    0.00    0.00    0.00    0.00    0.00    0.00   98.00
01:36:20 PM   10    0.00    0.00    0.00    0.00    0.00    0.00    0.00    0.00    0.00  100.00
01:36:20 PM   11    0.00    0.00    0.99    0.00    0.00    0.00    0.00    0.00    0.00   99.01
01:36:20 PM   12    1.00    0.00    0.00    0.00    0.00    0.00    0.00    0.00    0.00   99.00
01:36:20 PM   13    1.00    0.00    1.00    0.00    0.00    0.00    0.00    0.00    0.00   98.00
01:36:20 PM   14    0.99    0.00    0.99    0.00    0.00    0.00    0.00    0.00    0.00   98.02
01:36:20 PM   15    0.00    0.00    0.00    0.00    0.00    0.00    0.00    0.00    0.00  100.00
01:36:20 PM   16    0.99    0.00    1.98    0.00    0.00    0.00    0.00    0.00    0.00   97.03
01:36:20 PM   17    3.00    0.00    0.00    0.00    0.00    0.00    0.00    0.00    0.00   97.00
01:36:20 PM   18    1.00    0.00    0.00    0.00    0.00    0.00    0.00    0.00    0.00   99.00
01:36:20 PM   19    1.00    0.00    0.00    0.00    0.00    0.00    0.00    0.00    0.00   99.00
01:36:20 PM   20    0.00    0.00    1.00    1.00    0.00    0.00    0.00    0.00    0.00   98.00
01:36:20 PM   21    0.00    0.00    0.00    0.00    0.00    0.00    0.00    0.00    0.00  100.00
01:36:20 PM   22    0.00    0.00    1.00    0.00    0.00    0.00    0.00    0.00    0.00   99.00
01:36:20 PM   23    1.01    0.00    0.00    0.00    0.00    0.00    0.00    0.00    0.00   98.99
01:36:20 PM   24    0.00    0.00    0.00    0.00    0.00    0.00    0.00    0.00    0.00  100.00
01:36:20 PM   25    1.00    0.00    0.00    0.00    0.00    0.00    0.00    0.00    0.00   99.00
01:36:20 PM   26    0.99    0.00    0.99    0.00    0.00    0.00    0.00    0.00    0.00   98.02
01:36:20 PM   27    1.00    0.00    0.00    0.00    0.00    0.00    0.00    0.00    0.00   99.00
01:36:20 PM   28    0.00    0.00    0.00    0.00    0.00    0.00    0.00    0.00    0.00  100.00
01:36:20 PM   29    0.00    0.00    0.00    1.00    0.00    0.00    0.00    0.00    0.00   99.00
01:36:20 PM   30    0.00    0.00    1.01    1.01    0.00    0.00    0.00    0.00    0.00   97.98
01:36:20 PM   31    0.00    0.00    0.00    0.00    0.00    0.00    0.00    0.00    0.00  100.00
01:36:20 PM   32    0.99    0.00    0.99    0.00    0.00    0.00    0.00    0.00    0.00   98.02
01:36:20 PM   33    0.99    0.00    0.00    0.00    0.00    0.00    0.00    0.00    0.00   99.01
01:36:20 PM   34    0.00    0.00    0.00    1.01    0.00    0.00    0.00    0.00    0.00   98.99
01:36:20 PM   35    1.01    0.00    0.00    0.00    0.00    0.00    0.00    0.00    0.00   98.99

01:36:20 PM  CPU    %usr   %nice    %sys %iowait    %irq   %soft  %steal  %guest  %gnice   %idle
01:36:21 PM  all    0.72    0.00    0.39    0.03    0.00    0.00    0.00    0.00    0.00   98.86
01:36:21 PM    0    2.04    0.00    6.12    0.00    0.00    0.00    0.00    0.00    0.00   91.84
01:36:21 PM    1    1.00    0.00    0.00    0.00    0.00    0.00    0.00    0.00    0.00   99.00
01:36:21 PM    2    1.00    0.00    1.00    0.00    0.00    0.00    0.00    0.00    0.00   98.00
01:36:21 PM    3    0.00    0.00    0.00    0.00    0.00    0.00    0.00    0.00    0.00  100.00
01:36:21 PM    4    0.00    0.00    1.00    0.00    0.00    0.00    0.00    0.00    0.00   99.00
01:36:21 PM    5    1.00    0.00    0.00    0.00    0.00    0.00    0.00    0.00    0.00   99.00
01:36:21 PM    6    1.98    0.00    0.00    0.00    0.00    0.00    0.00    0.00    0.00   98.02
01:36:21 PM    7    1.00    0.00    0.00    0.00    0.00    0.00    0.00    0.00    0.00   99.00
01:36:21 PM    8    0.99    0.00    0.99    0.00    0.00    0.00    0.00    0.00    0.00   98.02
01:36:21 PM    9    1.01    0.00    0.00    0.00    0.00    0.00    0.00    0.00    0.00   98.99
01:36:21 PM   10    1.98    0.00    0.00    0.00    0.00    0.00    0.00    0.00    0.00   98.02
01:36:21 PM   11    1.01    0.00    0.00    0.00    0.00    0.00    0.00    0.00    0.00   98.99
01:36:21 PM   12    2.00    0.00    0.00    0.00    0.00    0.00    0.00    0.00    0.00   98.00
01:36:21 PM   13    1.00    0.00    0.00    0.00    0.00    0.00    0.00    0.00    0.00   99.00
01:36:21 PM   14    2.00    0.00    1.00    1.00    0.00    0.00    0.00    0.00    0.00   96.00
01:36:21 PM   15    0.00    0.00    0.99    0.00    0.00    0.00    0.00    0.00    0.00   99.01
01:36:21 PM   16    0.00    0.00    0.00    0.00    0.00    0.00    0.00    0.00    0.00  100.00
01:36:21 PM   17    0.00    0.00    0.00    0.00    0.00    0.00    0.00    0.00    0.00  100.00
01:36:21 PM   18    1.01    0.00    0.00    0.00    0.00    0.00    0.00    0.00    0.00   98.99
01:36:21 PM   19    0.00    0.00    0.00    0.00    0.00    0.00    0.00    0.00    0.00  100.00
01:36:21 PM   20    0.99    0.00    0.99    0.00    0.00    0.00    0.00    0.00    0.00   98.02
01:36:21 PM   21    0.00    0.00    0.00    0.00    0.00    0.00    0.00    0.00    0.00  100.00
01:36:21 PM   22    0.00    0.00    0.00    0.00    0.00    0.00    0.00    0.00    0.00  100.00
01:36:21 PM   23    0.00    0.00    0.00    0.00    0.00    0.00    0.00    0.00    0.00  100.00
01:36:21 PM   24    0.99    0.00    0.99    0.00    0.00    0.00    0.00    0.00    0.00   98.02
01:36:21 PM   25    0.00    0.00    0.00    0.00    0.00    0.00    0.00    0.00    0.00  100.00
01:36:21 PM   26    1.00    0.00    0.00    0.00    0.00    0.00    0.00    0.00    0.00   99.00
01:36:21 PM   27    0.00    0.00    0.00    0.00    0.00    0.00    0.00    0.00    0.00  100.00
01:36:21 PM   28    0.00    0.00    0.00    0.00    0.00    0.00    0.00    0.00    0.00  100.00
01:36:21 PM   29    0.00    0.00    0.00    0.00    0.00    0.00    0.00    0.00    0.00  100.00
01:36:21 PM   30    1.00    0.00    0.00    0.00    0.00    0.00    0.00    0.00    0.00   99.00
01:36:21 PM   31    1.00    0.00    0.00    0.00    0.00    0.00    0.00    0.00    0.00   99.00
01:36:21 PM   32    0.00    0.00    0.00    0.00    0.00    0.00    0.00    0.00    0.00  100.00
01:36:21 PM   33    0.00    0.00    0.00    0.00    0.00    0.00    0.00    0.00    0.00  100.00
01:36:21 PM   34    0.99    0.00    0.99    0.00    0.00    0.00    0.00    0.00    0.00   98.02
01:36:21 PM   35    0.99    0.00    0.00    0.00    0.00    0.00    0.00    0.00    0.00   99.01

01:36:21 PM  CPU    %usr   %nice    %sys %iowait    %irq   %soft  %steal  %guest  %gnice   %idle
01:36:22 PM  all    0.45    0.00    0.22    0.14    0.00    0.03    0.00    0.00    0.00   99.16
01:36:22 PM    0    2.00    0.00    1.00    0.00    0.00    0.00    0.00    0.00    0.00   97.00
01:36:22 PM    1    1.00    0.00    1.00    0.00    0.00    0.00    0.00    0.00    0.00   98.00
01:36:22 PM    2    0.00    0.00    1.01    0.00    0.00    0.00    0.00    0.00    0.00   98.99
01:36:22 PM    3    0.00    0.00    0.00    0.00    0.00    0.00    0.00    0.00    0.00  100.00
01:36:22 PM    4    1.01    0.00    0.00    0.00    0.00    0.00    0.00    0.00    0.00   98.99
01:36:22 PM    5    0.00    0.00    0.00    0.00    0.00    0.00    0.00    0.00    0.00  100.00
01:36:22 PM    6    2.00    0.00    0.00    0.00    0.00    0.00    0.00    0.00    0.00   98.00
01:36:22 PM    7    1.00    0.00    0.00    0.00    0.00    0.00    0.00    0.00    0.00   99.00
01:36:22 PM    8    0.00    0.00    0.00    0.00    0.00    0.00    0.00    0.00    0.00  100.00
01:36:22 PM    9    1.00    0.00    0.00    0.00    0.00    0.00    0.00    0.00    0.00   99.00
01:36:22 PM   10    0.00    0.00    0.00    0.00    0.00    0.00    0.00    0.00    0.00  100.00
01:36:22 PM   11    0.00    0.00    1.00    0.00    0.00    0.00    0.00    0.00    0.00   99.00
01:36:22 PM   12    1.01    0.00    0.00    0.00    0.00    0.00    0.00    0.00    0.00   98.99
01:36:22 PM   13    0.00    0.00    0.00    0.00    0.00    0.00    0.00    0.00    0.00  100.00
01:36:22 PM   14    3.96    0.00    0.00    0.99    0.00    0.00    0.00    0.00    0.00   95.05
01:36:22 PM   15    0.00    0.00    0.00    0.00    0.00    0.00    0.00    0.00    0.00  100.00
01:36:22 PM   16    0.00    0.00    0.00    1.01    0.00    0.00    0.00    0.00    0.00   98.99
01:36:22 PM   17    0.99    0.00    0.99    0.00    0.00    0.00    0.00    0.00    0.00   98.02
01:36:22 PM   18    0.00    0.00    0.00    0.00    0.00    0.00    0.00    0.00    0.00  100.00
01:36:22 PM   19    0.00    0.00    0.00    0.00    0.00    0.00    0.00    0.00    0.00  100.00
01:36:22 PM   20    0.00    0.00    0.98    0.00    0.00    0.98    0.00    0.00    0.00   98.04
01:36:22 PM   21    0.00    0.00    0.00    0.00    0.00    0.00    0.00    0.00    0.00  100.00
01:36:22 PM   22    0.00    0.00    0.00    0.00    0.00    0.00    0.00    0.00    0.00  100.00
01:36:22 PM   23    0.00    0.00    0.99    0.99    0.00    0.00    0.00    0.00    0.00   98.02
01:36:22 PM   24    1.00    0.00    0.00    0.00    0.00    0.00    0.00    0.00    0.00   99.00
01:36:22 PM   25    0.00    0.00    0.00    0.00    0.00    0.00    0.00    0.00    0.00  100.00
01:36:22 PM   26    0.00    0.00    0.00    0.00    0.00    0.00    0.00    0.00    0.00  100.00
01:36:22 PM   27    0.00    0.00    0.00    1.01    0.00    0.00    0.00    0.00    0.00   98.99
01:36:22 PM   28    1.00    0.00    0.00    1.00    0.00    0.00    0.00    0.00    0.00   98.00
01:36:22 PM   29    0.00    0.00    1.00    0.00    0.00    0.00    0.00    0.00    0.00   99.00
01:36:22 PM   30    0.00    0.00    0.00    0.00    0.00    0.00    0.00    0.00    0.00  100.00
01:36:22 PM   31    0.00    0.00    0.00    0.00    0.00    0.00    0.00    0.00    0.00  100.00
01:36:22 PM   32    0.00    0.00    0.00    0.00    0.00    0.00    0.00    0.00    0.00  100.00
01:36:22 PM   33    0.00    0.00    0.00    0.00    0.00    0.00    0.00    0.00    0.00  100.00
01:36:22 PM   34    0.00    0.00    0.00    0.00    0.00    0.00    0.00    0.00    0.00  100.00
01:36:22 PM   35    0.00    0.00    0.00    0.00    0.00    0.00    0.00    0.00    0.00  100.00

01:36:22 PM  CPU    %usr   %nice    %sys %iowait    %irq   %soft  %steal  %guest  %gnice   %idle
01:36:23 PM  all    1.25    0.00    0.78    0.11    0.00    0.00    0.00    0.00    0.00   97.86
01:36:23 PM    0    3.00    0.00    7.00    1.00    0.00    0.00    0.00    0.00    0.00   89.00
01:36:23 PM    1    1.00    0.00    1.00    0.00    0.00    0.00    0.00    0.00    0.00   98.00
01:36:23 PM    2    0.99    0.00    0.99    0.00    0.00    0.00    0.00    0.00    0.00   98.02
01:36:23 PM    3    5.00    0.00    1.00    0.00    0.00    0.00    0.00    0.00    0.00   94.00
01:36:23 PM    4    0.99    0.00    0.99    0.00    0.00    0.00    0.00    0.00    0.00   98.02
01:36:23 PM    5    1.01    0.00    0.00    0.00    0.00    0.00    0.00    0.00    0.00   98.99
01:36:23 PM    6    0.00    0.00    0.00    0.00    0.00    0.00    0.00    0.00    0.00  100.00
01:36:23 PM    7    0.00    0.00    1.01    0.00    0.00    0.00    0.00    0.00    0.00   98.99
01:36:23 PM    8    0.99    0.00    0.00    0.99    0.00    0.00    0.00    0.00    0.00   98.02
01:36:23 PM    9    1.00    0.00    1.00    0.00    0.00    0.00    0.00    0.00    0.00   98.00
01:36:23 PM   10    0.00    0.00    1.00    0.00    0.00    0.00    0.00    0.00    0.00   99.00
01:36:23 PM   11    1.01    0.00    0.00    0.00    0.00    0.00    0.00    0.00    0.00   98.99
01:36:23 PM   12    3.92    0.00    0.00    0.00    0.00    0.00    0.00    0.00    0.00   96.08
01:36:23 PM   13    0.00    0.00    0.99    0.00    0.00    0.00    0.00    0.00    0.00   99.01
01:36:23 PM   14    2.97    0.00    0.00    0.00    0.00    0.00    0.00    0.00    0.00   97.03
01:36:23 PM   15    0.00    0.00    1.00    0.00    0.00    0.00    0.00    0.00    0.00   99.00
01:36:23 PM   16    1.01    0.00    0.00    0.00    0.00    0.00    0.00    0.00    0.00   98.99
01:36:23 PM   17    0.00    0.00    1.01    0.00    0.00    0.00    0.00    0.00    0.00   98.99
01:36:23 PM   18    0.00    0.00    1.00    1.00    0.00    0.00    0.00    0.00    0.00   98.00
01:36:23 PM   19    2.00    0.00    2.00    0.00    0.00    0.00    0.00    0.00    0.00   96.00
01:36:23 PM   20    1.01    0.00    0.00    0.00    0.00    0.00    0.00    0.00    0.00   98.99
01:36:23 PM   21    0.00    0.00    1.01    0.00    0.00    0.00    0.00    0.00    0.00   98.99
01:36:23 PM   22    1.01    0.00    1.01    0.00    0.00    0.00    0.00    0.00    0.00   97.98
01:36:23 PM   23    1.00    0.00    1.00    0.00    0.00    0.00    0.00    0.00    0.00   98.00
01:36:23 PM   24    0.00    0.00    1.01    0.00    0.00    0.00    0.00    0.00    0.00   98.99
01:36:23 PM   25    0.00    0.00    0.00    0.00    0.00    0.00    0.00    0.00    0.00  100.00
01:36:23 PM   26    2.00    0.00    0.00    1.00    0.00    0.00    0.00    0.00    0.00   97.00
01:36:23 PM   27    2.97    0.00    0.99    0.00    0.00    0.00    0.00    0.00    0.00   96.04
01:36:23 PM   28    1.00    0.00    1.00    0.00    0.00    0.00    0.00    0.00    0.00   98.00
01:36:23 PM   29    0.00    0.00    0.00    0.00    0.00    0.00    0.00    0.00    0.00  100.00
01:36:23 PM   30    3.00    0.00    0.00    0.00    0.00    0.00    0.00    0.00    0.00   97.00
01:36:23 PM   31    2.00    0.00    1.00    0.00    0.00    0.00    0.00    0.00    0.00   97.00
01:36:23 PM   32    2.02    0.00    0.00    0.00    0.00    0.00    0.00    0.00    0.00   97.98
01:36:23 PM   33    1.01    0.00    0.00    0.00    0.00    0.00    0.00    0.00    0.00   98.99
01:36:23 PM   34    2.97    0.00    0.99    0.00    0.00    0.00    0.00    0.00    0.00   96.04
01:36:23 PM   35    0.00    0.00    0.00    0.00    0.00    0.00    0.00    0.00    0.00  100.00

01:36:23 PM  CPU    %usr   %nice    %sys %iowait    %irq   %soft  %steal  %guest  %gnice   %idle
01:36:24 PM  all    0.50    0.00    0.53    0.06    0.00    0.03    0.00    0.00    0.00   98.88
01:36:24 PM    0    0.00    0.00    0.00    0.00    0.00    0.00    0.00    0.00    0.00  100.00
01:36:24 PM    1    0.00    0.00    0.00    0.00    0.00    0.00    0.00    0.00    0.00  100.00
01:36:24 PM    2    1.02    0.00    6.12    0.00    0.00    0.00    0.00    0.00    0.00   92.86
01:36:24 PM    3    0.00    0.00    0.00    0.00    0.00    0.00    0.00    0.00    0.00  100.00
01:36:24 PM    4    0.00    0.00    0.00    0.00    0.00    0.00    0.00    0.00    0.00  100.00
01:36:24 PM    5    0.00    0.00    1.00    0.00    0.00    0.00    0.00    0.00    0.00   99.00
01:36:24 PM    6    1.01    0.00    0.00    0.00    0.00    0.00    0.00    0.00    0.00   98.99
01:36:24 PM    7    1.01    0.00    0.00    0.00    0.00    0.00    0.00    0.00    0.00   98.99
01:36:24 PM    8    1.00    0.00    1.00    0.00    0.00    0.00    0.00    0.00    0.00   98.00
01:36:24 PM    9    1.01    0.00    0.00    0.00    0.00    0.00    0.00    0.00    0.00   98.99
01:36:24 PM   10    0.99    0.00    0.99    0.00    0.00    0.00    0.00    0.00    0.00   98.02
01:36:24 PM   11    1.96    0.00    0.98    0.00    0.00    0.98    0.00    0.00    0.00   96.08
01:36:24 PM   12    0.00    0.00    1.01    0.00    0.00    0.00    0.00    0.00    0.00   98.99
01:36:24 PM   13    0.00    0.00    1.00    0.00    0.00    0.00    0.00    0.00    0.00   99.00
01:36:24 PM   14    0.00    0.00    0.00    0.00    0.00    0.00    0.00    0.00    0.00  100.00
01:36:24 PM   15    0.00    0.00    0.00    0.00    0.00    0.00    0.00    0.00    0.00  100.00
01:36:24 PM   16    0.00    0.00    1.00    0.00    0.00    0.00    0.00    0.00    0.00   99.00
01:36:24 PM   17    0.00    0.00    1.01    0.00    0.00    0.00    0.00    0.00    0.00   98.99
01:36:24 PM   18    0.00    0.00    0.00    0.00    0.00    0.00    0.00    0.00    0.00  100.00
01:36:24 PM   19    0.00    0.00    0.00    0.00    0.00    0.00    0.00    0.00    0.00  100.00
01:36:24 PM   20    2.00    0.00    0.00    0.00    0.00    0.00    0.00    0.00    0.00   98.00
01:36:24 PM   21    0.00    0.00    0.00    0.00    0.00    0.00    0.00    0.00    0.00  100.00
01:36:24 PM   22    0.99    0.00    0.99    0.00    0.00    0.00    0.00    0.00    0.00   98.02
01:36:24 PM   23    0.00    0.00    0.00    0.00    0.00    0.00    0.00    0.00    0.00  100.00
01:36:24 PM   24    1.00    0.00    0.00    0.00    0.00    0.00    0.00    0.00    0.00   99.00
01:36:24 PM   25    1.00    0.00    1.00    0.00    0.00    0.00    0.00    0.00    0.00   98.00
01:36:24 PM   26    0.00    0.00    0.00    0.00    0.00    0.00    0.00    0.00    0.00  100.00
01:36:24 PM   27    0.00    0.00    0.00    0.00    0.00    0.00    0.00    0.00    0.00  100.00
01:36:24 PM   28    0.00    0.00    0.00    0.00    0.00    0.00    0.00    0.00    0.00  100.00
01:36:24 PM   29    1.00    0.00    0.00    1.00    0.00    0.00    0.00    0.00    0.00   98.00
01:36:24 PM   30    0.99    0.00    0.99    0.00    0.00    0.00    0.00    0.00    0.00   98.02
01:36:24 PM   31    0.00    0.00    0.00    0.00    0.00    0.00    0.00    0.00    0.00  100.00
01:36:24 PM   32    0.99    0.00    0.99    0.00    0.00    0.00    0.00    0.00    0.00   98.02
01:36:24 PM   33    0.99    0.00    0.99    0.00    0.00    0.00    0.00    0.00    0.00   98.02
01:36:24 PM   34    0.00    0.00    0.00    1.01    0.00    0.00    0.00    0.00    0.00   98.99
01:36:24 PM   35    1.00    0.00    0.00    0.00    0.00    0.00    0.00    0.00    0.00   99.00

01:36:24 PM  CPU    %usr   %nice    %sys %iowait    %irq   %soft  %steal  %guest  %gnice   %idle
01:36:25 PM  all    0.92    0.00    0.45    0.14    0.00    0.08    0.00    0.00    0.00   98.41
01:36:25 PM    0    1.03    0.00    0.00    0.00    0.00    0.00    0.00    0.00    0.00   98.97
01:36:25 PM    1    0.00    0.00    2.00    1.00    0.00    0.00    0.00    0.00    0.00   97.00
01:36:25 PM    2    0.99    0.00    0.99    1.98    0.00    0.00    0.00    0.00    0.00   96.04
01:36:25 PM    3    2.00    0.00    0.00    0.00    0.00    0.00    0.00    0.00    0.00   98.00
01:36:25 PM    4    0.00    0.00    1.00    0.00    0.00    0.00    0.00    0.00    0.00   99.00
01:36:25 PM    5    1.02    0.00    0.00    0.00    0.00    0.00    0.00    0.00    0.00   98.98
01:36:25 PM    6    1.96    0.00    1.96    0.00    0.00    0.00    0.00    0.00    0.00   96.08
01:36:25 PM    7    1.01    0.00    0.00    0.00    0.00    0.00    0.00    0.00    0.00   98.99
01:36:25 PM    8    0.00    0.00    1.00    0.00    0.00    0.00    0.00    0.00    0.00   99.00
01:36:25 PM    9    1.00    0.00    1.00    0.00    0.00    0.00    0.00    0.00    0.00   98.00
01:36:25 PM   10    1.01    0.00    0.00    1.01    0.00    0.00    0.00    0.00    0.00   97.98
01:36:25 PM   11    0.00    0.00    0.00    0.00    0.00    1.00    0.00    0.00    0.00   99.00
01:36:25 PM   12    0.00    0.00    0.00    0.00    0.00    0.00    0.00    0.00    0.00  100.00
01:36:25 PM   13    0.00    0.00    0.00    0.00    0.00    0.00    0.00    0.00    0.00  100.00
01:36:25 PM   14    2.02    0.00    0.00    0.00    0.00    0.00    0.00    0.00    0.00   97.98
01:36:25 PM   15    1.01    0.00    0.00    0.00    0.00    0.00    0.00    0.00    0.00   98.99
01:36:25 PM   16    2.00    0.00    0.00    0.00    0.00    0.00    0.00    0.00    0.00   98.00
01:36:25 PM   17    1.01    0.00    0.00    0.00    0.00    0.00    0.00    0.00    0.00   98.99
01:36:25 PM   18    3.00    0.00    1.00    0.00    0.00    0.00    0.00    0.00    0.00   96.00
01:36:25 PM   19    1.00    0.00    0.00    0.00    0.00    0.00    0.00    0.00    0.00   99.00
01:36:25 PM   20    0.99    0.00    0.99    0.00    0.00    0.00    0.00    0.00    0.00   98.02
01:36:25 PM   21    1.00    0.00    1.00    0.00    0.00    0.00    0.00    0.00    0.00   98.00
01:36:25 PM   22    0.00    0.00    0.00    0.00    0.00    0.00    0.00    0.00    0.00  100.00
01:36:25 PM   23    0.98    0.00    0.98    0.98    0.00    0.98    0.00    0.00    0.00   96.08
01:36:25 PM   24    1.00    0.00    1.00    0.00    0.00    0.00    0.00    0.00    0.00   98.00
01:36:25 PM   25    0.00    0.00    0.00    0.00    0.00    0.00    0.00    0.00    0.00  100.00
01:36:25 PM   26    1.00    0.00    1.00    0.00    0.00    0.00    0.00    0.00    0.00   98.00
01:36:25 PM   27    2.00    0.00    0.00    0.00    0.00    0.00    0.00    0.00    0.00   98.00
01:36:25 PM   28    1.00    0.00    1.00    0.00    0.00    0.00    0.00    0.00    0.00   98.00
01:36:25 PM   29    1.00    0.00    1.00    0.00    0.00    0.00    0.00    0.00    0.00   98.00
01:36:25 PM   30    1.01    0.00    0.00    0.00    0.00    1.01    0.00    0.00    0.00   97.98
01:36:25 PM   31    1.00    0.00    0.00    0.00    0.00    0.00    0.00    0.00    0.00   99.00
01:36:25 PM   32    0.00    0.00    0.00    0.00    0.00    0.00    0.00    0.00    0.00  100.00
01:36:25 PM   33    0.00    0.00    0.00    0.00    0.00    0.00    0.00    0.00    0.00  100.00
01:36:25 PM   34    1.00    0.00    0.00    0.00    0.00    0.00    0.00    0.00    0.00   99.00
01:36:25 PM   35    1.01    0.00    0.00    0.00    0.00    0.00    0.00    0.00    0.00   98.99

01:36:25 PM  CPU    %usr   %nice    %sys %iowait    %irq   %soft  %steal  %guest  %gnice   %idle
01:36:26 PM  all    1.06    0.00    0.61    0.00    0.00    0.00    0.00    0.00    0.00   98.33
01:36:26 PM    0    0.00    0.00    1.00    0.00    0.00    0.00    0.00    0.00    0.00   99.00
01:36:26 PM    1    1.98    0.00    0.99    0.00    0.00    0.00    0.00    0.00    0.00   97.03
01:36:26 PM    2    3.00    0.00    7.00    0.00    0.00    0.00    0.00    0.00    0.00   90.00
01:36:26 PM    3    1.00    0.00    0.00    0.00    0.00    0.00    0.00    0.00    0.00   99.00
01:36:26 PM    4    1.98    0.00    0.99    0.00    0.00    0.00    0.00    0.00    0.00   97.03
01:36:26 PM    5    1.01    0.00    0.00    0.00    0.00    0.00    0.00    0.00    0.00   98.99
01:36:26 PM    6    1.00    0.00    0.00    0.00    0.00    0.00    0.00    0.00    0.00   99.00
01:36:26 PM    7    0.00    0.00    0.00    0.00    0.00    0.00    0.00    0.00    0.00  100.00
01:36:26 PM    8    0.00    0.00    0.00    0.00    0.00    0.00    0.00    0.00    0.00  100.00
01:36:26 PM    9    1.98    0.00    0.99    0.00    0.00    0.00    0.00    0.00    0.00   97.03
01:36:26 PM   10    0.99    0.00    0.99    0.00    0.00    0.00    0.00    0.00    0.00   98.02
01:36:26 PM   11    1.01    0.00    0.00    0.00    0.00    0.00    0.00    0.00    0.00   98.99
01:36:26 PM   12    1.98    0.00    0.00    0.00    0.00    0.00    0.00    0.00    0.00   98.02
01:36:26 PM   13    1.00    0.00    0.00    0.00    0.00    0.00    0.00    0.00    0.00   99.00
01:36:26 PM   14    1.01    0.00    0.00    0.00    0.00    0.00    0.00    0.00    0.00   98.99
01:36:26 PM   15    1.00    0.00    0.00    0.00    0.00    0.00    0.00    0.00    0.00   99.00
01:36:26 PM   16    0.00    0.00    0.00    0.00    0.00    0.00    0.00    0.00    0.00  100.00
01:36:26 PM   17    3.03    0.00    3.03    0.00    0.00    0.00    0.00    0.00    0.00   93.94
01:36:26 PM   18    0.00    0.00    0.00    0.00    0.00    0.00    0.00    0.00    0.00  100.00
01:36:26 PM   19    2.94    0.00    0.98    0.00    0.00    0.00    0.00    0.00    0.00   96.08
01:36:26 PM   20    0.00    0.00    0.00    0.00    0.00    0.00    0.00    0.00    0.00  100.00
01:36:26 PM   21    1.01    0.00    0.00    0.00    0.00    0.00    0.00    0.00    0.00   98.99
01:36:26 PM   22    2.02    0.00    0.00    0.00    0.00    0.00    0.00    0.00    0.00   97.98
01:36:26 PM   23    2.00    0.00    0.00    0.00    0.00    0.00    0.00    0.00    0.00   98.00
01:36:26 PM   24    1.98    0.00    0.99    0.00    0.00    0.00    0.00    0.00    0.00   97.03
01:36:26 PM   25    1.00    0.00    0.00    0.00    0.00    0.00    0.00    0.00    0.00   99.00
01:36:26 PM   26    0.00    0.00    0.00    0.00    0.00    0.00    0.00    0.00    0.00  100.00
01:36:26 PM   27    1.01    0.00    0.00    0.00    0.00    0.00    0.00    0.00    0.00   98.99
01:36:26 PM   28    1.00    0.00    0.00    0.00    0.00    0.00    0.00    0.00    0.00   99.00
01:36:26 PM   29    0.00    0.00    0.00    0.00    0.00    0.00    0.00    0.00    0.00  100.00
01:36:26 PM   30    0.00    0.00    1.00    0.00    0.00    0.00    0.00    0.00    0.00   99.00
01:36:26 PM   31    1.00    0.00    1.00    0.00    0.00    0.00    0.00    0.00    0.00   98.00
01:36:26 PM   32    1.01    0.00    0.00    0.00    0.00    0.00    0.00    0.00    0.00   98.99
01:36:26 PM   33    0.99    0.00    0.99    0.00    0.00    0.00    0.00    0.00    0.00   98.02
01:36:26 PM   34    0.00    0.00    1.00    0.00    0.00    0.00    0.00    0.00    0.00   99.00
01:36:26 PM   35    0.00    0.00    1.00    0.00    0.00    0.00    0.00    0.00    0.00   99.00

01:36:26 PM  CPU    %usr   %nice    %sys %iowait    %irq   %soft  %steal  %guest  %gnice   %idle
01:36:27 PM  all    0.81    0.00    0.36    0.08    0.00    0.00    0.00    0.00    0.00   98.74
01:36:27 PM    0    0.00    0.00    0.00    0.00    0.00    0.00    0.00    0.00    0.00  100.00
01:36:27 PM    1    0.00    0.00    0.00    0.00    0.00    0.00    0.00    0.00    0.00  100.00
01:36:27 PM    2    2.04    0.00    6.12    0.00    0.00    0.00    0.00    0.00    0.00   91.84
01:36:27 PM    3    0.00    0.00    0.00    1.02    0.00    0.00    0.00    0.00    0.00   98.98
01:36:27 PM    4    0.00    0.00    0.00    0.00    0.00    0.00    0.00    0.00    0.00  100.00
01:36:27 PM    5    1.98    0.00    0.99    0.00    0.00    0.00    0.00    0.00    0.00   97.03
01:36:27 PM    6    1.01    0.00    0.00    0.00    0.00    0.00    0.00    0.00    0.00   98.99
01:36:27 PM    7    1.98    0.00    0.99    0.00    0.00    0.00    0.00    0.00    0.00   97.03
01:36:27 PM    8    0.00    0.00    0.00    0.00    0.00    0.00    0.00    0.00    0.00  100.00
01:36:27 PM    9    2.02    0.00    0.00    0.00    0.00    0.00    0.00    0.00    0.00   97.98
01:36:27 PM   10    1.01    0.00    0.00    0.00    0.00    0.00    0.00    0.00    0.00   98.99
01:36:27 PM   11    0.00    0.00    0.00    0.00    0.00    0.00    0.00    0.00    0.00  100.00
01:36:27 PM   12    6.00    0.00    0.00    0.00    0.00    0.00    0.00    0.00    0.00   94.00
01:36:27 PM   13    0.00    0.00    0.00    0.00    0.00    0.00    0.00    0.00    0.00  100.00
01:36:27 PM   14    1.00    0.00    0.00    0.00    0.00    0.00    0.00    0.00    0.00   99.00
01:36:27 PM   15    0.00    0.00    0.00    0.00    0.00    0.00    0.00    0.00    0.00  100.00
01:36:27 PM   16    0.00    0.00    1.01    0.00    0.00    0.00    0.00    0.00    0.00   98.99
01:36:27 PM   17    0.00    0.00    0.00    0.00    0.00    0.00    0.00    0.00    0.00  100.00
01:36:27 PM   18    1.00    0.00    0.00    0.00    0.00    0.00    0.00    0.00    0.00   99.00
01:36:27 PM   19    0.00    0.00    0.00    0.00    0.00    0.00    0.00    0.00    0.00  100.00
01:36:27 PM   20    0.00    0.00    0.00    0.00    0.00    0.00    0.00    0.00    0.00  100.00
01:36:27 PM   21    0.00    0.00    0.00    0.00    0.00    0.00    0.00    0.00    0.00  100.00
01:36:27 PM   22    1.01    0.00    0.00    1.01    0.00    0.00    0.00    0.00    0.00   97.98
01:36:27 PM   23    1.98    0.00    0.99    0.00    0.00    0.00    0.00    0.00    0.00   97.03
01:36:27 PM   24    0.00    0.00    1.00    0.00    0.00    0.00    0.00    0.00    0.00   99.00
01:36:27 PM   25    1.00    0.00    0.00    0.00    0.00    0.00    0.00    0.00    0.00   99.00
01:36:27 PM   26    1.01    0.00    0.00    0.00    0.00    0.00    0.00    0.00    0.00   98.99
01:36:27 PM   27    1.98    0.00    0.00    0.00    0.00    0.00    0.00    0.00    0.00   98.02
01:36:27 PM   28    1.00    0.00    1.00    0.00    0.00    0.00    0.00    0.00    0.00   98.00
01:36:27 PM   29    1.00    0.00    1.00    1.00    0.00    0.00    0.00    0.00    0.00   97.00
01:36:27 PM   30    1.01    0.00    0.00    0.00    0.00    0.00    0.00    0.00    0.00   98.99
01:36:27 PM   31    1.00    0.00    0.00    0.00    0.00    0.00    0.00    0.00    0.00   99.00
01:36:27 PM   32    0.00    0.00    0.00    0.00    0.00    0.00    0.00    0.00    0.00  100.00
01:36:27 PM   33    0.00    0.00    0.00    0.00    0.00    0.00    0.00    0.00    0.00  100.00
01:36:27 PM   34    0.00    0.00    0.00    0.00    0.00    0.00    0.00    0.00    0.00  100.00
01:36:27 PM   35    0.00    0.00    0.00    0.00    0.00    0.00    0.00    0.00    0.00  100.00

01:36:27 PM  CPU    %usr   %nice    %sys %iowait    %irq   %soft  %steal  %guest  %gnice   %idle
01:36:28 PM  all    0.92    0.00    0.31    0.03    0.00    0.03    0.00    0.00    0.00   98.72
01:36:28 PM    0    2.00    0.00    0.00    0.00    0.00    0.00    0.00    0.00    0.00   98.00
01:36:28 PM    1    2.00    0.00    0.00    0.00    0.00    0.00    0.00    0.00    0.00   98.00
01:36:28 PM    2    1.00    0.00    0.00    0.00    0.00    0.00    0.00    0.00    0.00   99.00
01:36:28 PM    3    0.00    0.00    0.00    0.00    0.00    0.00    0.00    0.00    0.00  100.00
01:36:28 PM    4    0.00    0.00    1.01    0.00    0.00    0.00    0.00    0.00    0.00   98.99
01:36:28 PM    5    1.00    0.00    1.00    0.00    0.00    0.00    0.00    0.00    0.00   98.00
01:36:28 PM    6    1.01    0.00    0.00    0.00    0.00    0.00    0.00    0.00    0.00   98.99
01:36:28 PM    7    0.00    0.00    0.00    0.00    0.00    0.00    0.00    0.00    0.00  100.00
01:36:28 PM    8    1.00    0.00    0.00    0.00    0.00    0.00    0.00    0.00    0.00   99.00
01:36:28 PM    9    2.97    0.00    0.00    0.00    0.00    0.00    0.00    0.00    0.00   97.03
01:36:28 PM   10    0.00    0.00    0.00    0.00    0.00    0.00    0.00    0.00    0.00  100.00
01:36:28 PM   11    1.98    0.00    0.00    0.00    0.00    0.99    0.00    0.00    0.00   97.03
01:36:28 PM   12    1.01    0.00    0.00    0.00    0.00    0.00    0.00    0.00    0.00   98.99
01:36:28 PM   13    1.00    0.00    1.00    0.00    0.00    0.00    0.00    0.00    0.00   98.00
01:36:28 PM   14    2.02    0.00    1.01    0.00    0.00    0.00    0.00    0.00    0.00   96.97
01:36:28 PM   15    0.00    0.00    0.00    0.00    0.00    0.00    0.00    0.00    0.00  100.00
01:36:28 PM   16    3.03    0.00    0.00    0.00    0.00    0.00    0.00    0.00    0.00   96.97
01:36:28 PM   17    1.98    0.00    0.99    0.00    0.00    0.00    0.00    0.00    0.00   97.03
01:36:28 PM   18    0.00    0.00    0.00    0.00    0.00    0.00    0.00    0.00    0.00  100.00
01:36:28 PM   19    0.00    0.00    0.00    0.00    0.00    0.00    0.00    0.00    0.00  100.00
01:36:28 PM   20    1.00    0.00    0.00    0.00    0.00    0.00    0.00    0.00    0.00   99.00
01:36:28 PM   21    0.00    0.00    0.00    0.00    0.00    0.00    0.00    0.00    0.00  100.00
01:36:28 PM   22    0.98    0.00    1.96    0.00    0.00    0.00    0.00    0.00    0.00   97.06
01:36:28 PM   23    0.00    0.00    0.00    0.00    0.00    0.00    0.00    0.00    0.00  100.00
01:36:28 PM   24    0.99    0.00    1.98    0.99    0.00    0.00    0.00    0.00    0.00   96.04
01:36:28 PM   25    1.01    0.00    0.00    0.00    0.00    0.00    0.00    0.00    0.00   98.99
01:36:28 PM   26    0.00    0.00    0.00    0.00    0.00    0.00    0.00    0.00    0.00  100.00
01:36:28 PM   27    0.00    0.00    0.00    0.00    0.00    0.00    0.00    0.00    0.00  100.00
01:36:28 PM   28    1.01    0.00    0.00    0.00    0.00    0.00    0.00    0.00    0.00   98.99
01:36:28 PM   29    1.00    0.00    0.00    0.00    0.00    0.00    0.00    0.00    0.00   99.00
01:36:28 PM   30    1.01    0.00    0.00    0.00    0.00    0.00    0.00    0.00    0.00   98.99
01:36:28 PM   31    0.00    0.00    0.00    0.00    0.00    0.00    0.00    0.00    0.00  100.00
01:36:28 PM   32    0.99    0.00    0.99    0.00    0.00    0.00    0.00    0.00    0.00   98.02
01:36:28 PM   33    0.00    0.00    0.00    0.00    0.00    0.00    0.00    0.00    0.00  100.00
01:36:28 PM   34    1.01    0.00    0.00    0.00    0.00    0.00    0.00    0.00    0.00   98.99
01:36:28 PM   35    1.98    0.00    0.99    0.00    0.00    0.00    0.00    0.00    0.00   97.03

01:36:28 PM  CPU    %usr   %nice    %sys %iowait    %irq   %soft  %steal  %guest  %gnice   %idle
01:36:29 PM  all    0.92    0.00    0.50    0.08    0.00    0.00    0.00    0.00    0.00   98.50
01:36:29 PM    0    0.00    0.00    0.00    0.00    0.00    0.00    0.00    0.00    0.00  100.00
01:36:29 PM    1    3.96    0.00    0.99    0.00    0.00    0.00    0.00    0.00    0.00   95.05
01:36:29 PM    2    2.02    0.00    6.06    0.00    0.00    0.00    0.00    0.00    0.00   91.92
01:36:29 PM    3    0.00    0.00    1.01    0.00    0.00    0.00    0.00    0.00    0.00   98.99
01:36:29 PM    4    1.00    0.00    0.00    0.00    0.00    0.00    0.00    0.00    0.00   99.00
01:36:29 PM    5    0.00    0.00    0.00    0.00    0.00    0.00    0.00    0.00    0.00  100.00
01:36:29 PM    6    0.00    0.00    0.00    0.00    0.00    0.00    0.00    0.00    0.00  100.00
01:36:29 PM    7    1.96    0.00    0.98    0.00    0.00    0.00    0.00    0.00    0.00   97.06
01:36:29 PM    8    0.00    0.00    0.00    0.00    0.00    0.00    0.00    0.00    0.00  100.00
01:36:29 PM    9    2.00    0.00    0.00    0.00    0.00    0.00    0.00    0.00    0.00   98.00
01:36:29 PM   10    1.00    0.00    0.00    0.00    0.00    0.00    0.00    0.00    0.00   99.00
01:36:29 PM   11    0.00    0.00    1.00    0.00    0.00    0.00    0.00    0.00    0.00   99.00
01:36:29 PM   12    0.99    0.00    0.99    0.00    0.00    0.00    0.00    0.00    0.00   98.02
01:36:29 PM   13    1.00    0.00    2.00    0.00    0.00    0.00    0.00    0.00    0.00   97.00
01:36:29 PM   14    5.94    0.00    0.99    0.00    0.00    0.00    0.00    0.00    0.00   93.07
01:36:29 PM   15    0.99    0.00    0.99    0.00    0.00    0.00    0.00    0.00    0.00   98.02
01:36:29 PM   16    1.98    0.00    0.00    0.00    0.00    0.00    0.00    0.00    0.00   98.02
01:36:29 PM   17    0.00    0.00    0.00    0.00    0.00    0.00    0.00    0.00    0.00  100.00
01:36:29 PM   18    1.00    0.00    0.00    0.00    0.00    0.00    0.00    0.00    0.00   99.00
01:36:29 PM   19    1.00    0.00    0.00    0.00    0.00    0.00    0.00    0.00    0.00   99.00
01:36:29 PM   20    1.00    0.00    0.00    0.00    0.00    0.00    0.00    0.00    0.00   99.00
01:36:29 PM   21    1.00    0.00    0.00    1.00    0.00    0.00    0.00    0.00    0.00   98.00
01:36:29 PM   22    0.00    0.00    0.00    1.01    0.00    0.00    0.00    0.00    0.00   98.99
01:36:29 PM   23    0.00    0.00    0.00    0.00    0.00    0.00    0.00    0.00    0.00  100.00
01:36:29 PM   24    0.00    0.00    0.00    0.00    0.00    0.00    0.00    0.00    0.00  100.00
01:36:29 PM   25    1.00    0.00    0.00    0.00    0.00    0.00    0.00    0.00    0.00   99.00
01:36:29 PM   26    0.99    0.00    0.99    0.00    0.00    0.00    0.00    0.00    0.00   98.02
01:36:29 PM   27    1.00    0.00    0.00    0.00    0.00    0.00    0.00    0.00    0.00   99.00
01:36:29 PM   28    0.00    0.00    0.00    1.01    0.00    0.00    0.00    0.00    0.00   98.99
01:36:29 PM   29    0.00    0.00    0.00    0.00    0.00    0.00    0.00    0.00    0.00  100.00
01:36:29 PM   30    1.00    0.00    0.00    0.00    0.00    0.00    0.00    0.00    0.00   99.00
01:36:29 PM   31    1.00    0.00    0.00    0.00    0.00    0.00    0.00    0.00    0.00   99.00
01:36:29 PM   32    0.00    0.00    1.00    0.00    0.00    0.00    0.00    0.00    0.00   99.00
01:36:29 PM   33    0.00    0.00    0.00    0.00    0.00    0.00    0.00    0.00    0.00  100.00
01:36:29 PM   34    0.98    0.00    0.98    0.00    0.00    0.00    0.00    0.00    0.00   98.04
01:36:29 PM   35    0.00    0.00    0.00    0.00    0.00    0.00    0.00    0.00    0.00  100.00

01:36:29 PM  CPU    %usr   %nice    %sys %iowait    %irq   %soft  %steal  %guest  %gnice   %idle
01:36:30 PM  all    0.47    0.00    0.22    0.03    0.00    0.06    0.00    0.00    0.00   99.22
01:36:30 PM    0    1.01    0.00    0.00    0.00    0.00    0.00    0.00    0.00    0.00   98.99
01:36:30 PM    1    4.04    0.00    0.00    0.00    0.00    0.00    0.00    0.00    0.00   95.96
01:36:30 PM    2    0.00    0.00    1.01    0.00    0.00    0.00    0.00    0.00    0.00   98.99
01:36:30 PM    3    0.00    0.00    0.00    0.00    0.00    0.00    0.00    0.00    0.00  100.00
01:36:30 PM    4    1.01    0.00    0.00    0.00    0.00    0.00    0.00    0.00    0.00   98.99
01:36:30 PM    5    0.00    0.00    0.00    0.00    0.00    0.00    0.00    0.00    0.00  100.00
01:36:30 PM    6    0.00    0.00    0.00    0.00    0.00    0.00    0.00    0.00    0.00  100.00
01:36:30 PM    7    0.00    0.00    1.01    0.00    0.00    0.00    0.00    0.00    0.00   98.99
01:36:30 PM    8    0.99    0.00    0.99    0.99    0.00    0.99    0.00    0.00    0.00   96.04
01:36:30 PM    9    0.00    0.00    1.00    0.00    0.00    0.00    0.00    0.00    0.00   99.00
01:36:30 PM   10    1.00    0.00    0.00    0.00    0.00    0.00    0.00    0.00    0.00   99.00
01:36:30 PM   11    1.00    0.00    0.00    0.00    0.00    0.00    0.00    0.00    0.00   99.00
01:36:30 PM   12    0.00    0.00    0.00    0.00    0.00    0.00    0.00    0.00    0.00  100.00
01:36:30 PM   13    0.00    0.00    0.00    0.00    0.00    0.00    0.00    0.00    0.00  100.00
01:36:30 PM   14    3.96    0.00    0.00    0.00    0.00    0.00    0.00    0.00    0.00   96.04
01:36:30 PM   15    0.00    0.00    0.00    0.00    0.00    0.00    0.00    0.00    0.00  100.00
01:36:30 PM   16    0.00    0.00    0.00    0.00    0.00    0.00    0.00    0.00    0.00  100.00
01:36:30 PM   17    1.98    0.00    0.00    0.00    0.00    0.00    0.00    0.00    0.00   98.02
01:36:30 PM   18    0.00    0.00    0.00    0.00    0.00    0.00    0.00    0.00    0.00  100.00
01:36:30 PM   19    0.98    0.00    0.98    0.00    0.00    0.00    0.00    0.00    0.00   98.04
01:36:30 PM   20    0.00    0.00    0.00    0.00    0.00    0.00    0.00    0.00    0.00  100.00
01:36:30 PM   21    1.00    0.00    0.00    0.00    0.00    0.00    0.00    0.00    0.00   99.00
01:36:30 PM   22    0.00    0.00    0.00    0.00    0.00    0.00    0.00    0.00    0.00  100.00
01:36:30 PM   23    0.00    0.00    0.99    0.00    0.00    0.00    0.00    0.00    0.00   99.01
01:36:30 PM   24    0.00    0.00    0.00    0.00    0.00    0.00    0.00    0.00    0.00  100.00
01:36:30 PM   25    0.00    0.00    1.00    0.00    0.00    0.00    0.00    0.00    0.00   99.00
01:36:30 PM   26    0.00    0.00    0.00    0.00    0.00    0.00    0.00    0.00    0.00  100.00
01:36:30 PM   27    0.00    0.00    0.00    0.00    0.00    0.00    0.00    0.00    0.00  100.00
01:36:30 PM   28    0.00    0.00    1.00    0.00    0.00    0.00    0.00    0.00    0.00   99.00
01:36:30 PM   29    0.00    0.00    0.00    0.00    0.00    0.00    0.00    0.00    0.00  100.00
01:36:30 PM   30    0.00    0.00    0.00    0.00    0.00    0.00    0.00    0.00    0.00  100.00
01:36:30 PM   31    0.00    0.00    0.00    0.00    0.00    0.00    0.00    0.00    0.00  100.00
01:36:30 PM   32    0.00    0.00    0.00    0.00    0.00    0.00    0.00    0.00    0.00  100.00
01:36:30 PM   33    0.00    0.00    0.00    0.00    0.00    1.00    0.00    0.00    0.00   99.00
01:36:30 PM   34    0.00    0.00    0.00    0.00    0.00    0.00    0.00    0.00    0.00  100.00
01:36:30 PM   35    0.00    0.00    0.00    0.00    0.00    0.00    0.00    0.00    0.00  100.00

01:36:30 PM  CPU    %usr   %nice    %sys %iowait    %irq   %soft  %steal  %guest  %gnice   %idle
01:36:31 PM  all    0.75    0.00    0.47    0.08    0.00    0.03    0.00    0.00    0.00   98.66
01:36:31 PM    0    2.94    0.00    2.94    0.00    0.00    0.00    0.00    0.00    0.00   94.12
01:36:31 PM    1    0.00    0.00    1.01    0.00    0.00    0.00    0.00    0.00    0.00   98.99
01:36:31 PM    2    1.02    0.00    6.12    0.00    0.00    0.00    0.00    0.00    0.00   92.86
01:36:31 PM    3    1.00    0.00    1.00    0.00    0.00    0.00    0.00    0.00    0.00   98.00
01:36:31 PM    4    1.00    0.00    0.00    0.00    0.00    0.00    0.00    0.00    0.00   99.00
01:36:31 PM    5    0.00    0.00    0.00    0.00    0.00    0.00    0.00    0.00    0.00  100.00
01:36:31 PM    6    1.00    0.00    1.00    0.00    0.00    0.00    0.00    0.00    0.00   98.00
01:36:31 PM    7    0.99    0.00    0.99    0.00    0.00    0.00    0.00    0.00    0.00   98.02
01:36:31 PM    8    1.01    0.00    0.00    0.00    0.00    0.00    0.00    0.00    0.00   98.99
01:36:31 PM    9    1.00    0.00    0.00    1.00    0.00    0.00    0.00    0.00    0.00   98.00
01:36:31 PM   10    0.00    0.00    0.99    0.99    0.00    0.99    0.00    0.00    0.00   97.03
01:36:31 PM   11    0.00    0.00    0.00    0.00    0.00    0.00    0.00    0.00    0.00  100.00
01:36:31 PM   12    0.00    0.00    0.00    0.00    0.00    0.00    0.00    0.00    0.00  100.00
01:36:31 PM   13    1.00    0.00    0.00    0.00    0.00    0.00    0.00    0.00    0.00   99.00
01:36:31 PM   14    2.00    0.00    0.00    0.00    0.00    0.00    0.00    0.00    0.00   98.00
01:36:31 PM   15    1.00    0.00    0.00    0.00    0.00    0.00    0.00    0.00    0.00   99.00
01:36:31 PM   16    0.00    0.00    0.00    0.00    0.00    0.00    0.00    0.00    0.00  100.00
01:36:31 PM   17    0.99    0.00    0.99    0.00    0.00    0.00    0.00    0.00    0.00   98.02
01:36:31 PM   18    0.00    0.00    0.00    0.00    0.00    0.00    0.00    0.00    0.00  100.00
01:36:31 PM   19    0.00    0.00    0.00    0.00    0.00    0.00    0.00    0.00    0.00  100.00
01:36:31 PM   20    0.99    0.00    0.00    0.00    0.00    0.00    0.00    0.00    0.00   99.01
01:36:31 PM   21    0.00    0.00    0.00    1.01    0.00    0.00    0.00    0.00    0.00   98.99
01:36:31 PM   22    1.00    0.00    0.00    0.00    0.00    0.00    0.00    0.00    0.00   99.00
01:36:31 PM   23    1.00    0.00    0.00    0.00    0.00    0.00    0.00    0.00    0.00   99.00
01:36:31 PM   24    2.00    0.00    0.00    0.00    0.00    0.00    0.00    0.00    0.00   98.00
01:36:31 PM   25    1.00    0.00    0.00    0.00    0.00    0.00    0.00    0.00    0.00   99.00
01:36:31 PM   26    1.00    0.00    0.00    0.00    0.00    0.00    0.00    0.00    0.00   99.00
01:36:31 PM   27    0.00    0.00    0.99    0.00    0.00    0.00    0.00    0.00    0.00   99.01
01:36:31 PM   28    1.00    0.00    0.00    0.00    0.00    0.00    0.00    0.00    0.00   99.00
01:36:31 PM   29    1.98    0.00    0.00    0.00    0.00    0.00    0.00    0.00    0.00   98.02
01:36:31 PM   30    0.99    0.00    0.99    0.00    0.00    0.00    0.00    0.00    0.00   98.02
01:36:31 PM   31    0.00    0.00    0.00    0.00    0.00    0.00    0.00    0.00    0.00  100.00
01:36:31 PM   32    0.00    0.00    0.00    0.00    0.00    0.00    0.00    0.00    0.00  100.00
01:36:31 PM   33    0.00    0.00    0.00    0.00    0.00    0.00    0.00    0.00    0.00  100.00
01:36:31 PM   34    0.00    0.00    0.00    0.00    0.00    0.00    0.00    0.00    0.00  100.00
01:36:31 PM   35    1.00    0.00    0.00    0.00    0.00    0.00    0.00    0.00    0.00   99.00

01:36:31 PM  CPU    %usr   %nice    %sys %iowait    %irq   %soft  %steal  %guest  %gnice   %idle
01:36:32 PM  all    0.75    0.00    0.42    0.06    0.00    0.03    0.00    0.00    0.00   98.75
01:36:32 PM    0    1.01    0.00    1.01    0.00    0.00    0.00    0.00    0.00    0.00   97.98
01:36:32 PM    1    0.00    0.00    0.00    0.00    0.00    0.00    0.00    0.00    0.00  100.00
01:36:32 PM    2    3.03    0.00    5.05    0.00    0.00    0.00    0.00    0.00    0.00   91.92
01:36:32 PM    3    5.00    0.00    1.00    0.00    0.00    0.00    0.00    0.00    0.00   94.00
01:36:32 PM    4    0.00    0.00    0.00    1.01    0.00    0.00    0.00    0.00    0.00   98.99
01:36:32 PM    5    0.99    0.00    0.00    0.00    0.00    0.99    0.00    0.00    0.00   98.02
01:36:32 PM    6    1.00    0.00    1.00    0.00    0.00    0.00    0.00    0.00    0.00   98.00
01:36:32 PM    7    0.99    0.00    0.99    0.00    0.00    0.00    0.00    0.00    0.00   98.02
01:36:32 PM    8    1.00    0.00    0.00    0.00    0.00    0.00    0.00    0.00    0.00   99.00
01:36:32 PM    9    0.00    0.00    0.00    0.00    0.00    0.00    0.00    0.00    0.00  100.00
01:36:32 PM   10    1.00    0.00    0.00    0.00    0.00    0.00    0.00    0.00    0.00   99.00
01:36:32 PM   11    1.00    0.00    0.00    0.00    0.00    0.00    0.00    0.00    0.00   99.00
01:36:32 PM   12    0.00    0.00    1.00    0.00    0.00    0.00    0.00    0.00    0.00   99.00
01:36:32 PM   13    1.00    0.00    0.00    0.00    0.00    0.00    0.00    0.00    0.00   99.00
01:36:32 PM   14    1.00    0.00    0.00    0.00    0.00    0.00    0.00    0.00    0.00   99.00
01:36:32 PM   15    0.00    0.00    0.00    0.00    0.00    0.00    0.00    0.00    0.00  100.00
01:36:32 PM   16    2.94    0.00    0.98    0.98    0.00    0.00    0.00    0.00    0.00   95.10
01:36:32 PM   17    1.98    0.00    0.00    0.00    0.00    0.00    0.00    0.00    0.00   98.02
01:36:32 PM   18    0.00    0.00    0.00    0.00    0.00    0.00    0.00    0.00    0.00  100.00
01:36:32 PM   19    0.00    0.00    0.00    0.00    0.00    0.00    0.00    0.00    0.00  100.00
01:36:32 PM   20    0.00    0.00    0.00    0.00    0.00    0.00    0.00    0.00    0.00  100.00
01:36:32 PM   21    0.99    0.00    0.00    0.00    0.00    0.00    0.00    0.00    0.00   99.01
01:36:32 PM   22    0.00    0.00    0.99    0.00    0.00    0.00    0.00    0.00    0.00   99.01
01:36:32 PM   23    0.00    0.00    0.00    0.00    0.00    0.00    0.00    0.00    0.00  100.00
01:36:32 PM   24    1.01    0.00    0.00    0.00    0.00    0.00    0.00    0.00    0.00   98.99
01:36:32 PM   25    0.00    0.00    1.01    0.00    0.00    0.00    0.00    0.00    0.00   98.99
01:36:32 PM   26    0.00    0.00    0.00    0.00    0.00    0.00    0.00    0.00    0.00  100.00
01:36:32 PM   27    1.00    0.00    0.00    0.00    0.00    0.00    0.00    0.00    0.00   99.00
01:36:32 PM   28    0.00    0.00    0.00    0.00    0.00    0.00    0.00    0.00    0.00  100.00
01:36:32 PM   29    0.00    0.00    0.00    0.00    0.00    0.00    0.00    0.00    0.00  100.00
01:36:32 PM   30    0.00    0.00    0.00    0.00    0.00    0.00    0.00    0.00    0.00  100.00
01:36:32 PM   31    1.00    0.00    0.00    0.00    0.00    0.00    0.00    0.00    0.00   99.00
01:36:32 PM   32    0.00    0.00    0.00    0.00    0.00    0.00    0.00    0.00    0.00  100.00
01:36:32 PM   33    0.00    0.00    0.00    0.00    0.00    0.00    0.00    0.00    0.00  100.00
01:36:32 PM   34    0.98    0.00    0.98    0.00    0.00    0.00    0.00    0.00    0.00   98.04
01:36:32 PM   35    0.00    0.00    1.00    0.00    0.00    0.00    0.00    0.00    0.00   99.00

01:36:32 PM  CPU    %usr   %nice    %sys %iowait    %irq   %soft  %steal  %guest  %gnice   %idle
01:36:33 PM  all    1.00    0.00    0.50    0.08    0.00    0.11    0.00    0.00    0.00   98.30
01:36:33 PM    0    1.00    0.00    0.00    1.00    0.00    1.00    0.00    0.00    0.00   97.00
01:36:33 PM    1    2.00    0.00    0.00    0.00    0.00    0.00    0.00    0.00    0.00   98.00
01:36:33 PM    2    0.00    0.00    0.99    0.00    0.00    0.99    0.00    0.00    0.00   98.02
01:36:33 PM    3    1.98    0.00    0.99    0.00    0.00    0.00    0.00    0.00    0.00   97.03
01:36:33 PM    4    1.01    0.00    0.00    0.00    0.00    0.00    0.00    0.00    0.00   98.99
01:36:33 PM    5    0.00    0.00    1.01    0.00    0.00    0.00    0.00    0.00    0.00   98.99
01:36:33 PM    6    1.00    0.00    0.00    0.00    0.00    0.00    0.00    0.00    0.00   99.00
01:36:33 PM    7    1.00    0.00    1.00    1.00    0.00    0.00    0.00    0.00    0.00   97.00
01:36:33 PM    8    0.00    0.00    1.01    0.00    0.00    0.00    0.00    0.00    0.00   98.99
01:36:33 PM    9    0.00    0.00    1.00    0.00    0.00    0.00    0.00    0.00    0.00   99.00
01:36:33 PM   10    0.00    0.00    0.00    0.00    0.00    0.00    0.00    0.00    0.00  100.00
01:36:33 PM   11    0.00    0.00    0.99    0.00    0.00    0.99    0.00    0.00    0.00   98.02
01:36:33 PM   12    1.00    0.00    0.00    0.00    0.00    0.00    0.00    0.00    0.00   99.00
01:36:33 PM   13    0.00    0.00    0.00    0.00    0.00    0.00    0.00    0.00    0.00  100.00
01:36:33 PM   14    0.00    0.00    0.00    0.00    0.00    0.00    0.00    0.00    0.00  100.00
01:36:33 PM   15    1.00    0.00    0.00    0.00    0.00    0.00    0.00    0.00    0.00   99.00
01:36:33 PM   16    1.00    0.00    0.00    0.00    0.00    0.00    0.00    0.00    0.00   99.00
01:36:33 PM   17    0.00    0.00    0.00    0.00    0.00    0.00    0.00    0.00    0.00  100.00
01:36:33 PM   18    1.01    0.00    1.01    0.00    0.00    0.00    0.00    0.00    0.00   97.98
01:36:33 PM   19    2.00    0.00    1.00    1.00    0.00    0.00    0.00    0.00    0.00   96.00
01:36:33 PM   20    3.00    0.00    0.00    0.00    0.00    0.00    0.00    0.00    0.00   97.00
01:36:33 PM   21    3.00    0.00    0.00    0.00    0.00    0.00    0.00    0.00    0.00   97.00
01:36:33 PM   22    2.00    0.00    1.00    0.00    0.00    0.00    0.00    0.00    0.00   97.00
01:36:33 PM   23    0.99    0.00    0.99    0.00    0.00    0.00    0.00    0.00    0.00   98.02
01:36:33 PM   24    0.99    0.00    1.98    0.00    0.00    0.99    0.00    0.00    0.00   96.04
01:36:33 PM   25    1.01    0.00    1.01    0.00    0.00    0.00    0.00    0.00    0.00   97.98
01:36:33 PM   26    1.01    0.00    0.00    0.00    0.00    0.00    0.00    0.00    0.00   98.99
01:36:33 PM   27    1.01    0.00    0.00    0.00    0.00    0.00    0.00    0.00    0.00   98.99
01:36:33 PM   28    1.01    0.00    0.00    0.00    0.00    0.00    0.00    0.00    0.00   98.99
01:36:33 PM   29    0.00    0.00    1.00    0.00    0.00    0.00    0.00    0.00    0.00   99.00
01:36:33 PM   30    0.00    0.00    1.00    0.00    0.00    0.00    0.00    0.00    0.00   99.00
01:36:33 PM   31    2.00    0.00    0.00    0.00    0.00    0.00    0.00    0.00    0.00   98.00
01:36:33 PM   32    1.01    0.00    1.01    0.00    0.00    0.00    0.00    0.00    0.00   97.98
01:36:33 PM   33    2.00    0.00    1.00    0.00    0.00    0.00    0.00    0.00    0.00   97.00
01:36:33 PM   34    1.01    0.00    0.00    0.00    0.00    0.00    0.00    0.00    0.00   98.99
01:36:33 PM   35    2.02    0.00    0.00    0.00    0.00    0.00    0.00    0.00    0.00   97.98

01:36:33 PM  CPU    %usr   %nice    %sys %iowait    %irq   %soft  %steal  %guest  %gnice   %idle
01:36:34 PM  all    0.75    0.00    0.36    0.03    0.00    0.00    0.00    0.00    0.00   98.86
01:36:34 PM    0    0.00    0.00    0.00    0.00    0.00    0.00    0.00    0.00    0.00  100.00
01:36:34 PM    1    0.00    0.00    0.00    0.00    0.00    0.00    0.00    0.00    0.00  100.00
01:36:34 PM    2    4.00    0.00    5.00    0.00    0.00    0.00    0.00    0.00    0.00   91.00
01:36:34 PM    3    1.00    0.00    0.00    0.00    0.00    0.00    0.00    0.00    0.00   99.00
01:36:34 PM    4    0.00    0.00    1.00    0.00    0.00    0.00    0.00    0.00    0.00   99.00
01:36:34 PM    5    0.00    0.00    0.00    0.00    0.00    0.00    0.00    0.00    0.00  100.00
01:36:34 PM    6    0.00    0.00    0.00    0.00    0.00    0.00    0.00    0.00    0.00  100.00
01:36:34 PM    7    0.00    0.00    1.00    0.00    0.00    0.00    0.00    0.00    0.00   99.00
01:36:34 PM    8    1.98    0.00    0.99    0.00    0.00    0.00    0.00    0.00    0.00   97.03
01:36:34 PM    9    0.00    0.00    0.00    0.00    0.00    0.00    0.00    0.00    0.00  100.00
01:36:34 PM   10    1.00    0.00    1.00    0.00    0.00    0.00    0.00    0.00    0.00   98.00
01:36:34 PM   11    0.00    0.00    0.00    0.00    0.00    0.00    0.00    0.00    0.00  100.00
01:36:34 PM   12    1.00    0.00    0.00    0.00    0.00    0.00    0.00    0.00    0.00   99.00
01:36:34 PM   13    1.00    0.00    0.00    0.00    0.00    0.00    0.00    0.00    0.00   99.00
01:36:34 PM   14    0.00    0.00    0.00    0.00    0.00    0.00    0.00    0.00    0.00  100.00
01:36:34 PM   15    1.00    0.00    0.00    0.00    0.00    0.00    0.00    0.00    0.00   99.00
01:36:34 PM   16    1.00    0.00    0.00    0.00    0.00    0.00    0.00    0.00    0.00   99.00
01:36:34 PM   17    0.00    0.00    0.00    0.00    0.00    0.00    0.00    0.00    0.00  100.00
01:36:34 PM   18    1.00    0.00    0.00    0.00    0.00    0.00    0.00    0.00    0.00   99.00
01:36:34 PM   19    2.00    0.00    0.00    0.00    0.00    0.00    0.00    0.00    0.00   98.00
01:36:34 PM   20    0.00    0.00    0.00    0.00    0.00    0.00    0.00    0.00    0.00  100.00
01:36:34 PM   21    1.01    0.00    0.00    0.00    0.00    0.00    0.00    0.00    0.00   98.99
01:36:34 PM   22    1.00    0.00    0.00    0.00    0.00    0.00    0.00    0.00    0.00   99.00
01:36:34 PM   23    1.00    0.00    1.00    0.00    0.00    0.00    0.00    0.00    0.00   98.00
01:36:34 PM   24    2.00    0.00    0.00    0.00    0.00    0.00    0.00    0.00    0.00   98.00
01:36:34 PM   25    1.01    0.00    0.00    0.00    0.00    0.00    0.00    0.00    0.00   98.99
01:36:34 PM   26    0.00    0.00    1.00    0.00    0.00    0.00    0.00    0.00    0.00   99.00
01:36:34 PM   27    0.00    0.00    1.01    0.00    0.00    0.00    0.00    0.00    0.00   98.99
01:36:34 PM   28    0.00    0.00    0.00    0.00    0.00    0.00    0.00    0.00    0.00  100.00
01:36:34 PM   29    1.01    0.00    0.00    1.01    0.00    0.00    0.00    0.00    0.00   97.98
01:36:34 PM   30    2.00    0.00    0.00    0.00    0.00    0.00    0.00    0.00    0.00   98.00
01:36:34 PM   31    0.00    0.00    0.00    0.00    0.00    0.00    0.00    0.00    0.00  100.00
01:36:34 PM   32    0.00    0.00    0.00    0.00    0.00    0.00    0.00    0.00    0.00  100.00
01:36:34 PM   33    1.00    0.00    0.00    0.00    0.00    0.00    0.00    0.00    0.00   99.00
01:36:34 PM   34    1.01    0.00    0.00    0.00    0.00    0.00    0.00    0.00    0.00   98.99
01:36:34 PM   35    1.00    0.00    1.00    0.00    0.00    0.00    0.00    0.00    0.00   98.00

01:36:34 PM  CPU    %usr   %nice    %sys %iowait    %irq   %soft  %steal  %guest  %gnice   %idle
01:36:35 PM  all    0.89    0.00    0.42    0.03    0.00    0.00    0.00    0.00    0.00   98.66
01:36:35 PM    0    2.02    0.00    0.00    0.00    0.00    0.00    0.00    0.00    0.00   97.98
01:36:35 PM    1    1.00    0.00    1.00    0.00    0.00    0.00    0.00    0.00    0.00   98.00
01:36:35 PM    2    2.02    0.00    7.07    0.00    0.00    0.00    0.00    0.00    0.00   90.91
01:36:35 PM    3    2.00    0.00    0.00    0.00    0.00    0.00    0.00    0.00    0.00   98.00
01:36:35 PM    4    1.00    0.00    1.00    0.00    0.00    0.00    0.00    0.00    0.00   98.00
01:36:35 PM    5    0.00    0.00    0.00    0.00    0.00    0.00    0.00    0.00    0.00  100.00
01:36:35 PM    6    1.00    0.00    0.00    0.00    0.00    0.00    0.00    0.00    0.00   99.00
01:36:35 PM    7    1.00    0.00    0.00    0.00    0.00    0.00    0.00    0.00    0.00   99.00
01:36:35 PM    8    0.00    0.00    0.00    0.00    0.00    0.00    0.00    0.00    0.00  100.00
01:36:35 PM    9    2.00    0.00    0.00    0.00    0.00    0.00    0.00    0.00    0.00   98.00
01:36:35 PM   10    1.00    0.00    0.00    0.00    0.00    0.00    0.00    0.00    0.00   99.00
01:36:35 PM   11    1.00    0.00    0.00    0.00    0.00    0.00    0.00    0.00    0.00   99.00
01:36:35 PM   12    1.01    0.00    0.00    0.00    0.00    0.00    0.00    0.00    0.00   98.99
01:36:35 PM   13    2.00    0.00    0.00    0.00    0.00    0.00    0.00    0.00    0.00   98.00
01:36:35 PM   14    0.00    0.00    0.00    0.00    0.00    0.00    0.00    0.00    0.00  100.00
01:36:35 PM   15    1.01    0.00    0.00    0.00    0.00    0.00    0.00    0.00    0.00   98.99
01:36:35 PM   16    1.01    0.00    0.00    0.00    0.00    0.00    0.00    0.00    0.00   98.99
01:36:35 PM   17    1.01    0.00    0.00    0.00    0.00    0.00    0.00    0.00    0.00   98.99
01:36:35 PM   18    0.00    0.00    0.00    0.00    0.00    0.00    0.00    0.00    0.00  100.00
01:36:35 PM   19    0.00    0.00    0.00    0.00    0.00    0.00    0.00    0.00    0.00  100.00
01:36:35 PM   20    1.96    0.00    0.98    0.00    0.00    0.00    0.00    0.00    0.00   97.06
01:36:35 PM   21    0.00    0.00    0.00    0.00    0.00    0.00    0.00    0.00    0.00  100.00
01:36:35 PM   22    1.01    0.00    0.00    0.00    0.00    0.00    0.00    0.00    0.00   98.99
01:36:35 PM   23    0.00    0.00    0.00    0.00    0.00    0.00    0.00    0.00    0.00  100.00
01:36:35 PM   24    2.00    0.00    0.00    0.00    0.00    0.00    0.00    0.00    0.00   98.00
01:36:35 PM   25    0.99    0.00    0.99    0.99    0.00    0.00    0.00    0.00    0.00   97.03
01:36:35 PM   26    0.00    0.00    0.00    0.00    0.00    0.00    0.00    0.00    0.00  100.00
01:36:35 PM   27    1.00    0.00    0.00    0.00    0.00    0.00    0.00    0.00    0.00   99.00
01:36:35 PM   28    1.96    0.00    0.98    0.00    0.00    0.00    0.00    0.00    0.00   97.06
01:36:35 PM   29    1.00    0.00    1.00    0.00    0.00    0.00    0.00    0.00    0.00   98.00
01:36:35 PM   30    0.00    0.00    1.00    0.00    0.00    0.00    0.00    0.00    0.00   99.00
01:36:35 PM   31    0.99    0.00    0.99    0.00    0.00    0.00    0.00    0.00    0.00   98.02
01:36:35 PM   32    1.01    0.00    0.00    0.00    0.00    0.00    0.00    0.00    0.00   98.99
01:36:35 PM   33    0.00    0.00    0.00    0.00    0.00    0.00    0.00    0.00    0.00  100.00
01:36:35 PM   34    0.00    0.00    0.00    0.00    0.00    0.00    0.00    0.00    0.00  100.00
01:36:35 PM   35    0.00    0.00    0.00    0.00    0.00    0.00    0.00    0.00    0.00  100.00

Average:     CPU    %usr   %nice    %sys %iowait    %irq   %soft  %steal  %guest  %gnice   %idle
Average:     all    1.06    0.00    0.89    0.05    0.00    0.03    0.00    0.00    0.00   97.96
Average:       0    1.45    0.00    1.08    0.06    0.00    0.44    0.00    0.00    0.00   96.98
Average:       1    1.15    0.00    0.48    0.06    0.00    0.08    0.00    0.00    0.00   98.23
Average:       2    2.02    0.00    1.63    0.08    0.00    0.04    0.00    0.00    0.00   96.23
Average:       3    2.10    0.00    0.95    0.08    0.00    0.01    0.00    0.00    0.00   96.85
Average:       4    0.88    0.00    0.42    0.03    0.00    0.00    0.00    0.00    0.00   98.67
Average:       5    0.92    0.00    0.44    0.07    0.00    0.04    0.00    0.00    0.00   98.53
Average:       6    1.37    0.00    0.41    0.08    0.00    0.01    0.00    0.00    0.00   98.12
Average:       7    0.88    0.00    0.41    0.06    0.00    0.01    0.00    0.00    0.00   98.64
Average:       8    1.10    0.00    0.41    0.08    0.00    0.03    0.00    0.00    0.00   98.38
Average:       9    1.20    0.00    0.52    0.03    0.00    0.00    0.00    0.00    0.00   98.25
Average:      10    0.92    0.00    0.37    0.04    0.00    0.04    0.00    0.00    0.00   98.63
Average:      11    1.16    0.00    1.64    0.04    0.00    0.17    0.00    0.00    0.00   96.99
Average:      12    1.34    0.00    0.37    0.04    0.00    0.00    0.00    0.00    0.00   98.25
Average:      13    1.38    0.00    0.54    0.01    0.00    0.00    0.00    0.00    0.00   98.07
Average:      14    1.07    0.00    0.38    0.04    0.00    0.01    0.00    0.00    0.00   98.49
Average:      15    0.89    0.00    0.33    0.01    0.00    0.03    0.00    0.00    0.00   98.74
Average:      16    0.89    0.00    0.41    0.04    0.00    0.01    0.00    0.00    0.00   98.64
Average:      17    0.92    0.00    0.49    0.07    0.00    0.00    0.00    0.00    0.00   98.52
Average:      18    3.18    0.00    6.21    0.06    0.00    0.01    0.00    0.00    0.00   90.53
Average:      19    3.14    0.00    9.01    0.03    0.00    0.01    0.00    0.00    0.00   87.81
Average:      20    0.75    0.00    0.35    0.06    0.00    0.01    0.00    0.00    0.00   98.83
Average:      21    0.64    0.00    0.31    0.04    0.00    0.01    0.00    0.00    0.00   99.00
Average:      22    0.75    0.00    0.54    0.04    0.00    0.00    0.00    0.00    0.00   98.67
Average:      23    0.64    0.00    0.44    0.08    0.00    0.01    0.00    0.00    0.00   98.83
Average:      24    0.82    0.00    0.49    0.07    0.00    0.03    0.00    0.00    0.00   98.59
Average:      25    0.64    0.00    0.40    0.03    0.00    0.01    0.00    0.00    0.00   98.93
Average:      26    0.54    0.00    0.21    0.04    0.00    0.01    0.00    0.00    0.00   99.19
Average:      27    0.59    0.00    0.30    0.08    0.00    0.03    0.00    0.00    0.00   99.00
Average:      28    0.62    0.00    0.30    0.04    0.00    0.00    0.00    0.00    0.00   99.04
Average:      29    0.64    0.00    0.34    0.10    0.00    0.01    0.00    0.00    0.00   98.91
Average:      30    0.76    0.00    0.37    0.07    0.00    0.01    0.00    0.00    0.00   98.78
Average:      31    0.69    0.00    0.28    0.04    0.00    0.01    0.00    0.00    0.00   98.97
Average:      32    0.54    0.00    0.27    0.03    0.00    0.01    0.00    0.00    0.00   99.15
Average:      33    0.52    0.00    0.31    0.06    0.00    0.01    0.00    0.00    0.00   99.09
Average:      34    0.57    0.00    0.31    0.06    0.00    0.01    0.00    0.00    0.00   99.05
Average:      35    0.57    0.00    0.31    0.06    0.00    0.00    0.00    0.00    0.00   99.07
